date,equity,cash,pos_count
2016-08-08T00:00:00,1000000.0,1000000.0,0
2016-08-09T00:00:00,1000000.0,1000000.0,0
2016-08-10T00:00:00,1000000.0,1000000.0,0
2016-08-11T00:00:00,1000000.0,1000000.0,0
2016-08-12T00:00:00,1000000.0,1000000.0,0
2016-08-16T00:00:00,1000000.0,1000000.0,0
2016-08-17T00:00:00,1000000.0,1000000.0,0
2016-08-18T00:00:00,1000000.0,1000000.0,0
2016-08-19T00:00:00,1000000.0,1000000.0,0
2016-08-22T00:00:00,1000000.0,1000000.0,0
2016-08-23T00:00:00,1000000.0,1000000.0,0
2016-08-24T00:00:00,1000000.0,1000000.0,0
2016-08-25T00:00:00,1000000.0,1000000.0,0
2016-08-26T00:00:00,1000000.0,1000000.0,0
2016-08-29T00:00:00,1000000.0,1000000.0,0
2016-08-30T00:00:00,1000000.0,1000000.0,0
2016-08-31T00:00:00,1000000.0,1000000.0,0
2016-09-01T00:00:00,1000000.0,1000000.0,0
2016-09-02T00:00:00,1000000.0,1000000.0,0
2016-09-06T00:00:00,1000000.0,1000000.0,0
2016-09-07T00:00:00,1000000.0,1000000.0,0
2016-09-08T00:00:00,1000000.0,1000000.0,0
2016-09-09T00:00:00,1000000.0,1000000.0,0
2016-09-12T00:00:00,1000000.0,1000000.0,0
2016-09-14T00:00:00,1000000.0,1000000.0,0
2016-09-15T00:00:00,1000000.0,1000000.0,0
2016-09-16T00:00:00,1000000.0,1000000.0,0
2016-09-19T00:00:00,1000000.0,1000000.0,0
2016-09-20T00:00:00,1000000.0,1000000.0,0
2016-09-21T00:00:00,1000000.0,1000000.0,0
2016-09-22T00:00:00,1000000.0,1000000.0,0
2016-09-23T00:00:00,1000000.0,1000000.0,0
2016-09-26T00:00:00,1000000.0,1000000.0,0
2016-09-27T00:00:00,1000000.0,1000000.0,0
2016-09-28T00:00:00,1000000.0,1000000.0,0
2016-09-29T00:00:00,1000000.0,1000000.0,0
2016-09-30T00:00:00,1000000.0,1000000.0,0
2016-10-03T00:00:00,1000000.0,1000000.0,0
2016-10-04T00:00:00,1000000.0,1000000.0,0
2016-10-05T00:00:00,1000000.0,1000000.0,0
2016-10-06T00:00:00,1000000.0,1000000.0,0
2016-10-07T00:00:00,1000000.0,1000000.0,0
2016-10-10T00:00:00,1000000.0,1000000.0,0
2016-10-13T00:00:00,1000000.0,1000000.0,0
2016-10-14T00:00:00,1000000.0,1000000.0,0
2016-10-17T00:00:00,1000000.0,1000000.0,0
2016-10-18T00:00:00,1000000.0,1000000.0,0
2016-10-19T00:00:00,1000000.0,1000000.0,0
2016-10-20T00:00:00,1000000.0,1000000.0,0
2016-10-21T00:00:00,1000000.0,1000000.0,0
2016-10-24T00:00:00,1000000.0,1000000.0,0
2016-10-25T00:00:00,1000000.0,1000000.0,0
2016-10-26T00:00:00,1000000.0,1000000.0,0
2016-10-27T00:00:00,1000000.0,1000000.0,0
2016-10-28T00:00:00,1000000.0,1000000.0,0
2016-11-01T00:00:00,1000000.0,1000000.0,0
2016-11-02T00:00:00,1000000.0,1000000.0,0
2016-11-03T00:00:00,1000000.0,1000000.0,0
2016-11-04T00:00:00,1000000.0,1000000.0,0
2016-11-07T00:00:00,1000000.0,1000000.0,0
2016-11-08T00:00:00,1000000.0,1000000.0,0
2016-11-09T00:00:00,1000000.0,1000000.0,0
2016-11-10T00:00:00,1000000.0,1000000.0,0
2016-11-11T00:00:00,1000000.0,1000000.0,0
2016-11-15T00:00:00,1000000.0,1000000.0,0
2016-11-16T00:00:00,1000000.0,1000000.0,0
2016-11-17T00:00:00,1000000.0,1000000.0,0
2016-11-18T00:00:00,1000000.0,1000000.0,0
2016-11-21T00:00:00,1000000.0,1000000.0,0
2016-11-22T00:00:00,1000000.0,1000000.0,0
2016-11-23T00:00:00,1000000.0,1000000.0,0
2016-11-24T00:00:00,1000000.0,1000000.0,0
2016-11-25T00:00:00,1000000.0,1000000.0,0
2016-11-28T00:00:00,1000000.0,1000000.0,0
2016-11-29T00:00:00,1000000.0,1000000.0,0
2016-11-30T00:00:00,1000000.0,1000000.0,0
2016-12-01T00:00:00,1000000.0,1000000.0,0
2016-12-02T00:00:00,1000000.0,1000000.0,0
2016-12-05T00:00:00,1000000.0,1000000.0,0
2016-12-06T00:00:00,1000000.0,1000000.0,0
2016-12-07T00:00:00,1000000.0,1000000.0,0
2016-12-08T00:00:00,1000000.0,1000000.0,0
2016-12-09T00:00:00,1000000.0,1000000.0,0
2016-12-12T00:00:00,1000000.0,1000000.0,0
2016-12-13T00:00:00,1000000.0,1000000.0,0
2016-12-14T00:00:00,1000000.0,1000000.0,0
2016-12-15T00:00:00,1000000.0,1000000.0,0
2016-12-16T00:00:00,1000000.0,1000000.0,0
2016-12-19T00:00:00,1000000.0,1000000.0,0
2016-12-20T00:00:00,1000000.0,1000000.0,0
2016-12-21T00:00:00,1000000.0,1000000.0,0
2016-12-22T00:00:00,1000000.0,1000000.0,0
2016-12-23T00:00:00,1000000.0,1000000.0,0
2016-12-26T00:00:00,1000000.0,1000000.0,0
2016-12-27T00:00:00,1000000.0,1000000.0,0
2016-12-28T00:00:00,1000000.0,1000000.0,0
2016-12-29T00:00:00,1000000.0,1000000.0,0
2016-12-30T00:00:00,1000000.0,1000000.0,0
2017-01-02T00:00:00,1000000.0,1000000.0,0
2017-01-03T00:00:00,1000000.0,1000000.0,0
2017-01-04T00:00:00,1000000.0,1000000.0,0
2017-01-05T00:00:00,1000000.0,1000000.0,0
2017-01-06T00:00:00,1000000.0,1000000.0,0
2017-01-09T00:00:00,1000000.0,1000000.0,0
2017-01-10T00:00:00,1000000.0,1000000.0,0
2017-01-11T00:00:00,1000000.0,1000000.0,0
2017-01-12T00:00:00,1000000.0,1000000.0,0
2017-01-13T00:00:00,1000000.0,1000000.0,0
2017-01-16T00:00:00,1000000.0,1000000.0,0
2017-01-17T00:00:00,1000000.0,1000000.0,0
2017-01-18T00:00:00,1000000.0,1000000.0,0
2017-01-19T00:00:00,1000000.0,1000000.0,0
2017-01-20T00:00:00,1000000.0,1000000.0,0
2017-01-23T00:00:00,1000000.0,1000000.0,0
2017-01-24T00:00:00,1000000.0,1000000.0,0
2017-01-25T00:00:00,1000000.0,1000000.0,0
2017-01-27T00:00:00,1000000.0,1000000.0,0
2017-01-30T00:00:00,1000000.0,1000000.0,0
2017-01-31T00:00:00,1000000.0,1000000.0,0
2017-02-01T00:00:00,1000000.0,1000000.0,0
2017-02-02T00:00:00,1000000.0,1000000.0,0
2017-02-03T00:00:00,1000000.0,1000000.0,0
2017-02-06T00:00:00,1000000.0,1000000.0,0
2017-02-07T00:00:00,1000000.0,1000000.0,0
2017-02-08T00:00:00,1000000.0,1000000.0,0
2017-02-09T00:00:00,1000000.0,1000000.0,0
2017-02-10T00:00:00,1000000.0,1000000.0,0
2017-02-13T00:00:00,1000000.0,1000000.0,0
2017-02-14T00:00:00,1000000.0,1000000.0,0
2017-02-15T00:00:00,1000000.0,1000000.0,0
2017-02-16T00:00:00,1000000.0,1000000.0,0
2017-02-17T00:00:00,1000000.0,1000000.0,0
2017-02-20T00:00:00,1000000.0,1000000.0,0
2017-02-21T00:00:00,1000000.0,1000000.0,0
2017-02-22T00:00:00,1000000.0,1000000.0,0
2017-02-23T00:00:00,1000000.0,1000000.0,0
2017-02-27T00:00:00,1000000.0,1000000.0,0
2017-02-28T00:00:00,1000000.0,1000000.0,0
2017-03-01T00:00:00,1000000.0,1000000.0,0
2017-03-02T00:00:00,1000000.0,1000000.0,0
2017-03-03T00:00:00,1000000.0,1000000.0,0
2017-03-06T00:00:00,1000000.0,1000000.0,0
2017-03-07T00:00:00,1000000.0,1000000.0,0
2017-03-08T00:00:00,1000000.0,1000000.0,0
2017-03-09T00:00:00,1000000.0,1000000.0,0
2017-03-10T00:00:00,1000000.0,1000000.0,0
2017-03-14T00:00:00,1000000.0,1000000.0,0
2017-03-15T00:00:00,1000000.0,1000000.0,0
2017-03-16T00:00:00,1000000.0,1000000.0,0
2017-03-17T00:00:00,1000000.0,1000000.0,0
2017-03-20T00:00:00,1000000.0,1000000.0,0
2017-03-21T00:00:00,1000000.0,1000000.0,0
2017-03-22T00:00:00,1000000.0,1000000.0,0
2017-03-23T00:00:00,1000000.0,1000000.0,0
2017-03-24T00:00:00,1000000.0,1000000.0,0
2017-03-27T00:00:00,1000000.0,1000000.0,0
2017-03-28T00:00:00,1000000.0,1000000.0,0
2017-03-29T00:00:00,1000000.0,1000000.0,0
2017-03-30T00:00:00,1000000.0,1000000.0,0
2017-03-31T00:00:00,1000000.0,1000000.0,0
2017-04-03T00:00:00,1000000.0,1000000.0,0
2017-04-05T00:00:00,1000000.0,1000000.0,0
2017-04-06T00:00:00,1000000.0,1000000.0,0
2017-04-07T00:00:00,1000000.0,1000000.0,0
2017-04-10T00:00:00,1000000.0,1000000.0,0
2017-04-11T00:00:00,1000000.0,1000000.0,0
2017-04-12T00:00:00,1000000.0,1000000.0,0
2017-04-13T00:00:00,1000000.0,1000000.0,0
2017-04-17T00:00:00,1000000.0,1000000.0,0
2017-04-18T00:00:00,1000000.0,1000000.0,0
2017-04-19T00:00:00,1000000.0,1000000.0,0
2017-04-20T00:00:00,1000000.0,1000000.0,0
2017-04-21T00:00:00,1000000.0,1000000.0,0
2017-04-24T00:00:00,1000000.0,1000000.0,0
2017-04-25T00:00:00,1000000.0,1000000.0,0
2017-04-26T00:00:00,1000000.0,1000000.0,0
2017-04-27T00:00:00,1000000.0,1000000.0,0
2017-04-28T00:00:00,1000000.0,1000000.0,0
2017-05-02T00:00:00,1000000.0,1000000.0,0
2017-05-03T00:00:00,1000000.0,1000000.0,0
2017-05-04T00:00:00,1000000.0,1000000.0,0
2017-05-05T00:00:00,1000000.0,1000000.0,0
2017-05-08T00:00:00,1000000.0,1000000.0,0
2017-05-09T00:00:00,1000000.0,1000000.0,0
2017-05-10T00:00:00,1000000.0,1000000.0,0
2017-05-11T00:00:00,1000000.0,1000000.0,0
2017-05-12T00:00:00,1000000.0,1000000.0,0
2017-05-15T00:00:00,1000000.0,1000000.0,0
2017-05-16T00:00:00,1000000.0,1000000.0,0
2017-05-17T00:00:00,1000000.0,1000000.0,0
2017-05-18T00:00:00,1000000.0,1000000.0,0
2017-05-19T00:00:00,1000000.0,1000000.0,0
2017-05-22T00:00:00,1000000.0,1000000.0,0
2017-05-23T00:00:00,1000000.0,1000000.0,0
2017-05-24T00:00:00,1000000.0,1000000.0,0
2017-05-25T00:00:00,1000000.0,1000000.0,0
2017-05-26T00:00:00,1000000.0,1000000.0,0
2017-05-29T00:00:00,1000000.0,1000000.0,0
2017-05-30T00:00:00,1000000.0,1000000.0,0
2017-05-31T00:00:00,1000000.0,1000000.0,0
2017-06-01T00:00:00,1000000.0,1000000.0,0
2017-06-02T00:00:00,999549.5843493358,800162.9714063053,2
2017-06-05T00:00:00,1000848.9705090878,700170.7036964284,3
2017-06-06T00:00:00,996756.7940552771,500068.3123073151,5
2017-06-07T00:00:00,999995.7704740007,597478.2518302867,4
2017-06-08T00:00:00,995529.2209576147,497897.65018224786,5
2017-06-09T00:00:00,998563.4363366268,496081.71319972485,5
2017-06-12T00:00:00,992408.7953213498,496058.63428009,5
2017-06-13T00:00:00,989467.0077884255,592746.7658145486,4
2017-06-14T00:00:00,988375.2818077795,493675.4031456701,5
2017-06-15T00:00:00,988472.3517540685,493675.4031456701,5
2017-06-16T00:00:00,988622.3733642898,394791.1303222976,6
2017-06-19T00:00:00,996719.6909912429,394791.1303222976,6
2017-06-20T00:00:00,996620.2929706415,195227.41879461607,8
2017-06-21T00:00:00,999032.8387470087,195227.41879461607,8
2017-06-22T00:00:00,1001941.7713436119,399236.28207054053,6
2017-06-23T00:00:00,992872.8200957677,495620.9334990881,5
2017-06-27T00:00:00,989040.94944309,591392.5986893058,4
2017-06-28T00:00:00,987434.7297549477,394623.77838470845,6
2017-06-29T00:00:00,981579.5907233956,197536.5570718044,8
2017-06-30T00:00:00,986362.3992994317,296545.4530817031,7
2017-07-03T00:00:00,985276.666902606,395919.4457520161,6
2017-07-04T00:00:00,984514.4550845736,299251.2558608636,7
2017-07-05T00:00:00,987597.925058666,394732.7368949087,6
2017-07-06T00:00:00,989135.2244769728,492359.44727055193,5
2017-07-07T00:00:00,990201.5040343939,494414.7122329413,5
2017-07-10T00:00:00,990789.6588245906,596017.157672552,4
2017-07-11T00:00:00,987317.2036167659,596017.157672552,4
2017-07-12T00:00:00,992897.6008644991,496771.8918419772,5
2017-07-13T00:00:00,998050.6661990981,598396.5351566176,4
2017-07-14T00:00:00,999104.1575992868,298390.84787638637,7
2017-07-17T00:00:00,1004337.3517705414,401389.4726659271,6
2017-07-18T00:00:00,999570.1638364214,502137.1383847614,5
2017-07-19T00:00:00,1004209.864594271,401676.3895118736,6
2017-07-20T00:00:00,1000711.2282341026,401676.3895118736,6
2017-07-21T00:00:00,1010659.2103170943,302229.79850526573,7
2017-07-24T00:00:00,1011017.5454721961,202532.34647469845,8
2017-07-25T00:00:00,1015872.8374260024,253.170182044807,10
2017-07-26T00:00:00,1020039.9194111797,105046.41564988825,9
2017-07-27T00:00:00,1013374.2908378834,107308.37402880135,9
2017-07-28T00:00:00,1020953.4098506504,6891.523002200614,10
2017-07-31T00:00:00,1027941.845530677,101249.26014249354,9
2017-08-01T00:00:00,1025912.5919645448,104597.8449094913,9
2017-08-02T00:00:00,1023015.683857805,2189.682759172254,10
2017-08-03T00:00:00,1014959.1844223802,2189.682759172254,10
2017-08-04T00:00:00,1018119.9786776258,202888.97663294815,8
2017-08-07T00:00:00,1017885.9323187667,200994.94580753607,8
2017-08-08T00:00:00,1007205.653488996,202696.55586326338,8
2017-08-09T00:00:00,999920.4594304248,300486.6284825488,7
2017-08-10T00:00:00,1003008.4676760077,195394.83971580258,8
2017-08-11T00:00:00,993403.8995053935,97360.31704689727,9
2017-08-14T00:00:00,998623.3135629183,492260.5733895786,5
2017-08-16T00:00:00,995383.515767036,198876.20783432687,8
2017-08-17T00:00:00,992225.0431735829,190951.6657932118,8
2017-08-18T00:00:00,985197.3968801564,297902.37469387706,7
2017-08-21T00:00:00,992125.7381270633,391634.36123784515,6
2017-08-22T00:00:00,989661.998999236,490464.8380834191,5
2017-08-23T00:00:00,990300.4585629146,292051.66767156124,7
2017-08-24T00:00:00,983495.9183240541,395168.4013433552,6
2017-08-28T00:00:00,987622.8842693483,490864.8161988512,5
2017-08-29T00:00:00,986744.5692573485,394906.89774828317,6
2017-08-30T00:00:00,997311.0957737782,295002.34835223726,7
2017-08-31T00:00:00,995580.9692247953,397877.6778274245,6
2017-09-01T00:00:00,1000492.4382331485,396262.1421818469,6
2017-09-04T00:00:00,996221.672123848,399641.5785788025,6
2017-09-05T00:00:00,998577.19790939,599182.3300342053,4
2017-09-06T00:00:00,1002620.8665107811,398517.77642185136,6
2017-09-07T00:00:00,996483.9035385061,500623.09273119265,5
2017-09-08T00:00:00,995481.4932056437,397354.6977429282,6
2017-09-11T00:00:00,994229.1052520158,493883.5185142759,5
2017-09-12T00:00:00,990971.7874176372,298560.06914831424,7
2017-09-13T00:00:00,997368.1134520671,396097.2726241503,6
2017-09-14T00:00:00,994412.8429828419,399966.6803470638,6
2017-09-15T00:00:00,993806.6071848673,101541.54815626683,9
2017-09-18T00:00:00,998791.6196279909,197758.9702681806,8
2017-09-19T00:00:00,998861.8049917604,197758.9702681806,8
2017-09-20T00:00:00,997601.8245840456,197758.9702681806,8
2017-09-21T00:00:00,996929.939064258,200103.00491440872,8
2017-09-22T00:00:00,988537.2137827402,98863.03909334002,9
2017-09-25T00:00:00,986324.4798922183,95643.1025976769,9
2017-09-26T00:00:00,990574.7855915274,63.107513898896286,10
2017-09-27T00:00:00,985369.7984066667,296531.15261282114,7
2017-09-28T00:00:00,985065.025662776,299638.6849836764,7
2017-09-29T00:00:00,981524.4907619129,389577.77866862866,6
2017-10-03T00:00:00,981958.8494197498,389577.77866862866,6
2017-10-04T00:00:00,978717.6040084189,291816.7034690897,7
2017-10-05T00:00:00,979020.3332175196,294301.52671810734,7
2017-10-06T00:00:00,979706.0056723536,294301.52671810734,7
2017-10-09T00:00:00,976167.9936776176,101881.23688371097,9
2017-10-10T00:00:00,977900.3178751309,388820.6960985984,6
2017-10-11T00:00:00,980356.9563166157,391069.2031466505,6
2017-10-12T00:00:00,985659.0222853165,490787.23767914454,5
2017-10-13T00:00:00,982918.7562931818,591082.3109509258,4
2017-10-16T00:00:00,978173.0395865126,493436.98648668826,5
2017-10-17T00:00:00,975861.6286850179,393297.14672166813,6
2017-10-18T00:00:00,978589.4312475437,389774.30710279726,6
2017-10-19T00:00:00,982053.626748237,390671.11452102347,6
2017-10-23T00:00:00,990082.1547801599,392559.39713058324,6
2017-10-24T00:00:00,981612.7802029208,495475.3401680322,5
2017-10-25T00:00:00,982011.180936287,593670.0199132798,4
2017-10-26T00:00:00,984003.3147750677,294211.0998409484,7
2017-10-27T00:00:00,985850.9255665647,99394.98838606948,9
2017-10-30T00:00:00,985012.4002122746,294047.8746702453,7
2017-10-31T00:00:00,987226.7222372388,395227.5383242377,6
2017-11-01T00:00:00,993250.260918269,395227.5383242377,6
2017-11-02T00:00:00,992525.5721666109,199600.7601713344,8
2017-11-03T00:00:00,994413.7101976167,199600.7601713344,8
2017-11-06T00:00:00,992763.2514423549,103056.1488434407,9
2017-11-07T00:00:00,973868.8719250998,13935.77700135643,10
2017-11-08T00:00:00,976028.1544661352,192586.91775654047,8
2017-11-09T00:00:00,980366.3232127884,294441.02365224145,7
2017-11-10T00:00:00,988380.2736860365,93696.28149974173,9
2017-11-13T00:00:00,982017.9981308108,296176.9730465668,7
2017-11-14T00:00:00,994078.5641586066,100485.96020931148,9
2017-11-15T00:00:00,989838.260827484,199174.8498026883,8
2017-11-16T00:00:00,1000157.7146259862,100794.10768172226,9
2017-11-17T00:00:00,1001249.0197126704,299980.81213669246,7
2017-11-20T00:00:00,1006407.2716110193,305492.98016510747,7
2017-11-21T00:00:00,1010138.7187066782,505981.50368441147,5
2017-11-22T00:00:00,1009861.266794839,610511.2363734023,4
2017-11-23T00:00:00,1007399.9885194193,408970.27555708896,6
2017-11-24T00:00:00,1007303.5583804725,505477.01062505133,5
2017-11-27T00:00:00,1012138.8831579247,604592.895364956,4
2017-11-28T00:00:00,1009569.0048625839,708029.9016521347,3
2017-11-29T00:00:00,1006215.3472709985,506092.38924434717,5
2017-11-30T00:00:00,996733.8429527612,506092.38924434717,5
2017-12-01T00:00:00,991731.9918251422,300730.89595059043,7
2017-12-04T00:00:00,992572.208943079,199900.4357842866,8
2017-12-05T00:00:00,996198.0282826027,195075.11848898363,8
2017-12-06T00:00:00,988166.2073914906,93241.63088034226,9
2017-12-07T00:00:00,996345.7063350073,197793.30684107094,8
2017-12-08T00:00:00,996359.6467952124,197793.30684107094,8
2017-12-11T00:00:00,998342.9538103499,200086.38032044168,8
2017-12-12T00:00:00,995502.8771136452,400361.24712402106,6
2017-12-13T00:00:00,990885.9934161354,400361.24712402106,6
2017-12-14T00:00:00,994637.7703784157,400361.24712402106,6
2017-12-15T00:00:00,990437.3507314007,394905.3144307415,6
2017-12-18T00:00:00,1001095.4314871996,197432.53361427496,8
2017-12-19T00:00:00,980070.2234207478,584991.7140060749,4
2017-12-20T00:00:00,981106.5319678357,486810.0295264295,5
2017-12-21T00:00:00,980645.6047980359,486810.0295264295,5
2017-12-22T00:00:00,986090.5656621692,489079.03674676403,5
2017-12-26T00:00:00,986817.2960393665,489079.03674676403,5
2017-12-27T00:00:00,984510.1704137562,489079.03674676403,5
2017-12-28T00:00:00,983521.7666509388,489079.03674676403,5
2017-12-29T00:00:00,984362.6857440396,390717.01953005046,6
2018-01-01T00:00:00,979924.7870634993,292708.11076345056,7
2018-01-02T00:00:00,978103.7619919988,389595.02624370763,6
2018-01-03T00:00:00,977614.7241502019,389595.02624370763,6
2018-01-04T00:00:00,986750.7763853947,291164.542521564,7
2018-01-05T00:00:00,991570.4259008324,293546.1632207785,7
2018-01-08T00:00:00,992959.7795723476,497400.07759938616,5
2018-01-09T00:00:00,989812.9178861604,302072.2185148225,7
2018-01-10T00:00:00,988436.5564185979,203428.0600501896,8
2018-01-11T00:00:00,992525.5400451886,205855.9284042585,8
2018-01-12T00:00:00,995121.5760224261,106258.70034341012,9
2018-01-15T00:00:00,997569.539317409,106258.70034341012,9
2018-01-16T00:00:00,992350.1738279132,110431.51747110185,9
2018-01-17T00:00:00,999596.7297856101,198135.2173191796,8
2018-01-18T00:00:00,989401.0772443877,395655.58876477357,6
2018-01-19T00:00:00,996990.5100672692,292233.7615321131,7
2018-01-22T00:00:00,992973.1711038698,492574.7186502565,5
2018-01-23T00:00:00,1006117.7333220062,293083.56988511654,7
2018-01-24T00:00:00,1004831.320314715,197224.73857338214,8
2018-01-25T00:00:00,1012545.8740440618,202018.66872942544,8
2018-01-29T00:00:00,1005399.3574934938,101986.12784871839,9
2018-01-30T00:00:00,993376.2630905436,16327.934873990875,10
2018-01-31T00:00:00,986876.4884767297,295445.13227555767,7
2018-02-01T00:00:00,986505.9451191984,292860.8857777677,7
2018-02-02T00:00:00,975541.0497337995,206135.1340080914,8
2018-02-05T00:00:00,990187.5159438291,398389.43050986907,6
2018-02-06T00:00:00,999093.8565428918,396180.91107780393,6
2018-02-07T00:00:00,984559.12440689,4566.146371916926,10
2018-02-08T00:00:00,1000858.41951847,4463.549616055272,10
2018-02-09T00:00:00,990675.0657619034,105703.62260204236,9
2018-02-12T00:00:00,993050.5822291522,201548.11055061425,8
2018-02-14T00:00:00,989327.4370450529,198301.21231475723,8
2018-02-15T00:00:00,987133.9664758383,395609.0108800643,6
2018-02-16T00:00:00,988979.698420463,194098.60052885153,8
2018-02-19T00:00:00,999268.1077177601,298171.17690225947,7
2018-02-20T00:00:00,994205.9606677816,403817.0685753155,6
2018-02-21T00:00:00,993831.2126602243,404807.65148762555,6
2018-02-22T00:00:00,994881.8734903223,400886.69833456917,6
2018-02-23T00:00:00,987763.5100525556,206156.47145244258,8
2018-02-26T00:00:00,990718.3726404449,303664.6381417219,7
2018-02-27T00:00:00,987491.2910394758,592401.1294336409,4
2018-02-28T00:00:00,982467.8343404824,491157.9515890176,5
2018-03-01T00:00:00,980532.7466220959,489251.33042336546,5
2018-03-05T00:00:00,978172.2635288342,489251.33042336546,5
2018-03-06T00:00:00,980751.9463697511,584869.2415443503,4
2018-03-07T00:00:00,973545.2794180333,589624.2980490149,4
2018-03-08T00:00:00,977859.304489124,392516.903889889,6
2018-03-09T00:00:00,987402.3197568776,296232.8163569063,7
2018-03-12T00:00:00,989730.0162606805,403333.7637914954,6
2018-03-13T00:00:00,984105.9322604233,502621.53865995945,5
2018-03-14T00:00:00,983543.8503921194,492766.2279708546,5
2018-03-15T00:00:00,984109.464467476,300073.15334076696,7
2018-03-16T00:00:00,973301.5430951101,303306.3202099783,7
2018-03-19T00:00:00,977897.2187061931,295603.4427907768,7
2018-03-20T00:00:00,979905.7459633028,295092.93890469807,7
2018-03-21T00:00:00,984701.3676106152,196692.1160711146,8
2018-03-22T00:00:00,989306.4143938909,198989.6339466142,8
2018-03-23T00:00:00,983294.3516431832,400586.67798454175,6
2018-03-26T00:00:00,972609.3793918578,295046.07983019325,7
2018-03-27T00:00:00,978901.4189323412,399560.49071355455,6
2018-03-28T00:00:00,974233.0629876596,489377.25064697606,5
2018-04-02T00:00:00,984892.0923486253,289236.6744557888,7
2018-04-03T00:00:00,980017.953146254,351.44067133592034,10
2018-04-04T00:00:00,974175.8428616083,100562.96860080153,9
2018-04-05T00:00:00,974945.460029812,195181.7163689807,8
2018-04-06T00:00:00,980354.776878114,28.967282709403662,10
2018-04-09T00:00:00,975450.7097372263,6445.791111979983,10
2018-04-10T00:00:00,964735.83053633,105796.84022771857,9
2018-04-11T00:00:00,970213.9624682359,99802.52888564956,9
2018-04-12T00:00:00,979118.4982556223,194400.80123767222,8
2018-04-13T00:00:00,979357.5598098703,197535.56947221805,8
2018-04-16T00:00:00,979233.937539184,103062.25672553528,9
2018-04-17T00:00:00,970843.4825030261,195651.47122978268,8
2018-04-18T00:00:00,963648.522967418,198827.92942301818,8
2018-04-19T00:00:00,964785.7060839038,286885.63691874023,7
2018-04-20T00:00:00,969443.9637743335,286885.63691874023,7
2018-04-23T00:00:00,968880.6239226004,383299.5055062653,6
2018-04-24T00:00:00,976598.592579676,386489.8531153671,6
2018-04-25T00:00:00,978507.8388449515,389247.2999726838,6
2018-04-26T00:00:00,989074.4265886635,192960.80484638107,8
2018-04-27T00:00:00,987270.3733475573,297760.09624919813,7
2018-04-30T00:00:00,987358.3366541861,97245.86816032244,9
2018-05-02T00:00:00,999289.1828705192,393657.75321027375,6
2018-05-03T00:00:00,988354.087826407,200886.4620939852,8
2018-05-04T00:00:00,990144.6127408561,203023.6468593347,8
2018-05-07T00:00:00,985281.1349649698,490753.3639555189,5
2018-05-08T00:00:00,979668.9842631888,392653.15383601334,6
2018-05-09T00:00:00,984942.898340607,489449.0099739077,5
2018-05-10T00:00:00,986351.328697744,292209.55104881816,7
2018-05-11T00:00:00,991316.3371061891,392723.0800718874,6
2018-05-14T00:00:00,990461.0529687336,293841.8626305988,7
2018-05-15T00:00:00,995326.6095891559,495399.8212895953,5
2018-05-16T00:00:00,992791.0761622335,497520.5738734151,5
2018-05-17T00:00:00,988401.8423687957,598186.4885479949,4
2018-05-18T00:00:00,990443.0818358723,496642.79622185853,5
2018-05-21T00:00:00,984916.3789410017,493940.635635112,5
2018-05-22T00:00:00,977928.2230959826,590464.1470416798,4
2018-05-23T00:00:00,978676.9826802146,491737.82644068106,5
2018-05-24T00:00:00,975852.5748454494,687100.7275125697,3
2018-05-25T00:00:00,977506.2709552691,684784.6684849696,3
2018-05-28T00:00:00,974599.7071124957,684784.6684849696,3
2018-05-29T00:00:00,973511.0993317448,682404.1649445378,3
2018-05-30T00:00:00,975047.7285151687,584745.731170198,4
2018-05-31T00:00:00,978808.8093810811,389099.81189259177,6
2018-06-01T00:00:00,970720.634169076,196156.10767062136,8
2018-06-04T00:00:00,969275.6159388303,191299.24401337924,8
2018-06-05T00:00:00,970631.5084543895,385470.5376519855,6
2018-06-06T00:00:00,972873.1257581866,287182.699328341,7
2018-06-07T00:00:00,972437.7190211129,290561.63905733183,7
2018-06-08T00:00:00,973965.1747035176,193511.27261144048,8
2018-06-11T00:00:00,977602.8541773945,193511.27261144048,8
2018-06-12T00:00:00,981819.7308097306,193519.58941563132,8
2018-06-13T00:00:00,976885.9084374754,196359.85481193085,8
2018-06-14T00:00:00,981960.3310045969,195213.76472951614,8
2018-06-15T00:00:00,986876.1080839109,96241.688812004,9
2018-06-18T00:00:00,979947.7801298082,203447.8928366924,8
2018-06-19T00:00:00,972907.7914732414,393590.66517624434,6
2018-06-20T00:00:00,977422.1997142736,489266.35048636835,5
2018-06-21T00:00:00,973593.1802439024,486218.83359664096,5
2018-06-22T00:00:00,974790.7689389287,486475.34663707024,5
2018-06-25T00:00:00,977534.0595726216,486639.8317446048,5
2018-06-26T00:00:00,973632.614305898,486639.8317446048,5
2018-06-27T00:00:00,978084.0568603734,583449.8615640949,4
2018-06-28T00:00:00,979455.425850009,485850.7317814935,5
2018-06-29T00:00:00,971677.6938009758,197249.7504212623,8
2018-07-02T00:00:00,972815.6252514292,292373.6022930272,7
2018-07-03T00:00:00,972073.3020479524,385953.9351655248,6
2018-07-04T00:00:00,974531.8007223415,288375.61612293706,7
2018-07-05T00:00:00,971757.8843730169,482154.46929723304,5
2018-07-06T00:00:00,973742.3624449678,381931.2220401622,6
2018-07-09T00:00:00,975111.6369272937,284255.473955391,7
2018-07-10T00:00:00,971972.6298758487,484012.1002886506,5
2018-07-11T00:00:00,972934.9617654954,478672.39854223205,5
2018-07-12T00:00:00,977129.4951874843,87899.20945513916,9
2018-07-13T00:00:00,973446.8138659225,193068.87484378225,8
2018-07-16T00:00:00,980853.5855511936,190079.11044743704,8
2018-07-17T00:00:00,979785.4297114265,296177.89618786686,7
2018-07-18T00:00:00,983258.3961944731,100093.31727601607,9
2018-07-19T00:00:00,993915.7468521663,102807.78484655113,9
2018-07-20T00:00:00,1004127.6411708152,200471.2684748922,8
2018-07-23T00:00:00,996854.928279882,6562.6278190665325,10
2018-07-24T00:00:00,1000569.2058620901,100599.96109585473,9
2018-07-25T00:00:00,996153.7244831088,198316.7365375522,8
2018-07-26T00:00:00,986744.5982465084,300523.9700116451,7
2018-07-27T00:00:00,993687.7726967619,296669.75676658604,7
2018-07-30T00:00:00,992017.7286798917,305343.2887995206,7
2018-07-31T00:00:00,993275.4515909677,202969.76067299902,8
2018-08-01T00:00:00,988273.6876446973,203184.68100712405,8
2018-08-02T00:00:00,981433.863006786,200240.82587452285,8
2018-08-03T00:00:00,989848.9356563865,197051.84611781218,8
2018-08-06T00:00:00,991864.7413222247,202600.983128255,8
2018-08-07T00:00:00,982881.4398849017,105318.22507166918,9
2018-08-08T00:00:00,993282.2242447904,201339.308534341,8
2018-08-09T00:00:00,1004380.9137485176,102072.69187046574,9
2018-08-10T00:00:00,998390.271296936,206148.88381524637,8
2018-08-13T00:00:00,994274.1813382877,209710.0848722232,8
2018-08-14T00:00:00,1000597.2404281485,303365.44312590244,7
2018-08-16T00:00:00,1002349.6816182443,203230.8522267648,8
2018-08-17T00:00:00,1007284.4144411043,101900.8670473055,9
2018-08-20T00:00:00,1014061.0437013055,836.5670319939818,10
2018-08-21T00:00:00,1016874.1601974657,3787.950419633591,10
2018-08-23T00:00:00,1019603.4946858092,109262.77262465203,9
2018-08-24T00:00:00,1017994.4395401978,211129.2961838746,8
2018-08-27T00:00:00,1026292.8266983827,412688.20862587297,6
2018-08-28T00:00:00,1036351.6053670397,412412.409367894,6
2018-08-29T00:00:00,1033632.6245868139,416882.6918933324,6
2018-08-30T00:00:00,1031911.702325503,211736.62816778815,8
2018-08-31T00:00:00,1028852.3831517231,215119.44565172322,8
2018-09-03T00:00:00,1018456.9165877752,211089.33309168142,8
2018-09-04T00:00:00,1024581.6855478998,112458.26608378859,9
2018-09-05T00:00:00,1021603.3478675643,314365.4403053084,7
2018-09-06T00:00:00,1024410.2613349715,314365.4403053084,7
2018-09-07T00:00:00,1026407.694892965,316770.55999001104,7
2018-09-10T00:00:00,1012812.0775317326,215569.62001220146,8
2018-09-11T00:00:00,1002514.4320934482,106259.63671380942,9
2018-09-12T00:00:00,1008878.6552379802,101106.08314020182,9
2018-09-14T00:00:00,1001298.0050694401,292074.87024277996,7
2018-09-17T00:00:00,993869.4121759558,1181.3541467810137,10
2018-09-18T00:00:00,986133.874087894,197008.38576086756,8
2018-09-19T00:00:00,981350.9252637166,95432.76200993237,9
2018-09-21T00:00:00,988893.0136745379,95745.57382470534,9
2018-09-24T00:00:00,993295.5966832744,201478.09061390266,8
2018-09-25T00:00:00,1002736.8656506812,199005.60640748142,8
2018-09-26T00:00:00,1004011.6975829409,297151.4005378625,7
2018-09-27T00:00:00,995648.7293778551,302091.9683602893,7
2018-09-28T00:00:00,997297.9571761127,401968.15925911156,6
2018-10-01T00:00:00,1013196.3874646273,193182.69501795317,8
2018-10-03T00:00:00,1001097.9586843591,197954.7299739177,8
2018-10-04T00:00:00,1004641.004144938,201182.5450690103,8
2018-10-05T00:00:00,1015018.8704991064,306957.5167545996,7
2018-10-08T00:00:00,1023203.4245167035,405447.9955568835,6
2018-10-09T00:00:00,1023743.401055221,100662.95712001262,9
2018-10-10T00:00:00,1003073.6807809441,103381.9321018057,9
2018-10-11T00:00:00,1021179.257274673,610004.1166732322,4
2018-10-12T00:00:00,1011888.1571739177,306456.9670243335,7
2018-10-15T00:00:00,1017271.2215394889,505492.23361007316,5
2018-10-16T00:00:00,1015543.4412203187,510350.2392558688,5
2018-10-17T00:00:00,1010260.1397355737,305974.0198472679,7
2018-10-19T00:00:00,1014733.1382513685,206587.9426947279,8
2018-10-22T00:00:00,1013786.4191143111,408042.84666558064,6
2018-10-23T00:00:00,1015813.4999580149,404672.0945625072,6
2018-10-24T00:00:00,1011728.3874310006,305666.1427410592,7
2018-10-25T00:00:00,1015534.9551417307,302457.192537971,7
2018-10-26T00:00:00,1008607.3929181494,298134.7221899438,7
2018-10-29T00:00:00,1009198.8054340541,494344.50815066916,5
2018-10-30T00:00:00,1011016.6210978386,708677.4691202996,3
2018-10-31T00:00:00,1012586.4527905058,505825.8699094058,5
2018-11-01T00:00:00,1018222.9338089947,197178.44930065266,8
2018-11-02T00:00:00,1013327.3305272436,303932.0225783496,7
2018-11-05T00:00:00,1021959.747682172,307190.5640771501,7
2018-11-06T00:00:00,1021374.6137484943,415257.5775891512,6
2018-11-07T00:00:00,1021142.6577555183,415870.6323383628,6
2018-11-09T00:00:00,1022433.2904548321,617198.3860093562,4
2018-11-12T00:00:00,1014615.9558980352,312379.6181327539,7
2018-11-13T00:00:00,1019597.8799943823,407776.42285560694,6
2018-11-14T00:00:00,1016673.8938212174,509242.31580231513,5
2018-11-15T00:00:00,1022896.9474734121,101406.71826929961,9
2018-11-16T00:00:00,1025425.0597707091,205271.27881108286,8
2018-11-19T00:00:00,1017282.4704530236,99508.65047667368,9
2018-11-20T00:00:00,1021435.495037414,6650.933911161861,10
2018-11-21T00:00:00,1021435.518555464,102254.3699512878,9
2018-11-22T00:00:00,1014020.9032336329,97327.61403111837,9
2018-11-26T00:00:00,1024853.1276057804,308927.3098082951,7
2018-11-27T00:00:00,1027494.3140682941,310575.43944706046,7
2018-11-28T00:00:00,1031609.5441926043,206344.39136885368,8
2018-11-29T00:00:00,1028886.8730110362,207919.10861501994,8
2018-11-30T00:00:00,1024590.3922463363,107154.01546933848,9
2018-12-03T00:00:00,1019564.6938801203,103148.19839672184,9
2018-12-04T00:00:00,1023121.6164878431,3316.0262077521766,10
2018-12-05T00:00:00,1021267.9761844274,110251.00641985322,9
2018-12-06T00:00:00,1005515.8416204356,312948.95502375596,7
2018-12-07T00:00:00,1012912.8292286668,504397.4967088573,5
2018-12-10T00:00:00,1008410.0408482682,200419.17314169114,8
2018-12-11T00:00:00,1012950.1978868184,400171.7808793721,6
2018-12-12T00:00:00,1012448.5891984839,400906.5221951042,6
2018-12-13T00:00:00,1016815.6785788483,197999.00339065428,8
2018-12-14T00:00:00,1018702.9055061662,202040.32739438815,8
2018-12-17T00:00:00,1019221.2465401017,202040.32739438815,8
2018-12-18T00:00:00,1024144.0783386992,204350.0173472825,8
2018-12-19T00:00:00,1029673.764984207,204350.0173472825,8
2018-12-20T00:00:00,1028148.5458108557,312282.8966236381,7
2018-12-21T00:00:00,1021509.563375865,315623.33923747565,7
2018-12-24T00:00:00,1020004.5689768308,310442.1223042618,7
2018-12-26T00:00:00,1026411.3487403408,207616.80761586747,8
2018-12-27T00:00:00,1020727.7968623801,505339.82601988915,5
2018-12-28T00:00:00,1020582.2441697596,301285.2701839581,7
2018-12-31T00:00:00,1020525.1632030002,97083.16518460601,9
2019-01-01T00:00:00,1023173.5996091417,99442.3107734868,9
2019-01-02T00:00:00,1016963.2388205199,408453.57216402586,6
2019-01-03T00:00:00,1010809.2397700385,307149.8373042183,7
2019-01-04T00:00:00,1010844.1309761265,403789.59096758155,6
2019-01-07T00:00:00,1009730.1951950415,201599.6125118697,8
2019-01-08T00:00:00,1015486.7164509802,296702.0079438338,7
2019-01-09T00:00:00,1018472.1636982965,198152.69663104607,8
2019-01-10T00:00:00,1012853.4035681246,203149.69075387006,8
2019-01-11T00:00:00,1013621.4941442965,203149.69075387006,8
2019-01-14T00:00:00,1008706.2506140231,203149.69075387006,8
2019-01-15T00:00:00,1015142.2957495211,203149.69075387006,8
2019-01-16T00:00:00,1013140.1321456098,309876.884846492,7
2019-01-17T00:00:00,1018306.9308374963,204461.18498796344,8
2019-01-18T00:00:00,1018796.6026725306,407642.7726096644,6
2019-01-21T00:00:00,1014749.0289805725,511808.4414561584,5
2019-01-22T00:00:00,1009475.0098774666,208694.51741530834,8
2019-01-23T00:00:00,1004548.1981233457,408814.4544862607,6
2019-01-24T00:00:00,1009572.3222783301,103283.07210643933,9
2019-01-25T00:00:00,1002486.5890478946,7780.556267947191,10
2019-01-28T00:00:00,989444.769616799,104074.28828719862,9
2019-01-29T00:00:00,991519.2142504317,296632.1832843569,7
2019-01-30T00:00:00,987829.8183250875,391555.97713159013,6
2019-01-31T00:00:00,992032.5874347573,587601.5794331599,4
2019-02-01T00:00:00,991337.8199360284,492995.3988027172,5
2019-02-04T00:00:00,1002301.2260770452,294365.28330677096,7
2019-02-05T00:00:00,1001380.5230018053,396024.03064046666,6
2019-02-06T00:00:00,1007099.8956033693,194312.50613570126,8
2019-02-07T00:00:00,1003937.375935794,300412.14828392805,7
2019-02-08T00:00:00,1007276.1435769926,202831.5301524215,8
2019-02-11T00:00:00,1004796.1235171716,203851.6976841534,8
2019-02-12T00:00:00,1007816.072914713,206624.04927871103,8
2019-02-14T00:00:00,1008746.6530967974,304697.4879050095,7
2019-02-15T00:00:00,1007667.3840689595,408281.5904288228,6
2019-02-18T00:00:00,1008496.5645775923,606590.6549724077,4
2019-02-19T00:00:00,1008411.3125743178,404800.881866228,6
2019-02-20T00:00:00,1011233.6536387709,404800.881866228,6
2019-02-21T00:00:00,1016103.939512184,404800.881866228,6
2019-02-22T00:00:00,1009256.4353348125,611204.8214126934,4
2019-02-25T00:00:00,1009530.2336001878,606998.5316286904,4
2019-02-26T00:00:00,1014032.0550766091,302550.1814742524,7
2019-02-27T00:00:00,1010987.5956285062,303341.8842332425,7
2019-02-28T00:00:00,1011373.9496692837,100206.07739301483,9
2019-03-01T00:00:00,1009550.7352832974,100206.07739301483,9
2019-03-05T00:00:00,1011773.2454456509,100206.07739301483,9
2019-03-06T00:00:00,1011971.6648875753,400392.3598033468,6
2019-03-07T00:00:00,1010462.5737729901,201220.21423313758,8
2019-03-08T00:00:00,1012389.5876560829,99909.76807899887,9
2019-03-11T00:00:00,1013374.9066792846,75.31007888512977,10
2019-03-12T00:00:00,1017056.3259968185,203786.51781505582,8
2019-03-13T00:00:00,1025349.774317897,59.46433559722209,10
2019-03-14T00:00:00,1014266.8680022899,120.49449889871175,10
2019-03-15T00:00:00,1018408.4592629912,298517.06258025195,7
2019-03-18T00:00:00,1019771.768663998,200224.5657678798,8
2019-03-19T00:00:00,1029122.2214219063,99265.45894021678,9
2019-03-20T00:00:00,1028935.5604512641,102963.73800253363,9
2019-03-22T00:00:00,1018219.4514609788,107974.56642069561,9
2019-03-25T00:00:00,1007709.9037791162,207812.07556256355,8
2019-03-26T00:00:00,1013552.3128334273,503576.93124163046,5
2019-03-27T00:00:00,1012401.2366532208,201968.46461952938,8
2019-03-28T00:00:00,1020371.3452506495,306820.71652750496,7
2019-04-01T00:00:00,1022183.3510394625,102006.70359228482,9
2019-04-02T00:00:00,1029887.0303451335,1984.2703491277352,10
2019-04-03T00:00:00,1022433.5661542002,4221.14645970815,10
2019-04-04T00:00:00,1024382.7051968001,113338.30541652656,9
2019-04-05T00:00:00,1027764.7104153059,113338.30541652656,9
2019-04-08T00:00:00,1020296.2555028818,417425.9817907236,6
2019-04-09T00:00:00,1020353.2926016882,311387.13799963746,7
2019-04-10T00:00:00,1010118.6097249415,306884.9531087306,7
2019-04-11T00:00:00,1013019.08576801,405166.10828998266,6
2019-04-12T00:00:00,1016156.2650231394,303472.9146508249,7
2019-04-15T00:00:00,1019273.4430932078,303472.9146508249,7
2019-04-16T00:00:00,1025360.9407369859,202848.62573454453,8
2019-04-18T00:00:00,1022734.753376698,204532.96030113648,8
2019-04-22T00:00:00,1014724.2455440224,310008.9453731239,7
2019-04-23T00:00:00,1015560.1393581093,310008.9453731239,7
2019-04-24T00:00:00,1024798.5314121877,306134.8791752492,7
2019-04-25T00:00:00,1016956.0624487855,204500.91631536267,8
2019-04-26T00:00:00,1026570.6868110042,101669.78347543292,9
2019-04-30T00:00:00,1027128.6459632259,101669.78347543292,9
2019-05-02T00:00:00,1027394.1007030307,308571.3545940219,7
2019-05-03T00:00:00,1031693.4875195822,310779.71486028034,7
2019-05-06T00:00:00,1025866.7146648233,313201.9321178262,7
2019-05-07T00:00:00,1016461.8635648034,310809.32581455924,7
2019-05-08T00:00:00,1011028.0379333278,203972.35475156532,8
2019-05-09T00:00:00,1006810.5142131561,204005.20641286296,8
2019-05-10T00:00:00,1009946.4933247709,200989.43373919948,8
2019-05-13T00:00:00,997984.7585190325,299857.050801137,7
2019-05-14T00:00:00,998932.5037698398,198403.79335748072,8
2019-05-15T00:00:00,1006199.658083205,98448.67199058125,9
2019-05-16T00:00:00,1006838.7272781082,300842.3017018417,7
2019-05-17T00:00:00,1019850.9955580904,297210.7128279879,7
2019-05-20T00:00:00,1040366.622996197,402966.7493237117,6
2019-05-21T00:00:00,1024919.0566755265,412184.04651317303,6
2019-05-22T00:00:00,1031831.436745312,208709.56072297308,8
2019-05-23T00:00:00,1024183.5746187833,103514.17412134683,9
2019-05-24T00:00:00,1046190.2091248658,524118.1754944947,5
2019-05-27T00:00:00,1052477.352330966,207577.69807986735,8
2019-05-28T00:00:00,1050949.5155391435,416128.8888606768,6
2019-05-29T00:00:00,1047286.9577828221,103917.58415611318,9
2019-05-30T00:00:00,1055890.954604068,105534.37721149,9
2019-05-31T00:00:00,1048202.3586774537,612.7373700808239,10
2019-06-03T00:00:00,1052347.1341894753,279.0611761695327,10
2019-06-04T00:00:00,1052345.9780585475,107594.67445442149,9
2019-06-06T00:00:00,1037243.427492376,2407.650392766591,10
2019-06-07T00:00:00,1040790.784293311,205571.03726877482,8
2019-06-10T00:00:00,1043934.3038793324,200193.18006029923,8
2019-06-11T00:00:00,1047093.0354845049,304176.2758256914,7
2019-06-12T00:00:00,1042012.2243296464,306551.51692487276,7
2019-06-13T00:00:00,1047322.6045328935,306551.51692487276,7
2019-06-14T00:00:00,1039394.0758616289,306551.51692487276,7
2019-06-17T00:00:00,1034854.8514734783,413736.26475777995,6
2019-06-18T00:00:00,1039219.7844459886,407941.8035805101,6
2019-06-19T00:00:00,1043222.6815736314,303972.09905410017,7
2019-06-20T00:00:00,1052659.9051131,410804.72576129343,6
2019-06-21T00:00:00,1047720.7627283576,415798.3373896124,6
2019-06-24T00:00:00,1044867.4280318663,418929.1488112853,6
2019-06-25T00:00:00,1053039.837399335,208495.5010956243,8
2019-06-26T00:00:00,1056559.844418378,208495.5010956243,8
2019-06-27T00:00:00,1055261.382705082,106849.90544067757,9
2019-06-28T00:00:00,1053139.1319378812,214692.52987184122,8
2019-07-01T00:00:00,1057852.6985918519,324244.1826769349,7
2019-07-02T00:00:00,1060135.9973051504,218402.66602158104,8
2019-07-03T00:00:00,1061199.9128432125,112226.34854267548,9
2019-07-04T00:00:00,1064665.0387739986,112226.34854267548,9
2019-07-05T00:00:00,1065528.9139539828,221734.34924145823,8
2019-07-08T00:00:00,1042499.1875721643,223205.28312047123,8
2019-07-09T00:00:00,1060365.2386649975,426758.8150787829,6
2019-07-10T00:00:00,1057887.0731440585,319242.60375095904,7
2019-07-11T00:00:00,1062047.9335467662,320252.18937562336,7
2019-07-12T00:00:00,1059702.191725477,320252.18937562336,7
2019-07-15T00:00:00,1058883.8239886607,320252.18937562336,7
2019-07-16T00:00:00,1063210.0519306993,216282.98784378514,8
2019-07-17T00:00:00,1067038.0124409532,216282.98784378514,8
2019-07-18T00:00:00,1056971.099912722,216113.74920471414,8
2019-07-19T00:00:00,1042682.7236558468,420254.71245589573,6
2019-07-22T00:00:00,1037241.4450723815,313502.0408060243,7
2019-07-23T00:00:00,1029904.4916869916,306550.2319616886,7
2019-07-24T00:00:00,1028590.9827041012,310343.2663747942,7
2019-07-25T00:00:00,1026103.099180301,305389.96333808464,7
2019-07-26T00:00:00,1030673.8151044145,99576.50143773858,9
2019-07-29T00:00:00,1025516.3654994895,306807.7111598529,7
2019-07-30T00:00:00,1025721.7611375356,303884.12748881703,7
2019-07-31T00:00:00,1028163.1225075426,307937.69947434275,7
2019-08-01T00:00:00,1009862.4125142837,12736.770120732283,10
2019-08-02T00:00:00,1008086.9471738508,309196.92305117345,7
2019-08-05T00:00:00,1009751.0873797253,301775.48449117877,7
2019-08-06T00:00:00,1020379.7447983803,96291.43522806778,9
2019-08-07T00:00:00,1026075.5754954475,202727.2435557502,8
2019-08-08T00:00:00,1030203.9372154465,206018.1256705182,8
2019-08-09T00:00:00,1034665.291869795,313010.0524243111,7
2019-08-13T00:00:00,1030482.569802463,206931.39665641775,8
2019-08-14T00:00:00,1033291.2971585521,413338.8978101766,6
2019-08-16T00:00:00,1027269.4803974427,516692.22605121374,5
2019-08-19T00:00:00,1022834.1054533068,414206.41159291775,6
2019-08-20T00:00:00,1021767.4008795847,405820.65763517434,6
2019-08-21T00:00:00,1024925.5907065442,409423.83563691267,6
2019-08-22T00:00:00,1018287.2326540633,512217.48661878676,5
2019-08-23T00:00:00,1022691.3817473,508840.21260695317,5
2019-08-26T00:00:00,1016949.0280759674,405771.6952186993,6
2019-08-27T00:00:00,1015292.655871248,609513.048269405,4
2019-08-28T00:00:00,1017378.3000272663,507804.4367491539,5
2019-08-29T00:00:00,1019374.4454364046,613398.2572459157,4
2019-08-30T00:00:00,1016996.9709303997,508575.92394474486,5
2019-09-03T00:00:00,1009828.4520522219,512772.09858570306,5
2019-09-04T00:00:00,1011569.2880433949,404168.2767810224,6
2019-09-05T00:00:00,1008308.6011095134,303441.8970119592,7
2019-09-06T00:00:00,1006230.2756700603,303441.8970119592,7
2019-09-09T00:00:00,1009545.7472021735,298618.35711456096,7
2019-09-11T00:00:00,1007334.2087528215,302144.94979924214,7
2019-09-12T00:00:00,1015684.5834908802,299936.2786734293,7
2019-09-13T00:00:00,1012184.5831963895,403975.4788031329,6
2019-09-16T00:00:00,1018153.7038483951,406603.89908470004,6
2019-09-17T00:00:00,1018127.1825776432,406603.89908470004,6
2019-09-18T00:00:00,1013709.4283862234,407848.1919793414,6
2019-09-19T00:00:00,1017337.7574715167,507022.74456506036,5
2019-09-20T00:00:00,1018608.8970294264,302103.2428787465,7
2019-09-23T00:00:00,1013466.2403771592,608143.029958458,4
2019-09-24T00:00:00,1018959.7779639323,197854.6866345463,8
2019-09-25T00:00:00,1020766.4209120984,93004.05658522525,9
2019-09-26T00:00:00,1016734.2058955651,405835.644707821,6
2019-09-27T00:00:00,1018378.2269572566,408217.44741624093,6
2019-09-30T00:00:00,1012842.0162160837,202348.0643481689,8
2019-10-01T00:00:00,1018789.652210553,300512.1167041166,7
2019-10-03T00:00:00,1013393.276582841,308276.6711446086,7
2019-10-04T00:00:00,1003416.0601345922,304092.13783234614,7
2019-10-07T00:00:00,1005662.9738350679,298375.09014014504,7
2019-10-09T00:00:00,1003996.3972090924,704044.805026742,3
2019-10-10T00:00:00,1007278.3986664372,499398.39064031426,5
2019-10-11T00:00:00,1012385.4810595269,301538.2020599082,7
2019-10-14T00:00:00,1009963.729131749,504200.18300634134,5
2019-10-15T00:00:00,1004199.0501467052,407163.5296102867,6
2019-10-16T00:00:00,1007586.9701825669,502146.54724238266,5
2019-10-17T00:00:00,1006460.5881677573,298851.40901447367,7
2019-10-18T00:00:00,1008390.6038877079,299301.87054753344,7
2019-10-22T00:00:00,1004116.1339580223,202064.62359453252,8
2019-10-23T00:00:00,1001897.0079910628,200339.2655136459,8
2019-10-24T00:00:00,1006263.0868678215,195098.3436688818,8
2019-10-25T00:00:00,1008523.1849116678,298368.2979896217,7
2019-10-27T00:00:00,1007168.7234526426,303233.3396932779,7
2019-10-29T00:00:00,1014576.2410460263,303233.3396932779,7
2019-10-30T00:00:00,1009788.7110239674,105807.07701031346,9
2019-10-31T00:00:00,997616.6857421147,102135.87789379519,9
2019-11-01T00:00:00,1003269.1550590562,200944.8437797058,8
2019-11-04T00:00:00,1000885.8611747789,200944.8437797058,8
2019-11-05T00:00:00,1001903.3454893675,198268.0701265662,8
2019-11-06T00:00:00,1006073.9354857052,99767.80599692714,9
2019-11-07T00:00:00,1004739.6660192461,102254.1155404779,9
2019-11-08T00:00:00,1005962.8384038286,1476.321891124855,10
2019-11-11T00:00:00,1008232.7713842168,4147.714672703951,10
2019-11-13T00:00:00,1004764.2565505988,101573.75577780661,9
2019-11-14T00:00:00,1009115.6767381013,197557.57144787628,8
2019-11-15T00:00:00,1014710.0352549279,316.69804636792105,10
2019-11-18T00:00:00,1014636.283094205,409801.40820911643,6
2019-11-19T00:00:00,1015742.4542178325,310272.1472648729,7
2019-11-20T00:00:00,1015183.5170473013,5354.385609629084,10
2019-11-21T00:00:00,1019729.7102080535,12152.506138545315,10
2019-11-22T00:00:00,1012956.8413977138,8675.798132483571,10
2019-11-25T00:00:00,1030279.5968601888,101706.17044676529,9
2019-11-26T00:00:00,1026569.5509248062,210130.2927242733,8
2019-11-27T00:00:00,1029142.6754835825,3661.263871184565,10
2019-11-28T00:00:00,1032912.9789742604,2109.7049045870517,10
2019-11-29T00:00:00,1025646.0081547505,4936.990737909029,10
2019-12-02T00:00:00,1028511.4514530903,4936.990737909029,10
2019-12-03T00:00:00,1027936.1109632971,7785.711756294448,10
2019-12-04T00:00:00,1036292.7654280188,7785.711756294448,10
2019-12-05T00:00:00,1025746.3900667119,103324.08022443535,9
2019-12-06T00:00:00,1022062.1225976561,104630.07554224473,9
2019-12-09T00:00:00,1025815.5897742766,103123.86788365999,9
2019-12-10T00:00:00,1025987.8501426475,207438.72718132354,8
2019-12-11T00:00:00,1028625.1369703383,104383.82707582053,9
2019-12-12T00:00:00,1029328.0048716584,204096.5182498457,8
2019-12-13T00:00:00,1023760.1380198518,204096.5182498457,8
2019-12-16T00:00:00,1023302.1939771194,101895.79262142,9
2019-12-17T00:00:00,1024369.3915983174,204090.84790930199,8
2019-12-18T00:00:00,1020533.392596751,103226.4697633466,9
2019-12-19T00:00:00,1022072.1587723343,199725.36983190468,8
2019-12-20T00:00:00,1020667.8292689078,202970.17295787262,8
2019-12-23T00:00:00,1018759.4049719711,104505.7952612777,9
2019-12-24T00:00:00,1017282.5015598027,101553.15979344529,9
2019-12-26T00:00:00,1010803.0351088688,4585.837171857158,10
2019-12-27T00:00:00,1024091.9307387517,4585.837171857158,10
2019-12-30T00:00:00,1023454.0652729775,7300.942958524305,10
2019-12-31T00:00:00,1018268.5263762835,10837.734932635678,10
2020-01-01T00:00:00,1016961.9920440081,10837.734932635678,10
2020-01-02T00:00:00,1022113.0933471087,10837.734932635678,10
2020-01-03T00:00:00,1016856.3629851702,10837.734932635678,10
2020-01-06T00:00:00,997494.7708487153,109474.12312760172,9
2020-01-07T00:00:00,1004983.7822491145,401623.9050510721,6
2020-01-08T00:00:00,1010190.0311299979,300442.3630384009,7
2020-01-09T00:00:00,1016270.122654207,297025.5239901002,7
2020-01-10T00:00:00,1015765.5045059408,405938.37729263963,6
2020-01-13T00:00:00,1018463.7550247397,405938.37729263963,6
2020-01-14T00:00:00,1017489.9842885372,304087.17917301436,7
2020-01-15T00:00:00,1016171.737843835,304087.17917301436,7
2020-01-16T00:00:00,1018438.1610616085,304087.17917301436,7
2020-01-17T00:00:00,1016745.1604310354,307143.1879418554,7
2020-01-20T00:00:00,1004756.482632475,106394.44314195222,9
2020-01-21T00:00:00,1002393.7214775111,5662.468486011785,10
2020-01-22T00:00:00,998687.91176531,102679.01282349318,9
2020-01-23T00:00:00,1009139.8120918164,102613.42979733845,9
2020-01-24T00:00:00,1010411.9548520519,101632.25267232014,9
2020-01-27T00:00:00,1006249.341204591,101632.25267232014,9
2020-01-28T00:00:00,999835.3603614579,105029.16492611085,9
2020-01-29T00:00:00,999160.2625470522,101082.83432027769,9
2020-01-30T00:00:00,993742.5694796887,1211.275807909362,10
2020-01-31T00:00:00,994348.051007426,4145.39663075452,10
2020-02-03T00:00:00,990942.4955279306,198689.81819028407,8
2020-02-04T00:00:00,984568.6891537086,584095.7852104239,4
2020-02-05T00:00:00,987901.5375556069,186660.43346596917,8
2020-02-06T00:00:00,984899.0628435609,189453.03701625223,8
2020-02-07T00:00:00,981528.1977960875,194003.32144647633,8
2020-02-10T00:00:00,982616.7454756529,289487.1428687174,7
2020-02-11T00:00:00,983754.2825239927,289487.1428687174,7
2020-02-12T00:00:00,989599.9077067976,91693.80438269892,9
2020-02-13T00:00:00,990974.9446370155,163.15266850763874,10
2020-02-14T00:00:00,991990.7818257362,163.15266850763874,10
2020-02-17T00:00:00,991173.5729547961,312060.11202681996,7
2020-02-18T00:00:00,987743.58132277,308934.5088072694,7
2020-02-19T00:00:00,990067.3168374398,308089.01209379546,7
2020-02-20T00:00:00,988073.7758968284,406543.6909712993,6
2020-02-24T00:00:00,978908.0079966137,210295.11792582116,8
2020-02-25T00:00:00,982853.8800436708,294564.71609188634,7
2020-02-26T00:00:00,980673.3668291741,489932.2304510082,5
2020-02-27T00:00:00,976077.0912888718,394819.8761094285,6
2020-02-28T00:00:00,966252.6575206581,492252.0712779823,5
2020-03-02T00:00:00,982991.1669608215,192763.82491688128,8
2020-03-03T00:00:00,975028.2519058918,480.6780128782848,10
2020-03-04T00:00:00,984963.8605866003,123.0165053181554,10
2020-03-05T00:00:00,992729.7111765692,275.089677653159,10
2020-03-06T00:00:00,993152.7791377421,99114.77194430392,9
2020-03-09T00:00:00,976900.3989823222,690138.027247703,3
2020-03-11T00:00:00,984202.2009303104,390438.30609388463,6
2020-03-12T00:00:00,974910.2570826542,390438.30609388463,6
2020-03-13T00:00:00,983719.8933742112,486090.82181049045,5
2020-03-16T00:00:00,1046473.0179345608,297489.2420343612,7
2020-03-17T00:00:00,1072337.1021348427,191075.97519784662,8
2020-03-18T00:00:00,1089235.579369196,329.6762225580751,10
2020-03-19T00:00:00,1060963.158831885,630481.5357239749,4
2020-03-20T00:00:00,1061934.694015271,111032.70332953848,9
2020-03-23T00:00:00,1082436.5728319625,1082436.5728319625,0
2020-03-24T00:00:00,1089326.608281874,756384.8529412978,3
2020-03-25T00:00:00,1089017.876179508,659693.095468889,4
2020-03-26T00:00:00,1085093.1196028062,113213.0488103336,9
2020-03-27T00:00:00,1125408.8566222317,654320.7222588965,4
2020-03-30T00:00:00,1110901.314966908,436996.2181809801,6
2020-03-31T00:00:00,1103649.466813893,440582.40162356134,6
2020-04-01T00:00:00,1112936.6471548132,661870.9070033547,4
2020-04-03T00:00:00,1125679.0571032218,546917.7108714317,5
2020-04-07T00:00:00,1099617.3154915357,673224.7355867107,4
2020-04-08T00:00:00,1113264.659861053,665481.0311300238,4
2020-04-09T00:00:00,1098645.9962763332,447354.3371048069,6
2020-04-13T00:00:00,1135330.591533048,439509.03752421285,6
2020-04-15T00:00:00,1144134.792840083,449331.84838705615,6
2020-04-16T00:00:00,1128587.6072367034,222340.63155182585,8
2020-04-17T00:00:00,1123169.644480866,223782.63184196682,8
2020-04-20T00:00:00,1147680.978390871,338509.6994111086,7
2020-04-21T00:00:00,1159365.412809491,448782.1336893578,6
2020-04-22T00:00:00,1148733.3142622167,574522.2645218526,5
2020-04-23T00:00:00,1134085.381758208,241923.52249449817,8
2020-04-24T00:00:00,1160253.5711179192,342582.3111265506,7
2020-04-27T00:00:00,1152915.1937371567,461791.70588700246,6
2020-04-28T00:00:00,1146469.1513303225,118244.637280568,9
2020-04-29T00:00:00,1154620.9813541288,355142.62305105047,7
2020-04-30T00:00:00,1153189.022886992,120517.9139700322,9
2020-05-04T00:00:00,1176756.3680755468,578399.696477735,5
2020-05-05T00:00:00,1189121.9087298678,345761.7010400433,7
2020-05-06T00:00:00,1190270.0152593974,477649.09469302243,6
2020-05-07T00:00:00,1195380.38879342,833557.6414503511,3
2020-05-08T00:00:00,1222126.5484553631,594499.7004592855,5
2020-05-11T00:00:00,1219185.4366150983,474238.959362924,6
2020-05-12T00:00:00,1215975.214644909,365698.8076103292,7
2020-05-13T00:00:00,1217498.7559561648,983601.7856192507,2
2020-05-14T00:00:00,1216296.7545669528,116952.58863247653,9
2020-05-15T00:00:00,1221503.7426573657,232730.70126897388,8
2020-05-18T00:00:00,1258714.7137660007,230254.01961007295,8
2020-05-19T00:00:00,1239408.5000996732,246128.84373996,8
2020-05-20T00:00:00,1209052.7843289326,124135.7189561882,9
2020-05-21T00:00:00,1214465.8965326168,491655.1316893965,6
2020-05-22T00:00:00,1237371.1674046908,232412.43096020952,8
2020-05-26T00:00:00,1233063.9406004394,252047.88270371355,8
2020-05-27T00:00:00,1202620.1960364305,373980.18612194655,7
2020-05-28T00:00:00,1221304.103478847,369080.23667456117,7
2020-05-29T00:00:00,1210448.8471973715,247779.35098329576,8
2020-06-01T00:00:00,1180516.162372152,32772.24933755498,10
2020-06-02T00:00:00,1193122.9840940859,356694.54019898246,7
2020-06-03T00:00:00,1203113.8091465994,121331.09938337925,9
2020-06-04T00:00:00,1222644.9603088333,388.14963084078045,10
2020-06-05T00:00:00,1189827.815833888,16381.642550843928,10
2020-06-08T00:00:00,1204485.463709458,15.327666330369539,10
2020-06-09T00:00:00,1215944.5636864519,290.863027139465,10
2020-06-10T00:00:00,1210889.0012046006,127169.41963273841,9
2020-06-11T00:00:00,1224173.6751976267,242.13743972065276,10
2020-06-12T00:00:00,1218206.6140103464,247950.8672947001,8
2020-06-15T00:00:00,1245427.6797736157,621122.1597842674,5
2020-06-16T00:00:00,1250696.0578842384,287.61266118289495,10
2020-06-17T00:00:00,1255946.859327271,256909.10872229392,8
2020-06-18T00:00:00,1245188.2673924465,5347.72494249529,10
2020-06-19T00:00:00,1262939.40375199,382168.0002697981,7
2020-06-22T00:00:00,1248887.6320679714,131389.9115896569,9
2020-06-23T00:00:00,1228163.9689960347,131603.34250463062,9
2020-06-24T00:00:00,1259078.8113018058,420.9885706534551,10
2020-06-25T00:00:00,1234047.699189307,491353.1625125762,6
2020-06-26T00:00:00,1257881.0304861162,245056.53349357768,8
2020-06-29T00:00:00,1254835.3549441514,496998.8637418746,6
2020-06-30T00:00:00,1265508.5799955262,508151.75440692453,6
2020-07-01T00:00:00,1256373.0867245065,630070.43407902,5
2020-07-02T00:00:00,1271676.5313959941,630385.9728153541,5
2020-07-03T00:00:00,1272451.2378088448,508257.1206708279,6
2020-07-06T00:00:00,1264408.9812023519,255625.87679681147,8
2020-07-07T00:00:00,1261259.655603652,126487.81733464933,9
2020-07-08T00:00:00,1256048.896755964,129982.75247331057,9
2020-07-09T00:00:00,1245759.542995012,366936.69388191774,7
2020-07-10T00:00:00,1253815.4077014788,237712.29147931957,8
2020-07-13T00:00:00,1251247.8121880991,116833.10810929343,9
2020-07-14T00:00:00,1258358.5301473038,242579.0793949141,8
2020-07-15T00:00:00,1255407.905036429,249404.8514691876,8
2020-07-16T00:00:00,1251344.2154583568,500542.5483789451,6
2020-07-17T00:00:00,1242952.6244008965,379641.4940846798,7
2020-07-20T00:00:00,1251851.698029332,493417.1555116104,6
2020-07-21T00:00:00,1244883.4908194412,246802.2200197443,8
2020-07-22T00:00:00,1246425.6108598725,248382.25830951863,8
2020-07-23T00:00:00,1235892.1213174914,370023.87880740745,7
2020-07-24T00:00:00,1239631.7675934911,616584.1561317784,5
2020-07-27T00:00:00,1254632.056103079,242530.43851831445,8
2020-07-28T00:00:00,1243798.8493880033,377518.3383079093,7
2020-07-29T00:00:00,1238223.594880405,492262.35907795245,6
2020-07-30T00:00:00,1246370.9256130322,240736.82817444712,8
2020-07-31T00:00:00,1251039.971796479,195.93037511974399,10
2020-08-03T00:00:00,1252683.744387805,252994.280866131,8
2020-08-04T00:00:00,1245913.6082016877,126854.73278419286,9
2020-08-05T00:00:00,1246059.346943529,2388.6352833584824,10
2020-08-06T00:00:00,1243001.800686808,491924.41597715724,6
2020-08-07T00:00:00,1246282.2754439416,243604.99717960338,8
2020-08-10T00:00:00,1247529.1092388872,246675.09092327926,8
2020-08-11T00:00:00,1250342.5556327205,124541.84668750997,9
2020-08-12T00:00:00,1236890.9041739523,9581.757611732566,10
2020-08-13T00:00:00,1233911.719755334,11439.66109109101,10
2020-08-14T00:00:00,1238800.029010269,124880.29347082559,9
2020-08-17T00:00:00,1242797.7417071394,5584.702012447189,10
2020-08-18T00:00:00,1236969.5525548847,250185.29324521718,8
2020-08-19T00:00:00,1235056.1719668831,128879.47156912189,9
2020-08-20T00:00:00,1235517.8340936562,246738.59600253138,8
2020-08-21T00:00:00,1232693.9190282286,75.4427304197161,10
2020-08-24T00:00:00,1230070.6299690397,125065.5041198391,9
2020-08-25T00:00:00,1216282.3816709071,13008.536488939775,10
2020-08-26T00:00:00,1206311.2888856502,12132.372416348517,10
2020-08-27T00:00:00,1210743.012137363,11596.27923931538,10
2020-08-28T00:00:00,1207465.3856855808,246314.70058742166,8
2020-08-31T00:00:00,1216589.0590826503,374455.3160271711,7
2020-09-01T00:00:00,1237208.7423493555,63.422170271049254,10
2020-09-02T00:00:00,1236612.5404109063,95.54608824136085,10
2020-09-03T00:00:00,1225196.6707171835,347.133975085133,10
2020-09-04T00:00:00,1216356.0627002157,347.133975085133,10
2020-09-07T00:00:00,1210057.6668218635,476828.8549283017,6
2020-09-08T00:00:00,1209319.9846441795,480366.2901270993,6
2020-09-09T00:00:00,1209483.6018962618,595479.7443390205,5
2020-09-10T00:00:00,1211255.765106287,38.33975578947866,10
2020-09-11T00:00:00,1217674.466704166,2573.67663809206,10
2020-09-14T00:00:00,1227373.7083760442,595.2840021086449,10
2020-09-15T00:00:00,1214819.9713978176,3893.2559108153073,10
2020-09-16T00:00:00,1222453.95964855,3893.2559108153073,10
2020-09-17T00:00:00,1226506.6428557623,240.09245325234951,10
2020-09-18T00:00:00,1222509.3283489973,5112.48702646108,10
2020-09-21T00:00:00,1233839.0059280514,5089.951900722313,10
2020-09-22T00:00:00,1228870.612252593,413.49446602354874,10
2020-09-23T00:00:00,1241588.6661811995,121215.44991910298,9
2020-09-24T00:00:00,1241734.9302866345,204.65099705883767,10
2020-09-25T00:00:00,1219809.0797514562,122317.52765208534,9
2020-09-28T00:00:00,1199220.4800543769,18113.9336521503,10
2020-09-29T00:00:00,1215604.9637718115,358874.82098223147,7
2020-09-30T00:00:00,1214757.4659646396,244523.12791260512,8
2020-10-01T00:00:00,1203312.694786656,247017.67136014378,8
2020-10-05T00:00:00,1210418.2412660464,838307.3887994766,3
2020-10-06T00:00:00,1206994.1552294435,358442.4359515903,7
2020-10-07T00:00:00,1211595.1405323816,362679.7442626908,7
2020-10-08T00:00:00,1218306.6094261594,237302.53625760315,8
2020-10-09T00:00:00,1209867.0505317524,616.7356774657092,10
2020-10-12T00:00:00,1215843.551724398,431.1571194784483,10
2020-10-13T00:00:00,1208666.8314714557,238617.290373583,8
2020-10-14T00:00:00,1208529.2025437956,114219.82348563905,9
2020-10-15T00:00:00,1218703.1196720498,246200.82863086593,8
2020-10-16T00:00:00,1225792.9090939604,240182.34249839588,8
2020-10-19T00:00:00,1207924.0892199643,243581.83524667035,8
2020-10-20T00:00:00,1211795.5697419173,115.23708673808142,10
2020-10-21T00:00:00,1212455.1207062728,115.23708673808142,10
2020-10-22T00:00:00,1208996.1852424424,1786.7068455306144,10
2020-10-23T00:00:00,1207831.870368829,121.5308459711814,10
2020-10-26T00:00:00,1201084.42190482,8.161002415290568,10
2020-10-27T00:00:00,1224724.1520739612,25.291558366647223,10
2020-10-28T00:00:00,1210161.8366326483,5170.607554355462,10
2020-10-29T00:00:00,1216662.918725755,26.749862458513235,10
2020-10-30T00:00:00,1213435.9239567146,1240.7796030417085,10
2020-11-02T00:00:00,1187838.7554421632,18943.00805160952,10
2020-11-03T00:00:00,1189392.964761309,6129.951482347955,10
2020-11-04T00:00:00,1198347.803119489,2129.725551434909,10
2020-11-05T00:00:00,1198511.7079205052,44.82896751315275,10
2020-11-06T00:00:00,1199518.0209761837,137.41330230023596,10
2020-11-09T00:00:00,1197748.1835905847,1582.9031931696081,10
2020-11-10T00:00:00,1192391.1716778427,4705.115459365086,10
2020-11-11T00:00:00,1177899.623025055,12807.034628982801,10
2020-11-12T00:00:00,1187011.5700127147,7593.594638969764,10
2020-11-13T00:00:00,1184556.6205844483,19.00564852829848,10
2020-11-14T00:00:00,1178878.9902067317,386.1802251228801,10
2020-11-15T00:00:00,1155891.1541405488,20259.814917139694,10
2020-11-17T00:00:00,1153426.5578833898,179.31558860147197,10
2020-11-18T00:00:00,1153567.0132062964,7487.687694363907,10
2020-11-19T00:00:00,1146134.5643247615,11583.601729775444,10
2020-11-20T00:00:00,1146883.8629366253,3057.3806024882942,10
2020-11-23T00:00:00,1156833.76375318,19.873238806132576,10
2020-11-24T00:00:00,1165438.8850130276,2864.490233822289,10
2020-11-25T00:00:00,1158045.3843699035,6324.409436279297,10
2020-11-26T00:00:00,1172548.5498348516,2593.313651685239,10
2020-11-27T00:00:00,1173416.3022150944,31.666818137091468,10
2020-12-01T00:00:00,1170645.301119883,156.707974512683,10
2020-12-02T00:00:00,1171166.9670463095,1290.2291160116583,10
2020-12-03T00:00:00,1179751.7011989476,3860.2275337100873,10
2020-12-04T00:00:00,1192603.9959866225,89.81373183119285,10
2020-12-07T00:00:00,1206407.217745125,6980.969976722947,10
2020-12-08T00:00:00,1222332.372280939,12556.622135026773,10
2020-12-09T00:00:00,1214481.0934954218,14600.498055510863,10
2020-12-10T00:00:00,1227068.8170658872,8697.217549972149,10
2020-12-11T00:00:00,1244378.2355750396,5121.4144862488465,10
2020-12-14T00:00:00,1252262.632196544,9032.292554972882,10
2020-12-15T00:00:00,1254182.2360213068,9601.176465299402,10
2020-12-16T00:00:00,1254508.6664257974,19439.092683884635,10
2020-12-17T00:00:00,1264067.2533603471,17715.940471247974,10
2020-12-18T00:00:00,1269297.9490650953,15579.572423821766,10
2020-12-21T00:00:00,1262216.0970144635,26860.407677686686,10
2020-12-22T00:00:00,1349739.8257270425,311.99963909086364,10
2020-12-23T00:00:00,1354904.1185114244,48.608135447851964,10
2020-12-24T00:00:00,1356541.7891168958,34.85757736003143,10
2020-12-28T00:00:00,1366118.9820865614,12.957756422139937,10
2020-12-29T00:00:00,1356454.7054296695,3687.5781341752736,10
2020-12-30T00:00:00,1361467.9881066147,4509.815378076077,10
2020-12-31T00:00:00,1359975.842517455,31.371209700620966,10
2021-01-01T00:00:00,1369985.3224099958,165.731809028337,10
2021-01-04T00:00:00,1383214.8566358571,61.21532039693557,10
2021-01-05T00:00:00,1375148.7089331772,1598.8628638412047,10
2021-01-06T00:00:00,1393182.2321857186,145.50871312333038,10
2021-01-07T00:00:00,1392185.6003163443,77.40411883447086,10
2021-01-08T00:00:00,1386363.763330377,8290.035303033277,10
2021-01-11T00:00:00,1394371.9429683732,21334.04487801055,10
2021-01-12T00:00:00,1413508.6266056036,18213.99710235346,10
2021-01-13T00:00:00,1387320.814082284,9732.081280846643,10
2021-01-14T00:00:00,1394598.215696421,11298.1246777442,10
2021-01-15T00:00:00,1399409.2797756346,10924.996286407346,10
2021-01-18T00:00:00,1384702.690166921,22135.365644902427,10
2021-01-19T00:00:00,1434215.7865417493,39.5421021473594,10
2021-01-20T00:00:00,1446190.9018162987,91.29159729683306,10
2021-01-21T00:00:00,1422331.925891436,8577.594755686034,10
2021-01-22T00:00:00,1424742.1882747784,17454.30239144704,10
2021-01-25T00:00:00,1452254.9650947463,18887.028966129903,10
2021-01-27T00:00:00,1457734.0346649303,24311.508602918562,10
2021-01-28T00:00:00,1504127.011786949,90.14121485885698,10
2021-01-29T00:00:00,1478424.6113619157,14006.883162910468,10
2021-02-01T00:00:00,1516416.4658928968,20.289076910179574,10
2021-02-02T00:00:00,1528851.7479336958,142.7382920483651,10
2021-02-03T00:00:00,1530311.7590020334,1839.775979820377,10
2021-02-04T00:00:00,1576862.8482881992,556.2512136905716,10
2021-02-05T00:00:00,1554784.4239582887,29238.243572699197,10
2021-02-08T00:00:00,1584713.6739071049,31170.27912789947,10
2021-02-09T00:00:00,1585256.685194544,35393.45146422787,10
2021-02-10T00:00:00,1599390.7990792422,43406.68308002048,10
2021-02-11T00:00:00,1588623.0800733464,34715.08581255848,10
2021-02-12T00:00:00,1587100.4560089614,5858.50499158178,10
2021-02-15T00:00:00,1586293.238578466,58.3272930655512,10
2021-02-16T00:00:00,1593401.9957517316,28.180474631866673,10
2021-02-17T00:00:00,1582272.5159453226,16506.486760981206,10
2021-02-18T00:00:00,1592481.2032445557,3137.1741808540537,10
2021-02-19T00:00:00,1574865.4601522922,21616.709596776956,10
2021-02-22T00:00:00,1566858.1503524785,12972.543335915107,10
2021-02-23T00:00:00,1590950.667186436,11036.06469982554,10
2021-02-24T00:00:00,1636690.0551656187,16.81119284039596,10
2021-02-25T00:00:00,1641226.9970857499,206.9445630905393,10
2021-02-26T00:00:00,1615962.4735405422,24304.60425114399,10
2021-03-01T00:00:00,1631187.2411421756,6885.0043105105,10
2021-03-02T00:00:00,1647982.2370734299,2897.0179228866473,10
2021-03-03T00:00:00,1689476.7839209503,191.02793664386263,10
2021-03-04T00:00:00,1709448.0741178838,60.77842925468576,10
2021-03-05T00:00:00,1703184.1342432236,10298.496685240156,10
2021-03-08T00:00:00,1741001.0181440983,4180.581162897201,10
2021-03-09T00:00:00,1741963.0213186175,26870.02790278499,10
2021-03-10T00:00:00,1755739.5318667996,17555.971670876694,10
2021-03-12T00:00:00,1760124.0580851068,16144.343260430149,10
2021-03-15T00:00:00,1777195.1914867994,7192.79060789317,10
2021-03-16T00:00:00,1771268.2242986618,98.44806498877006,10
2021-03-17T00:00:00,1760265.6281916802,12827.29323074274,10
2021-03-18T00:00:00,1757311.8392189548,23441.898823599477,10
2021-03-19T00:00:00,1859698.1048236801,95.45439872285351,10
2021-03-22T00:00:00,1806475.6111301365,15440.513828653318,10
2021-03-23T00:00:00,1806132.583525328,6712.904059080407,10
2021-03-24T00:00:00,1765738.55746964,38418.95031860852,10
2021-03-25T00:00:00,1767677.9710036044,37552.77979190386,10
2021-03-26T00:00:00,1789149.8395910193,9.179427139897598,10
2021-03-30T00:00:00,1810469.5643223291,6472.38443455752,10
2021-03-31T00:00:00,1829651.0589318345,5846.32248736138,10
2021-04-01T00:00:00,1880508.54501643,16.670209072326543,10
2021-04-05T00:00:00,1842861.3356033624,3805.441789275559,10
2021-04-06T00:00:00,1851337.7837813713,7974.009604773717,10
2021-04-07T00:00:00,1859648.321580723,30.7705477027921,10
2021-04-08T00:00:00,1875437.1323381783,19839.935265195527,10
2021-04-09T00:00:00,1866407.3524190944,31355.27678127712,10
2021-04-12T00:00:00,1811202.2942053352,65235.96080842367,10
2021-04-13T00:00:00,1853329.270156539,16.208416617533658,10
2021-04-15T00:00:00,1872389.5091207703,37.352686711237766,10
2021-04-16T00:00:00,1883771.5215919958,15.66402897707303,10
2021-04-19T00:00:00,1886554.6245738722,76.5935308195767,10
2021-04-20T00:00:00,1868480.2274593476,196.67115727692726,10
2021-04-22T00:00:00,1910797.386780851,31.124111287732376,10
2021-04-23T00:00:00,1914397.6223765856,75.33718028126168,10
2021-04-26T00:00:00,1897457.556043663,29881.130867042637,10
2021-04-27T00:00:00,1897409.809969863,27972.529025038617,10
2021-04-28T00:00:00,1918534.0620528343,58.9083911064663,10
2021-04-29T00:00:00,1899295.306090517,4939.100714845466,10
2021-04-30T00:00:00,1887436.1589153805,26231.90553937349,10
2021-05-03T00:00:00,1911093.6921090255,4792.284474290413,10
2021-05-04T00:00:00,1902188.575765973,3117.3151992615603,10
2021-05-05T00:00:00,1935294.9870595157,54.10567561982316,10
2021-05-06T00:00:00,1937699.911337482,139.91674195439555,10
2021-05-07T00:00:00,1947819.5316307202,5697.006833280757,10
2021-05-10T00:00:00,1964508.3117444788,130.32585313663003,10
2021-05-11T00:00:00,1983023.6586956526,3444.279095127742,10
2021-05-12T00:00:00,1932919.027975666,37745.20318471143,10
2021-05-14T00:00:00,1965923.4338767645,46954.05439830985,10
2021-05-17T00:00:00,2012431.9994317458,1207.4757806227426,10
2021-05-18T00:00:00,2040996.2794309454,700.8304906684207,10
2021-05-19T00:00:00,2024274.9363959199,368.6925909881538,10
2021-05-20T00:00:00,2013539.6643220913,23374.51248951076,10
2021-05-21T00:00:00,2049546.3905766523,2317.9114831005572,10
2021-05-24T00:00:00,2039539.6099467594,2681.438758404838,10
2021-05-25T00:00:00,2021662.582208,10775.978913627274,10
2021-05-26T00:00:00,2028161.8394100652,14261.105799912097,10
2021-05-27T00:00:00,2023975.0057338653,20975.428650277638,10
2021-05-28T00:00:00,2028418.5514603741,10122.046680558386,10
2021-05-31T00:00:00,2023366.8680758236,10290.436753725895,10
2021-06-01T00:00:00,2002537.561893296,9988.431434464117,10
2021-06-02T00:00:00,2041355.3753142862,175.0218921212072,10
2021-06-03T00:00:00,2012773.5937708733,29.15312374770292,10
2021-06-04T00:00:00,2014955.2123018077,4.977036075928481,10
2021-06-07T00:00:00,2026561.4972805586,45.010012110637035,10
2021-06-08T00:00:00,2037513.1197707835,8.42844511885778,10
2021-06-09T00:00:00,2036481.2397502859,6390.712475200329,10
2021-06-10T00:00:00,2050247.7566966098,142.53010740692844,10
2021-06-11T00:00:00,2058928.4994999382,1134.091851374833,10
2021-06-14T00:00:00,2078385.831644741,5117.948479858169,10
2021-06-15T00:00:00,2101240.022099168,200.71547952358378,10
2021-06-16T00:00:00,2068037.024947855,11064.405917856202,10
2021-06-17T00:00:00,2044818.6522325806,24606.565278463764,10
2021-06-18T00:00:00,2064639.5827414615,7539.38189002109,10
2021-06-21T00:00:00,2162958.4068140136,60.16159382945625,10
2021-06-22T00:00:00,2129669.0189919397,3236.8188004416297,10
2021-06-23T00:00:00,2105560.2778129186,30875.302141150372,10
2021-06-24T00:00:00,2134591.8829018404,53670.70110099824,10
2021-06-25T00:00:00,2181470.2180983853,42030.690798981144,10
2021-06-28T00:00:00,2156809.142394919,25967.08044900393,10
2021-06-29T00:00:00,2117856.9849299286,30434.092277416727,10
2021-06-30T00:00:00,2125785.669029604,10259.30490912075,10
2021-07-01T00:00:00,2119594.6975884605,13369.926958577504,10
2021-07-02T00:00:00,2120233.4166884352,9197.473184101837,10
2021-07-05T00:00:00,2144805.7229475905,9197.473184101837,10
2021-07-06T00:00:00,2144251.2791178604,10513.020431794837,10
2021-07-07T00:00:00,2169183.640042863,7.12295683377306,10
2021-07-08T00:00:00,2151299.9778057477,11494.166106834135,10
2021-07-09T00:00:00,2169132.5151784793,10955.734747685492,10
2021-07-12T00:00:00,2160587.342759481,16450.16157852733,10
2021-07-13T00:00:00,2170112.726274783,10416.840280348464,10
2021-07-14T00:00:00,2177654.2023150506,18579.428283411748,10
2021-07-15T00:00:00,2165310.797621447,18579.428283411748,10
2021-07-16T00:00:00,2167081.5941676274,3787.7822856081766,10
2021-07-19T00:00:00,2156929.319522539,4343.540252367122,10
2021-07-20T00:00:00,2126294.530064146,47266.988049070555,10
2021-07-22T00:00:00,2156475.1432870175,34.74913723714417,10
2021-07-23T00:00:00,2150233.1592072556,6.658073336991947,10
2021-07-26T00:00:00,2141782.2866930068,26.938369184557814,10
2021-07-27T00:00:00,2122327.6815536986,11811.405812121317,10
2021-07-28T00:00:00,2117270.9780723187,19516.07815471603,10
2021-07-29T00:00:00,2168146.7570189033,7185.991500714736,10
2021-07-30T00:00:00,2151140.9136795118,24909.790975959622,10
2021-08-02T00:00:00,2173575.566397088,26117.4550231866,10
2021-08-03T00:00:00,2208683.8334566406,15718.210244780028,10
2021-08-04T00:00:00,2179323.2221246054,30226.665452509274,10
2021-08-05T00:00:00,2231123.9496387,7873.985214567045,10
2021-08-06T00:00:00,2229994.3630987396,14065.633422493149,10
2021-08-09T00:00:00,2229242.3852527626,31843.132382202864,10
2021-08-10T00:00:00,2185646.3091888474,37370.30624533177,10
2021-08-11T00:00:00,2216776.745205429,26992.310389068298,10
2021-08-12T00:00:00,2252359.697308617,1078.083803253714,10
2021-08-13T00:00:00,2237015.4033923913,18206.19088705085,10
2021-08-16T00:00:00,2230611.948928013,23.049399509414798,10
2021-08-17T00:00:00,2241848.5700776814,455.1689832448319,10
2021-08-18T00:00:00,2243632.866146628,10220.116827551305,10
2021-08-20T00:00:00,2206194.9072274873,46185.23106858242,10
2021-08-23T00:00:00,2230373.7409183076,21321.434912829427,10
2021-08-24T00:00:00,2291951.860697661,7058.1265753849,10
2021-08-25T00:00:00,2275337.0039965683,2751.4572207505116,10
2021-08-26T00:00:00,2253676.3929545456,2751.4572207505116,10
2021-08-27T00:00:00,2271525.73043835,50.312143442512024,10
2021-08-30T00:00:00,2294437.821696749,30.61676548939431,10
2021-08-31T00:00:00,2294146.1298918426,552.0854506190808,10
2021-09-01T00:00:00,2287936.280319888,14.407303530082572,10
2021-09-02T00:00:00,2305915.8240199895,5071.47516211,10
2021-09-03T00:00:00,2335754.78243216,5071.47516211,10
2021-09-06T00:00:00,2321145.0667304834,17964.680341704166,10
2021-09-07T00:00:00,2318092.8109679436,32374.886004945933,10
2021-09-08T00:00:00,2344318.3037524438,32374.886004945933,10
2021-09-09T00:00:00,2321006.7422410403,19281.360607281124,10
2021-09-13T00:00:00,2299039.6202931106,25374.925041645125,10
2021-09-14T00:00:00,2326076.887150258,25374.925041645125,10
2021-09-15T00:00:00,2340057.0524373073,32185.560890676134,10
2021-09-16T00:00:00,2344518.17529979,25161.286005165457,10
2021-09-17T00:00:00,2317362.215854397,39255.32293962446,10
2021-09-20T00:00:00,2295676.832707381,32060.760132764728,10
2021-09-21T00:00:00,2321963.891243948,27278.2084760796,10
2021-09-22T00:00:00,2330783.9332110803,15444.646483174409,10
2021-09-23T00:00:00,2352878.4298177026,11986.90878346123,10
2021-09-24T00:00:00,2343938.0894305347,20559.87971373729,10
2021-09-27T00:00:00,2356380.564848669,11213.921026952681,10
2021-09-28T00:00:00,2368846.525076307,13195.384439862653,10
2021-09-29T00:00:00,2403868.6356759933,60.96820696868235,10
2021-09-30T00:00:00,2397590.193053316,29.53756625542883,10
2021-10-01T00:00:00,2417383.145781484,1384.033484425774,10
2021-10-04T00:00:00,2402924.137920426,11926.919488953514,10
2021-10-05T00:00:00,2415924.6816513515,6581.563102004497,10
2021-10-06T00:00:00,2390488.81213446,32505.51823683144,10
2021-10-07T00:00:00,2399740.9804730904,12257.127584029367,10
2021-10-08T00:00:00,2432196.3981354767,8.118491464381805,10
2021-10-11T00:00:00,2457217.4612676967,15.511942135024583,10
2021-10-12T00:00:00,2541687.8422169858,7.322088735789293,10
2021-10-13T00:00:00,2510742.9500329806,23413.471780569875,10
2021-10-14T00:00:00,2525806.507138782,7969.561400943494,10
2021-10-18T00:00:00,2547798.854149595,9365.292740598146,10
2021-10-19T00:00:00,2491282.702204161,59812.98204463025,10
2021-10-20T00:00:00,2544843.92831323,8721.91854188309,10
2021-10-21T00:00:00,2589138.7459690217,67.05227299951366,10
2021-10-22T00:00:00,2595016.0126648196,39175.18545820814,10
2021-10-25T00:00:00,2589878.091607736,35741.49206321087,10
2021-10-26T00:00:00,2665441.981705359,711.3973528659553,10
2021-10-27T00:00:00,2647410.5027836454,30515.720072616183,10
2021-10-28T00:00:00,2594552.1673319624,53666.56358364073,10
2021-10-29T00:00:00,2768644.137366129,5612.44064219133,10
2021-11-01T00:00:00,2759988.462457664,57.53939247876406,10
2021-11-02T00:00:00,2752889.150068026,42.23331997921923,10
2021-11-03T00:00:00,2718144.840954946,28311.27233617133,10
2021-11-04T00:00:00,2741665.6319727157,20246.559295103594,10
2021-11-05T00:00:00,2764210.7524032136,19.158222152735107,10
2021-11-08T00:00:00,2781709.000294315,19218.2323747747,10
2021-11-09T00:00:00,2765030.156699219,17605.687697448942,10
2021-11-10T00:00:00,2764229.6274507865,42342.42508491152,10
2021-11-11T00:00:00,2754310.1842449172,34661.60457877972,10
2021-11-12T00:00:00,2750728.587473145,22729.299181213893,10
2021-11-15T00:00:00,2739547.914782441,19610.548407471855,10
2021-11-16T00:00:00,2708933.9082056107,30356.617247205984,10
2021-11-17T00:00:00,2702976.801474356,35606.91317059938,10
2021-11-18T00:00:00,2699710.1408238024,24713.631641825952,10
2021-11-22T00:00:00,2701757.0760923713,23079.787670740217,10
2021-11-23T00:00:00,2827345.3666165443,29.61224490130553,10
2021-11-24T00:00:00,2785204.9088608394,9664.22184912063,10
2021-11-25T00:00:00,2787501.907708285,60.008217928232625,10
2021-11-26T00:00:00,2699783.4142247215,71675.72640810147,10
2021-11-29T00:00:00,2751985.8892448633,44118.23438341293,10
2021-11-30T00:00:00,2799895.524094721,54580.176560064196,10
2021-12-01T00:00:00,2811962.125812709,14911.031768977293,10
2021-12-02T00:00:00,2805684.782556168,861.0990577852353,10
2021-12-03T00:00:00,2768243.958673104,3219.368749244837,10
2021-12-06T00:00:00,2754539.834061575,28979.950261068094,10
2021-12-07T00:00:00,2770085.183442427,25.700963331211824,10
2021-12-08T00:00:00,2784085.159231096,59.46856108272914,10
2021-12-09T00:00:00,2807409.621949004,27149.83866195561,10
2021-12-10T00:00:00,2784427.3758335644,17314.393663459632,10
2021-12-13T00:00:00,2810449.444292033,7471.203704798652,10
2021-12-14T00:00:00,2856492.0430117445,144.9107294876012,10
2021-12-15T00:00:00,2842796.989102698,21093.539281225938,10
2021-12-16T00:00:00,2860352.4212102476,13983.798869091377,10
2021-12-17T00:00:00,2851360.3716939134,56944.26154452993,10
2021-12-20T00:00:00,2825283.883474661,71149.83877022367,10
2021-12-21T00:00:00,2882473.82037196,53.958334301249124,10
2021-12-22T00:00:00,2887668.003343787,13811.23782893666,10
2021-12-23T00:00:00,2889571.954660246,14267.535989114782,10
2021-12-24T00:00:00,2937738.257318178,21367.802708307165,10
2021-12-27T00:00:00,2925398.280331565,19660.956082297722,10
2021-12-28T00:00:00,2929130.0398459067,6989.690736256831,10
2021-12-29T00:00:00,2917749.2662455267,15302.61194483703,10
2021-12-30T00:00:00,2917249.7704186514,13678.162561900972,10
2021-12-31T00:00:00,2912012.357273242,9752.555042406835,10
2022-01-03T00:00:00,2877258.1700361166,32158.902663985442,10
2022-01-04T00:00:00,2876181.267117906,28573.234769273025,10
2022-01-05T00:00:00,2897261.996432433,33781.286107191816,10
2022-01-06T00:00:00,2943856.1038922374,22481.05182066624,10
2022-01-07T00:00:00,2934807.7043742295,14775.64900008397,10
2022-01-10T00:00:00,2959465.6034625894,79.62376440834487,10
2022-01-11T00:00:00,2944197.7208785457,10845.471670095343,10
2022-01-12T00:00:00,2948074.6853478337,1183.6609833622933,10
2022-01-13T00:00:00,2964901.5299833976,1759.8177946769283,10
2022-01-14T00:00:00,3007486.0832786486,1122.398361198837,10
2022-01-17T00:00:00,3000758.702881819,7672.8306818070705,10
2022-01-18T00:00:00,2959760.931528497,60233.309857774,10
2022-01-19T00:00:00,3033858.7712983703,281.56881805416197,10
2022-01-20T00:00:00,3025305.1096296627,31.797900231555104,10
2022-01-21T00:00:00,2968907.716503927,24843.28132135549,10
2022-01-24T00:00:00,2962269.7962901983,17592.327601233497,10
2022-01-25T00:00:00,3089823.0772536034,116.63738086173544,10
2022-01-27T00:00:00,3065397.441332331,54.160086145740934,10
2022-01-28T00:00:00,3044068.7251885156,14271.969883225567,10
2022-01-31T00:00:00,3045595.2674104148,8974.12377180392,10
2022-02-01T00:00:00,3003368.4605945433,26839.755245574925,10
2022-02-02T00:00:00,3034650.0111960243,46.344043618883006,10
2022-02-03T00:00:00,3062227.45963472,7128.097050605749,10
2022-02-04T00:00:00,3035519.2610255736,32171.991326476913,10
2022-02-07T00:00:00,3034787.0096175014,22847.504198723647,10
2022-02-08T00:00:00,3039783.0157395424,15075.090076547465,10
2022-02-09T00:00:00,3058162.853551087,154.80292814713903,10
2022-02-10T00:00:00,3086074.328209014,175.44055184844183,10
2022-02-11T00:00:00,3088993.493377181,14924.694549055654,10
2022-02-14T00:00:00,2987379.7608179767,14924.694549055654,10
2022-02-15T00:00:00,3065626.852503198,286.5395693689934,10
2022-02-16T00:00:00,3033257.548379802,7476.458223246853,10
2022-02-17T00:00:00,3010071.8146640686,33589.76459616702,10
2022-02-18T00:00:00,3018946.515895919,33325.77578266064,10
2022-02-21T00:00:00,3066156.0242299293,49.40798275230918,10
2022-02-22T00:00:00,3078734.38284449,14737.926685851766,10
2022-02-23T00:00:00,3113603.8878691248,7736.710527663701,10
2022-02-24T00:00:00,3188471.907488113,7736.710527663701,10
2022-02-25T00:00:00,3085157.062045308,14.655020488076843,10
2022-02-28T00:00:00,3169945.27708503,128.74168463936076,10
2022-03-02T00:00:00,3163148.2776800417,5939.701257908775,10
2022-03-03T00:00:00,3180097.7870888975,14.387739685189445,10
2022-03-04T00:00:00,3104179.1045696987,38750.77538421325,10
2022-03-07T00:00:00,3082945.60223153,44378.76340248936,10
2022-03-08T00:00:00,3083118.618727359,13438.689230593853,10
2022-03-09T00:00:00,3066788.5791214043,30324.613632970664,10
2022-03-10T00:00:00,3159057.2290289435,156.5790362432599,10
2022-03-11T00:00:00,3154153.550529806,34606.28378301964,10
2022-03-14T00:00:00,3132137.193246809,43494.177257239935,10
2022-03-15T00:00:00,3099546.508038996,48081.04520205874,10
2022-03-16T00:00:00,3086952.0568217044,17815.47584921168,10
2022-03-17T00:00:00,3081531.584839447,9489.330638348707,10
2022-03-21T00:00:00,3038180.514558087,19602.12319746212,10
2022-03-22T00:00:00,3083803.538406715,32371.412858963595,10
2022-03-23T00:00:00,3090307.4520835383,14608.60039576469,10
2022-03-24T00:00:00,3105838.803905222,12087.114711496397,10
2022-03-25T00:00:00,3124181.0661863126,21382.554520968348,10
2022-03-28T00:00:00,3139072.949478559,34520.933250837086,10
2022-03-29T00:00:00,3148936.9853321263,3638.379908199073,10
2022-03-30T00:00:00,3127616.1119395895,10933.048077742336,10
2022-03-31T00:00:00,3136349.1024362235,5691.646595159196,10
2022-04-01T00:00:00,3156440.0371979144,798.8123291399679,10
2022-04-04T00:00:00,3149435.4439354003,13879.12289047864,10
2022-04-05T00:00:00,3149820.520847635,7535.845555619686,10
2022-04-06T00:00:00,3156636.9268632433,12713.07991461968,10
2022-04-07T00:00:00,3196345.244609393,11640.606717623828,10
2022-04-08T00:00:00,3216082.21458201,13062.532082124788,10
2022-04-11T00:00:00,3169678.3134078914,27984.51833724347,10
2022-04-12T00:00:00,3159135.8419299694,29172.606280860433,10
2022-04-13T00:00:00,3127228.281195853,41075.276484701666,10
2022-04-18T00:00:00,3093060.469747037,48676.47743365215,10
2022-04-19T00:00:00,3073334.586708783,19615.660107373144,10
2022-04-20T00:00:00,3086796.655400391,22285.386322136386,10
2022-04-21T00:00:00,3098934.980223104,34670.70671693946,10
2022-04-22T00:00:00,3055143.7138056997,41582.640349889174,10
2022-04-25T00:00:00,3045678.9070577295,37676.97466179432,10
2022-04-26T00:00:00,3046006.175854124,15996.247817284893,10
2022-04-27T00:00:00,3059922.0121363644,25121.427282088727,10
2022-04-28T00:00:00,3085832.5283373133,5.148694677045569,10
2022-04-29T00:00:00,3084670.5289327377,9266.233849542099,10
2022-05-02T00:00:00,3131531.798688359,8851.919773376547,10
2022-05-04T00:00:00,3074276.3332528016,11777.790145619423,10
2022-05-05T00:00:00,3179802.928809684,59.78159941313788,10
2022-05-06T00:00:00,3158351.4720848384,5658.133155512391,10
2022-05-09T00:00:00,3142471.6225328194,2944.416825269349,10
2022-05-10T00:00:00,3107014.884454915,26481.960985371203,10
2022-05-11T00:00:00,3163868.959988797,70.95387383742491,10
2022-05-12T00:00:00,3136603.068442895,48951.00250966736,10
2022-05-13T00:00:00,3147521.722227796,19583.1624095281,10
2022-05-16T00:00:00,3164417.4401704418,11991.578202740115,10
2022-05-17T00:00:00,3110421.879864467,56886.592533839284,10
2022-05-18T00:00:00,3173082.4846697543,34904.082177230914,10
2022-05-19T00:00:00,3183425.0151866116,973.1483863031026,10
2022-05-20T00:00:00,3190976.945997087,100.08571923943236,10
2022-05-23T00:00:00,3217698.6181438556,1058.1294709274662,10
2022-05-24T00:00:00,3193550.6159668406,68.80142530595185,10
2022-05-25T00:00:00,3253523.8220394817,23793.468032996636,10
2022-05-26T00:00:00,3214597.9242373263,41285.653646826104,10
2022-05-27T00:00:00,3193617.4063199805,27401.112492579967,10
2022-05-30T00:00:00,3196084.644631177,38.15995481610298,10
2022-05-31T00:00:00,3205629.5305221463,18533.101571836334,10
2022-06-01T00:00:00,3240124.802682699,12082.293086828082,10
2022-06-02T00:00:00,3223412.6284646927,159.18968295457307,10
2022-06-03T00:00:00,3195061.306981506,21.15418762131594,10
2022-06-06T00:00:00,3197846.898166673,6599.350566880312,10
2022-06-07T00:00:00,3245658.375808137,96.32306184095796,10
2022-06-08T00:00:00,3224564.614120025,17667.52464248595,10
2022-06-09T00:00:00,3230993.4031884857,26414.139119882195,10
2022-06-10T00:00:00,3248949.750325937,26414.139119882195,10
2022-06-13T00:00:00,3213606.5828352026,45561.133205418824,10
2022-06-14T00:00:00,3235395.1640750007,478.80799494544044,10
2022-06-15T00:00:00,3249491.3883846826,29847.206182343536,10
2022-06-16T00:00:00,3315721.4473008467,2836.9235181164113,10
2022-06-17T00:00:00,3288464.8649182417,27.33127261174377,10
2022-06-20T00:00:00,3319540.721128334,64.54956613894319,10
2022-06-21T00:00:00,3321631.004712668,44.42187685583485,10
2022-06-22T00:00:00,3330033.1047743536,33.956165531184524,10
2022-06-23T00:00:00,3312918.5911829406,10281.198917959759,10
2022-06-24T00:00:00,3304849.047276671,18792.95189813408,10
2022-06-27T00:00:00,3326166.7198749045,240.2409098445787,10
2022-06-28T00:00:00,3283301.091537582,4799.689266672125,10
2022-06-29T00:00:00,3327915.323281292,247.3925908872625,10
2022-06-30T00:00:00,3364178.462840086,219.9356718120398,10
2022-07-01T00:00:00,3327828.0346365976,15669.037646393524,10
2022-07-04T00:00:00,3356389.363939307,290.0750522828894,10
2022-07-05T00:00:00,3381653.2135203006,7184.768291723507,10
2022-07-06T00:00:00,3368984.893929217,10940.902664873982,10
2022-07-07T00:00:00,3348540.6854735543,36928.28142463474,10
2022-07-08T00:00:00,3410564.476117217,175.06327825121116,10
2022-07-11T00:00:00,3393993.4762810753,6756.523507951177,10
2022-07-12T00:00:00,3402252.097541222,17.249013283697423,10
2022-07-13T00:00:00,3442772.955678027,21.543805133376736,10
2022-07-14T00:00:00,3495713.660387708,46.30416266445536,10
2022-07-15T00:00:00,3478661.8991237204,6676.111034891976,10
2022-07-18T00:00:00,3490871.1165838204,11107.703367199516,10
2022-07-19T00:00:00,3509989.3213566327,22413.458553143544,10
2022-07-20T00:00:00,3506317.49186901,7636.407283790351,10
2022-07-21T00:00:00,3481281.930620639,308.2551064180443,10
2022-07-22T00:00:00,3492518.4494374623,11891.564603172534,10
2022-07-25T00:00:00,3534726.6559144687,47.09709946624935,10
2022-07-26T00:00:00,3500859.2205937323,13659.903621953563,10
2022-07-27T00:00:00,3488655.6500084815,13659.903621953563,10
2022-07-28T00:00:00,3444557.504458077,41481.74800646998,10
2022-07-29T00:00:00,3416277.6922692466,51723.78156367998,10
2022-08-01T00:00:00,3465084.507020477,26917.24909544387,10
2022-08-02T00:00:00,3517789.253933386,89.12465520290425,10
2022-08-03T00:00:00,3512179.937307868,8471.295670066611,10
2022-08-04T00:00:00,3500767.319155462,5916.442749746726,10
2022-08-05T00:00:00,3487172.155880294,33.0685985898599,10
2022-08-08T00:00:00,3490519.450674053,371.3979473070358,10
2022-08-10T00:00:00,3469549.467043863,15175.803683267615,10
2022-08-11T00:00:00,3468861.8258900354,18.288364858191926,10
2022-08-12T00:00:00,3463298.7022973746,14952.568286105932,10
2022-08-16T00:00:00,3459842.270608576,7109.452573450282,10
2022-08-17T00:00:00,3437435.8259311137,23804.349839728675,10
2022-08-18T00:00:00,3457903.689444468,19.592816755641252,10
2022-08-19T00:00:00,3481752.811766465,21436.658953507314,10
2022-08-22T00:00:00,3455322.595481142,17.313056215061806,10
2022-08-23T00:00:00,3512894.199812227,11508.66345053236,10
2022-08-24T00:00:00,3588573.2319420585,338.5916756402585,10
2022-08-25T00:00:00,3578245.890493508,7255.8267151076,10
2022-08-26T00:00:00,3571612.0965615613,17924.408607612306,10
2022-08-29T00:00:00,3588886.0569494218,25657.903257176455,10
2022-08-30T00:00:00,3597518.423495947,109.01723927108105,10
2022-09-01T00:00:00,3601565.700490794,1066.1079424237832,10
2022-09-02T00:00:00,3592440.7395360176,12365.260093421151,10
2022-09-05T00:00:00,3631242.810952348,12532.942395371792,10
2022-09-06T00:00:00,3711089.13640449,3548.2465901132673,10
2022-09-07T00:00:00,3697779.188948136,20807.429417114705,10
2022-09-08T00:00:00,3723604.667689729,22818.701323914807,10
2022-09-09T00:00:00,3710441.8622227744,420.09537707146956,10
2022-09-12T00:00:00,3702849.352285081,3197.6988465128234,10
2022-09-13T00:00:00,3707453.9337708293,3197.6988465128234,10
2022-09-14T00:00:00,3705178.701996377,39.77696662239032,10
2022-09-15T00:00:00,3712570.493336569,276.88956917391624,10
2022-09-16T00:00:00,3713240.070820166,22249.378284765175,10
2022-09-19T00:00:00,3744269.3103573336,14859.814215899969,10
2022-09-20T00:00:00,3722919.140246959,3900.5713230086258,10
2022-09-21T00:00:00,3701828.497168603,9474.758919777814,10
2022-09-22T00:00:00,3740192.109230791,479.376580034208,10
2022-09-23T00:00:00,3664676.4827598706,72676.76582566625,10
2022-09-26T00:00:00,3708262.9143796414,30619.77656988782,10
2022-09-27T00:00:00,3767149.079572994,12999.316091853718,10
2022-09-28T00:00:00,3705787.7653281502,33530.86164162663,10
2022-09-29T00:00:00,3713942.411527797,12069.472570106096,10
2022-09-30T00:00:00,3762255.2911374937,696.2233388790628,10
2022-10-03T00:00:00,3685691.07288248,38465.61924917175,10
2022-10-04T00:00:00,3731815.987230903,74.78670592454728,10
2022-10-06T00:00:00,3696737.6705149277,46030.9626006395,10
2022-10-07T00:00:00,3707283.7514331033,20098.21986177948,10
2022-10-10T00:00:00,3700536.7311872295,6088.4119257429265,10
2022-10-11T00:00:00,3708938.3945859782,11503.675044492818,10
2022-10-12T00:00:00,3741608.6661299462,34.20311564923031,10
2022-10-13T00:00:00,3733785.9856417165,27015.180513924395,10
2022-10-14T00:00:00,3754039.1451900657,18485.53048051725,10
2022-10-17T00:00:00,3767335.4567965753,71.65539574227296,10
2022-10-18T00:00:00,3773383.9372818177,30.4124617955531,10
2022-10-19T00:00:00,3720695.906383895,23930.001028746716,10
2022-10-20T00:00:00,3741981.030364876,22988.458473091654,10
2022-10-21T00:00:00,3729691.7994051203,14744.595528624894,10
2022-10-24T00:00:00,3739807.4420824274,14744.595528624894,10
2022-10-25T00:00:00,3760982.2720525647,48417.96152190206,10
2022-10-27T00:00:00,3814459.7212454313,41613.83000245062,10
2022-10-28T00:00:00,3761222.393544266,65469.994618484634,10
2022-10-31T00:00:00,3747668.726852868,24239.85406157805,10
2022-11-01T00:00:00,3766260.352593019,75.47390039212769,10
2022-11-02T00:00:00,3792454.622082552,19512.749249300046,10
2022-11-03T00:00:00,3792659.0164095624,14601.662913010805,10
2022-11-04T00:00:00,3835160.699956224,2545.8690693828976,10
2022-11-07T00:00:00,3869102.5628612954,24205.595148893015,10
2022-11-09T00:00:00,3849518.100054386,12214.176706913102,10
2022-11-10T00:00:00,3879281.1523184003,2875.1343130290043,10
2022-11-11T00:00:00,3893394.3117760248,36.00192914681975,10
2022-11-14T00:00:00,3862088.810795011,12349.117640676035,10
2022-11-15T00:00:00,3863359.251783867,10054.26108409901,10
2022-11-16T00:00:00,3865366.1725057983,47.85057205182966,10
2022-11-17T00:00:00,3858024.4235127494,78.82089739287039,10
2022-11-18T00:00:00,3851537.230145107,6330.68837417179,10
2022-11-21T00:00:00,3847093.857890188,32.81235522060888,10
2022-11-22T00:00:00,3894406.892073398,50.37365329876775,10
2022-11-23T00:00:00,3889626.7989835376,29.30081185157178,10
2022-11-24T00:00:00,3882245.7020794954,25644.271432242414,10
2022-11-25T00:00:00,3882066.184399255,8.74596572824521,10
2022-11-28T00:00:00,3912285.4819111302,882.7242713654996,10
2022-11-29T00:00:00,3907501.1038056063,30.486744111170992,10
2022-11-30T00:00:00,3891730.287530095,11904.613878519915,10
2022-12-01T00:00:00,3905952.950845129,21183.84939432901,10
2022-12-02T00:00:00,3911597.1571176993,16780.720566725475,10
2022-12-05T00:00:00,3941295.332477552,15952.2299147679,10
2022-12-06T00:00:00,3930139.599141298,4473.886680899886,10
2022-12-07T00:00:00,3931754.130117694,19233.061047951458,10
2022-12-08T00:00:00,3918815.6300218524,30362.925089759578,10
2022-12-09T00:00:00,3975120.232265806,14018.14141604962,10
2022-12-12T00:00:00,3954632.849937164,7489.282971227425,10
2022-12-13T00:00:00,4026269.3422210068,22119.146923765482,10
2022-12-14T00:00:00,4034841.42533335,25809.73085245397,10
2022-12-15T00:00:00,4039979.177002377,34663.994965023536,10
2022-12-16T00:00:00,3999574.798457673,13811.706294586998,10
2022-12-19T00:00:00,3970839.8320322395,23178.544442212733,10
2022-12-20T00:00:00,4004840.137778731,11890.375350447604,10
2022-12-21T00:00:00,3969225.216108025,28649.063428581518,10
2022-12-22T00:00:00,3920553.905818419,33974.756846861215,10
2022-12-23T00:00:00,3959820.40998425,12116.010168690875,10
2022-12-26T00:00:00,3931609.959593102,69512.80979756964,10
2022-12-27T00:00:00,4231966.938849554,84.55040274653584,10
2022-12-28T00:00:00,4085394.548691092,40780.399723348964,10
2022-12-29T00:00:00,4086069.064862058,36963.151488111005,10
2022-12-30T00:00:00,4075664.854343821,8348.342785288172,10
2023-01-02T00:00:00,4051165.026238857,18166.699380336504,10
2023-01-03T00:00:00,4021048.643181667,25494.53501974081,10
2023-01-04T00:00:00,4048666.735299254,14243.131121778686,10
2023-01-05T00:00:00,4064284.9693205073,22044.45454236999,10
2023-01-06T00:00:00,4063537.445983465,11705.242042119382,10
2023-01-09T00:00:00,4074651.0647091647,9571.935364224424,10
2023-01-10T00:00:00,4091533.471317368,7183.739681320731,10
2023-01-11T00:00:00,4077373.0365963187,12328.257272740884,10
2023-01-12T00:00:00,4100731.9241803316,12917.36807376414,10
2023-01-13T00:00:00,4083757.8959866464,656.5092373790103,10
2023-01-16T00:00:00,4070086.884128722,12017.685321959201,10
2023-01-17T00:00:00,4108556.10890863,99.5379438168602,10
2023-01-18T00:00:00,4096084.415331196,40.408518146548886,10
2023-01-19T00:00:00,4123928.8739551217,6420.437652936787,10
2023-01-20T00:00:00,4120356.867602375,19278.93457320024,10
2023-01-23T00:00:00,4126999.303986071,29524.645435498795,10
2023-01-24T00:00:00,4162898.191177255,12808.65630298265,10
2023-01-25T00:00:00,4131366.359407965,41473.70216201892,10
2023-01-27T00:00:00,4099448.9118138445,17381.64071062929,10
2023-01-30T00:00:00,4093124.269116288,24738.266175156343,10
2023-01-31T00:00:00,4167358.0622444088,108.86334990797332,10
2023-02-01T00:00:00,4325857.160074877,75.2619234789745,10
2023-02-02T00:00:00,4239775.844438138,40759.527070583776,10
2023-02-03T00:00:00,4310322.891549854,66.6465966978576,10
2023-02-06T00:00:00,4323071.542710385,1682.5531588409794,10
2023-02-07T00:00:00,4310002.669230562,10855.6275826497,10
2023-02-08T00:00:00,4305412.243558782,8190.066853420925,10
2023-02-09T00:00:00,4370173.6722048875,96.46482780901715,10
2023-02-10T00:00:00,4326802.206669548,15581.993351676036,10
2023-02-13T00:00:00,4298575.638749832,23975.801816695137,10
2023-02-14T00:00:00,4307433.22149445,105.46006180276163,10
2023-02-15T00:00:00,4290154.265092341,13380.64462610858,10
2023-02-16T00:00:00,4289151.749329228,89.77381861174945,10
2023-02-17T00:00:00,4273039.863267915,37.136250494164415,10
2023-02-20T00:00:00,4250307.652974717,45744.755756948376,10
2023-02-21T00:00:00,4212933.215588695,58543.621956849005,10
2023-02-22T00:00:00,4191720.735690553,30082.61071524641,10
2023-02-23T00:00:00,4234392.30861528,17156.531113117817,10
2023-02-24T00:00:00,4183320.6782813016,17205.54835451825,10
2023-02-27T00:00:00,4201607.610325776,17375.236441472603,10
2023-02-28T00:00:00,4172584.4740085197,48653.37100586924,10
2023-03-01T00:00:00,4182128.742462682,12102.072938957717,10
2023-03-02T00:00:00,4260189.9561640415,54470.70638576319,10
2023-03-03T00:00:00,4244917.361563002,46887.43775728054,10
2023-03-06T00:00:00,4275246.209210958,7241.029882039467,10
2023-03-08T00:00:00,4316683.1206967225,25881.493510901113,10
2023-03-09T00:00:00,4328034.8910372155,11261.593227614532,10
2023-03-10T00:00:00,4344930.812379836,33643.279730796814,10
2023-03-13T00:00:00,4342279.136033618,29551.356372440467,10
2023-03-14T00:00:00,4392695.965707571,12348.03396013478,10
2023-03-15T00:00:00,4428555.000976314,5837.159443946322,10
2023-03-16T00:00:00,4427258.377871539,27306.821377166256,10
2023-03-17T00:00:00,4460012.880913138,23081.76306455984,10
2023-03-20T00:00:00,4440724.633472355,12123.40300342266,10
2023-03-21T00:00:00,4421527.194171844,12017.262909645506,10
2023-03-22T00:00:00,4402389.06157748,20871.07178065891,10
2023-03-23T00:00:00,4451371.93064017,5989.160733945668,10
2023-03-24T00:00:00,4459277.692844464,10321.54413880111,10
2023-03-27T00:00:00,4434467.063312152,19774.358371356328,10
2023-03-28T00:00:00,4453033.91660635,51830.81470815657,10
2023-03-29T00:00:00,4444281.333767928,38366.72338776861,10
2023-03-31T00:00:00,4338502.317814182,113324.31772358087,10
2023-04-03T00:00:00,4425281.8537371345,76743.1689875311,10
2023-04-05T00:00:00,4429043.734245774,918.454353132518,10
2023-04-06T00:00:00,4377186.329429744,29864.202208916016,10
2023-04-10T00:00:00,4376493.553944944,19529.06163851492,10
2023-04-11T00:00:00,4342888.446343779,19529.06163851492,10
2023-04-12T00:00:00,4326439.678490154,27728.75793913426,10
2023-04-13T00:00:00,4320624.348075298,30129.156730361923,10
2023-04-17T00:00:00,4320055.657915981,40153.51998443651,10
2023-04-18T00:00:00,4360721.566466909,20618.626554112765,10
2023-04-19T00:00:00,4366865.10069271,29778.399624785583,10
2023-04-20T00:00:00,4342436.134717524,44631.26524978905,10
2023-04-21T00:00:00,4317253.156105154,20328.289329641557,10
2023-04-24T00:00:00,4327823.578331771,32526.46259004157,10
2023-04-25T00:00:00,4449967.949670576,39.0588071574457,10
2023-04-26T00:00:00,4417952.216854881,423.7478473885567,10
2023-04-27T00:00:00,4439186.982229664,24934.579149677127,10
2023-04-28T00:00:00,4431845.828724472,15668.721146194323,10
2023-05-02T00:00:00,4460792.006514706,7824.657297067344,10
2023-05-03T00:00:00,4444715.49480317,4976.047498219297,10
2023-05-04T00:00:00,4453205.2431607675,8.22376566886669,10
2023-05-05T00:00:00,4456305.115581947,420.95814058423275,10
2023-05-08T00:00:00,4467469.917531508,1458.5067847105092,10
2023-05-09T00:00:00,4482897.376567746,1550.2603785177926,10
2023-05-10T00:00:00,4456442.078599377,41987.512323555944,10
2023-05-11T00:00:00,4509099.873894354,33519.67407933372,10
2023-05-12T00:00:00,4517399.7356993565,19434.0362231147,10
2023-05-15T00:00:00,4503724.620242979,29351.76288976916,10
2023-05-16T00:00:00,4537299.299156744,13264.68122347095,10
2023-05-17T00:00:00,4529933.907797903,20880.731436818605,10
2023-05-18T00:00:00,4527880.202049203,27043.413070626324,10
2023-05-19T00:00:00,4528382.180699008,36409.88815178169,10
2023-05-22T00:00:00,4530804.968771182,21280.39363690454,10
2023-05-23T00:00:00,4541620.689432139,155.87494658818468,10
2023-05-24T00:00:00,4539034.113008107,16323.338075245963,10
2023-05-25T00:00:00,4557008.797394963,16315.953948231181,10
2023-05-26T00:00:00,4548428.698483802,9993.106612540258,10
2023-05-29T00:00:00,4593067.208152615,133.24865897832206,10
2023-05-30T00:00:00,4616853.8474925915,2376.9152854841086,10
2023-05-31T00:00:00,4642162.342900705,47513.36623043945,10
2023-06-01T00:00:00,4653358.971678311,51691.661726529186,10
2023-06-02T00:00:00,4635174.506494517,29739.737503047334,10
2023-06-05T00:00:00,4629937.447831206,22696.644005827256,10
2023-06-06T00:00:00,4626755.743698575,69.68160293239634,10
2023-06-07T00:00:00,4645999.225016474,26.721851228445303,10
2023-06-08T00:00:00,4651579.432284108,16.059504261938855,10
2023-06-09T00:00:00,4613732.702567091,13271.196673383936,10
2023-06-12T00:00:00,4615056.894043941,582.4726267048391,10
2023-06-13T00:00:00,4631558.121858718,66.27010548277758,10
2023-06-14T00:00:00,4645449.63670552,66.27010548277758,10
2023-06-15T00:00:00,4605071.732903129,9405.510611183301,10
2023-06-16T00:00:00,4625607.222272365,12502.497102230263,10
2023-06-19T00:00:00,4649907.000160069,12112.508975834411,10
2023-06-20T00:00:00,4649037.1319441935,3319.4646582746645,10
2023-06-21T00:00:00,4672107.9086612305,12484.800121648936,10
2023-06-22T00:00:00,4675791.929705546,18091.864329264383,10
2023-06-23T00:00:00,4649886.534080118,16100.593366235495,10
2023-06-26T00:00:00,4584450.138709876,65040.06393608713,10
2023-06-27T00:00:00,4634607.834104485,46733.50473589398,10
2023-06-28T00:00:00,4612921.465826738,37376.693679808406,10
2023-06-30T00:00:00,4654386.79016503,48031.77936371468,10
2023-07-03T00:00:00,4682054.806751108,43474.12709126482,10
2023-07-04T00:00:00,4722126.484687102,4309.763188612822,10
2023-07-05T00:00:00,4692328.239347399,45544.11252302007,10
2023-07-06T00:00:00,4713157.256766457,39206.19471468392,10
2023-07-07T00:00:00,4733506.128975052,39206.19471468392,10
2023-07-10T00:00:00,4680876.166783371,53960.306012191635,10
2023-07-11T00:00:00,4693679.7749675345,47825.38353763311,10
2023-07-12T00:00:00,4734676.904997254,33055.791437530774,10
2023-07-13T00:00:00,4742409.784284018,44044.24351253372,10
2023-07-14T00:00:00,4725272.56237633,39663.5911029072,10
2023-07-17T00:00:00,4814946.572449238,33074.274323017744,10
2023-07-18T00:00:00,4886669.167615593,115.99464958981844,10
2023-07-19T00:00:00,4863227.775333086,47.264949480304495,10
2023-07-20T00:00:00,4950227.658223019,87.73156534187729,10
2023-07-21T00:00:00,4957596.109844489,29.223850531154312,10
2023-07-24T00:00:00,4919811.8970182575,29237.580955330224,10
2023-07-25T00:00:00,4898998.142733462,18098.971270449867,10
2023-07-26T00:00:00,4953582.649267413,82.99839613609947,10
2023-07-27T00:00:00,4965972.704053866,41813.71920775098,10
2023-07-28T00:00:00,4971108.246641146,41813.71920775098,10
2023-07-31T00:00:00,4991602.163852679,41813.71920775098,10
2023-08-01T00:00:00,5004728.205510641,37527.948266531515,10
2023-08-02T00:00:00,4961313.974007555,38351.80592436448,10
2023-08-03T00:00:00,4898916.764929866,75556.04248723923,10
2023-08-04T00:00:00,4937127.666133256,10281.190787644533,10
2023-08-07T00:00:00,4941531.731598668,2533.16614609299,10
2023-08-08T00:00:00,4942619.353750012,34719.92679002066,10
2023-08-09T00:00:00,4986750.392008112,25139.671575830027,10
2023-08-10T00:00:00,5010186.639400306,2406.8229864267632,10
2023-08-11T00:00:00,4991660.797994968,23308.01607739512,10
2023-08-14T00:00:00,4968063.3093220955,43416.81242725899,10
2023-08-16T00:00:00,4930689.373121162,52921.263746161596,10
2023-08-17T00:00:00,4976315.576503189,22475.99984684796,10
2023-08-18T00:00:00,4951400.147540346,38966.72051550442,10
2023-08-21T00:00:00,4935906.675459312,38079.68117754313,10
2023-08-22T00:00:00,4957244.906192155,16933.121382088575,10
2023-08-23T00:00:00,4992438.744241843,3630.7443362570484,10
2023-08-24T00:00:00,5000046.948573398,12382.194036769331,10
2023-08-25T00:00:00,4977704.018875533,56696.89667075238,10
2023-08-28T00:00:00,4989198.464154743,49014.852367900545,10
2023-08-29T00:00:00,5012518.176968,61085.98313083366,10
2023-08-30T00:00:00,5050339.512291334,61085.98313083366,10
2023-08-31T00:00:00,5046427.764192854,69753.2287571773,10
2023-09-01T00:00:00,5017485.8857003255,80841.3244315192,10
2023-09-04T00:00:00,5107767.074592329,38.517424321500584,10
2023-09-05T00:00:00,5098461.219390832,14856.238823853666,10
2023-09-06T00:00:00,5109028.880874879,30293.575791603886,10
2023-09-07T00:00:00,5103208.996932752,38195.61068607168,10
2023-09-08T00:00:00,5138398.770868415,11735.05323135329,10
2023-09-11T00:00:00,5259078.932165348,164.35427972010802,10
2023-09-12T00:00:00,5323224.869236995,49.23153309948975,10
2023-09-13T00:00:00,5133826.588953804,64586.526709389116,10
2023-09-14T00:00:00,5449683.207932682,40.38070604286622,10
2023-09-15T00:00:00,5403939.872364553,21871.81227544113,10
2023-09-18T00:00:00,5321291.733253576,30484.638614751515,10
2023-09-20T00:00:00,5305431.47514742,29928.505146198557,10
2023-09-21T00:00:00,5289770.990775478,62277.762751949136,10
2023-09-22T00:00:00,5255208.7710596435,73652.26425422344,10
2023-09-25T00:00:00,5344299.303528594,48692.87722473033,10
2023-09-26T00:00:00,5351770.643879319,7575.124046707642,10
2023-09-27T00:00:00,5339612.471842217,67.21705095784273,10
2023-09-28T00:00:00,5412254.323337491,83.07160180306528,10
2023-09-29T00:00:00,5358191.090242249,48747.179813247756,10
2023-10-03T00:00:00,5362427.808604184,46.554604473523796,10
2023-10-04T00:00:00,5368409.213287931,342.9717451146571,10
2023-10-05T00:00:00,5308534.732965441,42546.227422686236,10
2023-10-06T00:00:00,5304150.9301184965,11280.448184902547,10
2023-10-09T00:00:00,5315493.926618542,87.65520283137448,10
2023-10-10T00:00:00,5277329.563821477,25415.94914404751,10
2023-10-11T00:00:00,5314032.12550058,75.8760441748309,10
2023-10-12T00:00:00,5310471.698498627,75.8760441748309,10
2023-10-13T00:00:00,5282137.970863511,45.768192459770944,10
2023-10-16T00:00:00,5325225.8165048305,6360.771567697171,10
2023-10-17T00:00:00,5348020.006698033,24585.38971262949,10
2023-10-18T00:00:00,5363253.304019262,7600.403067794978,10
2023-10-19T00:00:00,5372368.229375962,27928.929357570014,10
2023-10-20T00:00:00,5328636.50805561,18142.644535859232,10
2023-10-23T00:00:00,5263494.564167043,46975.961744247004,10
2023-10-25T00:00:00,5260342.40169073,59829.14087025914,10
2023-10-26T00:00:00,5329998.687085172,49376.2722882611,10
2023-10-27T00:00:00,5414597.062411582,64274.8939316622,10
2023-10-30T00:00:00,5470272.858872699,52497.400895403465,10
2023-10-31T00:00:00,5435618.315961325,68529.90218874149,10
2023-11-01T00:00:00,5425954.334561917,95772.60923537856,10
2023-11-02T00:00:00,5431589.254689504,58020.504086782574,10
2023-11-03T00:00:00,5504409.024194735,65615.06719400256,10
2023-11-06T00:00:00,5529744.66771489,79281.02944737254,10
2023-11-07T00:00:00,5517183.336511101,98064.1212324755,10
2023-11-08T00:00:00,5528988.839647973,97977.1323458791,10
2023-11-09T00:00:00,5542516.518524557,78296.33995285654,10
2023-11-10T00:00:00,5539104.424496135,87790.6428455913,10
2023-11-13T00:00:00,5545044.380563339,102146.99721678114,10
2023-11-15T00:00:00,5575123.913670866,91527.20321401802,10
2023-11-16T00:00:00,5543661.173235981,69242.22348889499,10
2023-11-17T00:00:00,5545565.084453738,111863.48653045972,10
2023-11-20T00:00:00,5520210.74808914,103337.49092132389,10
2023-11-21T00:00:00,5504889.447831556,78717.55122511066,10
2023-11-22T00:00:00,5491516.254732655,93576.1327729692,10
2023-11-23T00:00:00,5487728.766354827,52411.5249455251,10
2023-11-24T00:00:00,5497391.177979173,38846.55132359464,10
2023-11-28T00:00:00,5494284.990215191,50974.80585087149,10
2023-11-29T00:00:00,5529023.95465824,63845.740409582504,10
2023-11-30T00:00:00,5524301.592428312,86951.9266301241,10
2023-12-01T00:00:00,5549995.689092793,90620.55628029234,10
2023-12-04T00:00:00,5521989.422432169,29626.56283776241,10
2023-12-05T00:00:00,5590846.215001414,54.723447153461166,10
2023-12-06T00:00:00,5645384.641396249,11670.663103783154,10
2023-12-07T00:00:00,5671904.598523318,32946.10748785606,10
2023-12-08T00:00:00,5695593.792855529,44678.195525435265,10
2023-12-11T00:00:00,5800349.084209302,914.4095419435762,10
2023-12-12T00:00:00,5766142.404507167,59250.971561915474,10
2023-12-13T00:00:00,5716053.7857818995,47347.60147098603,10
2023-12-14T00:00:00,5765502.493802498,6696.912381599308,10
2023-12-15T00:00:00,5811045.439397286,6696.912381599308,10
2023-12-18T00:00:00,5840938.445247757,40386.8397484899,10
2023-12-19T00:00:00,5879276.594385852,42231.531962145935,10
2023-12-20T00:00:00,5861870.732020475,33845.36635885411,10
2023-12-21T00:00:00,5792011.9589184,46860.62781030696,10
2023-12-22T00:00:00,6061655.054710146,3202.576701875776,10
2023-12-26T00:00:00,5966060.975602854,11143.846772897872,10
2023-12-27T00:00:00,5980210.490775453,48379.06912933488,10
2023-12-28T00:00:00,5979532.250476363,37788.775981428684,10
2023-12-29T00:00:00,6035796.06668889,15026.336292619235,10
2024-01-01T00:00:00,6036888.707302952,10226.169102574117,10
2024-01-02T00:00:00,6058527.187807716,327.7453753130976,10
2024-01-03T00:00:00,6009523.518189205,29347.229614985874,10
2024-01-04T00:00:00,6002144.851399407,20648.61819933483,10
2024-01-05T00:00:00,6060758.651099752,8289.313411306008,10
2024-01-08T00:00:00,6061760.734494236,83.70498755329754,10
2024-01-09T00:00:00,6010627.512190686,43100.98139844963,10
2024-01-10T00:00:00,6046854.909255755,26623.261749040917,10
2024-01-11T00:00:00,6046899.311290851,17731.28667842364,10
2024-01-12T00:00:00,6110177.354171317,114.34277300187387,10
2024-01-15T00:00:00,6114549.5852608755,17570.851702220854,10
2024-01-16T00:00:00,6199539.655341348,16833.285109719727,10
2024-01-17T00:00:00,6143321.867304235,22073.905222325353,10
2024-01-18T00:00:00,6134820.042099146,24637.72933974699,10
2024-01-19T00:00:00,6228665.874151722,20157.637793078902,10
2024-01-23T00:00:00,6241373.3947328,81.14464124734513,10
2024-01-24T00:00:00,6245257.512328216,7536.3909865105525,10
2024-01-25T00:00:00,6728332.508009947,120.0288381940918,10
2024-01-29T00:00:00,6565663.829288188,22.992128077778034,10
2024-01-30T00:00:00,6635259.4232777115,192.06264958321117,10
2024-01-31T00:00:00,6667828.963323925,61826.158546779305,10
2024-02-01T00:00:00,6752659.345489552,36923.2867203264,10
2024-02-02T00:00:00,6763794.672709777,72704.83517010394,10
2024-02-05T00:00:00,6857632.978629324,12421.614119740669,10
2024-02-06T00:00:00,6734736.264818821,109862.317652378,10
2024-02-07T00:00:00,6926692.525428259,51303.5330061554,10
2024-02-08T00:00:00,6856652.303909955,113937.35647648305,10
2024-02-09T00:00:00,6974149.17022716,20330.639526475803,10
2024-02-12T00:00:00,6996419.626574443,31806.566412852495,10
2024-02-13T00:00:00,6920831.932452515,76610.21562512207,10
2024-02-14T00:00:00,7379577.24155288,116.03241210221313,10
2024-02-15T00:00:00,7697624.23008703,218.70639775926247,10
2024-02-16T00:00:00,7622280.211373542,76.14119837165345,10
2024-02-19T00:00:00,7504702.345884855,79846.03232055437,10
2024-02-20T00:00:00,7460025.737828978,53684.80829406576,10
2024-02-21T00:00:00,7510407.003881086,13955.405099499738,10
2024-02-22T00:00:00,7432096.317778522,17870.378996783867,10
2024-02-23T00:00:00,7658607.76409409,6465.2242572068935,10
2024-02-26T00:00:00,7557461.469006216,7285.648785268189,10
2024-02-27T00:00:00,7570124.707064932,27453.534060780774,10
2024-02-28T00:00:00,7570126.30957294,30143.004978899844,10
2024-02-29T00:00:00,7566962.606606021,22658.13750888442,10
2024-03-01T00:00:00,7761369.001963336,2834.9729820215143,10
2024-03-04T00:00:00,7761135.863906596,128.9716058850754,10
2024-03-05T00:00:00,7764737.526033243,80.39201911364216,10
2024-03-06T00:00:00,7767338.823898968,21262.74255436368,10
2024-03-07T00:00:00,7765445.667496861,68971.94995230506,10
2024-03-11T00:00:00,7800567.11825555,174.01506035984494,10
2024-03-12T00:00:00,7650644.835564561,90422.66604513722,10
2024-03-13T00:00:00,7652292.22591718,14.103450138820335,10
2024-03-14T00:00:00,7545361.071186367,154564.93055373756,10
2024-03-15T00:00:00,8244331.081828674,257.00814398238435,10
2024-03-18T00:00:00,7914150.354453944,242.60227956669405,10
2024-03-19T00:00:00,7897858.281299858,113017.73654201534,10
2024-03-20T00:00:00,7793580.976943213,85787.24069116707,10
2024-03-21T00:00:00,7853444.692055757,70194.05872445821,10
2024-03-22T00:00:00,7911253.759057375,210.23183569544926,10
2024-03-26T00:00:00,7904723.179290498,18799.862781250617,10
2024-03-27T00:00:00,7893180.059133298,27032.827031857334,10
2024-03-28T00:00:00,7858738.250207069,122.60738480370492,10
2024-04-01T00:00:00,7880121.122404821,364.57386767095886,10
2024-04-02T00:00:00,8023884.306358371,193.2983867119765,10
2024-04-03T00:00:00,7940371.425261991,24366.40487730736,10
2024-04-04T00:00:00,8128132.360631095,123.82395468873437,10
2024-04-05T00:00:00,8033250.2156248605,33718.43319812091,10
2024-04-08T00:00:00,8086238.258759221,52506.098898705095,10
2024-04-09T00:00:00,8072099.082344039,65019.98438843049,10
2024-04-10T00:00:00,8083433.9470767975,80354.49324045109,10
2024-04-12T00:00:00,8144052.087126538,92455.19125451741,10
2024-04-15T00:00:00,8078575.979434438,149384.51294092624,10
2024-04-16T00:00:00,8050412.820928344,122592.82870088401,10
2024-04-18T00:00:00,8103558.835962311,43.93219567928463,10
2024-04-19T00:00:00,8083732.892158872,16739.897591001005,10
2024-04-22T00:00:00,8261074.548151626,456.0714212793391,10
2024-04-23T00:00:00,8203804.625030455,107.39916223019827,10
2024-04-24T00:00:00,8273894.029571834,16276.031967463903,10
2024-04-25T00:00:00,8418654.660464268,307.1945524032926,10
2024-04-26T00:00:00,8408475.259390501,8318.645622330485,10
2024-04-29T00:00:00,8472614.519633252,122.64836538548116,10
2024-04-30T00:00:00,8485230.371922744,44085.82218045159,10
2024-05-02T00:00:00,8557540.317587705,58547.99558283866,10
2024-05-03T00:00:00,8595748.855532741,94177.676220441,10
2024-05-06T00:00:00,8542341.236120526,89634.24972408684,10
2024-05-07T00:00:00,8556252.309988476,122765.49363216758,10
2024-05-08T00:00:00,8572148.169831334,95743.96783583483,10
2024-05-09T00:00:00,8736263.986577164,39156.4547629389,10
2024-05-10T00:00:00,8524024.804986538,108069.58814388746,10
2024-05-13T00:00:00,8762423.757882947,87687.22353541269,10
2024-05-14T00:00:00,8749728.98143365,124453.06017663213,10
2024-05-15T00:00:00,8985748.975464981,120.11141697701532,10
2024-05-16T00:00:00,8952498.92421573,30847.86075061257,10
2024-05-17T00:00:00,8994436.65817281,331.1696016427595,10
2024-05-21T00:00:00,9150449.393766223,349.27316075447015,10
2024-05-22T00:00:00,9429369.874262176,194.25050576834474,10
2024-05-23T00:00:00,9289567.864127856,9962.187446336728,10
2024-05-24T00:00:00,9418114.727266325,230.1241321694106,10
2024-05-27T00:00:00,9361471.9987952,46517.740883518476,10
2024-05-28T00:00:00,9381090.931619832,41216.118326375145,10
2024-05-29T00:00:00,9315398.990580065,35084.176874620374,10
2024-05-30T00:00:00,9420180.790874997,45418.63007024885,10
2024-05-31T00:00:00,9312642.324551402,78764.79186707619,10
2024-06-03T00:00:00,9611270.700942174,50561.051413670066,10
2024-06-04T00:00:00,9715740.767208625,45318.63491492416,10
2024-06-05T00:00:00,10143346.056153014,749.3127848652657,10
2024-06-06T00:00:00,12075541.69091117,628.4356011112686,10
2024-06-07T00:00:00,11859574.05321469,223.34510388271883,10
2024-06-10T00:00:00,12079968.416783622,122.36876421282068,10
2024-06-11T00:00:00,11922749.408076467,17420.913783256197,10
2024-06-12T00:00:00,12062666.788039288,573.6040602554567,10
2024-06-13T00:00:00,12051438.731167782,4911.95757769607,10
2024-06-14T00:00:00,12019458.274701463,16912.001851428766,10
2024-06-18T00:00:00,12020872.652395211,80518.26507755578,10
2024-06-19T00:00:00,12022173.24660679,80518.26507755578,10
2024-06-20T00:00:00,11998211.325494293,82190.81797170988,10
2024-06-21T00:00:00,12071469.564576901,118601.09404925327,10
2024-06-24T00:00:00,12141642.739962773,30566.60034103901,10
2024-06-25T00:00:00,12119647.3393414,117131.07854580763,10
2024-06-26T00:00:00,12050670.731114795,46.41270201490261,10
2024-06-27T00:00:00,12100648.777222976,25196.06984840287,10
2024-06-28T00:00:00,12053565.4091365,49.7289912358392,10
2024-07-01T00:00:00,12077708.013847856,41142.29107716447,10
2024-07-02T00:00:00,12176428.720090505,22580.327428456396,10
2024-07-03T00:00:00,12022395.841855582,111387.2386451324,10
2024-07-04T00:00:00,12206978.475964846,18744.472028078744,10
2024-07-05T00:00:00,12136590.05192299,113.80010719341226,10
2024-07-08T00:00:00,12216759.560699672,95.91504690004513,10
2024-07-09T00:00:00,12012202.353442965,133928.89091092162,10
2024-07-10T00:00:00,12136792.707512947,87264.02745923586,10
2024-07-11T00:00:00,12281297.860427417,67144.35886339052,10
2024-07-12T00:00:00,12285380.171396986,110.4237258573994,10
2024-07-15T00:00:00,12260072.829318179,67000.98211397021,10
2024-07-16T00:00:00,12377630.18491743,315.02418325375766,10
2024-07-18T00:00:00,12382197.629999671,24440.92192319664,10
2024-07-19T00:00:00,12286069.513064899,70018.18771699746,10
2024-07-22T00:00:00,12070656.089529675,206878.227530163,10
2024-07-23T00:00:00,12321708.075919166,267.4381017840933,10
2024-07-24T00:00:00,12490393.116192766,133.75954145984724,10
2024-07-25T00:00:00,12728689.832386617,182.08850157656707,10
2024-07-26T00:00:00,12687088.922451293,110147.36721447739,10
2024-07-29T00:00:00,12750510.991781497,79297.83229663433,10
2024-07-30T00:00:00,12948639.6935125,180374.6484990709,10
2024-07-31T00:00:00,13018172.950633526,69901.04484891868,10
2024-08-01T00:00:00,13076098.701045632,89369.89143717382,10
2024-08-02T00:00:00,13109480.890309846,81483.77164224372,10
2024-08-05T00:00:00,12999147.803379282,172246.9192545272,10
2024-08-06T00:00:00,12700126.274584576,329920.6925609561,10
2024-08-07T00:00:00,12699254.09583726,71907.27837815252,10
2024-08-08T00:00:00,13010186.0098309,245.81895870738663,10
2024-08-09T00:00:00,12866807.345947618,3125.004227036843,10
2024-08-12T00:00:00,12825499.763597248,11416.768609760096,10
2024-08-13T00:00:00,12715134.951844929,11416.768609760096,10
2024-08-14T00:00:00,12609367.914366007,144158.76280045463,10
2024-08-16T00:00:00,12743496.154508363,81723.67194915959,10
2024-08-19T00:00:00,12899561.69095078,147099.01533737523,10
2024-08-20T00:00:00,13108296.376649331,204049.6212934954,10
2024-08-21T00:00:00,13060629.152412176,209787.82347083022,10
2024-08-22T00:00:00,13025187.599007158,284455.9507146168,10
2024-08-23T00:00:00,12970309.933167843,92773.47109356406,10
2024-08-26T00:00:00,13011743.683525987,40246.96102232463,10
2024-08-27T00:00:00,12969229.882299721,80843.6051085596,10
2024-08-28T00:00:00,13045953.205345144,40382.11090849852,10
2024-08-29T00:00:00,13034115.929219699,38046.08004519902,10
2024-08-30T00:00:00,13036888.254314326,86004.07158651203,10
2024-09-02T00:00:00,13007493.494468514,44523.16619855561,10
2024-09-03T00:00:00,13164151.294605903,149692.70362346712,10
2024-09-04T00:00:00,13215161.348588195,206384.61708947574,10
2024-09-05T00:00:00,13073479.83721849,206384.61708947574,10
2024-09-06T00:00:00,12984700.284411203,90685.05894542881,10
2024-09-09T00:00:00,13017677.356438283,130467.77547323983,10
2024-09-10T00:00:00,13180170.862633787,57481.59843357629,10
2024-09-11T00:00:00,13230337.464260945,105.99682701588608,10
2024-09-12T00:00:00,13257730.432516832,16632.34827305749,10
2024-09-13T00:00:00,13344933.968639018,86730.68572199461,10
2024-09-16T00:00:00,13289168.808012456,118650.96354147815,10
2024-09-17T00:00:00,13208255.986313337,81013.10558366263,10
2024-09-18T00:00:00,13224981.767358074,55637.50234342599,10
2024-09-19T00:00:00,13175732.620011603,65.35888031637296,10
2024-09-20T00:00:00,13023525.249984825,123874.30850228202,10
2024-09-23T00:00:00,13367209.072090574,209.99950451473705,10
2024-09-24T00:00:00,13405517.071138725,252.6180137253832,10
2024-09-25T00:00:00,13453057.335222587,252.6180137253832,10
2024-09-26T00:00:00,13483835.042809412,37927.87847225438,10
2024-09-27T00:00:00,13557826.2341374,148.91136823338456,10
2024-09-30T00:00:00,13560241.568251753,34682.2826682576,10
2024-10-01T00:00:00,13464301.358314423,59905.32309713727,10
2024-10-03T00:00:00,13294096.776133709,168424.74842374725,10
2024-10-04T00:00:00,13075760.712799212,316291.0316010914,10
2024-10-07T00:00:00,13238962.486288236,85752.65016763168,10
2024-10-08T00:00:00,13300495.006472226,146152.38698064862,10
2024-10-09T00:00:00,13954726.227664284,152294.2966034941,10
2024-10-10T00:00:00,13766546.95498084,58.78602789877914,10
2024-10-11T00:00:00,13663737.264825983,80700.952230616,10
2024-10-14T00:00:00,13803094.55748578,64039.29568119976,10
2024-10-15T00:00:00,13900129.389444018,593.4315144070424,10
2024-10-16T00:00:00,13845851.623610072,43537.02772956388,10
2024-10-17T00:00:00,13757213.235308297,68819.23054755409,10
2024-10-18T00:00:00,13568560.326795025,212408.01825277344,10
2024-10-21T00:00:00,13587933.46879008,116487.16864397656,10
2024-10-22T00:00:00,13617096.868120404,15516.936830730643,10
2024-10-23T00:00:00,13312178.138966598,230877.16415122896,10
2024-10-24T00:00:00,13453348.271372754,237785.10794921615,10
2024-10-25T00:00:00,13473323.383531408,33354.56804068643,10
2024-10-28T00:00:00,13513603.1264172,17527.357015648624,10
2024-10-29T00:00:00,13870164.157184936,527.2264293201733,10
2024-10-30T00:00:00,13735930.426419638,89870.26484432118,10
2024-10-31T00:00:00,13566596.916270208,75570.46657843608,10
2024-11-01T00:00:00,13756879.066176774,168.73722779960372,10
2024-11-04T00:00:00,13522298.29142806,7896.566048115026,10
2024-11-05T00:00:00,13432539.721423538,26983.81059887423,10
2024-11-06T00:00:00,13470699.432627037,113.28265221323818,10
2024-11-07T00:00:00,13342675.824597163,123177.44759063213,10
2024-11-08T00:00:00,13456003.807353465,101.92719980841503,10
2024-11-11T00:00:00,13480940.580931572,294.75987902167253,10
2024-11-12T00:00:00,13515426.491511194,114627.32122310787,10
2024-11-13T00:00:00,13428330.163806694,130681.58800102887,10
2024-11-14T00:00:00,13607276.246107781,157.13527556625195,10
2024-11-18T00:00:00,13601841.67955561,132.8869988466613,10
2024-11-19T00:00:00,13643454.086560678,62475.77842469048,10
2024-11-21T00:00:00,13797514.527182853,3159.3007386086974,10
2024-11-22T00:00:00,13841810.451200996,6546.4321512831375,10
2024-11-25T00:00:00,13738913.306972934,30434.33221097174,10
2024-11-26T00:00:00,13644462.204565477,182448.01857991237,10
2024-11-27T00:00:00,13487755.773075989,83872.12837689347,10
2024-11-28T00:00:00,13351664.674811719,63718.78572785901,10
2024-11-29T00:00:00,13524187.386193532,84776.32309844135,10
2024-12-02T00:00:00,13556760.003704453,125707.7432064088,10
2024-12-03T00:00:00,13662133.800755246,112533.92459557857,10
2024-12-04T00:00:00,13702823.900200838,130926.1691598862,10
2024-12-05T00:00:00,13726348.25054942,187168.64559565717,10
2024-12-06T00:00:00,13760168.134267893,59231.32281160285,10
2024-12-09T00:00:00,13775163.843337681,35232.54792219587,10
2024-12-10T00:00:00,13718666.069883967,39713.54559808946,10
2024-12-11T00:00:00,13657365.429383751,77724.80986777158,10
2024-12-12T00:00:00,13641135.728937855,97667.24686693237,10
2024-12-13T00:00:00,13714114.793533055,64213.622237889096,10
2024-12-16T00:00:00,13721865.138048368,86363.66980953724,10
2024-12-17T00:00:00,13611461.655335715,66.20231371256523,10
2024-12-18T00:00:00,13559428.494109323,37050.75386350509,10
2024-12-19T00:00:00,13379919.846048469,224112.11564647523,10
2024-12-20T00:00:00,13530382.041877877,129803.40210355422,10
2024-12-23T00:00:00,13330541.062657066,122929.23121137079,10
2024-12-24T00:00:00,13393006.864729494,113145.13439807273,10
2024-12-26T00:00:00,13357056.92795842,52180.336802414386,10
2024-12-27T00:00:00,13415467.56354802,52180.336802414386,10
2024-12-30T00:00:00,13365263.564451698,18105.74944162718,10
2024-12-31T00:00:00,13297099.140383251,88.7714104722254,10
2025-01-01T00:00:00,13277181.428422205,106662.8514586289,10
2025-01-02T00:00:00,13308974.782732375,34154.089098341996,10
2025-01-03T00:00:00,13323009.810533889,34154.089098341996,10
2025-01-06T00:00:00,13327904.690598428,197.1731271154713,10
2025-01-07T00:00:00,13564270.009003732,145.4162379251793,10
2025-01-08T00:00:00,13383649.685727328,140458.8373539152,10
2025-01-09T00:00:00,13544677.600512415,56060.26878634025,10
2025-01-10T00:00:00,13400553.989951676,4392.485206192825,10
2025-01-13T00:00:00,13441384.368957631,147.74563609762117,10
2025-01-14T00:00:00,13295154.341604054,59572.943642902654,10
2025-01-15T00:00:00,13325247.466914022,100386.22958644619,10
2025-01-16T00:00:00,13851062.987246409,14991.258860484697,10
2025-01-17T00:00:00,13845196.17501725,57395.662276161136,10
2025-01-20T00:00:00,13558399.473660737,260602.9769184878,10
2025-01-21T00:00:00,13633397.851067524,63750.671596388565,10
2025-01-22T00:00:00,13712265.839473052,148.43689553183503,10
2025-01-23T00:00:00,13758215.566649336,10265.68908186676,10
2025-01-24T00:00:00,13780654.122773454,76472.30900697433,10
2025-01-27T00:00:00,13968203.568861496,4297.573637497146,10
2025-01-28T00:00:00,14002243.827008322,35556.871453360654,10
2025-01-29T00:00:00,14207437.400088836,76.41335253883153,10
2025-01-30T00:00:00,14211495.684065992,194289.96807020274,10
2025-01-31T00:00:00,14300026.919964412,206647.10607586172,10
2025-02-01T00:00:00,13967730.44433251,284382.6264347143,10
2025-02-03T00:00:00,14431268.377086354,438.8247639669571,10
2025-02-04T00:00:00,14516850.892764159,135.61280352668837,10
2025-02-05T00:00:00,14336074.584140157,142728.33567747963,10
2025-02-06T00:00:00,14199590.427929936,167896.02993112663,10
2025-02-07T00:00:00,14228629.512307672,50333.56594231515,10
2025-02-10T00:00:00,14165502.619180456,21255.966588750714,10
2025-02-11T00:00:00,14372603.92627661,15360.327052519657,10
2025-02-12T00:00:00,14370172.870984823,9954.939351826906,10
2025-02-13T00:00:00,14274932.67946796,61947.44520740071,10
2025-02-14T00:00:00,14472988.631208315,311.32633819803596,10
2025-02-17T00:00:00,14712859.606664553,311.32633819803596,10
2025-02-18T00:00:00,14746889.321597682,42180.09835255053,10
2025-02-19T00:00:00,14760229.09719268,100436.82955400785,10
2025-02-20T00:00:00,14523945.422586357,100436.82955400785,10
2025-02-21T00:00:00,14375211.302350637,323661.3700767718,10
2025-02-24T00:00:00,14464759.887985278,172767.83018498425,10
2025-02-25T00:00:00,14449912.096569914,182.39806069759652,10
2025-02-27T00:00:00,14540648.360571228,73.09566339058802,10
2025-02-28T00:00:00,14548411.446684886,86907.33211426903,10
2025-03-03T00:00:00,14687458.318716986,94153.4667348687,10
2025-03-04T00:00:00,14643558.86530748,59347.85876908852,10
2025-03-05T00:00:00,14699952.274372306,103889.55480214627,10
2025-03-06T00:00:00,14673569.563596334,254220.47937544808,10
2025-03-07T00:00:00,14840040.47519249,138752.29110282892,10
2025-03-10T00:00:00,14905062.778227903,172093.68957433943,10
2025-03-11T00:00:00,15032923.356454197,114016.7845776712,10
2025-03-12T00:00:00,15047800.224219006,131583.3524462385,10
2025-03-13T00:00:00,15111963.267905599,93808.34974611434,10
2025-03-17T00:00:00,15130092.189641489,41574.78297187155,10
2025-03-18T00:00:00,15113544.178068075,5442.212079916382,10
2025-03-19T00:00:00,15182976.043804476,59441.15609390405,10
2025-03-20T00:00:00,14843523.945454564,351464.0389451636,10
2025-03-21T00:00:00,14921920.365231689,70.36996954330243,10
2025-03-24T00:00:00,14899148.684573915,224.26353814802133,10
2025-03-25T00:00:00,14846266.643118713,15932.583277504425,10
2025-03-26T00:00:00,14935663.702999458,105.69736700528301,10
2025-03-27T00:00:00,15013430.37737899,148094.25696801883,10
2025-03-28T00:00:00,14882069.371162089,105713.80393371964,10
2025-04-01T00:00:00,14889988.131010786,102478.7922007665,10
2025-04-02T00:00:00,14801663.46789549,129053.29779813858,10
2025-04-03T00:00:00,14764594.48277067,35568.62753843074,10
2025-04-04T00:00:00,14713679.41432246,50241.19181879773,10
2025-04-07T00:00:00,14766225.060509246,17607.234962980496,10
2025-04-08T00:00:00,14884334.099573849,8809962.872235468,4
2025-04-09T00:00:00,14763835.905852167,32.08701213938184,10
2025-04-11T00:00:00,14879464.198074281,57240.497123658424,10
2025-04-15T00:00:00,14808383.038379574,13346.702918978408,10
2025-04-16T00:00:00,14641941.40395623,130740.16568649141,10
2025-04-17T00:00:00,14468992.37664514,281878.647362828,10
2025-04-21T00:00:00,14449468.125141643,180052.01257946272,10
2025-04-22T00:00:00,14245157.459751429,190756.1906684062,10
2025-04-23T00:00:00,14287678.51008285,129045.22375930287,10
2025-04-24T00:00:00,14115775.982887099,163227.20151502755,10
2025-04-25T00:00:00,14116374.295519056,156800.50107020326,10
2025-04-28T00:00:00,14234026.99589764,61300.662432062905,10
2025-04-29T00:00:00,14148671.773176823,73795.05043665017,10
2025-04-30T00:00:00,14148984.290990656,42235.41285497579,10
2025-05-02T00:00:00,14087866.78606114,38353.386006207904,10
2025-05-05T00:00:00,14078342.958455235,137690.90481486917,10
2025-05-06T00:00:00,13980573.295793016,35.831338363699615,10
2025-05-07T00:00:00,13847673.252433615,189957.2011946009,10
2025-05-08T00:00:00,13854189.063885773,44464.012192809256,10
2025-05-09T00:00:00,13788500.064823007,204892.42662415444,10
2025-05-12T00:00:00,13995583.07040256,269.76945346337743,10
2025-05-13T00:00:00,13777979.837605108,159319.69069348625,10
2025-05-14T00:00:00,13743803.41480839,48755.294843425974,10
2025-05-15T00:00:00,13907141.670506172,355.0530188528355,10
2025-05-16T00:00:00,13897423.065800698,527.6652422263287,10
2025-05-19T00:00:00,13939273.301822139,67309.31631417433,10
2025-05-20T00:00:00,13858497.893943286,143470.13306758297,10
2025-05-21T00:00:00,13862267.184651336,142055.51245590067,10
2025-05-22T00:00:00,13991553.133311182,37018.99768343591,10
2025-05-23T00:00:00,13957403.800338171,43865.01269092364,10
2025-05-26T00:00:00,13906867.522707615,135855.85924783768,10
2025-05-27T00:00:00,13825161.751104105,82324.13681577425,10
2025-05-28T00:00:00,13833110.059783686,82324.13681577425,10
2025-05-29T00:00:00,13793154.90475108,47536.23996378691,10
2025-05-30T00:00:00,13787186.98865635,290.1543439102825,10
2025-06-02T00:00:00,13714261.008836098,290.1543439102825,10
2025-06-03T00:00:00,13693823.948232003,290.1543439102825,10
2025-06-04T00:00:00,13819084.197872546,409.793827441521,10
2025-06-05T00:00:00,13793031.523697473,96062.98021755344,10
2025-06-06T00:00:00,13775092.903445415,254.17600553575903,10
2025-06-09T00:00:00,13769955.36683372,89584.5132036535,10
2025-06-10T00:00:00,13830398.327877183,367.1299325414002,10
2025-06-11T00:00:00,13710137.601665244,35151.79680989706,10
2025-06-12T00:00:00,13692186.342853293,35151.79680989706,10
2025-06-13T00:00:00,13509240.647394089,199331.1367243803,10
2025-06-16T00:00:00,13497287.846250538,95348.9923458132,10
2025-06-17T00:00:00,13460100.277613088,251.90651933848858,10
2025-06-18T00:00:00,13445859.254572714,85306.1053188711,10
2025-06-19T00:00:00,13414188.321774151,74994.60619798163,10
2025-06-20T00:00:00,13461833.577283148,57518.70237470232,10
2025-06-23T00:00:00,13391616.15446577,54584.85954389651,10
2025-06-24T00:00:00,13448401.336055519,24864.14427543129,10
2025-06-25T00:00:00,13468928.347428393,26141.72965342924,10
2025-06-26T00:00:00,13564361.251089549,351.4838623756077,10
2025-06-27T00:00:00,13563821.776845412,25121.667455153773,10
2025-06-30T00:00:00,13640898.24335237,25121.667455153773,10
2025-07-01T00:00:00,13688325.859692989,332.2589544632938,10
2025-07-02T00:00:00,13797537.582962725,3219.540810319595,10
2025-07-03T00:00:00,13734251.163826726,45992.10535504646,10
2025-07-04T00:00:00,13701722.879221423,31286.94056175463,10
2025-07-07T00:00:00,13709227.426946132,9555.84474321967,10
2025-07-08T00:00:00,13669591.105569331,9555.84474321967,10
2025-07-09T00:00:00,13748495.662873713,9555.84474321967,10
2025-07-10T00:00:00,13763584.597126406,14399.95946542453,10
2025-07-11T00:00:00,13721250.101499956,14399.95946542453,10
2025-07-14T00:00:00,13666347.740575068,45138.58587765042,10
2025-07-15T00:00:00,13727928.994706063,56043.77528658346,10
2025-07-16T00:00:00,13733085.238712445,7224.49387754593,10
2025-07-17T00:00:00,13723455.153271548,362.32974135060795,10
2025-07-18T00:00:00,13645331.884575782,60957.807305274764,10
2025-07-21T00:00:00,13616231.51328761,56096.75170809543,10
2025-07-22T00:00:00,13622426.92361622,4363.344312477391,10
2025-07-23T00:00:00,13600409.888418783,135.31893979385495,10
2025-07-24T00:00:00,13533896.729861759,102093.04716637009,10
2025-07-25T00:00:00,13500962.054278897,91284.19455866725,10
2025-07-28T00:00:00,13431949.557770258,1752.4532094064634,10
2025-07-29T00:00:00,13460704.00337818,37512.26151874545,10
2025-07-30T00:00:00,13359661.393421993,77286.22081457055,10
2025-07-31T00:00:00,13363528.069703743,43244.13620917429,10
2025-08-01T00:00:00,13325105.107148811,43244.13620917429,10
2025-08-04T00:00:00,13224803.868595231,117.06715022423305,10
2025-08-05T00:00:00,13385981.126319714,55.93788129882887,10
2025-08-06T00:00:00,13306343.64147198,32503.75938152289,10
2025-08-07T00:00:00,13349378.93470013,32503.75938152289,10
2025-08-08T00:00:00,13380900.561950801,32503.75938152289,10
2025-08-11T00:00:00,13346990.155003905,61788.47130059521,10
2025-08-12T00:00:00,13398599.800653618,10445.788558279164,10
2025-08-13T00:00:00,13408518.183587462,67463.52528240625,10
2025-08-14T00:00:00,13466308.017814444,1006.7670907177962,10
2025-08-18T00:00:00,13521651.54722389,35202.89899344905,10
2025-08-19T00:00:00,13423569.006952332,79090.00241772318,10
2025-08-20T00:00:00,13419610.356207058,73805.40391282015,10
2025-08-21T00:00:00,13378181.951664684,101764.91671549389,10
2025-08-22T00:00:00,13349644.116237953,46246.259149022866,10
2025-08-25T00:00:00,13405408.890898064,46246.259149022866,10
2025-08-26T00:00:00,13343577.264429405,46246.259149022866,10
2025-08-28T00:00:00,13242276.235337073,86973.48064224655,10
2025-08-29T00:00:00,13197695.114170935,64651.93997278367,10
2025-09-01T00:00:00,13200365.101724878,89726.86686731852,10
2025-09-02T00:00:00,13269212.896478584,33600.20724227838,10
2025-09-03T00:00:00,13318495.752093377,65483.9909271393,10
2025-09-04T00:00:00,13448827.076314472,79.4916037588846,10
2025-09-05T00:00:00,13382609.674453653,165.87674993555993,10
2025-09-08T00:00:00,13462805.864645831,198.49643887975253,10
2025-09-09T00:00:00,13522368.980238164,61477.47343563172,10
2025-09-10T00:00:00,13496400.937463615,64414.36622130894,10
2025-09-11T00:00:00,13467423.60316007,32730.826597405365,10
2025-09-12T00:00:00,13589973.33886995,5925.933893130859,10
2025-09-15T00:00:00,13607987.290605268,78550.72003625496,10
2025-09-16T00:00:00,13566506.15851756,78550.72003625496,10
2025-09-17T00:00:00,13559271.729303068,22654.032125181286,10
2025-09-18T00:00:00,13591366.395908458,292.85623560566455,10
2025-09-19T00:00:00,13532492.84719623,74.74510730290785,10
2025-09-22T00:00:00,13577587.4648949,74.74510730290785,10
2025-09-23T00:00:00,13636649.909611486,92452.46274640434,10
2025-09-24T00:00:00,13624463.521577284,125437.95107786357,10
2025-09-25T00:00:00,13557484.625478275,90534.67580176145,10
2025-09-26T00:00:00,13489141.112194361,126103.6083338873,10
2025-09-29T00:00:00,13360194.343147116,148144.6518171602,10
2025-09-30T00:00:00,13380605.565762503,86078.04469011514,10
2025-10-01T00:00:00,13605994.388311844,205.1526169583667,10
2025-10-03T00:00:00,13564064.133354256,18407.47358710412,10
2025-10-06T00:00:00,13656313.28396189,21277.25383150368,10
2025-10-07T00:00:00,13782650.123025944,112165.84570889734,10
2025-10-08T00:00:00,13749472.033853626,98806.30875406251,10
2025-10-09T00:00:00,13717822.673408719,48632.39299413841,10
2025-10-10T00:00:00,13843384.357553627,7702.86218848452,10
2025-10-13T00:00:00,13857150.761628835,6739.3088643231895,10
2025-10-14T00:00:00,13857074.09369279,45.38090516021475,10
2025-10-15T00:00:00,13672809.708945505,114710.68270038744,10
2025-10-16T00:00:00,13921774.079408664,62494.91774179507,10
2025-10-17T00:00:00,13777520.355102228,60123.50923125679,10
2025-10-20T00:00:00,13718128.706746908,55467.41729530902,10
2025-10-21T00:00:00,13785200.612320334,45046.0037616787,10
2025-10-23T00:00:00,13752756.572771579,35265.92769101309,10
2025-10-24T00:00:00,13670082.798382655,12363.422512903577,10
2025-10-27T00:00:00,13713042.305108167,56.726382351480424,10
2025-10-28T00:00:00,13775451.417862786,32409.13933457178,10
2025-10-29T00:00:00,13805164.543038262,32409.13933457178,10
2025-10-30T00:00:00,13829448.166022964,67454.35186738521,10
2025-10-31T00:00:00,13743248.377795512,109629.97058611573,10
2025-11-03T00:00:00,13859423.539246775,164115.51872370462,10
2025-11-04T00:00:00,13966277.348063685,164115.51872370462,10
2025-11-06T00:00:00,13918240.503292203,249572.90854084492,10
2025-11-07T00:00:00,13883075.064110035,207092.24445938575,10
2025-11-10T00:00:00,14115602.79085068,117660.52443985362,10
2025-11-11T00:00:00,14093978.840308003,65.72833900991827,10
2025-11-12T00:00:00,14071049.113717396,51500.88116582134,10
2025-11-13T00:00:00,14012482.365670156,37202.42848296184,10
2025-11-14T00:00:00,14060276.053992903,53120.701728498796,10
2025-11-17T00:00:00,14168906.163963744,55.52369732549414,10
2025-11-18T00:00:00,14213597.264974011,122.5701803106349,10
2025-11-19T00:00:00,14187052.1110504,70023.45562437573,10
2025-11-20T00:00:00,14238631.931340335,19390.64623749,10
2025-11-21T00:00:00,14129137.131351518,25614.085605667904,10
2025-11-24T00:00:00,14109692.378727006,25614.085605667904,10
2025-11-25T00:00:00,14060436.114562564,106408.40687137167,10
2025-11-26T00:00:00,14174358.066426959,29259.131852831226,10
2025-11-27T00:00:00,14129408.081960144,66605.0252986867,10
2025-11-28T00:00:00,14147205.92275566,66605.0252986867,10
2025-12-01T00:00:00,14189457.035651626,66605.0252986867,10
2025-12-02T00:00:00,14153685.312767942,8216.756251443177,10
2025-12-03T00:00:00,14252248.393882135,39556.469022283796,10
2025-12-04T00:00:00,14232771.415335618,200.8622904943768,10
2025-12-05T00:00:00,14203221.275807358,23840.706368572544,10
2025-12-08T00:00:00,14278221.083431263,14843.554561783094,10
2025-12-09T00:00:00,14110335.228122657,20371.95413217554,10
2025-12-10T00:00:00,14232319.146362226,52.81220443244092,10
2025-12-11T00:00:00,14162288.297267593,177.03276426368393,10
2025-12-12T00:00:00,14124920.05250693,104.03221670282073,10
2025-12-15T00:00:00,14211712.624091145,446.8122207184788,10
2025-12-16T00:00:00,14152316.56246993,56708.5811163194,10
2025-12-17T00:00:00,14075870.949792609,20262.317325487966,10
2025-12-18T00:00:00,14125127.031882651,113.98437646729872,10
2025-12-19T00:00:00,14184675.868148778,77585.29080403154,10
2025-12-22T00:00:00,14183780.841556523,77585.29080403154,10
2025-12-23T00:00:00,14148734.294748705,87868.71461922978,10
2025-12-24T00:00:00,14162623.317869367,41377.764313073596,10
2025-12-26T00:00:00,14143495.261593949,75811.99179009697,10
2025-12-29T00:00:00,13932524.317305436,184126.8176202972,10
2025-12-30T00:00:00,14136247.418543944,146529.9450276289,10
2025-12-31T00:00:00,14380162.330630431,146529.9450276289,10
2026-01-01T00:00:00,14470747.637354048,435.1077044615522,10
2026-01-02T00:00:00,14398644.364334127,89688.31827547168,10
2026-01-05T00:00:00,14274653.443507226,169204.53142836783,10
2026-01-06T00:00:00,14273142.864989009,56318.63705321844,10
2026-01-07T00:00:00,14261974.79988691,1121.1665022063535,10
2026-01-08T00:00:00,14358393.171997722,170.03656071121804,10
2026-01-09T00:00:00,14453958.423904812,650.5452427032869,10
2026-01-12T00:00:00,14729638.321392829,162627.54659729614,10
2026-01-13T00:00:00,14853582.759620905,160.55618691421114,10
2026-01-14T00:00:00,14785123.897119023,51447.032208897406,10
2026-01-15T00:00:00,14873937.13674971,16.19654508982785,10
2026-01-16T00:00:00,14856749.59965896,177.73706054175273,10
2026-01-19T00:00:00,14964974.255725855,177.73706054175273,10
2026-01-20T00:00:00,14984921.718908846,165.57105516223237,10
2026-01-21T00:00:00,14848461.094507365,31974.899690941907,10
2026-01-22T00:00:00,15150098.69461504,57881.17222293536,10
2026-01-23T00:00:00,15202781.17088454,993.677303341683,10
2026-01-27T00:00:00,15195944.10644698,46137.95129427803,10
2026-01-28T00:00:00,15289487.47526659,53701.45705770794,10
2026-01-29T00:00:00,15207767.150373027,71941.9011529868,10
2026-01-30T00:00:00,15340419.423149645,59362.18038788857,10
2026-02-02T00:00:00,15427504.889272962,62298.10396970273,10
2026-02-03T00:00:00,15862311.266540267,230786.38244087948,10
2026-02-04T00:00:00,16051587.389279932,60410.84710463812,10
2026-02-05T00:00:00,15743476.715596596,166397.2056326063,10
2026-02-06T00:00:00,16024562.271130092,53185.84237909969,10
2026-02-09T00:00:00,15994700.377178505,96009.36946518766,10
2026-02-10T00:00:00,15830397.148696443,59385.18856765842,10
2026-02-11T00:00:00,15825362.075871723,34677.010472552385,10
2026-02-12T00:00:00,16088563.055080676,39253.725837970385,10
2026-02-13T00:00:00,16139843.52190044,39253.725837970385,10
2026-02-16T00:00:00,16001893.019222284,189925.25547232316,10
2026-02-17T00:00:00,16203944.107392162,246.00699136801995,10
2026-02-18T00:00:00,16164747.62544965,23523.599716433557,10
2026-02-19T00:00:00,16259751.093493108,54075.02109088423,10
2026-02-20T00:00:00,16024565.956140429,59893.06778209098,10
2026-02-23T00:00:00,16293335.04381732,114918.08232287527,10
2026-02-24T00:00:00,16353786.16876196,136962.56178258942,10
2026-02-25T00:00:00,16477733.124077648,151565.5230492053,10
2026-02-26T00:00:00,16621822.89249389,68533.70199935324,10
2026-02-27T00:00:00,16589320.670793757,44448.152998194564,10
2026-03-02T00:00:00,16534486.407502439,85760.06810882245,10
2026-03-04T00:00:00,16550198.776166046,102355.92169293156,10
2026-03-05T00:00:00,16288685.52480905,137550.20866219793,10
2026-03-06T00:00:00,16565243.675995357,74.63740231678821,10
2026-03-09T00:00:00,16593260.064239057,65275.24457124085,10
2026-03-10T00:00:00,16523209.61048491,178910.0973318324,10
2026-03-11T00:00:00,16631873.973048087,59890.251578207826,10
2026-03-12T00:00:00,16601260.579975571,27834.137871231185,10
2026-03-13T00:00:00,16687179.415193204,67067.32337725465,10
2026-03-16T00:00:00,16453277.139492875,157519.65844047605,10
2026-03-17T00:00:00,16727068.080920171,424.39546866412275,10
2026-03-18T00:00:00,16600041.320110537,78893.42826101999,10
2026-03-19T00:00:00,16777156.542133547,78893.42826101999,10
2026-03-20T00:00:00,16930522.072870556,231774.19828635873,10
2026-03-23T00:00:00,17247336.85961036,309555.17866973253,10
2026-03-24T00:00:00,17304553.46399828,55874.32285724487,10
2026-03-25T00:00:00,17066054.728391547,234746.9424388823,10
2026-03-27T00:00:00,17255326.146206994,41672.47529033921,10
2026-03-30T00:00:00,17449669.393544767,29591.119402405806,10
2026-04-01T00:00:00,17551396.15316958,22863.93195232679,10
2026-04-02T00:00:00,17565708.717496764,162439.07898214646,10
2026-04-06T00:00:00,17658756.922171067,228484.4642817194,10
2026-04-07T00:00:00,17869159.220399294,279034.045869475,10
2026-04-08T00:00:00,17670980.6693465,233845.65928822383,10
2026-04-09T00:00:00,17519688.961806558,175770.65441817627,10
2026-04-10T00:00:00,17580673.756013468,81147.95546933822,10
2026-04-13T00:00:00,17511641.73308324,120347.87295179791,10
2026-04-15T00:00:00,17483427.47059497,2542.9854130870663,10
2026-04-16T00:00:00,17502746.617191676,32986.665277729975,10
2026-04-17T00:00:00,17368917.935428962,135493.88977264753,10
2026-04-20T00:00:00,17447608.02419277,26081.21542152576,10
2026-04-21T00:00:00,17294458.757946532,156883.00209276588,10
2026-04-22T00:00:00,17406045.172764126,37459.60236568563,10
2026-04-23T00:00:00,17633515.77725341,7961.349158436991,10
2026-04-24T00:00:00,17700230.56384011,41260.17904957873,10
2026-04-27T00:00:00,17672304.276096538,88394.4780674798,10
2026-04-28T00:00:00,17610160.72496398,90406.4203583845,10
2026-04-29T00:00:00,17717306.064948224,46287.044318338856,10
2026-04-30T00:00:00,17707285.799510017,25010.826350226067,10
2026-05-01T00:00:00,17699312.200129542,268.14947036118247,10
2026-05-04T00:00:00,17621639.193366352,818.9359048050828,10
2026-05-05T00:00:00,17743015.69424107,128.94669773383066,10
2026-05-06T00:00:00,17707945.45336277,23124.397126503754,10
2026-05-07T00:00:00,17625468.175787523,137776.20055253734,10
2026-05-08T00:00:00,17774399.92926829,176450.96721689892,10
2026-05-11T00:00:00,17667777.21137331,146859.87246797653,10
2026-05-12T00:00:00,17930497.283224076,79774.95614430308,10
2026-05-13T00:00:00,17835774.837462775,78881.68784795818,10
2026-05-14T00:00:00,18158228.429574862,418.8568490804173,10
2026-05-15T00:00:00,18084129.916698307,99104.46649297304,10
2026-05-18T00:00:00,17914411.958221283,58811.31105434499,10
2026-05-19T00:00:00,17992474.277359918,87563.81818126189,10
2026-05-20T00:00:00,17917600.043577936,366.9844999862835,10
2026-05-21T00:00:00,17938383.880990975,123987.64074542257,10
2026-05-22T00:00:00,17879806.845875192,79304.86772986245,10
2026-05-25T00:00:00,17631310.877274852,102106.16882861825,10
2026-05-26T00:00:00,17675619.979066715,3660.2145596898627,10
2026-05-27T00:00:00,17725016.061119057,259.2336466386914,10
2026-05-28T00:00:00,17655039.497956574,158455.8283286977,10
2026-05-29T00:00:00,17725107.914315887,22691.62106130342,10
2026-06-01T00:00:00,17646702.374738403,22691.62106130342,10
2026-06-02T00:00:00,17757265.84498038,20080.506506375037,10
2026-06-03T00:00:00,17927834.309357055,16589.62247911957,10
2026-06-04T00:00:00,17908547.24710311,91277.16535060084,10
2026-06-05T00:00:00,17917513.81598522,20935.820841598324,10
2026-06-08T00:00:00,18020366.894462407,900.5258863577619,10
2026-06-09T00:00:00,17974848.425293215,143172.77848840645,10
2026-06-10T00:00:00,17973208.341085024,58378.14165264997,10
2026-06-11T00:00:00,17818837.088164233,141844.757155322,10
2026-06-12T00:00:00,17805151.972394124,70509.87435626215,10
2026-06-15T00:00:00,17661714.368727557,206251.16223036568,10
2026-06-16T00:00:00,17660793.924045537,91754.74089429015,10
2026-06-17T00:00:00,17743802.09474133,212374.77146862587,10
2026-06-18T00:00:00,17850803.064017754,81961.86272380804,10
2026-06-19T00:00:00,18187999.008035235,245808.8221374096,10
2026-06-22T00:00:00,18111985.266733903,345665.15068523097,10
2026-06-23T00:00:00,18049523.7772968,345665.15068523097,10
2026-06-24T00:00:00,18104888.139815126,238350.99117544573,10
2026-06-25T00:00:00,18244620.888410725,175150.61671272828,10
2026-06-26T00:00:00,18099059.455850866,175919.37641360937,10
2026-06-29T00:00:00,18111507.655590504,132163.78130766214,10
2026-06-30T00:00:00,18187936.42869231,132163.78130766214,10
2026-07-01T00:00:00,18236207.511750493,140647.8640759315,10
2026-07-02T00:00:00,18118723.840339363,196032.57912415266,10
2026-07-03T00:00:00,18158339.65961248,130206.5149057561,10
2026-07-06T00:00:00,17988266.912847396,123257.746541854,10
2026-07-07T00:00:00,18120440.51305826,68209.44146402157,10
2026-07-08T00:00:00,18132171.96874339,45352.117112225154,10
2026-07-09T00:00:00,18111617.553314548,236286.4266208238,10
2026-07-10T00:00:00,18236546.248925697,3779531.2889037235,8
2026-07-13T00:00:00,18316764.694623433,1941163.6195501916,9
2026-07-14T00:00:00,18284042.724252075,9299617.43500647,5
2026-07-15T00:00:00,18300527.373065084,7548518.787478538,6
2026-07-16T00:00:00,18365307.790754486,9363923.585004974,5
2026-07-17T00:00:00,18369382.71055623,9409970.260162553,5
2026-07-20T00:00:00,18429831.429252643,9427237.901664753,5
2026-07-21T00:00:00,18434833.90245821,9427237.901664753,5
2026-07-22T00:00:00,18517548.037150793,11293315.930278234,4
2026-07-23T00:00:00,18493828.960899148,9441265.710593972,5
2026-07-24T00:00:00,18453240.6682547,9483789.678294983,5
2026-07-27T00:00:00,18432021.47746725,11175701.429096889,4
2026-07-28T00:00:00,18454092.14308478,14727248.455706852,2
2026-07-29T00:00:00,18360375.802999057,14788061.456349887,2
2026-07-30T00:00:00,18339323.466050647,16510681.332170034,1
2026-07-31T00:00:00,18313382.471281152,14676233.03494082,2
2026-08-03T00:00:00,18341518.72131562,18341518.72131562,0
2026-08-04T00:00:00,18318292.90674777,16504437.90674777,1
2026-08-05T00:00:00,18351731.975351285,16504437.90674777,1
2026-08-06T00:00:00,18341583.679495253,14667343.610891739,2
2026-08-07T00:00:00,18344001.023448624,16495021.023448624,1
2026-08-10T00:00:00,18359175.09205214,16495021.023448624,1
2026-08-11T00:00:00,18347252.78077835,12817275.856309356,3
2026-08-12T00:00:00,18432465.588646956,16536697.146020005,1
2026-08-13T00:00:00,18422761.606210593,18422761.606210593,0
2026-08-14T00:00:00,18422761.606210593,18422761.606210593,0
2026-08-17T00:00:00,18422761.606210593,18422761.606210593,0
2026-08-18T00:00:00,18504221.08136009,16577222.08136009,1
2026-08-19T00:00:00,18471648.50734567,18471648.50734567,0
2026-08-20T00:00:00,18471648.50734567,18471648.50734567,0
