signal_id,symbol,direction,created_at,entry,target,stop,status,exit_timestamp,pnl_percentage,strategy_version,model_version,evaluation_mode,outcome_verified,prediction_id,provenance_id,mae,mfe,current_price,data_timestamp,original_source,net_pnl,exit_price,verification_level,original_evaluation_mode,canonical_evaluation_mode
21a52a86-d543-49a2-8cfe-f056417305cd,TCS,LONG,2026-08-15 09:59:29.918401,120.5,180.0,95.0,TARGET_HIT,2026-08-17 00:00:00.000000,1851.0373443983403,v2.2,TradeMind F&O v1.1,LIVE_SHADOW,False,,,0.0,0.0,,,live_signals,1850.8373443983403,,1,LIVE_SHADOW,LEGACY_LOG
28b6c1c6-ae07-4eac-92ac-02d326b0441d,RELIANCE,LONG,2026-08-15 11:59:29.918401,45.2,75.0,30.0,TARGET_HIT,2026-08-17 00:00:00.000000,2807.079646017699,v2.2,TradeMind F&O v1.1,LIVE_SHADOW,False,,,0.0,0.0,,,live_signals,2806.879646017699,,1,LIVE_SHADOW,LEGACY_LOG
61ac1904-ba26-47e4-977e-8145b663478b,BANKNIFTY,SHORT,2026-08-15 07:59:29.918401,52500.0,51800.0,52850.0,EXPIRED,2026-08-17 03:45:00.000000,-9.43609375,v2.2,TradeMind F&O v1.1,LIVE_SHADOW,False,,,0.0,0.0,,,live_signals,-9.63609375,,1,LIVE_SHADOW,LEGACY_LOG
6675d119-839d-4666-bef0-4365b5c3a226,SBIN,LONG,2026-08-08 11:59:29.918401,820.0,880.0,795.0,STOP_LOSS,2026-08-12 11:59:29.918401,-3.05,v2.2,TradeMind F&O v1.1,LIVE_SHADOW,False,,,,,,,live_signals,-3.25,,1,LIVE_SHADOW,LEGACY_LOG
8634b13e-32b5-4150-83a6-920c17ca6685,INFY,LONG,2026-08-10 11:59:29.918401,35.0,55.0,25.0,TARGET_HIT,2026-08-14 11:59:29.918401,57.14,v2.2,TradeMind F&O v1.1,LIVE_SHADOW,False,,,,,,,live_signals,56.94,,1,LIVE_SHADOW,LEGACY_LOG
866f671b-a9d4-407c-917f-824db23ffc1c,NIFTY,SHORT,2026-08-05 11:59:29.918401,150.0,80.0,190.0,TARGET_HIT,2026-08-11 11:59:29.918401,46.67,v2.2,TradeMind F&O v1.1,LIVE_SHADOW,False,,,,,,,live_signals,46.47,,1,LIVE_SHADOW,LEGACY_LOG
cloud_hist_ABB_20260311_0,ABB,LONG,2026-03-10 18:30:00.000000,6181.6474609375,6799.81220703125,5934.3815625,TARGET_HIT,2026-03-20 18:30:00.000000,8.5,v2.2,TradeMind Core v2.2-CloudBackfill,LIVE_SHADOW,False,,,,,,,live_signals,8.3,,1,LIVE_SHADOW,LEGACY_LOG
cloud_hist_ABB_20260408_1,ABB,LONG,2026-04-07 18:30:00.000000,6462.18359375,7108.401953125001,6203.69625,STOP_LOSS,2026-04-17 18:30:00.000000,-3.8,v2.2,TradeMind Core v2.2-CloudBackfill,LIVE_SHADOW,False,,,,,,,live_signals,-4.0,,1,LIVE_SHADOW,LEGACY_LOG
cloud_hist_ABB_20260417_2,ABB,LONG,2026-04-16 18:30:00.000000,6919.4091796875,7611.350097656251,6642.6328125,TARGET_HIT,2026-04-26 18:30:00.000000,8.5,v2.2,TradeMind Core v2.2-CloudBackfill,LIVE_SHADOW,False,,,,,,,live_signals,8.3,,1,LIVE_SHADOW,LEGACY_LOG
cloud_hist_ABB_20260511_3,ABB,SHORT,2026-05-10 18:30:00.000000,6313.1787109375,5681.86083984375,6565.705859375,STOP_LOSS,2026-05-20 18:30:00.000000,-3.8,v2.2,TradeMind Core v2.2-CloudBackfill,LIVE_SHADOW,False,,,,,,,live_signals,-4.0,,1,LIVE_SHADOW,LEGACY_LOG
cloud_hist_ABB_20260716_4,ABB,LONG,2026-07-15 18:30:00.000000,7578.28515625,8336.113671875,7275.153749999999,TARGET_HIT,2026-07-25 18:30:00.000000,8.5,v2.2,TradeMind Core v2.2-CloudBackfill,LIVE_SHADOW,False,,,,,,,live_signals,8.3,,1,LIVE_SHADOW,LEGACY_LOG
cloud_hist_ACC_20260327_0,ACC,SHORT,2026-03-26 18:30:00.000000,1306.8385009765625,1176.1546508789063,1359.112041015625,TARGET_HIT,2026-04-05 18:30:00.000000,8.5,v2.2,TradeMind Core v2.2-CloudBackfill,LIVE_SHADOW,False,,,,,,,live_signals,8.3,,1,LIVE_SHADOW,LEGACY_LOG
cloud_hist_ACC_20260511_1,ACC,SHORT,2026-05-10 18:30:00.000000,1350.0882568359375,1215.079431152344,1404.091787109375,STOP_LOSS,2026-05-20 18:30:00.000000,-3.8,v2.2,TradeMind Core v2.2-CloudBackfill,LIVE_SHADOW,False,,,,,,,live_signals,-4.0,,1,LIVE_SHADOW,LEGACY_LOG
cloud_hist_ACC_20260605_2,ACC,SHORT,2026-06-04 18:30:00.000000,1322.14990234375,1189.934912109375,1375.0358984375,TARGET_HIT,2026-06-14 18:30:00.000000,8.5,v2.2,TradeMind Core v2.2-CloudBackfill,LIVE_SHADOW,False,,,,,,,live_signals,8.3,,1,LIVE_SHADOW,LEGACY_LOG
cloud_hist_ACC_20260611_3,ACC,SHORT,2026-06-10 18:30:00.000000,1296.199951171875,1166.5799560546875,1348.04794921875,STOP_LOSS,2026-06-20 18:30:00.000000,-3.8,v2.2,TradeMind Core v2.2-CloudBackfill,LIVE_SHADOW,False,,,,,,,live_signals,-4.0,,1,LIVE_SHADOW,LEGACY_LOG
cloud_hist_ACC_20260703_4,ACC,LONG,2026-07-02 18:30:00.000000,1393.800048828125,1533.1800537109375,1338.048046875,TARGET_HIT,2026-07-12 18:30:00.000000,8.5,v2.2,TradeMind Core v2.2-CloudBackfill,LIVE_SHADOW,False,,,,,,,live_signals,8.3,,1,LIVE_SHADOW,LEGACY_LOG
cloud_hist_ADANIENSOL_20260422_0,ADANIENSOL,LONG,2026-04-21 18:30:00.000000,1368.0999755859375,1504.9099731445317,1313.3759765625,TARGET_HIT,2026-05-01 18:30:00.000000,8.5,v2.2,TradeMind Core v2.2-CloudBackfill,LIVE_SHADOW,False,,,,,,,live_signals,8.3,,1,LIVE_SHADOW,LEGACY_LOG
cloud_hist_ADANIENSOL_20260527_1,ADANIENSOL,LONG,2026-05-26 18:30:00.000000,1540.0999755859375,1694.1099731445313,1478.4959765625,STOP_LOSS,2026-06-05 18:30:00.000000,-3.8,v2.2,TradeMind Core v2.2-CloudBackfill,LIVE_SHADOW,False,,,,,,,live_signals,-4.0,,1,LIVE_SHADOW,LEGACY_LOG
cloud_hist_ADANIENSOL_20260605_2,ADANIENSOL,LONG,2026-06-04 18:30:00.000000,1579.0,1736.9,1515.84,TARGET_HIT,2026-06-14 18:30:00.000000,8.5,v2.2,TradeMind Core v2.2-CloudBackfill,LIVE_SHADOW,False,,,,,,,live_signals,8.3,,1,LIVE_SHADOW,LEGACY_LOG
cloud_hist_ADANIENSOL_20260706_3,ADANIENSOL,LONG,2026-07-05 18:30:00.000000,1622.800048828125,1785.0800537109376,1557.888046875,STOP_LOSS,2026-07-15 18:30:00.000000,-3.8,v2.2,TradeMind Core v2.2-CloudBackfill,LIVE_SHADOW,False,,,,,,,live_signals,-4.0,,1,LIVE_SHADOW,LEGACY_LOG
cloud_hist_ADANIENSOL_20260812_4,ADANIENSOL,SHORT,2026-08-11 18:30:00.000000,1599.0,1439.1,1662.96,TARGET_HIT,2026-08-21 18:30:00.000000,8.5,v2.2,TradeMind Core v2.2-CloudBackfill,LIVE_SHADOW,False,,,,,,,live_signals,8.3,,1,LIVE_SHADOW,LEGACY_LOG
cloud_hist_ADANIENT_20260514_0,ADANIENT,LONG,2026-05-13 18:30:00.000000,2711.6875,2982.8562500000003,2603.22,TARGET_HIT,2026-05-23 18:30:00.000000,8.5,v2.2,TradeMind Core v2.2-CloudBackfill,LIVE_SHADOW,False,,,,,,,live_signals,8.3,,1,LIVE_SHADOW,LEGACY_LOG
cloud_hist_ADANIENT_20260525_1,ADANIENT,LONG,2026-05-24 18:30:00.000000,2848.42626953125,3133.268896484375,2734.48921875,STOP_LOSS,2026-06-03 18:30:00.000000,-3.8,v2.2,TradeMind Core v2.2-CloudBackfill,LIVE_SHADOW,False,,,,,,,live_signals,-4.0,,1,LIVE_SHADOW,LEGACY_LOG
cloud_hist_ADANIENT_20260605_2,ADANIENT,LONG,2026-06-04 18:30:00.000000,3046.837646484375,3351.521411132813,2924.964140625,TARGET_HIT,2026-06-14 18:30:00.000000,8.5,v2.2,TradeMind Core v2.2-CloudBackfill,LIVE_SHADOW,False,,,,,,,live_signals,8.3,,1,LIVE_SHADOW,LEGACY_LOG
cloud_hist_ADANIENT_20260622_3,ADANIENT,LONG,2026-06-21 18:30:00.000000,3059.60009765625,3365.5601074218757,2937.21609375,STOP_LOSS,2026-07-01 18:30:00.000000,-3.8,v2.2,TradeMind Core v2.2-CloudBackfill,LIVE_SHADOW,False,,,,,,,live_signals,-4.0,,1,LIVE_SHADOW,LEGACY_LOG
cloud_hist_ADANIENT_20260701_4,ADANIENT,LONG,2026-06-30 18:30:00.000000,3143.60009765625,3457.960107421876,3017.85609375,TARGET_HIT,2026-07-10 18:30:00.000000,8.5,v2.2,TradeMind Core v2.2-CloudBackfill,LIVE_SHADOW,False,,,,,,,live_signals,8.3,,1,LIVE_SHADOW,LEGACY_LOG
cloud_hist_ADANIGREEN_20260609_0,ADANIGREEN,LONG,2026-06-08 18:30:00.000000,1534.5,1687.95,1473.12,TARGET_HIT,2026-06-18 18:30:00.000000,8.5,v2.2,TradeMind Core v2.2-CloudBackfill,LIVE_SHADOW,False,,,,,,,live_signals,8.3,,1,LIVE_SHADOW,LEGACY_LOG
cloud_hist_ADANIGREEN_20260622_1,ADANIGREEN,LONG,2026-06-21 18:30:00.000000,1549.9000244140625,1704.890026855469,1487.9040234375,STOP_LOSS,2026-07-01 18:30:00.000000,-3.8,v2.2,TradeMind Core v2.2-CloudBackfill,LIVE_SHADOW,False,,,,,,,live_signals,-4.0,,1,LIVE_SHADOW,LEGACY_LOG
cloud_hist_ADANIGREEN_20260714_2,ADANIGREEN,LONG,2026-07-13 18:30:00.000000,1604.5,1764.95,1540.32,TARGET_HIT,2026-07-23 18:30:00.000000,8.5,v2.2,TradeMind Core v2.2-CloudBackfill,LIVE_SHADOW,False,,,,,,,live_signals,8.3,,1,LIVE_SHADOW,LEGACY_LOG
cloud_hist_ADANIGREEN_20260723_3,ADANIGREEN,SHORT,2026-07-22 18:30:00.000000,1379.9000244140625,1241.9100219726563,1435.096025390625,STOP_LOSS,2026-08-01 18:30:00.000000,-3.8,v2.2,TradeMind Core v2.2-CloudBackfill,LIVE_SHADOW,False,,,,,,,live_signals,-4.0,,1,LIVE_SHADOW,LEGACY_LOG
cloud_hist_ADANIGREEN_20260812_4,ADANIGREEN,SHORT,2026-08-11 18:30:00.000000,1332.300048828125,1199.0700439453126,1385.59205078125,TARGET_HIT,2026-08-21 18:30:00.000000,8.5,v2.2,TradeMind Core v2.2-CloudBackfill,LIVE_SHADOW,False,,,,,,,live_signals,8.3,,1,LIVE_SHADOW,LEGACY_LOG
cloud_hist_ADANIPORTS_20260515_0,ADANIPORTS,LONG,2026-05-14 18:30:00.000000,1787.56640625,1966.323046875,1716.06375,TARGET_HIT,2026-05-24 18:30:00.000000,8.5,v2.2,TradeMind Core v2.2-CloudBackfill,LIVE_SHADOW,False,,,,,,,live_signals,8.3,,1,LIVE_SHADOW,LEGACY_LOG
cloud_hist_ADANIPORTS_20260527_1,ADANIPORTS,LONG,2026-05-26 18:30:00.000000,1816.843017578125,1998.5273193359376,1744.169296875,STOP_LOSS,2026-06-05 18:30:00.000000,-3.8,v2.2,TradeMind Core v2.2-CloudBackfill,LIVE_SHADOW,False,,,,,,,live_signals,-4.0,,1,LIVE_SHADOW,LEGACY_LOG
cloud_hist_ADANIPORTS_20260702_2,ADANIPORTS,LONG,2026-07-01 18:30:00.000000,1883.199951171875,2071.519946289063,1807.871953125,TARGET_HIT,2026-07-11 18:30:00.000000,8.5,v2.2,TradeMind Core v2.2-CloudBackfill,LIVE_SHADOW,False,,,,,,,live_signals,8.3,,1,LIVE_SHADOW,LEGACY_LOG
cloud_hist_ADANIPORTS_20260724_3,ADANIPORTS,SHORT,2026-07-23 18:30:00.000000,1768.300048828125,1591.4700439453125,1839.03205078125,STOP_LOSS,2026-08-02 18:30:00.000000,-3.8,v2.2,TradeMind Core v2.2-CloudBackfill,LIVE_SHADOW,False,,,,,,,live_signals,-4.0,,1,LIVE_SHADOW,LEGACY_LOG
cloud_hist_ADANIPORTS_20260730_4,ADANIPORTS,SHORT,2026-07-29 18:30:00.000000,1664.0999755859375,1497.6899780273438,1730.6639746093751,TARGET_HIT,2026-08-08 18:30:00.000000,8.5,v2.2,TradeMind Core v2.2-CloudBackfill,LIVE_SHADOW,False,,,,,,,live_signals,8.3,,1,LIVE_SHADOW,LEGACY_LOG
cloud_hist_ADANIPOWER_20260428_0,ADANIPOWER,LONG,2026-04-27 18:30:00.000000,223.3500061035156,245.6850067138672,214.416005859375,TARGET_HIT,2026-05-07 18:30:00.000000,8.5,v2.2,TradeMind Core v2.2-CloudBackfill,LIVE_SHADOW,False,,,,,,,live_signals,8.3,,1,LIVE_SHADOW,LEGACY_LOG
cloud_hist_ADANIPOWER_20260504_1,ADANIPOWER,LONG,2026-05-03 18:30:00.000000,227.3000030517578,250.0300033569336,218.2080029296875,STOP_LOSS,2026-05-13 18:30:00.000000,-3.8,v2.2,TradeMind Core v2.2-CloudBackfill,LIVE_SHADOW,False,,,,,,,live_signals,-4.0,,1,LIVE_SHADOW,LEGACY_LOG
cloud_hist_ADANIPOWER_20260526_2,ADANIPOWER,LONG,2026-05-25 18:30:00.000000,244.52999877929688,268.9829986572266,234.748798828125,TARGET_HIT,2026-06-04 18:30:00.000000,8.5,v2.2,TradeMind Core v2.2-CloudBackfill,LIVE_SHADOW,False,,,,,,,live_signals,8.3,,1,LIVE_SHADOW,LEGACY_LOG
cloud_hist_ADANIPOWER_20260717_3,ADANIPOWER,SHORT,2026-07-16 18:30:00.000000,214.4499969482422,193.004997253418,223.0279968261719,STOP_LOSS,2026-07-26 18:30:00.000000,-3.8,v2.2,TradeMind Core v2.2-CloudBackfill,LIVE_SHADOW,False,,,,,,,live_signals,-4.0,,1,LIVE_SHADOW,LEGACY_LOG
cloud_hist_ADANIPOWER_20260728_4,ADANIPOWER,SHORT,2026-07-27 18:30:00.000000,208.25,187.425,216.58,TARGET_HIT,2026-08-06 18:30:00.000000,8.5,v2.2,TradeMind Core v2.2-CloudBackfill,LIVE_SHADOW,False,,,,,,,live_signals,8.3,,1,LIVE_SHADOW,LEGACY_LOG
cloud_hist_AMBUJACEM_20260319_0,AMBUJACEM,SHORT,2026-03-18 18:30:00.000000,417.8815612792969,376.0934051513672,434.5968237304688,TARGET_HIT,2026-03-28 18:30:00.000000,8.5,v2.2,TradeMind Core v2.2-CloudBackfill,LIVE_SHADOW,False,,,,,,,live_signals,8.3,,1,LIVE_SHADOW,LEGACY_LOG
cloud_hist_AMBUJACEM_20260512_1,AMBUJACEM,SHORT,2026-05-11 18:30:00.000000,424.8470764160156,382.3623687744141,441.84095947265627,STOP_LOSS,2026-05-21 18:30:00.000000,-3.8,v2.2,TradeMind Core v2.2-CloudBackfill,LIVE_SHADOW,False,,,,,,,live_signals,-4.0,,1,LIVE_SHADOW,LEGACY_LOG
cloud_hist_AMBUJACEM_20260605_2,AMBUJACEM,SHORT,2026-06-04 18:30:00.000000,415.4933471679688,373.9440124511719,432.11308105468754,TARGET_HIT,2026-06-14 18:30:00.000000,8.5,v2.2,TradeMind Core v2.2-CloudBackfill,LIVE_SHADOW,False,,,,,,,live_signals,8.3,,1,LIVE_SHADOW,LEGACY_LOG
cloud_hist_AMBUJACEM_20260611_3,AMBUJACEM,SHORT,2026-06-10 18:30:00.000000,404.0499877929688,363.6449890136719,420.2119873046875,STOP_LOSS,2026-06-20 18:30:00.000000,-3.8,v2.2,TradeMind Core v2.2-CloudBackfill,LIVE_SHADOW,False,,,,,,,live_signals,-4.0,,1,LIVE_SHADOW,LEGACY_LOG
cloud_hist_AMBUJACEM_20260703_4,AMBUJACEM,LONG,2026-07-02 18:30:00.000000,443.3999938964844,487.73999328613286,425.663994140625,TARGET_HIT,2026-07-12 18:30:00.000000,8.5,v2.2,TradeMind Core v2.2-CloudBackfill,LIVE_SHADOW,False,,,,,,,live_signals,8.3,,1,LIVE_SHADOW,LEGACY_LOG
cloud_hist_APOLLOHOSP_20260521_0,APOLLOHOSP,LONG,2026-05-20 18:30:00.000000,8298.8388671875,9128.722753906251,7966.8853125,TARGET_HIT,2026-05-30 18:30:00.000000,8.5,v2.2,TradeMind Core v2.2-CloudBackfill,LIVE_SHADOW,False,,,,,,,live_signals,8.3,,1,LIVE_SHADOW,LEGACY_LOG
cloud_hist_APOLLOHOSP_20260609_1,APOLLOHOSP,LONG,2026-06-08 18:30:00.000000,8514.0888671875,9365.497753906251,8173.5253125,STOP_LOSS,2026-06-18 18:30:00.000000,-3.8,v2.2,TradeMind Core v2.2-CloudBackfill,LIVE_SHADOW,False,,,,,,,live_signals,-4.0,,1,LIVE_SHADOW,LEGACY_LOG
cloud_hist_APOLLOHOSP_20260703_2,APOLLOHOSP,LONG,2026-07-02 18:30:00.000000,8883.1591796875,9771.47509765625,8527.832812499999,TARGET_HIT,2026-07-12 18:30:00.000000,8.5,v2.2,TradeMind Core v2.2-CloudBackfill,LIVE_SHADOW,False,,,,,,,live_signals,8.3,,1,LIVE_SHADOW,LEGACY_LOG
cloud_hist_APOLLOHOSP_20260804_3,APOLLOHOSP,LONG,2026-08-03 18:30:00.000000,9039.4765625,9943.42421875,8677.8975,STOP_LOSS,2026-08-13 18:30:00.000000,-3.8,v2.2,TradeMind Core v2.2-CloudBackfill,LIVE_SHADOW,False,,,,,,,live_signals,-4.0,,1,LIVE_SHADOW,LEGACY_LOG
cloud_hist_APOLLOHOSP_20260812_4,APOLLOHOSP,SHORT,2026-08-11 18:30:00.000000,8587.00390625,7728.303515625,8930.4840625,TARGET_HIT,2026-08-21 18:30:00.000000,8.5,v2.2,TradeMind Core v2.2-CloudBackfill,LIVE_SHADOW,False,,,,,,,live_signals,8.3,,1,LIVE_SHADOW,LEGACY_LOG
cloud_hist_ASHOKLEY_20260512_0,ASHOKLEY,SHORT,2026-05-11 18:30:00.000000,153.3342742919922,138.00084686279297,159.46764526367187,TARGET_HIT,2026-05-21 18:30:00.000000,8.5,v2.2,TradeMind Core v2.2-CloudBackfill,LIVE_SHADOW,False,,,,,,,live_signals,8.3,,1,LIVE_SHADOW,LEGACY_LOG
cloud_hist_ASHOKLEY_20260608_1,ASHOKLEY,SHORT,2026-06-07 18:30:00.000000,141.02000427246094,126.91800384521484,146.66080444335938,STOP_LOSS,2026-06-17 18:30:00.000000,-3.8,v2.2,TradeMind Core v2.2-CloudBackfill,LIVE_SHADOW,False,,,,,,,live_signals,-4.0,,1,LIVE_SHADOW,LEGACY_LOG
cloud_hist_ASHOKLEY_20260701_2,ASHOKLEY,LONG,2026-06-30 18:30:00.000000,162.32000732421875,178.55200805664063,155.82720703125,TARGET_HIT,2026-07-10 18:30:00.000000,8.5,v2.2,TradeMind Core v2.2-CloudBackfill,LIVE_SHADOW,False,,,,,,,live_signals,8.3,,1,LIVE_SHADOW,LEGACY_LOG
cloud_hist_ASHOKLEY_20260723_3,ASHOKLEY,SHORT,2026-07-22 18:30:00.000000,150.64999389648438,135.58499450683595,156.67599365234375,STOP_LOSS,2026-08-01 18:30:00.000000,-3.8,v2.2,TradeMind Core v2.2-CloudBackfill,LIVE_SHADOW,False,,,,,,,live_signals,-4.0,,1,LIVE_SHADOW,LEGACY_LOG
cloud_hist_ASHOKLEY_20260803_4,ASHOKLEY,LONG,2026-08-02 18:30:00.000000,174.5500030517578,192.0050033569336,167.56800292968748,TARGET_HIT,2026-08-12 18:30:00.000000,8.5,v2.2,TradeMind Core v2.2-CloudBackfill,LIVE_SHADOW,False,,,,,,,live_signals,8.3,,1,LIVE_SHADOW,LEGACY_LOG
cloud_hist_ASIANPAINT_20260302_0,ASIANPAINT,SHORT,2026-03-01 18:30:00.000000,2287.255859375,2058.5302734375,2378.74609375,TARGET_HIT,2026-03-11 18:30:00.000000,8.5,v2.2,TradeMind Core v2.2-CloudBackfill,LIVE_SHADOW,False,,,,,,,live_signals,8.3,,1,LIVE_SHADOW,LEGACY_LOG
cloud_hist_ASIANPAINT_20260323_1,ASIANPAINT,SHORT,2026-03-22 18:30:00.000000,2103.053955078125,1892.7485595703129,2187.17611328125,STOP_LOSS,2026-04-01 18:30:00.000000,-3.8,v2.2,TradeMind Core v2.2-CloudBackfill,LIVE_SHADOW,False,,,,,,,live_signals,-4.0,,1,LIVE_SHADOW,LEGACY_LOG
cloud_hist_ASIANPAINT_20260410_2,ASIANPAINT,LONG,2026-04-09 18:30:00.000000,2340.394775390625,2574.434252929688,2246.778984375,TARGET_HIT,2026-04-19 18:30:00.000000,8.5,v2.2,TradeMind Core v2.2-CloudBackfill,LIVE_SHADOW,False,,,,,,,live_signals,8.3,,1,LIVE_SHADOW,LEGACY_LOG
cloud_hist_ASIANPAINT_20260416_3,ASIANPAINT,LONG,2026-04-15 18:30:00.000000,2419.31005859375,2661.241064453125,2322.53765625,STOP_LOSS,2026-04-25 18:30:00.000000,-3.8,v2.2,TradeMind Core v2.2-CloudBackfill,LIVE_SHADOW,False,,,,,,,live_signals,-4.0,,1,LIVE_SHADOW,LEGACY_LOG
cloud_hist_ASIANPAINT_20260508_4,ASIANPAINT,LONG,2026-05-07 18:30:00.000000,2577.537109375,2835.2908203125003,2474.435625,TARGET_HIT,2026-05-17 18:30:00.000000,8.5,v2.2,TradeMind Core v2.2-CloudBackfill,LIVE_SHADOW,False,,,,,,,live_signals,8.3,,1,LIVE_SHADOW,LEGACY_LOG
cloud_hist_ASTRAL_20260323_0,ASTRAL,SHORT,2026-03-22 18:30:00.000000,1553.8560791015625,1398.4704711914062,1616.010322265625,TARGET_HIT,2026-04-01 18:30:00.000000,8.5,v2.2,TradeMind Core v2.2-CloudBackfill,LIVE_SHADOW,False,,,,,,,live_signals,8.3,,1,LIVE_SHADOW,LEGACY_LOG
cloud_hist_ASTRAL_20260519_1,ASTRAL,SHORT,2026-05-18 18:30:00.000000,1446.624755859375,1301.9622802734375,1504.48974609375,STOP_LOSS,2026-05-28 18:30:00.000000,-3.8,v2.2,TradeMind Core v2.2-CloudBackfill,LIVE_SHADOW,False,,,,,,,live_signals,-4.0,,1,LIVE_SHADOW,LEGACY_LOG
cloud_hist_ASTRAL_20260629_2,ASTRAL,SHORT,2026-06-28 18:30:00.000000,1365.851806640625,1229.2666259765626,1420.48587890625,TARGET_HIT,2026-07-08 18:30:00.000000,8.5,v2.2,TradeMind Core v2.2-CloudBackfill,LIVE_SHADOW,False,,,,,,,live_signals,8.3,,1,LIVE_SHADOW,LEGACY_LOG
cloud_hist_ASTRAL_20260709_3,ASTRAL,SHORT,2026-07-08 18:30:00.000000,1315.0316162109375,1183.5284545898437,1367.632880859375,STOP_LOSS,2026-07-18 18:30:00.000000,-3.8,v2.2,TradeMind Core v2.2-CloudBackfill,LIVE_SHADOW,False,,,,,,,live_signals,-4.0,,1,LIVE_SHADOW,LEGACY_LOG
cloud_hist_ASTRAL_20260813_4,ASTRAL,LONG,2026-08-12 18:30:00.000000,1589.5,1748.45,1525.9199999999998,TARGET_HIT,2026-08-22 18:30:00.000000,8.5,v2.2,TradeMind Core v2.2-CloudBackfill,LIVE_SHADOW,False,,,,,,,live_signals,8.3,,1,LIVE_SHADOW,LEGACY_LOG
cloud_hist_ATGL_20260417_0,ATGL,LONG,2026-04-16 18:30:00.000000,632.6790771484375,695.9469848632813,607.3719140625,TARGET_HIT,2026-04-26 18:30:00.000000,8.5,v2.2,TradeMind Core v2.2-CloudBackfill,LIVE_SHADOW,False,,,,,,,live_signals,8.3,,1,LIVE_SHADOW,LEGACY_LOG
cloud_hist_ATGL_20260428_1,ATGL,LONG,2026-04-27 18:30:00.000000,653.6217041015625,718.9838745117188,627.4768359375,STOP_LOSS,2026-05-07 18:30:00.000000,-3.8,v2.2,TradeMind Core v2.2-CloudBackfill,LIVE_SHADOW,False,,,,,,,live_signals,-4.0,,1,LIVE_SHADOW,LEGACY_LOG
cloud_hist_ATGL_20260526_2,ATGL,LONG,2026-05-25 18:30:00.000000,712.8510131835938,784.1361145019532,684.3369726562499,TARGET_HIT,2026-06-04 18:30:00.000000,8.5,v2.2,TradeMind Core v2.2-CloudBackfill,LIVE_SHADOW,False,,,,,,,live_signals,8.3,,1,LIVE_SHADOW,LEGACY_LOG
cloud_hist_ATGL_20260722_3,ATGL,SHORT,2026-07-21 18:30:00.000000,681.5999755859375,613.4399780273437,708.8639746093751,STOP_LOSS,2026-07-31 18:30:00.000000,-3.8,v2.2,TradeMind Core v2.2-CloudBackfill,LIVE_SHADOW,False,,,,,,,live_signals,-4.0,,1,LIVE_SHADOW,LEGACY_LOG
cloud_hist_ATGL_20260728_4,ATGL,SHORT,2026-07-27 18:30:00.000000,645.5499877929688,580.9949890136719,671.3719873046875,TARGET_HIT,2026-08-06 18:30:00.000000,8.5,v2.2,TradeMind Core v2.2-CloudBackfill,LIVE_SHADOW,False,,,,,,,live_signals,8.3,,1,LIVE_SHADOW,LEGACY_LOG
cloud_hist_AXISBANK_20260410_0,AXISBANK,LONG,2026-04-09 18:30:00.000000,1349.759033203125,1484.7349365234377,1295.768671875,TARGET_HIT,2026-04-19 18:30:00.000000,8.5,v2.2,TradeMind Core v2.2-CloudBackfill,LIVE_SHADOW,False,,,,,,,live_signals,8.3,,1,LIVE_SHADOW,LEGACY_LOG
cloud_hist_AXISBANK_20260612_1,AXISBANK,LONG,2026-06-11 18:30:00.000000,1355.2548828125,1490.78037109375,1301.0446875,STOP_LOSS,2026-06-21 18:30:00.000000,-3.8,v2.2,TradeMind Core v2.2-CloudBackfill,LIVE_SHADOW,False,,,,,,,live_signals,-4.0,,1,LIVE_SHADOW,LEGACY_LOG
cloud_hist_AXISBANK_20260624_2,AXISBANK,LONG,2026-06-23 18:30:00.000000,1383.43310546875,1521.776416015625,1328.0957812499998,TARGET_HIT,2026-07-03 18:30:00.000000,8.5,v2.2,TradeMind Core v2.2-CloudBackfill,LIVE_SHADOW,False,,,,,,,live_signals,8.3,,1,LIVE_SHADOW,LEGACY_LOG
cloud_hist_AXISBANK_20260709_3,AXISBANK,SHORT,2026-07-08 18:30:00.000000,1296.5999755859375,1166.9399780273438,1348.463974609375,STOP_LOSS,2026-07-18 18:30:00.000000,-3.8,v2.2,TradeMind Core v2.2-CloudBackfill,LIVE_SHADOW,False,,,,,,,live_signals,-4.0,,1,LIVE_SHADOW,LEGACY_LOG
cloud_hist_AXISBANK_20260720_4,AXISBANK,SHORT,2026-07-19 18:30:00.000000,1256.0,1130.4,1306.24,TARGET_HIT,2026-07-29 18:30:00.000000,8.5,v2.2,TradeMind Core v2.2-CloudBackfill,LIVE_SHADOW,False,,,,,,,live_signals,8.3,,1,LIVE_SHADOW,LEGACY_LOG
cloud_hist_BAJAJ-AUTO_20260624_0,BAJAJ-AUTO,SHORT,2026-06-23 18:30:00.000000,9750.0,8775.0,10140.0,TARGET_HIT,2026-07-03 18:30:00.000000,8.5,v2.2,TradeMind Core v2.2-CloudBackfill,LIVE_SHADOW,False,,,,,,,live_signals,8.3,,1,LIVE_SHADOW,LEGACY_LOG
cloud_hist_BAJAJ-AUTO_20260713_1,BAJAJ-AUTO,LONG,2026-07-12 18:30:00.000000,10381.0,11419.1,9965.76,STOP_LOSS,2026-07-22 18:30:00.000000,-3.8,v2.2,TradeMind Core v2.2-CloudBackfill,LIVE_SHADOW,False,,,,,,,live_signals,-4.0,,1,LIVE_SHADOW,LEGACY_LOG
cloud_hist_BAJAJ-AUTO_20260720_2,BAJAJ-AUTO,LONG,2026-07-19 18:30:00.000000,10522.5,11574.750000000002,10101.6,TARGET_HIT,2026-07-29 18:30:00.000000,8.5,v2.2,TradeMind Core v2.2-CloudBackfill,LIVE_SHADOW,False,,,,,,,live_signals,8.3,,1,LIVE_SHADOW,LEGACY_LOG
cloud_hist_BAJAJ-AUTO_20260728_3,BAJAJ-AUTO,LONG,2026-07-27 18:30:00.000000,11374.0,12511.4,10919.04,STOP_LOSS,2026-08-06 18:30:00.000000,-3.8,v2.2,TradeMind Core v2.2-CloudBackfill,LIVE_SHADOW,False,,,,,,,live_signals,-4.0,,1,LIVE_SHADOW,LEGACY_LOG
cloud_hist_BAJAJ-AUTO_20260803_4,BAJAJ-AUTO,LONG,2026-08-02 18:30:00.000000,11856.0,13041.6,11381.76,TARGET_HIT,2026-08-12 18:30:00.000000,8.5,v2.2,TradeMind Core v2.2-CloudBackfill,LIVE_SHADOW,False,,,,,,,live_signals,8.3,,1,LIVE_SHADOW,LEGACY_LOG
cloud_hist_BAJAJFINSV_20260415_0,BAJAJFINSV,LONG,2026-04-14 18:30:00.000000,1824.243408203125,2006.6677490234376,1751.273671875,TARGET_HIT,2026-04-24 18:30:00.000000,8.5,v2.2,TradeMind Core v2.2-CloudBackfill,LIVE_SHADOW,False,,,,,,,live_signals,8.3,,1,LIVE_SHADOW,LEGACY_LOG
cloud_hist_BAJAJFINSV_20260608_1,BAJAJFINSV,SHORT,2026-06-07 18:30:00.000000,1673.1722412109375,1505.8550170898438,1740.099130859375,STOP_LOSS,2026-06-17 18:30:00.000000,-3.8,v2.2,TradeMind Core v2.2-CloudBackfill,LIVE_SHADOW,False,,,,,,,live_signals,-4.0,,1,LIVE_SHADOW,LEGACY_LOG
cloud_hist_BAJAJFINSV_20260702_2,BAJAJFINSV,LONG,2026-07-01 18:30:00.000000,1855.699951171875,2041.2699462890628,1781.471953125,TARGET_HIT,2026-07-11 18:30:00.000000,8.5,v2.2,TradeMind Core v2.2-CloudBackfill,LIVE_SHADOW,False,,,,,,,live_signals,8.3,,1,LIVE_SHADOW,LEGACY_LOG
cloud_hist_BAJAJFINSV_20260728_3,BAJAJFINSV,LONG,2026-07-27 18:30:00.000000,1927.9000244140625,2120.690026855469,1850.7840234375,STOP_LOSS,2026-08-06 18:30:00.000000,-3.8,v2.2,TradeMind Core v2.2-CloudBackfill,LIVE_SHADOW,False,,,,,,,live_signals,-4.0,,1,LIVE_SHADOW,LEGACY_LOG
cloud_hist_BAJAJFINSV_20260803_4,BAJAJFINSV,LONG,2026-08-02 18:30:00.000000,2096.0,2305.6000000000004,2012.16,TARGET_HIT,2026-08-12 18:30:00.000000,8.5,v2.2,TradeMind Core v2.2-CloudBackfill,LIVE_SHADOW,False,,,,,,,live_signals,8.3,,1,LIVE_SHADOW,LEGACY_LOG
cloud_hist_BAJAJHLDNG_20260330_0,BAJAJHLDNG,SHORT,2026-03-29 18:30:00.000000,8638.65625,7774.790625000001,8984.2025,TARGET_HIT,2026-04-08 18:30:00.000000,8.5,v2.2,TradeMind Core v2.2-CloudBackfill,LIVE_SHADOW,False,,,,,,,live_signals,8.3,,1,LIVE_SHADOW,LEGACY_LOG
cloud_hist_BAJAJHLDNG_20260416_1,BAJAJHLDNG,LONG,2026-04-15 18:30:00.000000,10079.75,11087.725,9676.56,STOP_LOSS,2026-04-25 18:30:00.000000,-3.8,v2.2,TradeMind Core v2.2-CloudBackfill,LIVE_SHADOW,False,,,,,,,live_signals,-4.0,,1,LIVE_SHADOW,LEGACY_LOG
cloud_hist_BAJAJHLDNG_20260608_2,BAJAJHLDNG,SHORT,2026-06-07 18:30:00.000000,9746.8857421875,8772.19716796875,10136.761171875,TARGET_HIT,2026-06-17 18:30:00.000000,8.5,v2.2,TradeMind Core v2.2-CloudBackfill,LIVE_SHADOW,False,,,,,,,live_signals,8.3,,1,LIVE_SHADOW,LEGACY_LOG
cloud_hist_BAJAJHLDNG_20260703_3,BAJAJHLDNG,LONG,2026-07-02 18:30:00.000000,11079.0,12186.9,10635.84,STOP_LOSS,2026-07-12 18:30:00.000000,-3.8,v2.2,TradeMind Core v2.2-CloudBackfill,LIVE_SHADOW,False,,,,,,,live_signals,-4.0,,1,LIVE_SHADOW,LEGACY_LOG
cloud_hist_BAJAJHLDNG_20260731_4,BAJAJHLDNG,LONG,2026-07-30 18:30:00.000000,11343.0,12477.3,10889.28,TARGET_HIT,2026-08-09 18:30:00.000000,8.5,v2.2,TradeMind Core v2.2-CloudBackfill,LIVE_SHADOW,False,,,,,,,live_signals,8.3,,1,LIVE_SHADOW,LEGACY_LOG
cloud_hist_BAJFINANCE_20260624_0,BAJFINANCE,LONG,2026-06-23 18:30:00.000000,984.8956298828124,1083.3851928710938,945.4998046875,TARGET_HIT,2026-07-03 18:30:00.000000,8.5,v2.2,TradeMind Core v2.2-CloudBackfill,LIVE_SHADOW,False,,,,,,,live_signals,8.3,,1,LIVE_SHADOW,LEGACY_LOG
cloud_hist_BAJFINANCE_20260630_1,BAJFINANCE,LONG,2026-06-29 18:30:00.000000,1004.75,1105.225,964.56,STOP_LOSS,2026-07-09 18:30:00.000000,-3.8,v2.2,TradeMind Core v2.2-CloudBackfill,LIVE_SHADOW,False,,,,,,,live_signals,-4.0,,1,LIVE_SHADOW,LEGACY_LOG
cloud_hist_BAJFINANCE_20260707_2,BAJFINANCE,LONG,2026-07-06 18:30:00.000000,1042.5,1146.75,1000.8,TARGET_HIT,2026-07-16 18:30:00.000000,8.5,v2.2,TradeMind Core v2.2-CloudBackfill,LIVE_SHADOW,False,,,,,,,live_signals,8.3,,1,LIVE_SHADOW,LEGACY_LOG
cloud_hist_BAJFINANCE_20260717_3,BAJFINANCE,LONG,2026-07-16 18:30:00.000000,1056.300048828125,1161.9300537109375,1014.048046875,STOP_LOSS,2026-07-26 18:30:00.000000,-3.8,v2.2,TradeMind Core v2.2-CloudBackfill,LIVE_SHADOW,False,,,,,,,live_signals,-4.0,,1,LIVE_SHADOW,LEGACY_LOG
cloud_hist_BAJFINANCE_20260731_4,BAJFINANCE,LONG,2026-07-30 18:30:00.000000,1141.199951171875,1255.3199462890625,1095.551953125,TARGET_HIT,2026-08-09 18:30:00.000000,8.5,v2.2,TradeMind Core v2.2-CloudBackfill,LIVE_SHADOW,False,,,,,,,live_signals,8.3,,1,LIVE_SHADOW,LEGACY_LOG
cloud_hist_BALKRISIND_20260512_0,BALKRISIND,SHORT,2026-05-11 18:30:00.000000,2103.282958984375,1892.9546630859372,2187.41427734375,TARGET_HIT,2026-05-21 18:30:00.000000,8.5,v2.2,TradeMind Core v2.2-CloudBackfill,LIVE_SHADOW,False,,,,,,,live_signals,8.3,,1,LIVE_SHADOW,LEGACY_LOG
cloud_hist_BALKRISIND_20260611_1,BALKRISIND,SHORT,2026-06-10 18:30:00.000000,1967.1563720703125,1770.4407348632812,2045.842626953125,STOP_LOSS,2026-06-20 18:30:00.000000,-3.8,v2.2,TradeMind Core v2.2-CloudBackfill,LIVE_SHADOW,False,,,,,,,live_signals,-4.0,,1,LIVE_SHADOW,LEGACY_LOG
cloud_hist_BALKRISIND_20260715_2,BALKRISIND,SHORT,2026-07-14 18:30:00.000000,2123.512451171875,1911.1612060546877,2208.4529492187503,TARGET_HIT,2026-07-24 18:30:00.000000,8.5,v2.2,TradeMind Core v2.2-CloudBackfill,LIVE_SHADOW,False,,,,,,,live_signals,8.3,,1,LIVE_SHADOW,LEGACY_LOG
cloud_hist_BALKRISIND_20260721_3,BALKRISIND,SHORT,2026-07-20 18:30:00.000000,2034.32958984375,1830.8966308593751,2115.7027734375,STOP_LOSS,2026-07-30 18:30:00.000000,-3.8,v2.2,TradeMind Core v2.2-CloudBackfill,LIVE_SHADOW,False,,,,,,,live_signals,-4.0,,1,LIVE_SHADOW,LEGACY_LOG
cloud_hist_BALKRISIND_20260730_4,BALKRISIND,LONG,2026-07-29 18:30:00.000000,2303.197265625,2533.5169921875004,2211.069375,TARGET_HIT,2026-08-08 18:30:00.000000,8.5,v2.2,TradeMind Core v2.2-CloudBackfill,LIVE_SHADOW,False,,,,,,,live_signals,8.3,,1,LIVE_SHADOW,LEGACY_LOG
cloud_hist_BANDHANBNK_20260330_0,BANDHANBNK,SHORT,2026-03-29 18:30:00.000000,141.35000610351562,127.21500549316409,147.00400634765626,TARGET_HIT,2026-04-08 18:30:00.000000,8.5,v2.2,TradeMind Core v2.2-CloudBackfill,LIVE_SHADOW,False,,,,,,,live_signals,8.3,,1,LIVE_SHADOW,LEGACY_LOG
cloud_hist_BANDHANBNK_20260427_1,BANDHANBNK,LONG,2026-04-26 18:30:00.000000,181.8699951171875,200.05699462890627,174.59519531249998,STOP_LOSS,2026-05-06 18:30:00.000000,-3.8,v2.2,TradeMind Core v2.2-CloudBackfill,LIVE_SHADOW,False,,,,,,,live_signals,-4.0,,1,LIVE_SHADOW,LEGACY_LOG
cloud_hist_BANDHANBNK_20260504_2,BANDHANBNK,LONG,2026-05-03 18:30:00.000000,206.75999450683597,227.43599395751957,198.4895947265625,TARGET_HIT,2026-05-13 18:30:00.000000,8.5,v2.2,TradeMind Core v2.2-CloudBackfill,LIVE_SHADOW,False,,,,,,,live_signals,8.3,,1,LIVE_SHADOW,LEGACY_LOG
cloud_hist_BANDHANBNK_20260616_3,BANDHANBNK,LONG,2026-06-15 18:30:00.000000,216.7400054931641,238.41400604248048,208.0704052734375,STOP_LOSS,2026-06-25 18:30:00.000000,-3.8,v2.2,TradeMind Core v2.2-CloudBackfill,LIVE_SHADOW,False,,,,,,,live_signals,-4.0,,1,LIVE_SHADOW,LEGACY_LOG
cloud_hist_BANDHANBNK_20260722_4,BANDHANBNK,SHORT,2026-07-21 18:30:00.000000,173.5,156.15,180.44,TARGET_HIT,2026-07-31 18:30:00.000000,8.5,v2.2,TradeMind Core v2.2-CloudBackfill,LIVE_SHADOW,False,,,,,,,live_signals,8.3,,1,LIVE_SHADOW,LEGACY_LOG
cloud_hist_BANKBARODA_20260323_0,BANKBARODA,SHORT,2026-03-22 18:30:00.000000,257.5691833496094,231.81226501464843,267.8719506835937,TARGET_HIT,2026-04-01 18:30:00.000000,8.5,v2.2,TradeMind Core v2.2-CloudBackfill,LIVE_SHADOW,False,,,,,,,live_signals,8.3,,1,LIVE_SHADOW,LEGACY_LOG
cloud_hist_BANKBARODA_20260330_1,BANKBARODA,SHORT,2026-03-29 18:30:00.000000,239.8425445556641,215.8582901000977,249.43624633789065,STOP_LOSS,2026-04-08 18:30:00.000000,-3.8,v2.2,TradeMind Core v2.2-CloudBackfill,LIVE_SHADOW,False,,,,,,,live_signals,-4.0,,1,LIVE_SHADOW,LEGACY_LOG
cloud_hist_BANKBARODA_20260609_2,BANKBARODA,LONG,2026-06-08 18:30:00.000000,273.75,301.125,262.8,TARGET_HIT,2026-06-18 18:30:00.000000,8.5,v2.2,TradeMind Core v2.2-CloudBackfill,LIVE_SHADOW,False,,,,,,,live_signals,8.3,,1,LIVE_SHADOW,LEGACY_LOG
cloud_hist_BANKBARODA_20260618_3,BANKBARODA,LONG,2026-06-17 18:30:00.000000,283.0,311.3,271.68,STOP_LOSS,2026-06-27 18:30:00.000000,-3.8,v2.2,TradeMind Core v2.2-CloudBackfill,LIVE_SHADOW,False,,,,,,,live_signals,-4.0,,1,LIVE_SHADOW,LEGACY_LOG
cloud_hist_BANKBARODA_20260703_4,BANKBARODA,SHORT,2026-07-02 18:30:00.000000,252.1999969482422,226.979997253418,262.2879968261719,TARGET_HIT,2026-07-12 18:30:00.000000,8.5,v2.2,TradeMind Core v2.2-CloudBackfill,LIVE_SHADOW,False,,,,,,,live_signals,8.3,,1,LIVE_SHADOW,LEGACY_LOG
cloud_hist_BANKINDIA_20260319_0,BANKINDIA,SHORT,2026-03-18 18:30:00.000000,141.15890502929688,127.0430145263672,146.80526123046874,TARGET_HIT,2026-03-28 18:30:00.000000,8.5,v2.2,TradeMind Core v2.2-CloudBackfill,LIVE_SHADOW,False,,,,,,,live_signals,8.3,,1,LIVE_SHADOW,LEGACY_LOG
cloud_hist_BANKINDIA_20260330_1,BANKINDIA,SHORT,2026-03-29 18:30:00.000000,132.65664672851562,119.39098205566408,137.96291259765624,STOP_LOSS,2026-04-08 18:30:00.000000,-3.8,v2.2,TradeMind Core v2.2-CloudBackfill,LIVE_SHADOW,False,,,,,,,live_signals,-4.0,,1,LIVE_SHADOW,LEGACY_LOG
cloud_hist_BANKINDIA_20260422_2,BANKINDIA,LONG,2026-04-21 18:30:00.000000,148.08273315429688,162.89100646972656,142.159423828125,TARGET_HIT,2026-05-01 18:30:00.000000,8.5,v2.2,TradeMind Core v2.2-CloudBackfill,LIVE_SHADOW,False,,,,,,,live_signals,8.3,,1,LIVE_SHADOW,LEGACY_LOG
cloud_hist_BANKINDIA_20260609_3,BANKINDIA,LONG,2026-06-08 18:30:00.000000,147.72000122070312,162.49200134277345,141.81120117187498,STOP_LOSS,2026-06-18 18:30:00.000000,-3.8,v2.2,TradeMind Core v2.2-CloudBackfill,LIVE_SHADOW,False,,,,,,,live_signals,-4.0,,1,LIVE_SHADOW,LEGACY_LOG
cloud_hist_BANKINDIA_20260708_4,BANKINDIA,SHORT,2026-07-07 18:30:00.000000,135.1199951171875,121.60799560546876,140.524794921875,TARGET_HIT,2026-07-17 18:30:00.000000,8.5,v2.2,TradeMind Core v2.2-CloudBackfill,LIVE_SHADOW,False,,,,,,,live_signals,8.3,,1,LIVE_SHADOW,LEGACY_LOG
cloud_hist_BEL_20260416_0,BEL,LONG,2026-04-15 18:30:00.000000,455.0322570800781,500.535482788086,436.830966796875,TARGET_HIT,2026-04-25 18:30:00.000000,8.5,v2.2,TradeMind Core v2.2-CloudBackfill,LIVE_SHADOW,False,,,,,,,live_signals,8.3,,1,LIVE_SHADOW,LEGACY_LOG
cloud_hist_BEL_20260512_1,BEL,SHORT,2026-05-11 18:30:00.000000,415.9353332519531,374.3417999267578,432.5727465820312,STOP_LOSS,2026-05-21 18:30:00.000000,-3.8,v2.2,TradeMind Core v2.2-CloudBackfill,LIVE_SHADOW,False,,,,,,,live_signals,-4.0,,1,LIVE_SHADOW,LEGACY_LOG
cloud_hist_BEL_20260520_2,BEL,SHORT,2026-05-19 18:30:00.000000,412.73968505859375,371.4657165527344,429.2492724609375,TARGET_HIT,2026-05-29 18:30:00.000000,8.5,v2.2,TradeMind Core v2.2-CloudBackfill,LIVE_SHADOW,False,,,,,,,live_signals,8.3,,1,LIVE_SHADOW,LEGACY_LOG
cloud_hist_BEL_20260618_3,BEL,LONG,2026-06-17 18:30:00.000000,428.0189514160156,470.8208465576173,410.898193359375,STOP_LOSS,2026-06-27 18:30:00.000000,-3.8,v2.2,TradeMind Core v2.2-CloudBackfill,LIVE_SHADOW,False,,,,,,,live_signals,-4.0,,1,LIVE_SHADOW,LEGACY_LOG
cloud_hist_BEL_20260728_4,BEL,SHORT,2026-07-27 18:30:00.000000,388.4726257324219,349.6253631591797,404.0115307617188,TARGET_HIT,2026-08-06 18:30:00.000000,8.5,v2.2,TradeMind Core v2.2-CloudBackfill,LIVE_SHADOW,False,,,,,,,live_signals,8.3,,1,LIVE_SHADOW,LEGACY_LOG
cloud_hist_BHARTIARTL_20260311_0,BHARTIARTL,SHORT,2026-03-10 18:30:00.000000,1784.5411376953125,1606.0870239257813,1855.9227832031247,TARGET_HIT,2026-03-20 18:30:00.000000,8.5,v2.2,TradeMind Core v2.2-CloudBackfill,LIVE_SHADOW,False,,,,,,,live_signals,8.3,,1,LIVE_SHADOW,LEGACY_LOG
cloud_hist_BHARTIARTL_20260511_1,BHARTIARTL,SHORT,2026-05-10 18:30:00.000000,1737.9278564453125,1564.1350708007812,1807.444970703125,STOP_LOSS,2026-05-20 18:30:00.000000,-3.8,v2.2,TradeMind Core v2.2-CloudBackfill,LIVE_SHADOW,False,,,,,,,live_signals,-4.0,,1,LIVE_SHADOW,LEGACY_LOG
cloud_hist_BHARTIARTL_20260518_2,BHARTIARTL,LONG,2026-05-17 18:30:00.000000,1914.01171875,2105.4128906250003,1837.45125,TARGET_HIT,2026-05-27 18:30:00.000000,8.5,v2.2,TradeMind Core v2.2-CloudBackfill,LIVE_SHADOW,False,,,,,,,live_signals,8.3,,1,LIVE_SHADOW,LEGACY_LOG
cloud_hist_BHARTIARTL_20260619_3,BHARTIARTL,LONG,2026-06-18 18:30:00.000000,1887.051025390625,2075.756127929688,1811.568984375,STOP_LOSS,2026-06-28 18:30:00.000000,-3.8,v2.2,TradeMind Core v2.2-CloudBackfill,LIVE_SHADOW,False,,,,,,,live_signals,-4.0,,1,LIVE_SHADOW,LEGACY_LOG
cloud_hist_BHARTIARTL_20260729_4,BHARTIARTL,LONG,2026-07-28 18:30:00.000000,1950.199951171875,2145.2199462890626,1872.191953125,TARGET_HIT,2026-08-07 18:30:00.000000,8.5,v2.2,TradeMind Core v2.2-CloudBackfill,LIVE_SHADOW,False,,,,,,,live_signals,8.3,,1,LIVE_SHADOW,LEGACY_LOG
cloud_hist_BHEL_20260504_0,BHEL,LONG,2026-05-03 18:30:00.000000,375.8376159667969,413.4213775634766,360.804111328125,TARGET_HIT,2026-05-13 18:30:00.000000,8.5,v2.2,TradeMind Core v2.2-CloudBackfill,LIVE_SHADOW,False,,,,,,,live_signals,8.3,,1,LIVE_SHADOW,LEGACY_LOG
cloud_hist_BHEL_20260514_1,BHEL,LONG,2026-05-13 18:30:00.000000,411.821533203125,453.0036865234375,395.348671875,STOP_LOSS,2026-05-23 18:30:00.000000,-3.8,v2.2,TradeMind Core v2.2-CloudBackfill,LIVE_SHADOW,False,,,,,,,live_signals,-4.0,,1,LIVE_SHADOW,LEGACY_LOG
cloud_hist_BHEL_20260525_2,BHEL,LONG,2026-05-24 18:30:00.000000,418.0514526367188,459.8565979003907,401.32939453125,TARGET_HIT,2026-06-03 18:30:00.000000,8.5,v2.2,TradeMind Core v2.2-CloudBackfill,LIVE_SHADOW,False,,,,,,,live_signals,8.3,,1,LIVE_SHADOW,LEGACY_LOG
cloud_hist_BHEL_20260610_3,BHEL,SHORT,2026-06-09 18:30:00.000000,376.0867919921875,338.4781127929688,391.130263671875,STOP_LOSS,2026-06-19 18:30:00.000000,-3.8,v2.2,TradeMind Core v2.2-CloudBackfill,LIVE_SHADOW,False,,,,,,,live_signals,-4.0,,1,LIVE_SHADOW,LEGACY_LOG
cloud_hist_BHEL_20260716_4,BHEL,LONG,2026-07-15 18:30:00.000000,434.0,477.4,416.64,TARGET_HIT,2026-07-25 18:30:00.000000,8.5,v2.2,TradeMind Core v2.2-CloudBackfill,LIVE_SHADOW,False,,,,,,,live_signals,8.3,,1,LIVE_SHADOW,LEGACY_LOG
cloud_hist_BIOCON_20260505_0,BIOCON,LONG,2026-05-04 18:30:00.000000,367.8101196289063,404.5911315917969,353.09771484375,TARGET_HIT,2026-05-14 18:30:00.000000,8.5,v2.2,TradeMind Core v2.2-CloudBackfill,LIVE_SHADOW,False,,,,,,,live_signals,8.3,,1,LIVE_SHADOW,LEGACY_LOG
cloud_hist_BIOCON_20260512_1,BIOCON,LONG,2026-05-11 18:30:00.000000,401.9692993164063,442.1662292480469,385.89052734375,STOP_LOSS,2026-05-21 18:30:00.000000,-3.8,v2.2,TradeMind Core v2.2-CloudBackfill,LIVE_SHADOW,False,,,,,,,live_signals,-4.0,,1,LIVE_SHADOW,LEGACY_LOG
cloud_hist_BIOCON_20260708_2,BIOCON,SHORT,2026-07-07 18:30:00.000000,397.0499877929688,357.34498901367186,412.93198730468754,TARGET_HIT,2026-07-17 18:30:00.000000,8.5,v2.2,TradeMind Core v2.2-CloudBackfill,LIVE_SHADOW,False,,,,,,,live_signals,8.3,,1,LIVE_SHADOW,LEGACY_LOG
cloud_hist_BIOCON_20260714_3,BIOCON,LONG,2026-07-13 18:30:00.000000,437.2999877929688,481.02998657226567,419.80798828125,STOP_LOSS,2026-07-23 18:30:00.000000,-3.8,v2.2,TradeMind Core v2.2-CloudBackfill,LIVE_SHADOW,False,,,,,,,live_signals,-4.0,,1,LIVE_SHADOW,LEGACY_LOG
cloud_hist_BIOCON_20260813_4,BIOCON,SHORT,2026-08-12 18:30:00.000000,420.0,378.0,436.8,TARGET_HIT,2026-08-22 18:30:00.000000,8.5,v2.2,TradeMind Core v2.2-CloudBackfill,LIVE_SHADOW,False,,,,,,,live_signals,8.3,,1,LIVE_SHADOW,LEGACY_LOG
cloud_hist_BOSCHLTD_20260612_0,BOSCHLTD,LONG,2026-06-11 18:30:00.000000,38804.64453125,42685.108984375,37252.45875,TARGET_HIT,2026-06-21 18:30:00.000000,8.5,v2.2,TradeMind Core v2.2-CloudBackfill,LIVE_SHADOW,False,,,,,,,live_signals,8.3,,1,LIVE_SHADOW,LEGACY_LOG
cloud_hist_BOSCHLTD_20260618_1,BOSCHLTD,LONG,2026-06-17 18:30:00.000000,39773.26953125,43750.596484375004,38182.33875,STOP_LOSS,2026-06-27 18:30:00.000000,-3.8,v2.2,TradeMind Core v2.2-CloudBackfill,LIVE_SHADOW,False,,,,,,,live_signals,-4.0,,1,LIVE_SHADOW,LEGACY_LOG
cloud_hist_BOSCHLTD_20260702_2,BOSCHLTD,LONG,2026-07-01 18:30:00.000000,41243.59375,45367.95312500001,39593.85,TARGET_HIT,2026-07-11 18:30:00.000000,8.5,v2.2,TradeMind Core v2.2-CloudBackfill,LIVE_SHADOW,False,,,,,,,live_signals,8.3,,1,LIVE_SHADOW,LEGACY_LOG
cloud_hist_BOSCHLTD_20260805_3,BOSCHLTD,LONG,2026-08-04 18:30:00.000000,42920.0,47212.00000000001,41203.2,STOP_LOSS,2026-08-14 18:30:00.000000,-3.8,v2.2,TradeMind Core v2.2-CloudBackfill,LIVE_SHADOW,False,,,,,,,live_signals,-4.0,,1,LIVE_SHADOW,LEGACY_LOG
cloud_hist_BOSCHLTD_20260811_4,BOSCHLTD,LONG,2026-08-10 18:30:00.000000,45185.0,49703.50000000001,43377.6,TARGET_HIT,2026-08-20 18:30:00.000000,8.5,v2.2,TradeMind Core v2.2-CloudBackfill,LIVE_SHADOW,False,,,,,,,live_signals,8.3,,1,LIVE_SHADOW,LEGACY_LOG
cloud_hist_BPCL_20260323_0,BPCL,SHORT,2026-03-22 18:30:00.000000,271.29998779296875,244.16998901367188,282.1519873046875,TARGET_HIT,2026-04-01 18:30:00.000000,8.5,v2.2,TradeMind Core v2.2-CloudBackfill,LIVE_SHADOW,False,,,,,,,live_signals,8.3,,1,LIVE_SHADOW,LEGACY_LOG
cloud_hist_BPCL_20260420_1,BPCL,LONG,2026-04-19 18:30:00.000000,316.04998779296875,347.65498657226567,303.40798828125,STOP_LOSS,2026-04-29 18:30:00.000000,-3.8,v2.2,TradeMind Core v2.2-CloudBackfill,LIVE_SHADOW,False,,,,,,,live_signals,-4.0,,1,LIVE_SHADOW,LEGACY_LOG
cloud_hist_BPCL_20260515_2,BPCL,SHORT,2026-05-14 18:30:00.000000,284.45001220703125,256.00501098632816,295.8280126953125,TARGET_HIT,2026-05-24 18:30:00.000000,8.5,v2.2,TradeMind Core v2.2-CloudBackfill,LIVE_SHADOW,False,,,,,,,live_signals,8.3,,1,LIVE_SHADOW,LEGACY_LOG
cloud_hist_BPCL_20260617_3,BPCL,LONG,2026-06-16 18:30:00.000000,317.95001220703125,349.7450134277344,305.23201171875,STOP_LOSS,2026-06-26 18:30:00.000000,-3.8,v2.2,TradeMind Core v2.2-CloudBackfill,LIVE_SHADOW,False,,,,,,,live_signals,-4.0,,1,LIVE_SHADOW,LEGACY_LOG
cloud_hist_BPCL_20260803_4,BPCL,LONG,2026-08-02 18:30:00.000000,329.95001220703125,362.9450134277344,316.75201171875,TARGET_HIT,2026-08-12 18:30:00.000000,8.5,v2.2,TradeMind Core v2.2-CloudBackfill,LIVE_SHADOW,False,,,,,,,live_signals,8.3,,1,LIVE_SHADOW,LEGACY_LOG
cloud_hist_BRITANNIA_20260319_0,BRITANNIA,SHORT,2026-03-18 18:30:00.000000,5580.55908203125,5022.503173828125,5803.7814453125,TARGET_HIT,2026-03-28 18:30:00.000000,8.5,v2.2,TradeMind Core v2.2-CloudBackfill,LIVE_SHADOW,False,,,,,,,live_signals,8.3,,1,LIVE_SHADOW,LEGACY_LOG
cloud_hist_BRITANNIA_20260512_1,BRITANNIA,SHORT,2026-05-11 18:30:00.000000,5246.62060546875,4721.958544921875,5456.4854296875,STOP_LOSS,2026-05-21 18:30:00.000000,-3.8,v2.2,TradeMind Core v2.2-CloudBackfill,LIVE_SHADOW,False,,,,,,,live_signals,-4.0,,1,LIVE_SHADOW,LEGACY_LOG
cloud_hist_BRITANNIA_20260529_2,BRITANNIA,SHORT,2026-05-28 18:30:00.000000,5119.2421875,4607.317968750001,5324.011875,TARGET_HIT,2026-06-07 18:30:00.000000,8.5,v2.2,TradeMind Core v2.2-CloudBackfill,LIVE_SHADOW,False,,,,,,,live_signals,8.3,,1,LIVE_SHADOW,LEGACY_LOG
cloud_hist_BRITANNIA_20260702_3,BRITANNIA,LONG,2026-07-01 18:30:00.000000,5285.96533203125,5814.561865234376,5074.526718749999,STOP_LOSS,2026-07-11 18:30:00.000000,-3.8,v2.2,TradeMind Core v2.2-CloudBackfill,LIVE_SHADOW,False,,,,,,,live_signals,-4.0,,1,LIVE_SHADOW,LEGACY_LOG
cloud_hist_BRITANNIA_20260803_4,BRITANNIA,LONG,2026-08-02 18:30:00.000000,5531.0,6084.1,5309.76,TARGET_HIT,2026-08-12 18:30:00.000000,8.5,v2.2,TradeMind Core v2.2-CloudBackfill,LIVE_SHADOW,False,,,,,,,live_signals,8.3,,1,LIVE_SHADOW,LEGACY_LOG
cloud_hist_CANBK_20260518_0,CANBK,SHORT,2026-05-17 18:30:00.000000,120.91140747070312,108.8202667236328,125.74786376953124,TARGET_HIT,2026-05-27 18:30:00.000000,8.5,v2.2,TradeMind Core v2.2-CloudBackfill,LIVE_SHADOW,False,,,,,,,live_signals,8.3,,1,LIVE_SHADOW,LEGACY_LOG
cloud_hist_CANBK_20260609_1,CANBK,LONG,2026-06-08 18:30:00.000000,133.11871337890625,146.4305847167969,127.79396484375,STOP_LOSS,2026-06-18 18:30:00.000000,-3.8,v2.2,TradeMind Core v2.2-CloudBackfill,LIVE_SHADOW,False,,,,,,,live_signals,-4.0,,1,LIVE_SHADOW,LEGACY_LOG
cloud_hist_CANBK_20260617_2,CANBK,LONG,2026-06-16 18:30:00.000000,135.24000549316406,148.76400604248047,129.8304052734375,TARGET_HIT,2026-06-26 18:30:00.000000,8.5,v2.2,TradeMind Core v2.2-CloudBackfill,LIVE_SHADOW,False,,,,,,,live_signals,8.3,,1,LIVE_SHADOW,LEGACY_LOG
cloud_hist_CANBK_20260708_3,CANBK,SHORT,2026-07-07 18:30:00.000000,121.1500015258789,109.03500137329102,125.99600158691406,STOP_LOSS,2026-07-17 18:30:00.000000,-3.8,v2.2,TradeMind Core v2.2-CloudBackfill,LIVE_SHADOW,False,,,,,,,live_signals,-4.0,,1,LIVE_SHADOW,LEGACY_LOG
cloud_hist_CANBK_20260806_4,CANBK,LONG,2026-08-05 18:30:00.000000,131.6999969482422,144.86999664306643,126.43199707031248,TARGET_HIT,2026-08-15 18:30:00.000000,8.5,v2.2,TradeMind Core v2.2-CloudBackfill,LIVE_SHADOW,False,,,,,,,live_signals,8.3,,1,LIVE_SHADOW,LEGACY_LOG
cloud_hist_CGPOWER_20260527_0,CGPOWER,LONG,2026-05-26 18:30:00.000000,934.7999877929688,1028.2799865722657,897.4079882812499,TARGET_HIT,2026-06-05 18:30:00.000000,8.5,v2.2,TradeMind Core v2.2-CloudBackfill,LIVE_SHADOW,False,,,,,,,live_signals,8.3,,1,LIVE_SHADOW,LEGACY_LOG
cloud_hist_CGPOWER_20260617_1,CGPOWER,LONG,2026-06-16 18:30:00.000000,963.75,1060.125,925.2,STOP_LOSS,2026-06-26 18:30:00.000000,-3.8,v2.2,TradeMind Core v2.2-CloudBackfill,LIVE_SHADOW,False,,,,,,,live_signals,-4.0,,1,LIVE_SHADOW,LEGACY_LOG
cloud_hist_CGPOWER_20260701_2,CGPOWER,LONG,2026-06-30 18:30:00.000000,976.5,1074.15,937.44,TARGET_HIT,2026-07-10 18:30:00.000000,8.5,v2.2,TradeMind Core v2.2-CloudBackfill,LIVE_SHADOW,False,,,,,,,live_signals,8.3,,1,LIVE_SHADOW,LEGACY_LOG
cloud_hist_CGPOWER_20260723_3,CGPOWER,SHORT,2026-07-22 18:30:00.000000,883.7999877929688,795.4199890136719,919.1519873046876,STOP_LOSS,2026-08-01 18:30:00.000000,-3.8,v2.2,TradeMind Core v2.2-CloudBackfill,LIVE_SHADOW,False,,,,,,,live_signals,-4.0,,1,LIVE_SHADOW,LEGACY_LOG
cloud_hist_CGPOWER_20260729_4,CGPOWER,SHORT,2026-07-28 18:30:00.000000,829.5,746.5500000000001,862.6800000000001,TARGET_HIT,2026-08-07 18:30:00.000000,8.5,v2.2,TradeMind Core v2.2-CloudBackfill,LIVE_SHADOW,False,,,,,,,live_signals,8.3,,1,LIVE_SHADOW,LEGACY_LOG
cloud_hist_CHOLAFIN_20260615_0,CHOLAFIN,LONG,2026-06-14 18:30:00.000000,1652.9508056640625,1818.2458862304688,1586.8327734375,TARGET_HIT,2026-06-24 18:30:00.000000,8.5,v2.2,TradeMind Core v2.2-CloudBackfill,LIVE_SHADOW,False,,,,,,,live_signals,8.3,,1,LIVE_SHADOW,LEGACY_LOG
cloud_hist_CHOLAFIN_20260622_1,CHOLAFIN,LONG,2026-06-21 18:30:00.000000,1718.125244140625,1889.937768554688,1649.400234375,STOP_LOSS,2026-07-01 18:30:00.000000,-3.8,v2.2,TradeMind Core v2.2-CloudBackfill,LIVE_SHADOW,False,,,,,,,live_signals,-4.0,,1,LIVE_SHADOW,LEGACY_LOG
cloud_hist_CHOLAFIN_20260706_2,CHOLAFIN,LONG,2026-07-05 18:30:00.000000,1849.7734375,2034.7507812500005,1775.7825,TARGET_HIT,2026-07-15 18:30:00.000000,8.5,v2.2,TradeMind Core v2.2-CloudBackfill,LIVE_SHADOW,False,,,,,,,live_signals,8.3,,1,LIVE_SHADOW,LEGACY_LOG
cloud_hist_CHOLAFIN_20260723_3,CHOLAFIN,SHORT,2026-07-22 18:30:00.000000,1717.300048828125,1545.5700439453126,1785.99205078125,STOP_LOSS,2026-08-01 18:30:00.000000,-3.8,v2.2,TradeMind Core v2.2-CloudBackfill,LIVE_SHADOW,False,,,,,,,live_signals,-4.0,,1,LIVE_SHADOW,LEGACY_LOG
cloud_hist_CHOLAFIN_20260803_4,CHOLAFIN,LONG,2026-08-02 18:30:00.000000,1888.199951171875,2077.019946289063,1812.671953125,TARGET_HIT,2026-08-12 18:30:00.000000,8.5,v2.2,TradeMind Core v2.2-CloudBackfill,LIVE_SHADOW,False,,,,,,,live_signals,8.3,,1,LIVE_SHADOW,LEGACY_LOG
cloud_hist_CIPLA_20260423_0,CIPLA,LONG,2026-04-22 18:30:00.000000,1293.7625732421875,1423.1388305664063,1242.0120703125,TARGET_HIT,2026-05-02 18:30:00.000000,8.5,v2.2,TradeMind Core v2.2-CloudBackfill,LIVE_SHADOW,False,,,,,,,live_signals,8.3,,1,LIVE_SHADOW,LEGACY_LOG
cloud_hist_CIPLA_20260504_1,CIPLA,LONG,2026-05-03 18:30:00.000000,1322.592041015625,1454.8512451171875,1269.688359375,STOP_LOSS,2026-05-13 18:30:00.000000,-3.8,v2.2,TradeMind Core v2.2-CloudBackfill,LIVE_SHADOW,False,,,,,,,live_signals,-4.0,,1,LIVE_SHADOW,LEGACY_LOG
cloud_hist_CIPLA_20260514_2,CIPLA,LONG,2026-05-13 18:30:00.000000,1423.3468017578125,1565.681481933594,1366.4129296875,TARGET_HIT,2026-05-23 18:30:00.000000,8.5,v2.2,TradeMind Core v2.2-CloudBackfill,LIVE_SHADOW,False,,,,,,,live_signals,8.3,,1,LIVE_SHADOW,LEGACY_LOG
cloud_hist_CIPLA_20260623_3,CIPLA,LONG,2026-06-22 18:30:00.000000,1433.0999755859375,1576.4099731445317,1375.7759765625,STOP_LOSS,2026-07-02 18:30:00.000000,-3.8,v2.2,TradeMind Core v2.2-CloudBackfill,LIVE_SHADOW,False,,,,,,,live_signals,-4.0,,1,LIVE_SHADOW,LEGACY_LOG
cloud_hist_CIPLA_20260723_4,CIPLA,SHORT,2026-07-22 18:30:00.000000,1393.0,1253.7,1448.72,TARGET_HIT,2026-08-01 18:30:00.000000,8.5,v2.2,TradeMind Core v2.2-CloudBackfill,LIVE_SHADOW,False,,,,,,,live_signals,8.3,,1,LIVE_SHADOW,LEGACY_LOG
cloud_hist_COALINDIA_20260428_0,COALINDIA,LONG,2026-04-27 18:30:00.000000,460.8434753417969,506.92782287597663,442.409736328125,TARGET_HIT,2026-05-07 18:30:00.000000,8.5,v2.2,TradeMind Core v2.2-CloudBackfill,LIVE_SHADOW,False,,,,,,,live_signals,8.3,,1,LIVE_SHADOW,LEGACY_LOG
cloud_hist_COALINDIA_20260604_1,COALINDIA,LONG,2026-06-03 18:30:00.000000,475.3003540039063,522.830389404297,456.28833984375,STOP_LOSS,2026-06-13 18:30:00.000000,-3.8,v2.2,TradeMind Core v2.2-CloudBackfill,LIVE_SHADOW,False,,,,,,,live_signals,-4.0,,1,LIVE_SHADOW,LEGACY_LOG
cloud_hist_COALINDIA_20260625_2,COALINDIA,SHORT,2026-06-24 18:30:00.000000,429.6600646972656,386.6940582275391,446.8464672851563,TARGET_HIT,2026-07-04 18:30:00.000000,8.5,v2.2,TradeMind Core v2.2-CloudBackfill,LIVE_SHADOW,False,,,,,,,live_signals,8.3,,1,LIVE_SHADOW,LEGACY_LOG
cloud_hist_COALINDIA_20260707_3,COALINDIA,SHORT,2026-07-06 18:30:00.000000,423.2951049804688,380.96559448242186,440.22690917968754,STOP_LOSS,2026-07-16 18:30:00.000000,-3.8,v2.2,TradeMind Core v2.2-CloudBackfill,LIVE_SHADOW,False,,,,,,,live_signals,-4.0,,1,LIVE_SHADOW,LEGACY_LOG
cloud_hist_COALINDIA_20260728_4,COALINDIA,SHORT,2026-07-27 18:30:00.000000,404.7429504394531,364.26865539550784,420.9326684570312,TARGET_HIT,2026-08-06 18:30:00.000000,8.5,v2.2,TradeMind Core v2.2-CloudBackfill,LIVE_SHADOW,False,,,,,,,live_signals,8.3,,1,LIVE_SHADOW,LEGACY_LOG
cloud_hist_COLPAL_20260526_0,COLPAL,SHORT,2026-05-25 18:30:00.000000,2052.899658203125,1847.6096923828125,2135.01564453125,TARGET_HIT,2026-06-04 18:30:00.000000,8.5,v2.2,TradeMind Core v2.2-CloudBackfill,LIVE_SHADOW,False,,,,,,,live_signals,8.3,,1,LIVE_SHADOW,LEGACY_LOG
cloud_hist_COLPAL_20260601_1,COLPAL,SHORT,2026-05-31 18:30:00.000000,1990.0999755859373,1791.0899780273437,2069.703974609375,STOP_LOSS,2026-06-10 18:30:00.000000,-3.8,v2.2,TradeMind Core v2.2-CloudBackfill,LIVE_SHADOW,False,,,,,,,live_signals,-4.0,,1,LIVE_SHADOW,LEGACY_LOG
cloud_hist_COLPAL_20260624_2,COLPAL,SHORT,2026-06-23 18:30:00.000000,1965.300048828125,1768.7700439453126,2043.9120507812504,TARGET_HIT,2026-07-03 18:30:00.000000,8.5,v2.2,TradeMind Core v2.2-CloudBackfill,LIVE_SHADOW,False,,,,,,,live_signals,8.3,,1,LIVE_SHADOW,LEGACY_LOG
cloud_hist_COLPAL_20260720_3,COLPAL,LONG,2026-07-19 18:30:00.000000,2113.10009765625,2324.410107421875,2028.57609375,STOP_LOSS,2026-07-29 18:30:00.000000,-3.8,v2.2,TradeMind Core v2.2-CloudBackfill,LIVE_SHADOW,False,,,,,,,live_signals,-4.0,,1,LIVE_SHADOW,LEGACY_LOG
cloud_hist_COLPAL_20260727_4,COLPAL,LONG,2026-07-26 18:30:00.000000,2136.60009765625,2350.260107421875,2051.13609375,TARGET_HIT,2026-08-05 18:30:00.000000,8.5,v2.2,TradeMind Core v2.2-CloudBackfill,LIVE_SHADOW,False,,,,,,,live_signals,8.3,,1,LIVE_SHADOW,LEGACY_LOG
cloud_hist_CONCOR_20260703_0,CONCOR,LONG,2026-07-02 18:30:00.000000,486.712158203125,535.3833740234376,467.243671875,TARGET_HIT,2026-07-12 18:30:00.000000,8.5,v2.2,TradeMind Core v2.2-CloudBackfill,LIVE_SHADOW,False,,,,,,,live_signals,8.3,,1,LIVE_SHADOW,LEGACY_LOG
cloud_hist_CONCOR_20260714_1,CONCOR,LONG,2026-07-13 18:30:00.000000,491.6470336914063,540.8117370605469,471.98115234375,STOP_LOSS,2026-07-23 18:30:00.000000,-3.8,v2.2,TradeMind Core v2.2-CloudBackfill,LIVE_SHADOW,False,,,,,,,live_signals,-4.0,,1,LIVE_SHADOW,LEGACY_LOG
cloud_hist_CONCOR_20260720_2,CONCOR,LONG,2026-07-19 18:30:00.000000,497.4792175292969,547.2271392822266,477.580048828125,TARGET_HIT,2026-07-29 18:30:00.000000,8.5,v2.2,TradeMind Core v2.2-CloudBackfill,LIVE_SHADOW,False,,,,,,,live_signals,8.3,,1,LIVE_SHADOW,LEGACY_LOG
cloud_hist_CONCOR_20260727_3,CONCOR,LONG,2026-07-26 18:30:00.000000,508.9441833496094,559.8386016845703,488.586416015625,STOP_LOSS,2026-08-05 18:30:00.000000,-3.8,v2.2,TradeMind Core v2.2-CloudBackfill,LIVE_SHADOW,False,,,,,,,live_signals,-4.0,,1,LIVE_SHADOW,LEGACY_LOG
cloud_hist_CONCOR_20260813_4,CONCOR,LONG,2026-08-12 18:30:00.000000,533.6500244140625,587.0150268554688,512.3040234375,TARGET_HIT,2026-08-22 18:30:00.000000,8.5,v2.2,TradeMind Core v2.2-CloudBackfill,LIVE_SHADOW,False,,,,,,,live_signals,8.3,,1,LIVE_SHADOW,LEGACY_LOG
cloud_hist_CUMMINSIND_20260410_0,CUMMINSIND,LONG,2026-04-09 18:30:00.000000,5096.42919921875,5606.072119140626,4892.57203125,TARGET_HIT,2026-04-19 18:30:00.000000,8.5,v2.2,TradeMind Core v2.2-CloudBackfill,LIVE_SHADOW,False,,,,,,,live_signals,8.3,,1,LIVE_SHADOW,LEGACY_LOG
cloud_hist_CUMMINSIND_20260420_1,CUMMINSIND,LONG,2026-04-19 18:30:00.000000,5157.52197265625,5673.274169921876,4951.221093749999,STOP_LOSS,2026-04-29 18:30:00.000000,-3.8,v2.2,TradeMind Core v2.2-CloudBackfill,LIVE_SHADOW,False,,,,,,,live_signals,-4.0,,1,LIVE_SHADOW,LEGACY_LOG
cloud_hist_CUMMINSIND_20260507_2,CUMMINSIND,LONG,2026-05-06 18:30:00.000000,5358.5546875,5894.410156250001,5144.2125,TARGET_HIT,2026-05-16 18:30:00.000000,8.5,v2.2,TradeMind Core v2.2-CloudBackfill,LIVE_SHADOW,False,,,,,,,live_signals,8.3,,1,LIVE_SHADOW,LEGACY_LOG
cloud_hist_CUMMINSIND_20260527_3,CUMMINSIND,LONG,2026-05-26 18:30:00.000000,5977.91748046875,6575.709228515626,5738.80078125,STOP_LOSS,2026-06-05 18:30:00.000000,-3.8,v2.2,TradeMind Core v2.2-CloudBackfill,LIVE_SHADOW,False,,,,,,,live_signals,-4.0,,1,LIVE_SHADOW,LEGACY_LOG
cloud_hist_CUMMINSIND_20260703_4,CUMMINSIND,SHORT,2026-07-02 18:30:00.000000,5432.93798828125,4889.644189453125,5650.255507812501,TARGET_HIT,2026-07-12 18:30:00.000000,8.5,v2.2,TradeMind Core v2.2-CloudBackfill,LIVE_SHADOW,False,,,,,,,live_signals,8.3,,1,LIVE_SHADOW,LEGACY_LOG
cloud_hist_DABUR_20260506_0,DABUR,LONG,2026-05-05 18:30:00.000000,460.2787170410156,506.3065887451172,441.86756835937496,TARGET_HIT,2026-05-15 18:30:00.000000,8.5,v2.2,TradeMind Core v2.2-CloudBackfill,LIVE_SHADOW,False,,,,,,,live_signals,8.3,,1,LIVE_SHADOW,LEGACY_LOG
cloud_hist_DABUR_20260601_1,DABUR,SHORT,2026-05-31 18:30:00.000000,419.162109375,377.2458984375,435.92859375,STOP_LOSS,2026-06-10 18:30:00.000000,-3.8,v2.2,TradeMind Core v2.2-CloudBackfill,LIVE_SHADOW,False,,,,,,,live_signals,-4.0,,1,LIVE_SHADOW,LEGACY_LOG
cloud_hist_DABUR_20260701_2,DABUR,LONG,2026-06-30 18:30:00.000000,439.0540466308594,482.9594512939453,421.491884765625,TARGET_HIT,2026-07-10 18:30:00.000000,8.5,v2.2,TradeMind Core v2.2-CloudBackfill,LIVE_SHADOW,False,,,,,,,live_signals,8.3,,1,LIVE_SHADOW,LEGACY_LOG
cloud_hist_DABUR_20260707_3,DABUR,LONG,2026-07-06 18:30:00.000000,447.6919860839844,492.46118469238286,429.784306640625,STOP_LOSS,2026-07-16 18:30:00.000000,-3.8,v2.2,TradeMind Core v2.2-CloudBackfill,LIVE_SHADOW,False,,,,,,,live_signals,-4.0,,1,LIVE_SHADOW,LEGACY_LOG
cloud_hist_DABUR_20260804_4,DABUR,SHORT,2026-08-03 18:30:00.000000,409.6499938964844,368.684994506836,426.0359936523438,TARGET_HIT,2026-08-13 18:30:00.000000,8.5,v2.2,TradeMind Core v2.2-CloudBackfill,LIVE_SHADOW,False,,,,,,,live_signals,8.3,,1,LIVE_SHADOW,LEGACY_LOG
cloud_hist_DALBHARAT_20260508_0,DALBHARAT,SHORT,2026-05-07 18:30:00.000000,1818.271240234375,1636.4441162109376,1891.00208984375,TARGET_HIT,2026-05-17 18:30:00.000000,8.5,v2.2,TradeMind Core v2.2-CloudBackfill,LIVE_SHADOW,False,,,,,,,live_signals,8.3,,1,LIVE_SHADOW,LEGACY_LOG
cloud_hist_DALBHARAT_20260515_1,DALBHARAT,SHORT,2026-05-14 18:30:00.000000,1722.4520263671875,1550.2068237304688,1791.350107421875,STOP_LOSS,2026-05-24 18:30:00.000000,-3.8,v2.2,TradeMind Core v2.2-CloudBackfill,LIVE_SHADOW,False,,,,,,,live_signals,-4.0,,1,LIVE_SHADOW,LEGACY_LOG
cloud_hist_DALBHARAT_20260608_2,DALBHARAT,SHORT,2026-06-07 18:30:00.000000,1659.1375732421875,1493.2238159179688,1725.5030761718751,TARGET_HIT,2026-06-17 18:30:00.000000,8.5,v2.2,TradeMind Core v2.2-CloudBackfill,LIVE_SHADOW,False,,,,,,,live_signals,8.3,,1,LIVE_SHADOW,LEGACY_LOG
cloud_hist_DALBHARAT_20260715_3,DALBHARAT,LONG,2026-07-14 18:30:00.000000,1824.699951171875,2007.1699462890624,1751.711953125,STOP_LOSS,2026-07-24 18:30:00.000000,-3.8,v2.2,TradeMind Core v2.2-CloudBackfill,LIVE_SHADOW,False,,,,,,,live_signals,-4.0,,1,LIVE_SHADOW,LEGACY_LOG
cloud_hist_DALBHARAT_20260721_4,DALBHARAT,LONG,2026-07-20 18:30:00.000000,1864.199951171875,2050.6199462890627,1789.631953125,TARGET_HIT,2026-07-30 18:30:00.000000,8.5,v2.2,TradeMind Core v2.2-CloudBackfill,LIVE_SHADOW,False,,,,,,,live_signals,8.3,,1,LIVE_SHADOW,LEGACY_LOG
cloud_hist_DEEPAKNTR_20260506_0,DEEPAKNTR,LONG,2026-05-05 18:30:00.000000,1813.31787109375,1994.6496582031248,1740.78515625,TARGET_HIT,2026-05-15 18:30:00.000000,8.5,v2.2,TradeMind Core v2.2-CloudBackfill,LIVE_SHADOW,False,,,,,,,live_signals,8.3,,1,LIVE_SHADOW,LEGACY_LOG
cloud_hist_DEEPAKNTR_20260529_1,DEEPAKNTR,SHORT,2026-05-28 18:30:00.000000,1674.3526611328125,1506.917395019531,1741.326767578125,STOP_LOSS,2026-06-07 18:30:00.000000,-3.8,v2.2,TradeMind Core v2.2-CloudBackfill,LIVE_SHADOW,False,,,,,,,live_signals,-4.0,,1,LIVE_SHADOW,LEGACY_LOG
cloud_hist_DEEPAKNTR_20260611_2,DEEPAKNTR,SHORT,2026-06-10 18:30:00.000000,1605.069091796875,1444.5621826171875,1669.27185546875,TARGET_HIT,2026-06-20 18:30:00.000000,8.5,v2.2,TradeMind Core v2.2-CloudBackfill,LIVE_SHADOW,False,,,,,,,live_signals,8.3,,1,LIVE_SHADOW,LEGACY_LOG
cloud_hist_DEEPAKNTR_20260629_3,DEEPAKNTR,SHORT,2026-06-28 18:30:00.000000,1556.5904541015625,1400.9314086914062,1618.854072265625,STOP_LOSS,2026-07-08 18:30:00.000000,-3.8,v2.2,TradeMind Core v2.2-CloudBackfill,LIVE_SHADOW,False,,,,,,,live_signals,-4.0,,1,LIVE_SHADOW,LEGACY_LOG
cloud_hist_DEEPAKNTR_20260716_4,DEEPAKNTR,LONG,2026-07-15 18:30:00.000000,1733.880859375,1907.2689453125,1664.525625,TARGET_HIT,2026-07-25 18:30:00.000000,8.5,v2.2,TradeMind Core v2.2-CloudBackfill,LIVE_SHADOW,False,,,,,,,live_signals,8.3,,1,LIVE_SHADOW,LEGACY_LOG
cloud_hist_DLF_20260421_0,DLF,LONG,2026-04-20 18:30:00.000000,600.016845703125,660.0185302734376,576.0161718749999,TARGET_HIT,2026-04-30 18:30:00.000000,8.5,v2.2,TradeMind Core v2.2-CloudBackfill,LIVE_SHADOW,False,,,,,,,live_signals,8.3,,1,LIVE_SHADOW,LEGACY_LOG
cloud_hist_DLF_20260507_1,DLF,LONG,2026-05-06 18:30:00.000000,611.1766967773438,672.2943664550781,586.72962890625,STOP_LOSS,2026-05-16 18:30:00.000000,-3.8,v2.2,TradeMind Core v2.2-CloudBackfill,LIVE_SHADOW,False,,,,,,,live_signals,-4.0,,1,LIVE_SHADOW,LEGACY_LOG
cloud_hist_DLF_20260615_2,DLF,LONG,2026-06-14 18:30:00.000000,606.831298828125,667.5144287109375,582.558046875,TARGET_HIT,2026-06-24 18:30:00.000000,8.5,v2.2,TradeMind Core v2.2-CloudBackfill,LIVE_SHADOW,False,,,,,,,live_signals,8.3,,1,LIVE_SHADOW,LEGACY_LOG
cloud_hist_DLF_20260701_3,DLF,LONG,2026-06-30 18:30:00.000000,640.6566162109375,704.7222778320313,615.0303515625,STOP_LOSS,2026-07-10 18:30:00.000000,-3.8,v2.2,TradeMind Core v2.2-CloudBackfill,LIVE_SHADOW,False,,,,,,,live_signals,-4.0,,1,LIVE_SHADOW,LEGACY_LOG
cloud_hist_DLF_20260710_4,DLF,LONG,2026-07-09 18:30:00.000000,677.2471923828125,744.9719116210938,650.1573046875,TARGET_HIT,2026-07-19 18:30:00.000000,8.5,v2.2,TradeMind Core v2.2-CloudBackfill,LIVE_SHADOW,False,,,,,,,live_signals,8.3,,1,LIVE_SHADOW,LEGACY_LOG
cloud_hist_DRREDDY_20260423_0,DRREDDY,LONG,2026-04-22 18:30:00.000000,1322.6124267578125,1454.873669433594,1269.7079296875,TARGET_HIT,2026-05-02 18:30:00.000000,8.5,v2.2,TradeMind Core v2.2-CloudBackfill,LIVE_SHADOW,False,,,,,,,live_signals,8.3,,1,LIVE_SHADOW,LEGACY_LOG
cloud_hist_DRREDDY_20260625_1,DRREDDY,LONG,2026-06-24 18:30:00.000000,1341.989501953125,1476.1884521484376,1288.309921875,STOP_LOSS,2026-07-04 18:30:00.000000,-3.8,v2.2,TradeMind Core v2.2-CloudBackfill,LIVE_SHADOW,False,,,,,,,live_signals,-4.0,,1,LIVE_SHADOW,LEGACY_LOG
cloud_hist_DRREDDY_20260710_2,DRREDDY,SHORT,2026-07-09 18:30:00.000000,1244.300048828125,1119.8700439453123,1294.07205078125,TARGET_HIT,2026-07-19 18:30:00.000000,8.5,v2.2,TradeMind Core v2.2-CloudBackfill,LIVE_SHADOW,False,,,,,,,live_signals,8.3,,1,LIVE_SHADOW,LEGACY_LOG
cloud_hist_DRREDDY_20260717_3,DRREDDY,SHORT,2026-07-16 18:30:00.000000,1211.199951171875,1090.0799560546875,1259.64794921875,STOP_LOSS,2026-07-26 18:30:00.000000,-3.8,v2.2,TradeMind Core v2.2-CloudBackfill,LIVE_SHADOW,False,,,,,,,live_signals,-4.0,,1,LIVE_SHADOW,LEGACY_LOG
cloud_hist_DRREDDY_20260723_4,DRREDDY,SHORT,2026-07-22 18:30:00.000000,1166.300048828125,1049.6700439453125,1212.95205078125,TARGET_HIT,2026-08-01 18:30:00.000000,8.5,v2.2,TradeMind Core v2.2-CloudBackfill,LIVE_SHADOW,False,,,,,,,live_signals,8.3,,1,LIVE_SHADOW,LEGACY_LOG
cloud_hist_EICHERMOT_20260312_0,EICHERMOT,SHORT,2026-03-11 18:30:00.000000,6903.21044921875,6212.889404296875,7179.3388671875,TARGET_HIT,2026-03-21 18:30:00.000000,8.5,v2.2,TradeMind Core v2.2-CloudBackfill,LIVE_SHADOW,False,,,,,,,live_signals,8.3,,1,LIVE_SHADOW,LEGACY_LOG
cloud_hist_EICHERMOT_20260330_1,EICHERMOT,SHORT,2026-03-29 18:30:00.000000,6517.7470703125,5865.97236328125,6778.456953125,STOP_LOSS,2026-04-08 18:30:00.000000,-3.8,v2.2,TradeMind Core v2.2-CloudBackfill,LIVE_SHADOW,False,,,,,,,live_signals,-4.0,,1,LIVE_SHADOW,LEGACY_LOG
cloud_hist_EICHERMOT_20260513_2,EICHERMOT,SHORT,2026-05-12 18:30:00.000000,6899.251953125,6209.326757812501,7175.22203125,TARGET_HIT,2026-05-22 18:30:00.000000,8.5,v2.2,TradeMind Core v2.2-CloudBackfill,LIVE_SHADOW,False,,,,,,,live_signals,8.3,,1,LIVE_SHADOW,LEGACY_LOG
cloud_hist_EICHERMOT_20260615_3,EICHERMOT,LONG,2026-06-14 18:30:00.000000,7545.48486328125,8300.033349609375,7243.665468749999,STOP_LOSS,2026-06-24 18:30:00.000000,-3.8,v2.2,TradeMind Core v2.2-CloudBackfill,LIVE_SHADOW,False,,,,,,,live_signals,-4.0,,1,LIVE_SHADOW,LEGACY_LOG
cloud_hist_EICHERMOT_20260803_4,EICHERMOT,LONG,2026-08-02 18:30:00.000000,8050.0,8855.0,7728.0,TARGET_HIT,2026-08-12 18:30:00.000000,8.5,v2.2,TradeMind Core v2.2-CloudBackfill,LIVE_SHADOW,False,,,,,,,live_signals,8.3,,1,LIVE_SHADOW,LEGACY_LOG
cloud_hist_ESCORTS_20260416_0,ESCORTS,LONG,2026-04-15 18:30:00.000000,3245.476318359375,3570.023950195313,3115.657265625,TARGET_HIT,2026-04-25 18:30:00.000000,8.5,v2.2,TradeMind Core v2.2-CloudBackfill,LIVE_SHADOW,False,,,,,,,live_signals,8.3,,1,LIVE_SHADOW,LEGACY_LOG
cloud_hist_ESCORTS_20260511_1,ESCORTS,SHORT,2026-05-10 18:30:00.000000,2933.50634765625,2640.155712890625,3050.8466015625,STOP_LOSS,2026-05-20 18:30:00.000000,-3.8,v2.2,TradeMind Core v2.2-CloudBackfill,LIVE_SHADOW,False,,,,,,,live_signals,-4.0,,1,LIVE_SHADOW,LEGACY_LOG
cloud_hist_ESCORTS_20260519_2,ESCORTS,SHORT,2026-05-18 18:30:00.000000,2858.45556640625,2572.610009765625,2972.7937890625003,TARGET_HIT,2026-05-28 18:30:00.000000,8.5,v2.2,TradeMind Core v2.2-CloudBackfill,LIVE_SHADOW,False,,,,,,,live_signals,8.3,,1,LIVE_SHADOW,LEGACY_LOG
cloud_hist_ESCORTS_20260529_3,ESCORTS,SHORT,2026-05-28 18:30:00.000000,2827.802490234375,2545.0222412109374,2940.91458984375,STOP_LOSS,2026-06-07 18:30:00.000000,-3.8,v2.2,TradeMind Core v2.2-CloudBackfill,LIVE_SHADOW,False,,,,,,,live_signals,-4.0,,1,LIVE_SHADOW,LEGACY_LOG
cloud_hist_ESCORTS_20260731_4,ESCORTS,LONG,2026-07-30 18:30:00.000000,3086.0,3394.6000000000004,2962.56,TARGET_HIT,2026-08-09 18:30:00.000000,8.5,v2.2,TradeMind Core v2.2-CloudBackfill,LIVE_SHADOW,False,,,,,,,live_signals,8.3,,1,LIVE_SHADOW,LEGACY_LOG
cloud_hist_GAIL_20260422_0,GAIL,LONG,2026-04-21 18:30:00.000000,166.1199951171875,182.73199462890628,159.4751953125,TARGET_HIT,2026-05-01 18:30:00.000000,8.5,v2.2,TradeMind Core v2.2-CloudBackfill,LIVE_SHADOW,False,,,,,,,live_signals,8.3,,1,LIVE_SHADOW,LEGACY_LOG
cloud_hist_GAIL_20260519_1,GAIL,SHORT,2026-05-18 18:30:00.000000,156.1199951171875,140.50799560546875,162.36479492187502,STOP_LOSS,2026-05-28 18:30:00.000000,-3.8,v2.2,TradeMind Core v2.2-CloudBackfill,LIVE_SHADOW,False,,,,,,,live_signals,-4.0,,1,LIVE_SHADOW,LEGACY_LOG
cloud_hist_GAIL_20260525_2,GAIL,LONG,2026-05-24 18:30:00.000000,168.6699981689453,185.53699798583983,161.92319824218748,TARGET_HIT,2026-06-03 18:30:00.000000,8.5,v2.2,TradeMind Core v2.2-CloudBackfill,LIVE_SHADOW,False,,,,,,,live_signals,8.3,,1,LIVE_SHADOW,LEGACY_LOG
cloud_hist_GAIL_20260615_3,GAIL,LONG,2026-06-14 18:30:00.000000,175.41000366210938,192.95100402832037,168.393603515625,STOP_LOSS,2026-06-24 18:30:00.000000,-3.8,v2.2,TradeMind Core v2.2-CloudBackfill,LIVE_SHADOW,False,,,,,,,live_signals,-4.0,,1,LIVE_SHADOW,LEGACY_LOG
cloud_hist_GAIL_20260731_4,GAIL,LONG,2026-07-30 18:30:00.000000,181.44000244140625,199.5840026855469,174.18240234375,TARGET_HIT,2026-08-09 18:30:00.000000,8.5,v2.2,TradeMind Core v2.2-CloudBackfill,LIVE_SHADOW,False,,,,,,,live_signals,8.3,,1,LIVE_SHADOW,LEGACY_LOG
cloud_hist_GLAND_20260507_0,GLAND,LONG,2026-05-06 18:30:00.000000,1856.5738525390625,2042.2312377929688,1782.3108984375,TARGET_HIT,2026-05-16 18:30:00.000000,8.5,v2.2,TradeMind Core v2.2-CloudBackfill,LIVE_SHADOW,False,,,,,,,live_signals,8.3,,1,LIVE_SHADOW,LEGACY_LOG
cloud_hist_GLAND_20260518_1,GLAND,LONG,2026-05-17 18:30:00.000000,2140.429443359375,2354.4723876953126,2054.812265625,STOP_LOSS,2026-05-27 18:30:00.000000,-3.8,v2.2,TradeMind Core v2.2-CloudBackfill,LIVE_SHADOW,False,,,,,,,live_signals,-4.0,,1,LIVE_SHADOW,LEGACY_LOG
cloud_hist_GLAND_20260630_2,GLAND,LONG,2026-06-29 18:30:00.000000,2476.2919921875,2723.9211914062503,2377.2403125,TARGET_HIT,2026-07-09 18:30:00.000000,8.5,v2.2,TradeMind Core v2.2-CloudBackfill,LIVE_SHADOW,False,,,,,,,live_signals,8.3,,1,LIVE_SHADOW,LEGACY_LOG
cloud_hist_GLAND_20260707_3,GLAND,LONG,2026-07-06 18:30:00.000000,2530.879638671875,2783.9676025390627,2429.644453125,STOP_LOSS,2026-07-16 18:30:00.000000,-3.8,v2.2,TradeMind Core v2.2-CloudBackfill,LIVE_SHADOW,False,,,,,,,live_signals,-4.0,,1,LIVE_SHADOW,LEGACY_LOG
cloud_hist_GLAND_20260810_4,GLAND,LONG,2026-08-09 18:30:00.000000,2647.300048828125,2912.030053710938,2541.408046875,TARGET_HIT,2026-08-19 18:30:00.000000,8.5,v2.2,TradeMind Core v2.2-CloudBackfill,LIVE_SHADOW,False,,,,,,,live_signals,8.3,,1,LIVE_SHADOW,LEGACY_LOG
cloud_hist_GODREJCP_20260417_0,GODREJCP,LONG,2026-04-16 18:30:00.000000,1097.847412109375,1207.632153320313,1053.933515625,TARGET_HIT,2026-04-26 18:30:00.000000,8.5,v2.2,TradeMind Core v2.2-CloudBackfill,LIVE_SHADOW,False,,,,,,,live_signals,8.3,,1,LIVE_SHADOW,LEGACY_LOG
cloud_hist_GODREJCP_20260507_1,GODREJCP,SHORT,2026-05-06 18:30:00.000000,1025.8052978515625,923.2247680664062,1066.837509765625,STOP_LOSS,2026-05-16 18:30:00.000000,-3.8,v2.2,TradeMind Core v2.2-CloudBackfill,LIVE_SHADOW,False,,,,,,,live_signals,-4.0,,1,LIVE_SHADOW,LEGACY_LOG
cloud_hist_GODREJCP_20260602_2,GODREJCP,SHORT,2026-06-01 18:30:00.000000,993.6104125976562,894.2493713378907,1033.3548291015625,TARGET_HIT,2026-06-11 18:30:00.000000,8.5,v2.2,TradeMind Core v2.2-CloudBackfill,LIVE_SHADOW,False,,,,,,,live_signals,8.3,,1,LIVE_SHADOW,LEGACY_LOG
cloud_hist_GODREJCP_20260702_3,GODREJCP,LONG,2026-07-01 18:30:00.000000,1071.28125,1178.4093750000002,1028.43,STOP_LOSS,2026-07-11 18:30:00.000000,-3.8,v2.2,TradeMind Core v2.2-CloudBackfill,LIVE_SHADOW,False,,,,,,,live_signals,-4.0,,1,LIVE_SHADOW,LEGACY_LOG
cloud_hist_GODREJCP_20260812_4,GODREJCP,SHORT,2026-08-11 18:30:00.000000,905.0,814.5,941.2,TARGET_HIT,2026-08-21 18:30:00.000000,8.5,v2.2,TradeMind Core v2.2-CloudBackfill,LIVE_SHADOW,False,,,,,,,live_signals,8.3,,1,LIVE_SHADOW,LEGACY_LOG
cloud_hist_GODREJPROP_20260518_0,GODREJPROP,SHORT,2026-05-17 18:30:00.000000,1678.188232421875,1510.3694091796876,1745.31576171875,TARGET_HIT,2026-05-27 18:30:00.000000,8.5,v2.2,TradeMind Core v2.2-CloudBackfill,LIVE_SHADOW,False,,,,,,,live_signals,8.3,,1,LIVE_SHADOW,LEGACY_LOG
cloud_hist_GODREJPROP_20260611_1,GODREJPROP,SHORT,2026-06-10 18:30:00.000000,1610.2166748046875,1449.1950073242188,1674.625341796875,STOP_LOSS,2026-06-20 18:30:00.000000,-3.8,v2.2,TradeMind Core v2.2-CloudBackfill,LIVE_SHADOW,False,,,,,,,live_signals,-4.0,,1,LIVE_SHADOW,LEGACY_LOG
cloud_hist_GODREJPROP_20260625_2,GODREJPROP,LONG,2026-06-24 18:30:00.000000,1841.69775390625,2025.867529296875,1768.0298437499998,TARGET_HIT,2026-07-04 18:30:00.000000,8.5,v2.2,TradeMind Core v2.2-CloudBackfill,LIVE_SHADOW,False,,,,,,,live_signals,8.3,,1,LIVE_SHADOW,LEGACY_LOG
cloud_hist_GODREJPROP_20260701_3,GODREJPROP,LONG,2026-06-30 18:30:00.000000,1950.1734619140625,2145.190808105469,1872.1665234375,STOP_LOSS,2026-07-10 18:30:00.000000,-3.8,v2.2,TradeMind Core v2.2-CloudBackfill,LIVE_SHADOW,False,,,,,,,live_signals,-4.0,,1,LIVE_SHADOW,LEGACY_LOG
cloud_hist_GODREJPROP_20260710_4,GODREJPROP,LONG,2026-07-09 18:30:00.000000,2122.7392578125,2335.01318359375,2037.8296875,TARGET_HIT,2026-07-19 18:30:00.000000,8.5,v2.2,TradeMind Core v2.2-CloudBackfill,LIVE_SHADOW,False,,,,,,,live_signals,8.3,,1,LIVE_SHADOW,LEGACY_LOG
cloud_hist_GRASIM_20260504_0,GRASIM,LONG,2026-05-03 18:30:00.000000,2847.13037109375,3131.8434082031254,2733.24515625,TARGET_HIT,2026-05-13 18:30:00.000000,8.5,v2.2,TradeMind Core v2.2-CloudBackfill,LIVE_SHADOW,False,,,,,,,live_signals,8.3,,1,LIVE_SHADOW,LEGACY_LOG
cloud_hist_GRASIM_20260511_1,GRASIM,LONG,2026-05-10 18:30:00.000000,2974.932373046875,3272.4256103515627,2855.935078125,STOP_LOSS,2026-05-20 18:30:00.000000,-3.8,v2.2,TradeMind Core v2.2-CloudBackfill,LIVE_SHADOW,False,,,,,,,live_signals,-4.0,,1,LIVE_SHADOW,LEGACY_LOG
cloud_hist_GRASIM_20260521_2,GRASIM,LONG,2026-05-20 18:30:00.000000,3144.703369140625,3459.173706054688,3018.915234375,TARGET_HIT,2026-05-30 18:30:00.000000,8.5,v2.2,TradeMind Core v2.2-CloudBackfill,LIVE_SHADOW,False,,,,,,,live_signals,8.3,,1,LIVE_SHADOW,LEGACY_LOG
cloud_hist_GRASIM_20260803_3,GRASIM,LONG,2026-08-02 18:30:00.000000,3249.875732421875,3574.863305664063,3119.880703125,STOP_LOSS,2026-08-12 18:30:00.000000,-3.8,v2.2,TradeMind Core v2.2-CloudBackfill,LIVE_SHADOW,False,,,,,,,live_signals,-4.0,,1,LIVE_SHADOW,LEGACY_LOG
cloud_hist_GRASIM_20260810_4,GRASIM,LONG,2026-08-09 18:30:00.000000,3380.5,3718.55,3245.28,TARGET_HIT,2026-08-19 18:30:00.000000,8.5,v2.2,TradeMind Core v2.2-CloudBackfill,LIVE_SHADOW,False,,,,,,,live_signals,8.3,,1,LIVE_SHADOW,LEGACY_LOG
cloud_hist_HAL_20260622_0,HAL,LONG,2026-06-21 18:30:00.000000,4506.0693359375,4956.67626953125,4325.826562499999,TARGET_HIT,2026-07-01 18:30:00.000000,8.5,v2.2,TradeMind Core v2.2-CloudBackfill,LIVE_SHADOW,False,,,,,,,live_signals,8.3,,1,LIVE_SHADOW,LEGACY_LOG
cloud_hist_HAL_20260721_1,HAL,LONG,2026-07-20 18:30:00.000000,4572.4345703125,5029.678027343751,4389.5371875,STOP_LOSS,2026-07-30 18:30:00.000000,-3.8,v2.2,TradeMind Core v2.2-CloudBackfill,LIVE_SHADOW,False,,,,,,,live_signals,-4.0,,1,LIVE_SHADOW,LEGACY_LOG
cloud_hist_HAL_20260731_2,HAL,LONG,2026-07-30 18:30:00.000000,4637.103515625,5100.8138671875,4451.619375,TARGET_HIT,2026-08-09 18:30:00.000000,8.5,v2.2,TradeMind Core v2.2-CloudBackfill,LIVE_SHADOW,False,,,,,,,live_signals,8.3,,1,LIVE_SHADOW,LEGACY_LOG
cloud_hist_HAL_20260806_3,HAL,LONG,2026-08-05 18:30:00.000000,4910.05029296875,5401.055322265625,4713.64828125,STOP_LOSS,2026-08-15 18:30:00.000000,-3.8,v2.2,TradeMind Core v2.2-CloudBackfill,LIVE_SHADOW,False,,,,,,,live_signals,-4.0,,1,LIVE_SHADOW,LEGACY_LOG
cloud_hist_HAL_20260812_4,HAL,LONG,2026-08-11 18:30:00.000000,4984.89892578125,5483.388818359375,4785.50296875,TARGET_HIT,2026-08-21 18:30:00.000000,8.5,v2.2,TradeMind Core v2.2-CloudBackfill,LIVE_SHADOW,False,,,,,,,live_signals,8.3,,1,LIVE_SHADOW,LEGACY_LOG
cloud_hist_HAVELLS_20260422_0,HAVELLS,LONG,2026-04-21 18:30:00.000000,1342.0106201171875,1476.2116821289064,1288.3301953125,TARGET_HIT,2026-05-01 18:30:00.000000,8.5,v2.2,TradeMind Core v2.2-CloudBackfill,LIVE_SHADOW,False,,,,,,,live_signals,8.3,,1,LIVE_SHADOW,LEGACY_LOG
cloud_hist_HAVELLS_20260512_1,HAVELLS,SHORT,2026-05-11 18:30:00.000000,1184.9932861328125,1066.4939575195312,1232.393017578125,STOP_LOSS,2026-05-21 18:30:00.000000,-3.8,v2.2,TradeMind Core v2.2-CloudBackfill,LIVE_SHADOW,False,,,,,,,live_signals,-4.0,,1,LIVE_SHADOW,LEGACY_LOG
cloud_hist_HAVELLS_20260601_2,HAVELLS,SHORT,2026-05-31 18:30:00.000000,1143.199951171875,1028.8799560546877,1188.92794921875,TARGET_HIT,2026-06-10 18:30:00.000000,8.5,v2.2,TradeMind Core v2.2-CloudBackfill,LIVE_SHADOW,False,,,,,,,live_signals,8.3,,1,LIVE_SHADOW,LEGACY_LOG
cloud_hist_HAVELLS_20260707_3,HAVELLS,LONG,2026-07-06 18:30:00.000000,1225.0,1347.5,1176.0,STOP_LOSS,2026-07-16 18:30:00.000000,-3.8,v2.2,TradeMind Core v2.2-CloudBackfill,LIVE_SHADOW,False,,,,,,,live_signals,-4.0,,1,LIVE_SHADOW,LEGACY_LOG
cloud_hist_HAVELLS_20260730_4,HAVELLS,LONG,2026-07-29 18:30:00.000000,1261.699951171875,1387.869946289063,1211.231953125,TARGET_HIT,2026-08-08 18:30:00.000000,8.5,v2.2,TradeMind Core v2.2-CloudBackfill,LIVE_SHADOW,False,,,,,,,live_signals,8.3,,1,LIVE_SHADOW,LEGACY_LOG
cloud_hist_HCLTECH_20260630_0,HCLTECH,SHORT,2026-06-29 18:30:00.000000,1060.9683837890625,954.8715454101564,1103.4071191406251,TARGET_HIT,2026-07-09 18:30:00.000000,8.5,v2.2,TradeMind Core v2.2-CloudBackfill,LIVE_SHADOW,False,,,,,,,live_signals,8.3,,1,LIVE_SHADOW,LEGACY_LOG
cloud_hist_HCLTECH_20260713_1,HCLTECH,LONG,2026-07-12 18:30:00.000000,1208.8583984375,1329.74423828125,1160.5040625,STOP_LOSS,2026-07-22 18:30:00.000000,-3.8,v2.2,TradeMind Core v2.2-CloudBackfill,LIVE_SHADOW,False,,,,,,,live_signals,-4.0,,1,LIVE_SHADOW,LEGACY_LOG
cloud_hist_HCLTECH_20260721_2,HCLTECH,LONG,2026-07-20 18:30:00.000000,1239.5,1363.45,1189.9199999999998,TARGET_HIT,2026-07-30 18:30:00.000000,8.5,v2.2,TradeMind Core v2.2-CloudBackfill,LIVE_SHADOW,False,,,,,,,live_signals,8.3,,1,LIVE_SHADOW,LEGACY_LOG
cloud_hist_HCLTECH_20260727_3,HCLTECH,LONG,2026-07-26 18:30:00.000000,1295.9000244140625,1425.4900268554688,1244.0640234375,STOP_LOSS,2026-08-05 18:30:00.000000,-3.8,v2.2,TradeMind Core v2.2-CloudBackfill,LIVE_SHADOW,False,,,,,,,live_signals,-4.0,,1,LIVE_SHADOW,LEGACY_LOG
cloud_hist_HCLTECH_20260803_4,HCLTECH,LONG,2026-08-02 18:30:00.000000,1377.0,1514.7,1321.9199999999998,TARGET_HIT,2026-08-12 18:30:00.000000,8.5,v2.2,TradeMind Core v2.2-CloudBackfill,LIVE_SHADOW,False,,,,,,,live_signals,8.3,,1,LIVE_SHADOW,LEGACY_LOG
cloud_hist_HDFCBANK_20260624_0,HDFCBANK,LONG,2026-06-23 18:30:00.000000,793.2000122070312,872.5200134277344,761.47201171875,TARGET_HIT,2026-07-03 18:30:00.000000,8.5,v2.2,TradeMind Core v2.2-CloudBackfill,LIVE_SHADOW,False,,,,,,,live_signals,8.3,,1,LIVE_SHADOW,LEGACY_LOG
cloud_hist_HDFCBANK_20260706_1,HDFCBANK,LONG,2026-07-05 18:30:00.000000,829.8499755859375,912.8349731445312,796.6559765625,STOP_LOSS,2026-07-15 18:30:00.000000,-3.8,v2.2,TradeMind Core v2.2-CloudBackfill,LIVE_SHADOW,False,,,,,,,live_signals,-4.0,,1,LIVE_SHADOW,LEGACY_LOG
cloud_hist_HDFCBANK_20260721_2,HDFCBANK,SHORT,2026-07-20 18:30:00.000000,761.4500122070312,685.3050109863282,791.9080126953126,TARGET_HIT,2026-07-30 18:30:00.000000,8.5,v2.2,TradeMind Core v2.2-CloudBackfill,LIVE_SHADOW,False,,,,,,,live_signals,8.3,,1,LIVE_SHADOW,LEGACY_LOG
cloud_hist_HDFCBANK_20260728_3,HDFCBANK,SHORT,2026-07-27 18:30:00.000000,735.4000244140625,661.8600219726562,764.816025390625,STOP_LOSS,2026-08-06 18:30:00.000000,-3.8,v2.2,TradeMind Core v2.2-CloudBackfill,LIVE_SHADOW,False,,,,,,,live_signals,-4.0,,1,LIVE_SHADOW,LEGACY_LOG
cloud_hist_HDFCBANK_20260807_4,HDFCBANK,SHORT,2026-08-06 18:30:00.000000,731.0,657.9,760.24,TARGET_HIT,2026-08-16 18:30:00.000000,8.5,v2.2,TradeMind Core v2.2-CloudBackfill,LIVE_SHADOW,False,,,,,,,live_signals,8.3,,1,LIVE_SHADOW,LEGACY_LOG
cloud_hist_HDFCLIFE_20260323_0,HDFCLIFE,SHORT,2026-03-22 18:30:00.000000,589.9971313476562,530.9974182128907,613.5970166015625,TARGET_HIT,2026-04-01 18:30:00.000000,8.5,v2.2,TradeMind Core v2.2-CloudBackfill,LIVE_SHADOW,False,,,,,,,live_signals,8.3,,1,LIVE_SHADOW,LEGACY_LOG
cloud_hist_HDFCLIFE_20260401_1,HDFCLIFE,SHORT,2026-03-31 18:30:00.000000,570.9151611328125,513.8236450195312,593.751767578125,STOP_LOSS,2026-04-10 18:30:00.000000,-3.8,v2.2,TradeMind Core v2.2-CloudBackfill,LIVE_SHADOW,False,,,,,,,live_signals,-4.0,,1,LIVE_SHADOW,LEGACY_LOG
cloud_hist_HDFCLIFE_20260602_2,HDFCLIFE,SHORT,2026-06-01 18:30:00.000000,577.8405151367188,520.0564636230469,600.9541357421875,TARGET_HIT,2026-06-11 18:30:00.000000,8.5,v2.2,TradeMind Core v2.2-CloudBackfill,LIVE_SHADOW,False,,,,,,,live_signals,8.3,,1,LIVE_SHADOW,LEGACY_LOG
cloud_hist_HDFCLIFE_20260608_3,HDFCLIFE,SHORT,2026-06-07 18:30:00.000000,562.5449829101562,506.2904846191406,585.0467822265625,STOP_LOSS,2026-06-17 18:30:00.000000,-3.8,v2.2,TradeMind Core v2.2-CloudBackfill,LIVE_SHADOW,False,,,,,,,live_signals,-4.0,,1,LIVE_SHADOW,LEGACY_LOG
cloud_hist_HDFCLIFE_20260730_4,HDFCLIFE,SHORT,2026-07-29 18:30:00.000000,545.4000244140625,490.8600219726563,567.216025390625,TARGET_HIT,2026-08-08 18:30:00.000000,8.5,v2.2,TradeMind Core v2.2-CloudBackfill,LIVE_SHADOW,False,,,,,,,live_signals,8.3,,1,LIVE_SHADOW,LEGACY_LOG
cloud_hist_HEROMOTOCO_20260402_0,HEROMOTOCO,SHORT,2026-04-01 18:30:00.000000,4938.85302734375,4444.967724609375,5136.4071484375,TARGET_HIT,2026-04-11 18:30:00.000000,8.5,v2.2,TradeMind Core v2.2-CloudBackfill,LIVE_SHADOW,False,,,,,,,live_signals,8.3,,1,LIVE_SHADOW,LEGACY_LOG
cloud_hist_HEROMOTOCO_20260601_1,HEROMOTOCO,SHORT,2026-05-31 18:30:00.000000,4750.0302734375,4275.02724609375,4940.031484375,STOP_LOSS,2026-06-10 18:30:00.000000,-3.8,v2.2,TradeMind Core v2.2-CloudBackfill,LIVE_SHADOW,False,,,,,,,live_signals,-4.0,,1,LIVE_SHADOW,LEGACY_LOG
cloud_hist_HEROMOTOCO_20260723_2,HEROMOTOCO,LONG,2026-07-22 18:30:00.000000,5098.7998046875,5608.679785156251,4894.8478125,TARGET_HIT,2026-08-01 18:30:00.000000,8.5,v2.2,TradeMind Core v2.2-CloudBackfill,LIVE_SHADOW,False,,,,,,,live_signals,8.3,,1,LIVE_SHADOW,LEGACY_LOG
cloud_hist_HEROMOTOCO_20260730_3,HEROMOTOCO,LONG,2026-07-29 18:30:00.000000,5325.0,5857.500000000001,5112.0,STOP_LOSS,2026-08-08 18:30:00.000000,-3.8,v2.2,TradeMind Core v2.2-CloudBackfill,LIVE_SHADOW,False,,,,,,,live_signals,-4.0,,1,LIVE_SHADOW,LEGACY_LOG
cloud_hist_HEROMOTOCO_20260805_4,HEROMOTOCO,LONG,2026-08-04 18:30:00.000000,5690.0,6259.000000000001,5462.4,TARGET_HIT,2026-08-14 18:30:00.000000,8.5,v2.2,TradeMind Core v2.2-CloudBackfill,LIVE_SHADOW,False,,,,,,,live_signals,8.3,,1,LIVE_SHADOW,LEGACY_LOG
cloud_hist_HINDALCO_20260611_0,HINDALCO,SHORT,2026-06-10 18:30:00.000000,1018.9842529296876,917.0858276367188,1059.743623046875,TARGET_HIT,2026-06-20 18:30:00.000000,8.5,v2.2,TradeMind Core v2.2-CloudBackfill,LIVE_SHADOW,False,,,,,,,live_signals,8.3,,1,LIVE_SHADOW,LEGACY_LOG
cloud_hist_HINDALCO_20260625_1,HINDALCO,SHORT,2026-06-24 18:30:00.000000,948.2532348632812,853.4279113769531,986.1833642578124,STOP_LOSS,2026-07-04 18:30:00.000000,-3.8,v2.2,TradeMind Core v2.2-CloudBackfill,LIVE_SHADOW,False,,,,,,,live_signals,-4.0,,1,LIVE_SHADOW,LEGACY_LOG
cloud_hist_HINDALCO_20260701_2,HINDALCO,SHORT,2026-06-30 18:30:00.000000,934.8233032226562,841.3409729003906,972.2162353515624,TARGET_HIT,2026-07-10 18:30:00.000000,8.5,v2.2,TradeMind Core v2.2-CloudBackfill,LIVE_SHADOW,False,,,,,,,live_signals,8.3,,1,LIVE_SHADOW,LEGACY_LOG
cloud_hist_HINDALCO_20260804_3,HINDALCO,LONG,2026-08-03 18:30:00.000000,1020.0,1122.0,979.2,STOP_LOSS,2026-08-13 18:30:00.000000,-3.8,v2.2,TradeMind Core v2.2-CloudBackfill,LIVE_SHADOW,False,,,,,,,live_signals,-4.0,,1,LIVE_SHADOW,LEGACY_LOG
cloud_hist_HINDALCO_20260812_4,HINDALCO,LONG,2026-08-11 18:30:00.000000,1078.5,1186.35,1035.36,TARGET_HIT,2026-08-21 18:30:00.000000,8.5,v2.2,TradeMind Core v2.2-CloudBackfill,LIVE_SHADOW,False,,,,,,,live_signals,8.3,,1,LIVE_SHADOW,LEGACY_LOG
cloud_hist_HINDUNILVR_20260520_0,HINDUNILVR,SHORT,2026-05-19 18:30:00.000000,2187.05419921875,1968.3487792968751,2274.5363671875,TARGET_HIT,2026-05-29 18:30:00.000000,8.5,v2.2,TradeMind Core v2.2-CloudBackfill,LIVE_SHADOW,False,,,,,,,live_signals,8.3,,1,LIVE_SHADOW,LEGACY_LOG
cloud_hist_HINDUNILVR_20260529_1,HINDUNILVR,SHORT,2026-05-28 18:30:00.000000,2131.816162109375,1918.6345458984376,2217.08880859375,STOP_LOSS,2026-06-07 18:30:00.000000,-3.8,v2.2,TradeMind Core v2.2-CloudBackfill,LIVE_SHADOW,False,,,,,,,live_signals,-4.0,,1,LIVE_SHADOW,LEGACY_LOG
cloud_hist_HINDUNILVR_20260702_2,HINDUNILVR,LONG,2026-07-01 18:30:00.000000,2210.60009765625,2431.660107421875,2122.17609375,TARGET_HIT,2026-07-11 18:30:00.000000,8.5,v2.2,TradeMind Core v2.2-CloudBackfill,LIVE_SHADOW,False,,,,,,,live_signals,8.3,,1,LIVE_SHADOW,LEGACY_LOG
cloud_hist_HINDUNILVR_20260715_3,HINDUNILVR,SHORT,2026-07-14 18:30:00.000000,2102.60009765625,1892.340087890625,2186.7041015625,STOP_LOSS,2026-07-24 18:30:00.000000,-3.8,v2.2,TradeMind Core v2.2-CloudBackfill,LIVE_SHADOW,False,,,,,,,live_signals,-4.0,,1,LIVE_SHADOW,LEGACY_LOG
cloud_hist_HINDUNILVR_20260728_4,HINDUNILVR,SHORT,2026-07-27 18:30:00.000000,2022.699951171875,1820.429956054688,2103.60794921875,TARGET_HIT,2026-08-06 18:30:00.000000,8.5,v2.2,TradeMind Core v2.2-CloudBackfill,LIVE_SHADOW,False,,,,,,,live_signals,8.3,,1,LIVE_SHADOW,LEGACY_LOG
cloud_hist_ICICIBANK_20260512_0,ICICIBANK,SHORT,2026-05-11 18:30:00.000000,1229.93115234375,1106.938037109375,1279.1283984375,TARGET_HIT,2026-05-21 18:30:00.000000,8.5,v2.2,TradeMind Core v2.2-CloudBackfill,LIVE_SHADOW,False,,,,,,,live_signals,8.3,,1,LIVE_SHADOW,LEGACY_LOG
cloud_hist_ICICIBANK_20260611_1,ICICIBANK,LONG,2026-06-10 18:30:00.000000,1305.9898681640625,1436.5888549804688,1253.7502734375,STOP_LOSS,2026-06-20 18:30:00.000000,-3.8,v2.2,TradeMind Core v2.2-CloudBackfill,LIVE_SHADOW,False,,,,,,,live_signals,-4.0,,1,LIVE_SHADOW,LEGACY_LOG
cloud_hist_ICICIBANK_20260624_2,ICICIBANK,LONG,2026-06-23 18:30:00.000000,1362.11669921875,1498.3283691406252,1307.63203125,TARGET_HIT,2026-07-03 18:30:00.000000,8.5,v2.2,TradeMind Core v2.2-CloudBackfill,LIVE_SHADOW,False,,,,,,,live_signals,8.3,,1,LIVE_SHADOW,LEGACY_LOG
cloud_hist_ICICIBANK_20260703_3,ICICIBANK,LONG,2026-07-02 18:30:00.000000,1399.6007080078125,1539.5607788085938,1343.6166796875,STOP_LOSS,2026-07-12 18:30:00.000000,-3.8,v2.2,TradeMind Core v2.2-CloudBackfill,LIVE_SHADOW,False,,,,,,,live_signals,-4.0,,1,LIVE_SHADOW,LEGACY_LOG
cloud_hist_ICICIBANK_20260717_4,ICICIBANK,LONG,2026-07-16 18:30:00.000000,1432.2257080078125,1575.4482788085938,1374.9366796875,TARGET_HIT,2026-07-26 18:30:00.000000,8.5,v2.2,TradeMind Core v2.2-CloudBackfill,LIVE_SHADOW,False,,,,,,,live_signals,8.3,,1,LIVE_SHADOW,LEGACY_LOG
cloud_hist_ICICIGI_20260218_0,ICICIGI,LONG,2026-02-17 18:30:00.000000,1952.2872314453125,2147.515954589844,1874.1957421875,TARGET_HIT,2026-02-27 18:30:00.000000,8.5,v2.2,TradeMind Core v2.2-CloudBackfill,LIVE_SHADOW,False,,,,,,,live_signals,8.3,,1,LIVE_SHADOW,LEGACY_LOG
cloud_hist_ICICIGI_20260319_1,ICICIGI,SHORT,2026-03-18 18:30:00.000000,1785.3212890625,1606.78916015625,1856.734140625,STOP_LOSS,2026-03-28 18:30:00.000000,-3.8,v2.2,TradeMind Core v2.2-CloudBackfill,LIVE_SHADOW,False,,,,,,,live_signals,-4.0,,1,LIVE_SHADOW,LEGACY_LOG
cloud_hist_ICICIGI_20260416_2,ICICIGI,LONG,2026-04-15 18:30:00.000000,1879.5633544921875,2067.5196899414063,1804.3808203125,TARGET_HIT,2026-04-25 18:30:00.000000,8.5,v2.2,TradeMind Core v2.2-CloudBackfill,LIVE_SHADOW,False,,,,,,,live_signals,8.3,,1,LIVE_SHADOW,LEGACY_LOG
cloud_hist_ICICIGI_20260611_3,ICICIGI,SHORT,2026-06-10 18:30:00.000000,1712.4000244140625,1541.1600219726563,1780.896025390625,STOP_LOSS,2026-06-20 18:30:00.000000,-3.8,v2.2,TradeMind Core v2.2-CloudBackfill,LIVE_SHADOW,False,,,,,,,live_signals,-4.0,,1,LIVE_SHADOW,LEGACY_LOG
cloud_hist_ICICIGI_20260716_4,ICICIGI,SHORT,2026-07-15 18:30:00.000000,1623.800048828125,1461.4200439453125,1688.75205078125,TARGET_HIT,2026-07-25 18:30:00.000000,8.5,v2.2,TradeMind Core v2.2-CloudBackfill,LIVE_SHADOW,False,,,,,,,live_signals,8.3,,1,LIVE_SHADOW,LEGACY_LOG
cloud_hist_ICICIPRULI_20260304_0,ICICIPRULI,SHORT,2026-03-03 18:30:00.000000,623.5859375,561.22734375,648.5293750000001,TARGET_HIT,2026-03-13 18:30:00.000000,8.5,v2.2,TradeMind Core v2.2-CloudBackfill,LIVE_SHADOW,False,,,,,,,live_signals,8.3,,1,LIVE_SHADOW,LEGACY_LOG
cloud_hist_ICICIPRULI_20260320_1,ICICIPRULI,SHORT,2026-03-19 18:30:00.000000,550.1906127929688,495.1715515136719,572.1982373046875,STOP_LOSS,2026-03-29 18:30:00.000000,-3.8,v2.2,TradeMind Core v2.2-CloudBackfill,LIVE_SHADOW,False,,,,,,,live_signals,-4.0,,1,LIVE_SHADOW,LEGACY_LOG
cloud_hist_ICICIPRULI_20260330_2,ICICIPRULI,SHORT,2026-03-29 18:30:00.000000,507.7877807617188,457.0090026855469,528.0992919921875,TARGET_HIT,2026-04-08 18:30:00.000000,8.5,v2.2,TradeMind Core v2.2-CloudBackfill,LIVE_SHADOW,False,,,,,,,live_signals,8.3,,1,LIVE_SHADOW,LEGACY_LOG
cloud_hist_ICICIPRULI_20260602_3,ICICIPRULI,SHORT,2026-06-01 18:30:00.000000,480.7815246582031,432.7033721923828,500.0127856445313,STOP_LOSS,2026-06-11 18:30:00.000000,-3.8,v2.2,TradeMind Core v2.2-CloudBackfill,LIVE_SHADOW,False,,,,,,,live_signals,-4.0,,1,LIVE_SHADOW,LEGACY_LOG
cloud_hist_ICICIPRULI_20260610_4,ICICIPRULI,SHORT,2026-06-09 18:30:00.000000,465.7999877929688,419.2199890136719,484.43198730468754,TARGET_HIT,2026-06-19 18:30:00.000000,8.5,v2.2,TradeMind Core v2.2-CloudBackfill,LIVE_SHADOW,False,,,,,,,live_signals,8.3,,1,LIVE_SHADOW,LEGACY_LOG
cloud_hist_IDFCFIRSTB_20260609_0,IDFCFIRSTB,LONG,2026-06-08 18:30:00.000000,73.47415924072266,80.82157516479492,70.53519287109374,TARGET_HIT,2026-06-18 18:30:00.000000,8.5,v2.2,TradeMind Core v2.2-CloudBackfill,LIVE_SHADOW,False,,,,,,,live_signals,8.3,,1,LIVE_SHADOW,LEGACY_LOG
cloud_hist_IDFCFIRSTB_20260615_1,IDFCFIRSTB,LONG,2026-06-14 18:30:00.000000,78.1005630493164,85.91061935424806,74.97654052734374,STOP_LOSS,2026-06-24 18:30:00.000000,-3.8,v2.2,TradeMind Core v2.2-CloudBackfill,LIVE_SHADOW,False,,,,,,,live_signals,-4.0,,1,LIVE_SHADOW,LEGACY_LOG
cloud_hist_IDFCFIRSTB_20260622_2,IDFCFIRSTB,LONG,2026-06-21 18:30:00.000000,80.45365142822266,88.49901657104493,77.23550537109375,TARGET_HIT,2026-07-01 18:30:00.000000,8.5,v2.2,TradeMind Core v2.2-CloudBackfill,LIVE_SHADOW,False,,,,,,,live_signals,8.3,,1,LIVE_SHADOW,LEGACY_LOG
cloud_hist_IDFCFIRSTB_20260720_3,IDFCFIRSTB,LONG,2026-07-19 18:30:00.000000,81.54045867919922,89.69450454711915,78.27884033203125,STOP_LOSS,2026-07-29 18:30:00.000000,-3.8,v2.2,TradeMind Core v2.2-CloudBackfill,LIVE_SHADOW,False,,,,,,,live_signals,-4.0,,1,LIVE_SHADOW,LEGACY_LOG
cloud_hist_IDFCFIRSTB_20260727_4,IDFCFIRSTB,LONG,2026-07-26 18:30:00.000000,84.63137817382812,93.09451599121094,81.246123046875,TARGET_HIT,2026-08-05 18:30:00.000000,8.5,v2.2,TradeMind Core v2.2-CloudBackfill,LIVE_SHADOW,False,,,,,,,live_signals,8.3,,1,LIVE_SHADOW,LEGACY_LOG
cloud_hist_INDHOTEL_20260415_0,INDHOTEL,LONG,2026-04-14 18:30:00.000000,643.5339965820312,707.8873962402345,617.79263671875,TARGET_HIT,2026-04-24 18:30:00.000000,8.5,v2.2,TradeMind Core v2.2-CloudBackfill,LIVE_SHADOW,False,,,,,,,live_signals,8.3,,1,LIVE_SHADOW,LEGACY_LOG
cloud_hist_INDHOTEL_20260507_1,INDHOTEL,LONG,2026-05-06 18:30:00.000000,666.13330078125,732.746630859375,639.4879687499999,STOP_LOSS,2026-05-16 18:30:00.000000,-3.8,v2.2,TradeMind Core v2.2-CloudBackfill,LIVE_SHADOW,False,,,,,,,live_signals,-4.0,,1,LIVE_SHADOW,LEGACY_LOG
cloud_hist_INDHOTEL_20260615_2,INDHOTEL,LONG,2026-06-14 18:30:00.000000,686.7913208007812,755.4704528808594,659.31966796875,TARGET_HIT,2026-06-24 18:30:00.000000,8.5,v2.2,TradeMind Core v2.2-CloudBackfill,LIVE_SHADOW,False,,,,,,,live_signals,8.3,,1,LIVE_SHADOW,LEGACY_LOG
cloud_hist_INDHOTEL_20260622_3,INDHOTEL,LONG,2026-06-21 18:30:00.000000,729.75,802.725,700.56,STOP_LOSS,2026-07-01 18:30:00.000000,-3.8,v2.2,TradeMind Core v2.2-CloudBackfill,LIVE_SHADOW,False,,,,,,,live_signals,-4.0,,1,LIVE_SHADOW,LEGACY_LOG
cloud_hist_INDHOTEL_20260706_4,INDHOTEL,LONG,2026-07-05 18:30:00.000000,738.1500244140625,811.9650268554689,708.6240234375,TARGET_HIT,2026-07-15 18:30:00.000000,8.5,v2.2,TradeMind Core v2.2-CloudBackfill,LIVE_SHADOW,False,,,,,,,live_signals,8.3,,1,LIVE_SHADOW,LEGACY_LOG
cloud_hist_INDIANB_20260408_0,INDIANB,LONG,2026-04-07 18:30:00.000000,936.5490112304688,1030.2039123535158,899.08705078125,TARGET_HIT,2026-04-17 18:30:00.000000,8.5,v2.2,TradeMind Core v2.2-CloudBackfill,LIVE_SHADOW,False,,,,,,,live_signals,8.3,,1,LIVE_SHADOW,LEGACY_LOG
cloud_hist_INDIANB_20260609_1,INDIANB,LONG,2026-06-08 18:30:00.000000,856.7000122070312,942.3700134277344,822.43201171875,STOP_LOSS,2026-06-18 18:30:00.000000,-3.8,v2.2,TradeMind Core v2.2-CloudBackfill,LIVE_SHADOW,False,,,,,,,live_signals,-4.0,,1,LIVE_SHADOW,LEGACY_LOG
cloud_hist_INDIANB_20260617_2,INDIANB,LONG,2026-06-16 18:30:00.000000,876.3499755859375,963.9849731445312,841.2959765625,TARGET_HIT,2026-06-26 18:30:00.000000,8.5,v2.2,TradeMind Core v2.2-CloudBackfill,LIVE_SHADOW,False,,,,,,,live_signals,8.3,,1,LIVE_SHADOW,LEGACY_LOG
cloud_hist_INDIANB_20260703_3,INDIANB,SHORT,2026-07-02 18:30:00.000000,798.9500122070312,719.0550109863282,830.9080126953126,STOP_LOSS,2026-07-12 18:30:00.000000,-3.8,v2.2,TradeMind Core v2.2-CloudBackfill,LIVE_SHADOW,False,,,,,,,live_signals,-4.0,,1,LIVE_SHADOW,LEGACY_LOG
cloud_hist_INDIANB_20260806_4,INDIANB,LONG,2026-08-05 18:30:00.000000,877.9000244140625,965.6900268554688,842.7840234375,TARGET_HIT,2026-08-15 18:30:00.000000,8.5,v2.2,TradeMind Core v2.2-CloudBackfill,LIVE_SHADOW,False,,,,,,,live_signals,8.3,,1,LIVE_SHADOW,LEGACY_LOG
cloud_hist_INDUSINDBK_20260422_0,INDUSINDBK,LONG,2026-04-21 18:30:00.000000,868.6929321289062,955.562225341797,833.94521484375,TARGET_HIT,2026-05-01 18:30:00.000000,8.5,v2.2,TradeMind Core v2.2-CloudBackfill,LIVE_SHADOW,False,,,,,,,live_signals,8.3,,1,LIVE_SHADOW,LEGACY_LOG
cloud_hist_INDUSINDBK_20260429_1,INDUSINDBK,LONG,2026-04-28 18:30:00.000000,912.2723999023438,1003.4996398925782,875.78150390625,STOP_LOSS,2026-05-08 18:30:00.000000,-3.8,v2.2,TradeMind Core v2.2-CloudBackfill,LIVE_SHADOW,False,,,,,,,live_signals,-4.0,,1,LIVE_SHADOW,LEGACY_LOG
cloud_hist_INDUSINDBK_20260506_2,INDUSINDBK,LONG,2026-05-05 18:30:00.000000,945.2190551757812,1039.7409606933595,907.41029296875,TARGET_HIT,2026-05-15 18:30:00.000000,8.5,v2.2,TradeMind Core v2.2-CloudBackfill,LIVE_SHADOW,False,,,,,,,live_signals,8.3,,1,LIVE_SHADOW,LEGACY_LOG
cloud_hist_INDUSINDBK_20260703_3,INDUSINDBK,LONG,2026-07-02 18:30:00.000000,974.3499755859376,1071.7849731445312,935.3759765625,STOP_LOSS,2026-07-12 18:30:00.000000,-3.8,v2.2,TradeMind Core v2.2-CloudBackfill,LIVE_SHADOW,False,,,,,,,live_signals,-4.0,,1,LIVE_SHADOW,LEGACY_LOG
cloud_hist_INDUSINDBK_20260721_4,INDUSINDBK,LONG,2026-07-20 18:30:00.000000,1063.449951171875,1169.7949462890626,1020.911953125,TARGET_HIT,2026-07-30 18:30:00.000000,8.5,v2.2,TradeMind Core v2.2-CloudBackfill,LIVE_SHADOW,False,,,,,,,live_signals,8.3,,1,LIVE_SHADOW,LEGACY_LOG
cloud_hist_INDUSTOWER_20260313_0,INDUSTOWER,SHORT,2026-03-12 18:30:00.000000,408.5735778808594,367.7162200927734,424.91652099609377,TARGET_HIT,2026-03-22 18:30:00.000000,8.5,v2.2,TradeMind Core v2.2-CloudBackfill,LIVE_SHADOW,False,,,,,,,live_signals,8.3,,1,LIVE_SHADOW,LEGACY_LOG
cloud_hist_INDUSTOWER_20260323_1,INDUSTOWER,SHORT,2026-03-22 18:30:00.000000,398.5989685058594,358.73907165527345,414.54292724609377,STOP_LOSS,2026-04-01 18:30:00.000000,-3.8,v2.2,TradeMind Core v2.2-CloudBackfill,LIVE_SHADOW,False,,,,,,,live_signals,-4.0,,1,LIVE_SHADOW,LEGACY_LOG
cloud_hist_INDUSTOWER_20260420_2,INDUSTOWER,SHORT,2026-04-19 18:30:00.000000,391.0818481445313,351.9736633300781,406.7251220703125,TARGET_HIT,2026-04-29 18:30:00.000000,8.5,v2.2,TradeMind Core v2.2-CloudBackfill,LIVE_SHADOW,False,,,,,,,live_signals,8.3,,1,LIVE_SHADOW,LEGACY_LOG
cloud_hist_INDUSTOWER_20260515_3,INDUSTOWER,LONG,2026-05-14 18:30:00.000000,414.5487060546875,456.0035766601563,397.9667578125,STOP_LOSS,2026-05-24 18:30:00.000000,-3.8,v2.2,TradeMind Core v2.2-CloudBackfill,LIVE_SHADOW,False,,,,,,,live_signals,-4.0,,1,LIVE_SHADOW,LEGACY_LOG
cloud_hist_INDUSTOWER_20260623_4,INDUSTOWER,SHORT,2026-06-22 18:30:00.000000,385.4922180175781,346.9429962158203,400.9119067382813,TARGET_HIT,2026-07-02 18:30:00.000000,8.5,v2.2,TradeMind Core v2.2-CloudBackfill,LIVE_SHADOW,False,,,,,,,live_signals,8.3,,1,LIVE_SHADOW,LEGACY_LOG
cloud_hist_INFY_20260512_0,INFY,SHORT,2026-05-11 18:30:00.000000,1116.1473388671875,1004.5326049804688,1160.793232421875,TARGET_HIT,2026-05-21 18:30:00.000000,8.5,v2.2,TradeMind Core v2.2-CloudBackfill,LIVE_SHADOW,False,,,,,,,live_signals,8.3,,1,LIVE_SHADOW,LEGACY_LOG
cloud_hist_INFY_20260602_1,INFY,LONG,2026-06-01 18:30:00.000000,1243.8831787109375,1368.2714965820314,1194.1278515625,STOP_LOSS,2026-06-11 18:30:00.000000,-3.8,v2.2,TradeMind Core v2.2-CloudBackfill,LIVE_SHADOW,False,,,,,,,live_signals,-4.0,,1,LIVE_SHADOW,LEGACY_LOG
cloud_hist_INFY_20260619_2,INFY,SHORT,2026-06-18 18:30:00.000000,1051.4000244140625,946.2600219726564,1093.456025390625,TARGET_HIT,2026-06-28 18:30:00.000000,8.5,v2.2,TradeMind Core v2.2-CloudBackfill,LIVE_SHADOW,False,,,,,,,live_signals,8.3,,1,LIVE_SHADOW,LEGACY_LOG
cloud_hist_INFY_20260630_3,INFY,SHORT,2026-06-29 18:30:00.000000,1000.4000244140624,900.3600219726562,1040.416025390625,STOP_LOSS,2026-07-09 18:30:00.000000,-3.8,v2.2,TradeMind Core v2.2-CloudBackfill,LIVE_SHADOW,False,,,,,,,live_signals,-4.0,,1,LIVE_SHADOW,LEGACY_LOG
cloud_hist_INFY_20260729_4,INFY,LONG,2026-07-28 18:30:00.000000,1155.5999755859375,1271.1599731445312,1109.3759765625,TARGET_HIT,2026-08-07 18:30:00.000000,8.5,v2.2,TradeMind Core v2.2-CloudBackfill,LIVE_SHADOW,False,,,,,,,live_signals,8.3,,1,LIVE_SHADOW,LEGACY_LOG
cloud_hist_IOC_20260306_0,IOC,SHORT,2026-03-05 18:30:00.000000,165.1082000732422,148.59738006591795,171.71252807617188,TARGET_HIT,2026-03-15 18:30:00.000000,8.5,v2.2,TradeMind Core v2.2-CloudBackfill,LIVE_SHADOW,False,,,,,,,live_signals,8.3,,1,LIVE_SHADOW,LEGACY_LOG
cloud_hist_IOC_20260316_1,IOC,SHORT,2026-03-15 18:30:00.000000,147.64410400390625,132.87969360351562,153.5498681640625,STOP_LOSS,2026-03-25 18:30:00.000000,-3.8,v2.2,TradeMind Core v2.2-CloudBackfill,LIVE_SHADOW,False,,,,,,,live_signals,-4.0,,1,LIVE_SHADOW,LEGACY_LOG
cloud_hist_IOC_20260323_2,IOC,SHORT,2026-03-22 18:30:00.000000,136.8899383544922,123.20094451904298,142.36553588867187,TARGET_HIT,2026-04-01 18:30:00.000000,8.5,v2.2,TradeMind Core v2.2-CloudBackfill,LIVE_SHADOW,False,,,,,,,live_signals,8.3,,1,LIVE_SHADOW,LEGACY_LOG
cloud_hist_IOC_20260330_3,IOC,SHORT,2026-03-29 18:30:00.000000,134.20387268066406,120.78348541259766,139.57202758789063,STOP_LOSS,2026-04-08 18:30:00.000000,-3.8,v2.2,TradeMind Core v2.2-CloudBackfill,LIVE_SHADOW,False,,,,,,,live_signals,-4.0,,1,LIVE_SHADOW,LEGACY_LOG
cloud_hist_IOC_20260515_4,IOC,SHORT,2026-05-14 18:30:00.000000,133.29200744628906,119.96280670166016,138.62368774414062,TARGET_HIT,2026-05-24 18:30:00.000000,8.5,v2.2,TradeMind Core v2.2-CloudBackfill,LIVE_SHADOW,False,,,,,,,live_signals,8.3,,1,LIVE_SHADOW,LEGACY_LOG
cloud_hist_IRCTC_20260629_0,IRCTC,SHORT,2026-06-28 18:30:00.000000,503.8500061035156,453.4650054931641,524.0040063476563,TARGET_HIT,2026-07-08 18:30:00.000000,8.5,v2.2,TradeMind Core v2.2-CloudBackfill,LIVE_SHADOW,False,,,,,,,live_signals,8.3,,1,LIVE_SHADOW,LEGACY_LOG
cloud_hist_IRCTC_20260707_1,IRCTC,SHORT,2026-07-06 18:30:00.000000,500.7000122070313,450.63001098632816,520.7280126953125,STOP_LOSS,2026-07-16 18:30:00.000000,-3.8,v2.2,TradeMind Core v2.2-CloudBackfill,LIVE_SHADOW,False,,,,,,,live_signals,-4.0,,1,LIVE_SHADOW,LEGACY_LOG
cloud_hist_IRCTC_20260722_2,IRCTC,SHORT,2026-07-21 18:30:00.000000,494.0499877929688,444.6449890136719,513.8119873046875,TARGET_HIT,2026-07-31 18:30:00.000000,8.5,v2.2,TradeMind Core v2.2-CloudBackfill,LIVE_SHADOW,False,,,,,,,live_signals,8.3,,1,LIVE_SHADOW,LEGACY_LOG
cloud_hist_IRCTC_20260728_3,IRCTC,SHORT,2026-07-27 18:30:00.000000,485.9500122070313,437.3550109863281,505.3880126953125,STOP_LOSS,2026-08-06 18:30:00.000000,-3.8,v2.2,TradeMind Core v2.2-CloudBackfill,LIVE_SHADOW,False,,,,,,,live_signals,-4.0,,1,LIVE_SHADOW,LEGACY_LOG
cloud_hist_IRCTC_20260803_4,IRCTC,LONG,2026-08-02 18:30:00.000000,513.5,564.85,492.96,TARGET_HIT,2026-08-12 18:30:00.000000,8.5,v2.2,TradeMind Core v2.2-CloudBackfill,LIVE_SHADOW,False,,,,,,,live_signals,8.3,,1,LIVE_SHADOW,LEGACY_LOG
cloud_hist_IRFC_20260416_0,IRFC,LONG,2026-04-15 18:30:00.000000,103.23999786376952,113.56399765014648,99.11039794921876,TARGET_HIT,2026-04-25 18:30:00.000000,8.5,v2.2,TradeMind Core v2.2-CloudBackfill,LIVE_SHADOW,False,,,,,,,live_signals,8.3,,1,LIVE_SHADOW,LEGACY_LOG
cloud_hist_IRFC_20260515_1,IRFC,SHORT,2026-05-14 18:30:00.000000,98.86000061035156,88.97400054931641,102.81440063476563,STOP_LOSS,2026-05-24 18:30:00.000000,-3.8,v2.2,TradeMind Core v2.2-CloudBackfill,LIVE_SHADOW,False,,,,,,,live_signals,-4.0,,1,LIVE_SHADOW,LEGACY_LOG
cloud_hist_IRFC_20260611_2,IRFC,SHORT,2026-06-10 18:30:00.000000,93.33000183105467,83.99700164794922,97.06320190429688,TARGET_HIT,2026-06-20 18:30:00.000000,8.5,v2.2,TradeMind Core v2.2-CloudBackfill,LIVE_SHADOW,False,,,,,,,live_signals,8.3,,1,LIVE_SHADOW,LEGACY_LOG
cloud_hist_IRFC_20260624_3,IRFC,SHORT,2026-06-23 18:30:00.000000,92.5,83.25,96.2,STOP_LOSS,2026-07-03 18:30:00.000000,-3.8,v2.2,TradeMind Core v2.2-CloudBackfill,LIVE_SHADOW,False,,,,,,,live_signals,-4.0,,1,LIVE_SHADOW,LEGACY_LOG
cloud_hist_IRFC_20260708_4,IRFC,SHORT,2026-07-07 18:30:00.000000,87.5,78.75,91.0,TARGET_HIT,2026-07-17 18:30:00.000000,8.5,v2.2,TradeMind Core v2.2-CloudBackfill,LIVE_SHADOW,False,,,,,,,live_signals,8.3,,1,LIVE_SHADOW,LEGACY_LOG
cloud_hist_ITC_20260330_0,ITC,SHORT,2026-03-29 18:30:00.000000,280.0699768066406,252.06297912597657,291.27277587890626,TARGET_HIT,2026-04-08 18:30:00.000000,8.5,v2.2,TradeMind Core v2.2-CloudBackfill,LIVE_SHADOW,False,,,,,,,live_signals,8.3,,1,LIVE_SHADOW,LEGACY_LOG
cloud_hist_ITC_20260429_1,ITC,LONG,2026-04-28 18:30:00.000000,307.86279296875,338.649072265625,295.54828125,STOP_LOSS,2026-05-08 18:30:00.000000,-3.8,v2.2,TradeMind Core v2.2-CloudBackfill,LIVE_SHADOW,False,,,,,,,live_signals,-4.0,,1,LIVE_SHADOW,LEGACY_LOG
cloud_hist_ITC_20260527_2,ITC,SHORT,2026-05-26 18:30:00.000000,291.95001220703125,262.75501098632816,303.6280126953125,TARGET_HIT,2026-06-05 18:30:00.000000,8.5,v2.2,TradeMind Core v2.2-CloudBackfill,LIVE_SHADOW,False,,,,,,,live_signals,8.3,,1,LIVE_SHADOW,LEGACY_LOG
cloud_hist_ITC_20260603_3,ITC,SHORT,2026-06-02 18:30:00.000000,277.0,249.3,288.08,STOP_LOSS,2026-06-12 18:30:00.000000,-3.8,v2.2,TradeMind Core v2.2-CloudBackfill,LIVE_SHADOW,False,,,,,,,live_signals,-4.0,,1,LIVE_SHADOW,LEGACY_LOG
cloud_hist_ITC_20260713_4,ITC,SHORT,2026-07-12 18:30:00.000000,279.6499938964844,251.68499450683595,290.83599365234375,TARGET_HIT,2026-07-22 18:30:00.000000,8.5,v2.2,TradeMind Core v2.2-CloudBackfill,LIVE_SHADOW,False,,,,,,,live_signals,8.3,,1,LIVE_SHADOW,LEGACY_LOG
cloud_hist_JINDALSTEL_20260605_0,JINDALSTEL,SHORT,2026-06-04 18:30:00.000000,1181.300048828125,1063.1700439453125,1228.55205078125,TARGET_HIT,2026-06-14 18:30:00.000000,8.5,v2.2,TradeMind Core v2.2-CloudBackfill,LIVE_SHADOW,False,,,,,,,live_signals,8.3,,1,LIVE_SHADOW,LEGACY_LOG
cloud_hist_JINDALSTEL_20260623_1,JINDALSTEL,SHORT,2026-06-22 18:30:00.000000,1082.5999755859375,974.3399780273438,1125.903974609375,STOP_LOSS,2026-07-02 18:30:00.000000,-3.8,v2.2,TradeMind Core v2.2-CloudBackfill,LIVE_SHADOW,False,,,,,,,live_signals,-4.0,,1,LIVE_SHADOW,LEGACY_LOG
cloud_hist_JINDALSTEL_20260701_2,JINDALSTEL,SHORT,2026-06-30 18:30:00.000000,1028.800048828125,925.9200439453124,1069.95205078125,TARGET_HIT,2026-07-10 18:30:00.000000,8.5,v2.2,TradeMind Core v2.2-CloudBackfill,LIVE_SHADOW,False,,,,,,,live_signals,8.3,,1,LIVE_SHADOW,LEGACY_LOG
cloud_hist_JINDALSTEL_20260708_3,JINDALSTEL,SHORT,2026-07-07 18:30:00.000000,1021.5,919.35,1062.36,STOP_LOSS,2026-07-17 18:30:00.000000,-3.8,v2.2,TradeMind Core v2.2-CloudBackfill,LIVE_SHADOW,False,,,,,,,live_signals,-4.0,,1,LIVE_SHADOW,LEGACY_LOG
cloud_hist_JINDALSTEL_20260729_4,JINDALSTEL,LONG,2026-07-28 18:30:00.000000,1088.699951171875,1197.5699462890625,1045.151953125,TARGET_HIT,2026-08-07 18:30:00.000000,8.5,v2.2,TradeMind Core v2.2-CloudBackfill,LIVE_SHADOW,False,,,,,,,live_signals,8.3,,1,LIVE_SHADOW,LEGACY_LOG
cloud_hist_JSWENERGY_20260428_0,JSWENERGY,LONG,2026-04-27 18:30:00.000000,578.9310302734375,636.8241333007813,555.7737890625,TARGET_HIT,2026-05-07 18:30:00.000000,8.5,v2.2,TradeMind Core v2.2-CloudBackfill,LIVE_SHADOW,False,,,,,,,live_signals,8.3,,1,LIVE_SHADOW,LEGACY_LOG
cloud_hist_JSWENERGY_20260513_1,JSWENERGY,SHORT,2026-05-12 18:30:00.000000,507.47406005859375,456.7266540527344,527.7730224609376,STOP_LOSS,2026-05-22 18:30:00.000000,-3.8,v2.2,TradeMind Core v2.2-CloudBackfill,LIVE_SHADOW,False,,,,,,,live_signals,-4.0,,1,LIVE_SHADOW,LEGACY_LOG
cloud_hist_JSWENERGY_20260527_2,JSWENERGY,LONG,2026-05-26 18:30:00.000000,600.0093383789062,660.0102722167969,576.0089648437499,TARGET_HIT,2026-06-05 18:30:00.000000,8.5,v2.2,TradeMind Core v2.2-CloudBackfill,LIVE_SHADOW,False,,,,,,,live_signals,8.3,,1,LIVE_SHADOW,LEGACY_LOG
cloud_hist_JSWENERGY_20260706_3,JSWENERGY,SHORT,2026-07-05 18:30:00.000000,547.4000244140625,492.6600219726562,569.296025390625,STOP_LOSS,2026-07-15 18:30:00.000000,-3.8,v2.2,TradeMind Core v2.2-CloudBackfill,LIVE_SHADOW,False,,,,,,,live_signals,-4.0,,1,LIVE_SHADOW,LEGACY_LOG
cloud_hist_JSWENERGY_20260810_4,JSWENERGY,LONG,2026-08-09 18:30:00.000000,578.0,635.8000000000001,554.88,TARGET_HIT,2026-08-19 18:30:00.000000,8.5,v2.2,TradeMind Core v2.2-CloudBackfill,LIVE_SHADOW,False,,,,,,,live_signals,8.3,,1,LIVE_SHADOW,LEGACY_LOG
cloud_hist_JSWSTEEL_20260323_0,JSWSTEEL,SHORT,2026-03-22 18:30:00.000000,1103.262939453125,992.9366455078124,1147.39345703125,TARGET_HIT,2026-04-01 18:30:00.000000,8.5,v2.2,TradeMind Core v2.2-CloudBackfill,LIVE_SHADOW,False,,,,,,,live_signals,8.3,,1,LIVE_SHADOW,LEGACY_LOG
cloud_hist_JSWSTEEL_20260420_1,JSWSTEEL,LONG,2026-04-19 18:30:00.000000,1267.22119140625,1393.9433105468752,1216.53234375,STOP_LOSS,2026-04-29 18:30:00.000000,-3.8,v2.2,TradeMind Core v2.2-CloudBackfill,LIVE_SHADOW,False,,,,,,,live_signals,-4.0,,1,LIVE_SHADOW,LEGACY_LOG
cloud_hist_JSWSTEEL_20260623_2,JSWSTEEL,SHORT,2026-06-22 18:30:00.000000,1235.1055908203125,1111.5950317382812,1284.509814453125,TARGET_HIT,2026-07-02 18:30:00.000000,8.5,v2.2,TradeMind Core v2.2-CloudBackfill,LIVE_SHADOW,False,,,,,,,live_signals,8.3,,1,LIVE_SHADOW,LEGACY_LOG
cloud_hist_JSWSTEEL_20260701_3,JSWSTEEL,SHORT,2026-06-30 18:30:00.000000,1209.254150390625,1088.3287353515625,1257.62431640625,STOP_LOSS,2026-07-10 18:30:00.000000,-3.8,v2.2,TradeMind Core v2.2-CloudBackfill,LIVE_SHADOW,False,,,,,,,live_signals,-4.0,,1,LIVE_SHADOW,LEGACY_LOG
cloud_hist_JSWSTEEL_20260805_4,JSWSTEEL,LONG,2026-08-04 18:30:00.000000,1330.0,1463.0000000000002,1276.8,TARGET_HIT,2026-08-14 18:30:00.000000,8.5,v2.2,TradeMind Core v2.2-CloudBackfill,LIVE_SHADOW,False,,,,,,,live_signals,8.3,,1,LIVE_SHADOW,LEGACY_LOG
cloud_hist_JUBLFOOD_20260407_0,JUBLFOOD,SHORT,2026-04-06 18:30:00.000000,411.9783630371094,370.78052673339846,428.4574975585938,TARGET_HIT,2026-04-16 18:30:00.000000,8.5,v2.2,TradeMind Core v2.2-CloudBackfill,LIVE_SHADOW,False,,,,,,,live_signals,8.3,,1,LIVE_SHADOW,LEGACY_LOG
cloud_hist_JUBLFOOD_20260422_1,JUBLFOOD,LONG,2026-04-21 18:30:00.000000,491.7016296386719,540.8717926025391,472.033564453125,STOP_LOSS,2026-05-01 18:30:00.000000,-3.8,v2.2,TradeMind Core v2.2-CloudBackfill,LIVE_SHADOW,False,,,,,,,live_signals,-4.0,,1,LIVE_SHADOW,LEGACY_LOG
cloud_hist_JUBLFOOD_20260707_2,JUBLFOOD,LONG,2026-07-06 18:30:00.000000,453.6598205566406,499.0258026123048,435.513427734375,TARGET_HIT,2026-07-16 18:30:00.000000,8.5,v2.2,TradeMind Core v2.2-CloudBackfill,LIVE_SHADOW,False,,,,,,,live_signals,8.3,,1,LIVE_SHADOW,LEGACY_LOG
cloud_hist_JUBLFOOD_20260723_3,JUBLFOOD,SHORT,2026-07-22 18:30:00.000000,412.2999877929688,371.0699890136719,428.7919873046875,STOP_LOSS,2026-08-01 18:30:00.000000,-3.8,v2.2,TradeMind Core v2.2-CloudBackfill,LIVE_SHADOW,False,,,,,,,live_signals,-4.0,,1,LIVE_SHADOW,LEGACY_LOG
cloud_hist_JUBLFOOD_20260803_4,JUBLFOOD,LONG,2026-08-02 18:30:00.000000,470.0,517.0,451.2,TARGET_HIT,2026-08-12 18:30:00.000000,8.5,v2.2,TradeMind Core v2.2-CloudBackfill,LIVE_SHADOW,False,,,,,,,live_signals,8.3,,1,LIVE_SHADOW,LEGACY_LOG
cloud_hist_KOTAKBANK_20260415_0,KOTAKBANK,LONG,2026-04-14 18:30:00.000000,381.7409362792969,419.9150299072266,366.471298828125,TARGET_HIT,2026-04-24 18:30:00.000000,8.5,v2.2,TradeMind Core v2.2-CloudBackfill,LIVE_SHADOW,False,,,,,,,live_signals,8.3,,1,LIVE_SHADOW,LEGACY_LOG
cloud_hist_KOTAKBANK_20260515_1,KOTAKBANK,LONG,2026-05-14 18:30:00.000000,386.3829345703125,425.0212280273438,370.9276171875,STOP_LOSS,2026-05-24 18:30:00.000000,-3.8,v2.2,TradeMind Core v2.2-CloudBackfill,LIVE_SHADOW,False,,,,,,,live_signals,-4.0,,1,LIVE_SHADOW,LEGACY_LOG
cloud_hist_KOTAKBANK_20260612_2,KOTAKBANK,LONG,2026-06-11 18:30:00.000000,402.60491943359375,442.8654113769532,386.50072265625,TARGET_HIT,2026-06-21 18:30:00.000000,8.5,v2.2,TradeMind Core v2.2-CloudBackfill,LIVE_SHADOW,False,,,,,,,live_signals,8.3,,1,LIVE_SHADOW,LEGACY_LOG
cloud_hist_KOTAKBANK_20260708_3,KOTAKBANK,SHORT,2026-07-07 18:30:00.000000,369.462158203125,332.5159423828125,384.2406445312501,STOP_LOSS,2026-07-17 18:30:00.000000,-3.8,v2.2,TradeMind Core v2.2-CloudBackfill,LIVE_SHADOW,False,,,,,,,live_signals,-4.0,,1,LIVE_SHADOW,LEGACY_LOG
cloud_hist_KOTAKBANK_20260803_4,KOTAKBANK,LONG,2026-08-02 18:30:00.000000,397.5,437.25000000000006,381.6,TARGET_HIT,2026-08-12 18:30:00.000000,8.5,v2.2,TradeMind Core v2.2-CloudBackfill,LIVE_SHADOW,False,,,,,,,live_signals,8.3,,1,LIVE_SHADOW,LEGACY_LOG
cloud_hist_LICHSGFIN_20260506_0,LICHSGFIN,LONG,2026-05-05 18:30:00.000000,582.1500244140625,640.3650268554688,558.8640234375,TARGET_HIT,2026-05-15 18:30:00.000000,8.5,v2.2,TradeMind Core v2.2-CloudBackfill,LIVE_SHADOW,False,,,,,,,live_signals,8.3,,1,LIVE_SHADOW,LEGACY_LOG
cloud_hist_LICHSGFIN_20260529_1,LICHSGFIN,SHORT,2026-05-28 18:30:00.000000,533.1500244140625,479.83502197265625,554.4760253906251,STOP_LOSS,2026-06-07 18:30:00.000000,-3.8,v2.2,TradeMind Core v2.2-CloudBackfill,LIVE_SHADOW,False,,,,,,,live_signals,-4.0,,1,LIVE_SHADOW,LEGACY_LOG
cloud_hist_LICHSGFIN_20260708_2,LICHSGFIN,SHORT,2026-07-07 18:30:00.000000,530.5999755859375,477.53997802734375,551.823974609375,TARGET_HIT,2026-07-17 18:30:00.000000,8.5,v2.2,TradeMind Core v2.2-CloudBackfill,LIVE_SHADOW,False,,,,,,,live_signals,8.3,,1,LIVE_SHADOW,LEGACY_LOG
cloud_hist_LICHSGFIN_20260731_3,LICHSGFIN,SHORT,2026-07-30 18:30:00.000000,523.0999755859375,470.78997802734375,544.023974609375,STOP_LOSS,2026-08-09 18:30:00.000000,-3.8,v2.2,TradeMind Core v2.2-CloudBackfill,LIVE_SHADOW,False,,,,,,,live_signals,-4.0,,1,LIVE_SHADOW,LEGACY_LOG
cloud_hist_LICHSGFIN_20260806_4,LICHSGFIN,SHORT,2026-08-05 18:30:00.000000,505.0,454.5,525.2,TARGET_HIT,2026-08-15 18:30:00.000000,8.5,v2.2,TradeMind Core v2.2-CloudBackfill,LIVE_SHADOW,False,,,,,,,live_signals,8.3,,1,LIVE_SHADOW,LEGACY_LOG
cloud_hist_LICI_20260512_0,LICI,SHORT,2026-05-11 18:30:00.000000,381.4337463378906,343.2903717041016,396.6910961914063,TARGET_HIT,2026-05-21 18:30:00.000000,8.5,v2.2,TradeMind Core v2.2-CloudBackfill,LIVE_SHADOW,False,,,,,,,live_signals,8.3,,1,LIVE_SHADOW,LEGACY_LOG
cloud_hist_LICI_20260526_1,LICI,LONG,2026-05-25 18:30:00.000000,417.6595764160156,459.4255340576172,400.953193359375,STOP_LOSS,2026-06-04 18:30:00.000000,-3.8,v2.2,TradeMind Core v2.2-CloudBackfill,LIVE_SHADOW,False,,,,,,,live_signals,-4.0,,1,LIVE_SHADOW,LEGACY_LOG
cloud_hist_LICI_20260618_2,LICI,LONG,2026-06-17 18:30:00.000000,420.1511535644531,462.16626892089846,403.34510742187496,TARGET_HIT,2026-06-27 18:30:00.000000,8.5,v2.2,TradeMind Core v2.2-CloudBackfill,LIVE_SHADOW,False,,,,,,,live_signals,8.3,,1,LIVE_SHADOW,LEGACY_LOG
cloud_hist_LICI_20260710_3,LICI,LONG,2026-07-09 18:30:00.000000,443.0499877929688,487.35498657226566,425.32798828125,STOP_LOSS,2026-07-19 18:30:00.000000,-3.8,v2.2,TradeMind Core v2.2-CloudBackfill,LIVE_SHADOW,False,,,,,,,live_signals,-4.0,,1,LIVE_SHADOW,LEGACY_LOG
cloud_hist_LICI_20260804_4,LICI,SHORT,2026-08-03 18:30:00.000000,391.2999877929688,352.1699890136719,406.9519873046875,TARGET_HIT,2026-08-13 18:30:00.000000,8.5,v2.2,TradeMind Core v2.2-CloudBackfill,LIVE_SHADOW,False,,,,,,,live_signals,8.3,,1,LIVE_SHADOW,LEGACY_LOG
cloud_hist_LT_20260323_0,LT,SHORT,2026-03-22 18:30:00.000000,3310.0693359375,2979.06240234375,3442.472109375,TARGET_HIT,2026-04-01 18:30:00.000000,8.5,v2.2,TradeMind Core v2.2-CloudBackfill,LIVE_SHADOW,False,,,,,,,live_signals,8.3,,1,LIVE_SHADOW,LEGACY_LOG
cloud_hist_LT_20260415_1,LT,LONG,2026-04-14 18:30:00.000000,4036.87060546875,4440.557666015626,3875.39578125,STOP_LOSS,2026-04-24 18:30:00.000000,-3.8,v2.2,TradeMind Core v2.2-CloudBackfill,LIVE_SHADOW,False,,,,,,,live_signals,-4.0,,1,LIVE_SHADOW,LEGACY_LOG
cloud_hist_LT_20260615_2,LT,LONG,2026-06-14 18:30:00.000000,4169.7998046875,4586.77978515625,4003.0078125,TARGET_HIT,2026-06-24 18:30:00.000000,8.5,v2.2,TradeMind Core v2.2-CloudBackfill,LIVE_SHADOW,False,,,,,,,live_signals,8.3,,1,LIVE_SHADOW,LEGACY_LOG
cloud_hist_LT_20260714_3,LT,SHORT,2026-07-13 18:30:00.000000,3848.699951171875,3463.8299560546875,4002.64794921875,STOP_LOSS,2026-07-23 18:30:00.000000,-3.8,v2.2,TradeMind Core v2.2-CloudBackfill,LIVE_SHADOW,False,,,,,,,live_signals,-4.0,,1,LIVE_SHADOW,LEGACY_LOG
cloud_hist_LT_20260805_4,LT,LONG,2026-08-04 18:30:00.000000,4057.0,4462.700000000001,3894.72,TARGET_HIT,2026-08-14 18:30:00.000000,8.5,v2.2,TradeMind Core v2.2-CloudBackfill,LIVE_SHADOW,False,,,,,,,live_signals,8.3,,1,LIVE_SHADOW,LEGACY_LOG
cloud_hist_M&M_20260625_0,M&M,LONG,2026-06-24 18:30:00.000000,3149.12939453125,3464.042333984375,3023.16421875,TARGET_HIT,2026-07-04 18:30:00.000000,8.5,v2.2,TradeMind Core v2.2-CloudBackfill,LIVE_SHADOW,False,,,,,,,live_signals,8.3,,1,LIVE_SHADOW,LEGACY_LOG
cloud_hist_M&M_20260706_1,M&M,LONG,2026-07-05 18:30:00.000000,3201.199951171875,3521.319946289063,3073.151953125,STOP_LOSS,2026-07-15 18:30:00.000000,-3.8,v2.2,TradeMind Core v2.2-CloudBackfill,LIVE_SHADOW,False,,,,,,,live_signals,-4.0,,1,LIVE_SHADOW,LEGACY_LOG
cloud_hist_M&M_20260723_2,M&M,LONG,2026-07-22 18:30:00.000000,3229.699951171875,3552.669946289063,3100.511953125,TARGET_HIT,2026-08-01 18:30:00.000000,8.5,v2.2,TradeMind Core v2.2-CloudBackfill,LIVE_SHADOW,False,,,,,,,live_signals,8.3,,1,LIVE_SHADOW,LEGACY_LOG
cloud_hist_M&M_20260731_3,M&M,LONG,2026-07-30 18:30:00.000000,3398.5,3738.35,3262.56,STOP_LOSS,2026-08-09 18:30:00.000000,-3.8,v2.2,TradeMind Core v2.2-CloudBackfill,LIVE_SHADOW,False,,,,,,,live_signals,-4.0,,1,LIVE_SHADOW,LEGACY_LOG
cloud_hist_M&M_20260807_4,M&M,LONG,2026-08-06 18:30:00.000000,3502.0,3852.2,3361.92,TARGET_HIT,2026-08-16 18:30:00.000000,8.5,v2.2,TradeMind Core v2.2-CloudBackfill,LIVE_SHADOW,False,,,,,,,live_signals,8.3,,1,LIVE_SHADOW,LEGACY_LOG
cloud_hist_MAHABANK_20260615_0,MAHABANK,LONG,2026-06-14 18:30:00.000000,89.12000274658203,98.03200302124024,85.55520263671875,TARGET_HIT,2026-06-24 18:30:00.000000,8.5,v2.2,TradeMind Core v2.2-CloudBackfill,LIVE_SHADOW,False,,,,,,,live_signals,8.3,,1,LIVE_SHADOW,LEGACY_LOG
cloud_hist_MAHABANK_20260629_1,MAHABANK,LONG,2026-06-28 18:30:00.000000,93.8499984741211,103.2349983215332,90.09599853515624,STOP_LOSS,2026-07-08 18:30:00.000000,-3.8,v2.2,TradeMind Core v2.2-CloudBackfill,LIVE_SHADOW,False,,,,,,,live_signals,-4.0,,1,LIVE_SHADOW,LEGACY_LOG
cloud_hist_MAHABANK_20260708_2,MAHABANK,SHORT,2026-07-07 18:30:00.000000,80.5999984741211,72.539998626709,83.82399841308595,TARGET_HIT,2026-07-17 18:30:00.000000,8.5,v2.2,TradeMind Core v2.2-CloudBackfill,LIVE_SHADOW,False,,,,,,,live_signals,8.3,,1,LIVE_SHADOW,LEGACY_LOG
cloud_hist_MAHABANK_20260714_3,MAHABANK,SHORT,2026-07-13 18:30:00.000000,79.47000122070312,71.52300109863282,82.64880126953125,STOP_LOSS,2026-07-23 18:30:00.000000,-3.8,v2.2,TradeMind Core v2.2-CloudBackfill,LIVE_SHADOW,False,,,,,,,live_signals,-4.0,,1,LIVE_SHADOW,LEGACY_LOG
cloud_hist_MAHABANK_20260723_4,MAHABANK,SHORT,2026-07-22 18:30:00.000000,78.4800033569336,70.63200302124024,81.61920349121094,TARGET_HIT,2026-08-01 18:30:00.000000,8.5,v2.2,TradeMind Core v2.2-CloudBackfill,LIVE_SHADOW,False,,,,,,,live_signals,8.3,,1,LIVE_SHADOW,LEGACY_LOG
cloud_hist_MARICO_20260323_0,MARICO,SHORT,2026-03-22 18:30:00.000000,721.998291015625,649.7984619140625,750.87822265625,TARGET_HIT,2026-04-01 18:30:00.000000,8.5,v2.2,TradeMind Core v2.2-CloudBackfill,LIVE_SHADOW,False,,,,,,,live_signals,8.3,,1,LIVE_SHADOW,LEGACY_LOG
cloud_hist_MARICO_20260422_1,MARICO,LONG,2026-04-21 18:30:00.000000,768.9834594726562,845.881805419922,738.22412109375,STOP_LOSS,2026-05-01 18:30:00.000000,-3.8,v2.2,TradeMind Core v2.2-CloudBackfill,LIVE_SHADOW,False,,,,,,,live_signals,-4.0,,1,LIVE_SHADOW,LEGACY_LOG
cloud_hist_MARICO_20260505_2,MARICO,LONG,2026-05-04 18:30:00.000000,803.5255126953125,883.8780639648438,771.3844921875,TARGET_HIT,2026-05-14 18:30:00.000000,8.5,v2.2,TradeMind Core v2.2-CloudBackfill,LIVE_SHADOW,False,,,,,,,live_signals,8.3,,1,LIVE_SHADOW,LEGACY_LOG
cloud_hist_MARICO_20260629_3,MARICO,LONG,2026-06-28 18:30:00.000000,836.1264038085938,919.7390441894532,802.68134765625,STOP_LOSS,2026-07-08 18:30:00.000000,-3.8,v2.2,TradeMind Core v2.2-CloudBackfill,LIVE_SHADOW,False,,,,,,,live_signals,-4.0,,1,LIVE_SHADOW,LEGACY_LOG
cloud_hist_MARICO_20260728_4,MARICO,LONG,2026-07-27 18:30:00.000000,879.2293090820312,967.1522399902344,844.06013671875,TARGET_HIT,2026-08-06 18:30:00.000000,8.5,v2.2,TradeMind Core v2.2-CloudBackfill,LIVE_SHADOW,False,,,,,,,live_signals,8.3,,1,LIVE_SHADOW,LEGACY_LOG
cloud_hist_MARUTI_20260304_0,MARUTI,SHORT,2026-03-03 18:30:00.000000,14017.224609375,12615.5021484375,14577.91359375,TARGET_HIT,2026-03-13 18:30:00.000000,8.5,v2.2,TradeMind Core v2.2-CloudBackfill,LIVE_SHADOW,False,,,,,,,live_signals,8.3,,1,LIVE_SHADOW,LEGACY_LOG
cloud_hist_MARUTI_20260312_1,MARUTI,SHORT,2026-03-11 18:30:00.000000,12881.62890625,11593.466015625,13396.8940625,STOP_LOSS,2026-03-21 18:30:00.000000,-3.8,v2.2,TradeMind Core v2.2-CloudBackfill,LIVE_SHADOW,False,,,,,,,live_signals,-4.0,,1,LIVE_SHADOW,LEGACY_LOG
cloud_hist_MARUTI_20260323_2,MARUTI,SHORT,2026-03-22 18:30:00.000000,12232.15234375,11008.937109375,12721.4384375,TARGET_HIT,2026-04-01 18:30:00.000000,8.5,v2.2,TradeMind Core v2.2-CloudBackfill,LIVE_SHADOW,False,,,,,,,live_signals,8.3,,1,LIVE_SHADOW,LEGACY_LOG
cloud_hist_MARUTI_20260615_3,MARUTI,LONG,2026-06-14 18:30:00.000000,13667.734375,15034.507812500002,13121.025,STOP_LOSS,2026-06-24 18:30:00.000000,-3.8,v2.2,TradeMind Core v2.2-CloudBackfill,LIVE_SHADOW,False,,,,,,,live_signals,-4.0,,1,LIVE_SHADOW,LEGACY_LOG
cloud_hist_MARUTI_20260630_4,MARUTI,LONG,2026-06-29 18:30:00.000000,13974.65234375,15372.117578125,13415.66625,TARGET_HIT,2026-07-09 18:30:00.000000,8.5,v2.2,TradeMind Core v2.2-CloudBackfill,LIVE_SHADOW,False,,,,,,,live_signals,8.3,,1,LIVE_SHADOW,LEGACY_LOG
cloud_hist_MAXHEALTH_20260511_0,MAXHEALTH,LONG,2026-05-10 18:30:00.000000,1036.108642578125,1139.7195068359376,994.664296875,TARGET_HIT,2026-05-20 18:30:00.000000,8.5,v2.2,TradeMind Core v2.2-CloudBackfill,LIVE_SHADOW,False,,,,,,,live_signals,8.3,,1,LIVE_SHADOW,LEGACY_LOG
cloud_hist_MAXHEALTH_20260519_1,MAXHEALTH,LONG,2026-05-18 18:30:00.000000,1066.85400390625,1173.539404296875,1024.17984375,STOP_LOSS,2026-05-28 18:30:00.000000,-3.8,v2.2,TradeMind Core v2.2-CloudBackfill,LIVE_SHADOW,False,,,,,,,live_signals,-4.0,,1,LIVE_SHADOW,LEGACY_LOG
cloud_hist_MAXHEALTH_20260529_2,MAXHEALTH,SHORT,2026-05-28 18:30:00.000000,963.3878784179688,867.0490905761719,1001.9233935546876,TARGET_HIT,2026-06-07 18:30:00.000000,8.5,v2.2,TradeMind Core v2.2-CloudBackfill,LIVE_SHADOW,False,,,,,,,live_signals,8.3,,1,LIVE_SHADOW,LEGACY_LOG
cloud_hist_MAXHEALTH_20260625_3,MAXHEALTH,LONG,2026-06-24 18:30:00.000000,1121.357177734375,1233.4928955078126,1076.502890625,STOP_LOSS,2026-07-04 18:30:00.000000,-3.8,v2.2,TradeMind Core v2.2-CloudBackfill,LIVE_SHADOW,False,,,,,,,live_signals,-4.0,,1,LIVE_SHADOW,LEGACY_LOG
cloud_hist_MAXHEALTH_20260811_4,MAXHEALTH,SHORT,2026-08-10 18:30:00.000000,1040.0,936.0,1081.6,TARGET_HIT,2026-08-20 18:30:00.000000,8.5,v2.2,TradeMind Core v2.2-CloudBackfill,LIVE_SHADOW,False,,,,,,,live_signals,8.3,,1,LIVE_SHADOW,LEGACY_LOG
cloud_hist_MPHASIS_20260601_0,MPHASIS,LONG,2026-05-31 18:30:00.000000,2250.173583984375,2475.190942382813,2160.166640625,TARGET_HIT,2026-06-10 18:30:00.000000,8.5,v2.2,TradeMind Core v2.2-CloudBackfill,LIVE_SHADOW,False,,,,,,,live_signals,8.3,,1,LIVE_SHADOW,LEGACY_LOG
cloud_hist_MPHASIS_20260701_1,MPHASIS,SHORT,2026-06-30 18:30:00.000000,2071.27001953125,1864.143017578125,2154.1208203125,STOP_LOSS,2026-07-10 18:30:00.000000,-3.8,v2.2,TradeMind Core v2.2-CloudBackfill,LIVE_SHADOW,False,,,,,,,live_signals,-4.0,,1,LIVE_SHADOW,LEGACY_LOG
cloud_hist_MPHASIS_20260707_2,MPHASIS,LONG,2026-07-06 18:30:00.000000,2312.60009765625,2543.860107421875,2220.09609375,TARGET_HIT,2026-07-16 18:30:00.000000,8.5,v2.2,TradeMind Core v2.2-CloudBackfill,LIVE_SHADOW,False,,,,,,,live_signals,8.3,,1,LIVE_SHADOW,LEGACY_LOG
cloud_hist_MPHASIS_20260713_3,MPHASIS,LONG,2026-07-12 18:30:00.000000,2390.39990234375,2629.439892578125,2294.78390625,STOP_LOSS,2026-07-22 18:30:00.000000,-3.8,v2.2,TradeMind Core v2.2-CloudBackfill,LIVE_SHADOW,False,,,,,,,live_signals,-4.0,,1,LIVE_SHADOW,LEGACY_LOG
cloud_hist_MPHASIS_20260810_4,MPHASIS,LONG,2026-08-09 18:30:00.000000,2508.0,2758.8,2407.68,TARGET_HIT,2026-08-19 18:30:00.000000,8.5,v2.2,TradeMind Core v2.2-CloudBackfill,LIVE_SHADOW,False,,,,,,,live_signals,8.3,,1,LIVE_SHADOW,LEGACY_LOG
cloud_hist_MRF_20260323_0,MRF,SHORT,2026-03-22 18:30:00.000000,124757.25,112281.525,129747.54,TARGET_HIT,2026-04-01 18:30:00.000000,8.5,v2.2,TradeMind Core v2.2-CloudBackfill,LIVE_SHADOW,False,,,,,,,live_signals,8.3,,1,LIVE_SHADOW,LEGACY_LOG
cloud_hist_MRF_20260416_1,MRF,LONG,2026-04-15 18:30:00.000000,138498.265625,152348.0921875,132958.335,STOP_LOSS,2026-04-25 18:30:00.000000,-3.8,v2.2,TradeMind Core v2.2-CloudBackfill,LIVE_SHADOW,False,,,,,,,live_signals,-4.0,,1,LIVE_SHADOW,LEGACY_LOG
cloud_hist_MRF_20260512_2,MRF,SHORT,2026-05-11 18:30:00.000000,126284.5859375,113656.12734375,131335.96937500002,TARGET_HIT,2026-05-21 18:30:00.000000,8.5,v2.2,TradeMind Core v2.2-CloudBackfill,LIVE_SHADOW,False,,,,,,,live_signals,8.3,,1,LIVE_SHADOW,LEGACY_LOG
cloud_hist_MRF_20260529_3,MRF,SHORT,2026-05-28 18:30:00.000000,123204.9609375,110884.46484375,128133.159375,STOP_LOSS,2026-06-07 18:30:00.000000,-3.8,v2.2,TradeMind Core v2.2-CloudBackfill,LIVE_SHADOW,False,,,,,,,live_signals,-4.0,,1,LIVE_SHADOW,LEGACY_LOG
cloud_hist_MRF_20260703_4,MRF,LONG,2026-07-02 18:30:00.000000,134420.375,147862.4125,129043.56,TARGET_HIT,2026-07-12 18:30:00.000000,8.5,v2.2,TradeMind Core v2.2-CloudBackfill,LIVE_SHADOW,False,,,,,,,live_signals,8.3,,1,LIVE_SHADOW,LEGACY_LOG
cloud_hist_NESTLEIND_20260601_0,NESTLEIND,SHORT,2026-05-31 18:30:00.000000,1385.1416015625,1246.62744140625,1440.547265625,TARGET_HIT,2026-06-10 18:30:00.000000,8.5,v2.2,TradeMind Core v2.2-CloudBackfill,LIVE_SHADOW,False,,,,,,,live_signals,8.3,,1,LIVE_SHADOW,LEGACY_LOG
cloud_hist_NESTLEIND_20260706_1,NESTLEIND,LONG,2026-07-05 18:30:00.000000,1466.649658203125,1613.3146240234375,1407.983671875,STOP_LOSS,2026-07-15 18:30:00.000000,-3.8,v2.2,TradeMind Core v2.2-CloudBackfill,LIVE_SHADOW,False,,,,,,,live_signals,-4.0,,1,LIVE_SHADOW,LEGACY_LOG
cloud_hist_NESTLEIND_20260722_2,NESTLEIND,LONG,2026-07-21 18:30:00.000000,1493.5999755859375,1642.9599731445314,1433.8559765625,TARGET_HIT,2026-07-31 18:30:00.000000,8.5,v2.2,TradeMind Core v2.2-CloudBackfill,LIVE_SHADOW,False,,,,,,,live_signals,8.3,,1,LIVE_SHADOW,LEGACY_LOG
cloud_hist_NESTLEIND_20260730_3,NESTLEIND,LONG,2026-07-29 18:30:00.000000,1520.699951171875,1672.7699462890623,1459.871953125,STOP_LOSS,2026-08-08 18:30:00.000000,-3.8,v2.2,TradeMind Core v2.2-CloudBackfill,LIVE_SHADOW,False,,,,,,,live_signals,-4.0,,1,LIVE_SHADOW,LEGACY_LOG
cloud_hist_NESTLEIND_20260807_4,NESTLEIND,LONG,2026-08-06 18:30:00.000000,1540.0,1694.0000000000002,1478.4,TARGET_HIT,2026-08-16 18:30:00.000000,8.5,v2.2,TradeMind Core v2.2-CloudBackfill,LIVE_SHADOW,False,,,,,,,live_signals,8.3,,1,LIVE_SHADOW,LEGACY_LOG
cloud_hist_NHPC_20260318_0,NHPC,LONG,2026-03-17 18:30:00.000000,77.14888000488281,84.8637680053711,74.0629248046875,TARGET_HIT,2026-03-27 18:30:00.000000,8.5,v2.2,TradeMind Core v2.2-CloudBackfill,LIVE_SHADOW,False,,,,,,,live_signals,8.3,,1,LIVE_SHADOW,LEGACY_LOG
cloud_hist_NHPC_20260415_1,NHPC,LONG,2026-04-14 18:30:00.000000,80.36009216308594,88.39610137939454,77.1456884765625,STOP_LOSS,2026-04-24 18:30:00.000000,-3.8,v2.2,TradeMind Core v2.2-CloudBackfill,LIVE_SHADOW,False,,,,,,,live_signals,-4.0,,1,LIVE_SHADOW,LEGACY_LOG
cloud_hist_NHPC_20260602_2,NHPC,SHORT,2026-06-01 18:30:00.000000,72.09272003173828,64.88344802856446,74.97642883300782,TARGET_HIT,2026-06-11 18:30:00.000000,8.5,v2.2,TradeMind Core v2.2-CloudBackfill,LIVE_SHADOW,False,,,,,,,live_signals,8.3,,1,LIVE_SHADOW,LEGACY_LOG
cloud_hist_NHPC_20260629_3,NHPC,LONG,2026-06-28 18:30:00.000000,81.3473892211914,89.48212814331056,78.09349365234375,STOP_LOSS,2026-07-08 18:30:00.000000,-3.8,v2.2,TradeMind Core v2.2-CloudBackfill,LIVE_SHADOW,False,,,,,,,live_signals,-4.0,,1,LIVE_SHADOW,LEGACY_LOG
cloud_hist_NHPC_20260807_4,NHPC,SHORT,2026-08-06 18:30:00.000000,76.71007537841797,69.03906784057618,79.77847839355469,TARGET_HIT,2026-08-16 18:30:00.000000,8.5,v2.2,TradeMind Core v2.2-CloudBackfill,LIVE_SHADOW,False,,,,,,,live_signals,8.3,,1,LIVE_SHADOW,LEGACY_LOG
cloud_hist_NMDC_20260427_0,NMDC,LONG,2026-04-26 18:30:00.000000,90.41999816894533,99.46199798583986,86.80319824218749,TARGET_HIT,2026-05-06 18:30:00.000000,8.5,v2.2,TradeMind Core v2.2-CloudBackfill,LIVE_SHADOW,False,,,,,,,live_signals,8.3,,1,LIVE_SHADOW,LEGACY_LOG
cloud_hist_NMDC_20260514_1,NMDC,LONG,2026-05-13 18:30:00.000000,93.20999908447266,102.53099899291992,89.48159912109375,STOP_LOSS,2026-05-23 18:30:00.000000,-3.8,v2.2,TradeMind Core v2.2-CloudBackfill,LIVE_SHADOW,False,,,,,,,live_signals,-4.0,,1,LIVE_SHADOW,LEGACY_LOG
cloud_hist_NMDC_20260602_2,NMDC,LONG,2026-06-01 18:30:00.000000,95.30999755859376,104.84099731445312,91.49759765625,TARGET_HIT,2026-06-11 18:30:00.000000,8.5,v2.2,TradeMind Core v2.2-CloudBackfill,LIVE_SHADOW,False,,,,,,,live_signals,8.3,,1,LIVE_SHADOW,LEGACY_LOG
cloud_hist_NMDC_20260623_3,NMDC,SHORT,2026-06-22 18:30:00.000000,85.26000213623047,76.73400192260742,88.6704022216797,STOP_LOSS,2026-07-02 18:30:00.000000,-3.8,v2.2,TradeMind Core v2.2-CloudBackfill,LIVE_SHADOW,False,,,,,,,live_signals,-4.0,,1,LIVE_SHADOW,LEGACY_LOG
cloud_hist_NMDC_20260723_4,NMDC,SHORT,2026-07-22 18:30:00.000000,82.63999938964844,74.3759994506836,85.94559936523437,TARGET_HIT,2026-08-01 18:30:00.000000,8.5,v2.2,TradeMind Core v2.2-CloudBackfill,LIVE_SHADOW,False,,,,,,,live_signals,8.3,,1,LIVE_SHADOW,LEGACY_LOG
cloud_hist_NTPC_20260427_0,NTPC,LONG,2026-04-26 18:30:00.000000,410.2000122070313,451.2200134277344,393.79201171875,TARGET_HIT,2026-05-06 18:30:00.000000,8.5,v2.2,TradeMind Core v2.2-CloudBackfill,LIVE_SHADOW,False,,,,,,,live_signals,8.3,,1,LIVE_SHADOW,LEGACY_LOG
cloud_hist_NTPC_20260601_1,NTPC,SHORT,2026-05-31 18:30:00.000000,378.7000122070313,340.83001098632815,393.8480126953125,STOP_LOSS,2026-06-10 18:30:00.000000,-3.8,v2.2,TradeMind Core v2.2-CloudBackfill,LIVE_SHADOW,False,,,,,,,live_signals,-4.0,,1,LIVE_SHADOW,LEGACY_LOG
cloud_hist_NTPC_20260610_2,NTPC,SHORT,2026-06-09 18:30:00.000000,351.6499938964844,316.484994506836,365.7159936523437,TARGET_HIT,2026-06-19 18:30:00.000000,8.5,v2.2,TradeMind Core v2.2-CloudBackfill,LIVE_SHADOW,False,,,,,,,live_signals,8.3,,1,LIVE_SHADOW,LEGACY_LOG
cloud_hist_NTPC_20260709_3,NTPC,SHORT,2026-07-08 18:30:00.000000,343.70001220703125,309.33001098632815,357.4480126953125,STOP_LOSS,2026-07-18 18:30:00.000000,-3.8,v2.2,TradeMind Core v2.2-CloudBackfill,LIVE_SHADOW,False,,,,,,,live_signals,-4.0,,1,LIVE_SHADOW,LEGACY_LOG
cloud_hist_NTPC_20260716_4,NTPC,SHORT,2026-07-15 18:30:00.000000,342.45001220703125,308.20501098632815,356.1480126953125,TARGET_HIT,2026-07-25 18:30:00.000000,8.5,v2.2,TradeMind Core v2.2-CloudBackfill,LIVE_SHADOW,False,,,,,,,live_signals,8.3,,1,LIVE_SHADOW,LEGACY_LOG
cloud_hist_NYKAA_20260417_0,NYKAA,LONG,2026-04-16 18:30:00.000000,269.6600036621094,296.6260040283203,258.873603515625,TARGET_HIT,2026-04-26 18:30:00.000000,8.5,v2.2,TradeMind Core v2.2-CloudBackfill,LIVE_SHADOW,False,,,,,,,live_signals,8.3,,1,LIVE_SHADOW,LEGACY_LOG
cloud_hist_NYKAA_20260618_1,NYKAA,LONG,2026-06-17 18:30:00.000000,298.1000061035156,327.91000671386723,286.176005859375,STOP_LOSS,2026-06-27 18:30:00.000000,-3.8,v2.2,TradeMind Core v2.2-CloudBackfill,LIVE_SHADOW,False,,,,,,,live_signals,-4.0,,1,LIVE_SHADOW,LEGACY_LOG
cloud_hist_NYKAA_20260630_2,NYKAA,LONG,2026-06-29 18:30:00.000000,310.8500061035156,341.9350067138672,298.416005859375,TARGET_HIT,2026-07-09 18:30:00.000000,8.5,v2.2,TradeMind Core v2.2-CloudBackfill,LIVE_SHADOW,False,,,,,,,live_signals,8.3,,1,LIVE_SHADOW,LEGACY_LOG
cloud_hist_NYKAA_20260710_3,NYKAA,LONG,2026-07-09 18:30:00.000000,330.1000061035156,363.1100067138672,316.896005859375,STOP_LOSS,2026-07-19 18:30:00.000000,-3.8,v2.2,TradeMind Core v2.2-CloudBackfill,LIVE_SHADOW,False,,,,,,,live_signals,-4.0,,1,LIVE_SHADOW,LEGACY_LOG
cloud_hist_NYKAA_20260803_4,NYKAA,LONG,2026-08-02 18:30:00.000000,344.8999938964844,379.3899932861328,331.103994140625,TARGET_HIT,2026-08-12 18:30:00.000000,8.5,v2.2,TradeMind Core v2.2-CloudBackfill,LIVE_SHADOW,False,,,,,,,live_signals,8.3,,1,LIVE_SHADOW,LEGACY_LOG
cloud_hist_ONGC_20260428_0,ONGC,LONG,2026-04-27 18:30:00.000000,301.29998779296875,331.42998657226565,289.24798828125,TARGET_HIT,2026-05-07 18:30:00.000000,8.5,v2.2,TradeMind Core v2.2-CloudBackfill,LIVE_SHADOW,False,,,,,,,live_signals,8.3,,1,LIVE_SHADOW,LEGACY_LOG
cloud_hist_ONGC_20260508_1,ONGC,SHORT,2026-05-07 18:30:00.000000,279.20001220703125,251.2800109863281,290.36801269531253,STOP_LOSS,2026-05-17 18:30:00.000000,-3.8,v2.2,TradeMind Core v2.2-CloudBackfill,LIVE_SHADOW,False,,,,,,,live_signals,-4.0,,1,LIVE_SHADOW,LEGACY_LOG
cloud_hist_ONGC_20260527_2,ONGC,SHORT,2026-05-26 18:30:00.000000,274.04998779296875,246.64498901367188,285.0119873046875,TARGET_HIT,2026-06-05 18:30:00.000000,8.5,v2.2,TradeMind Core v2.2-CloudBackfill,LIVE_SHADOW,False,,,,,,,live_signals,8.3,,1,LIVE_SHADOW,LEGACY_LOG
cloud_hist_ONGC_20260609_3,ONGC,SHORT,2026-06-08 18:30:00.000000,259.0,233.1,269.36,STOP_LOSS,2026-06-18 18:30:00.000000,-3.8,v2.2,TradeMind Core v2.2-CloudBackfill,LIVE_SHADOW,False,,,,,,,live_signals,-4.0,,1,LIVE_SHADOW,LEGACY_LOG
cloud_hist_ONGC_20260624_4,ONGC,SHORT,2026-06-23 18:30:00.000000,240.0,216.0,249.6,TARGET_HIT,2026-07-03 18:30:00.000000,8.5,v2.2,TradeMind Core v2.2-CloudBackfill,LIVE_SHADOW,False,,,,,,,live_signals,8.3,,1,LIVE_SHADOW,LEGACY_LOG
cloud_hist_PAGEIND_20260512_0,PAGEIND,SHORT,2026-05-11 18:30:00.000000,34947.609375,31452.8484375,36345.51375,TARGET_HIT,2026-05-21 18:30:00.000000,8.5,v2.2,TradeMind Core v2.2-CloudBackfill,LIVE_SHADOW,False,,,,,,,live_signals,8.3,,1,LIVE_SHADOW,LEGACY_LOG
cloud_hist_PAGEIND_20260519_1,PAGEIND,LONG,2026-05-18 18:30:00.000000,38548.453125,42403.2984375,37006.515,STOP_LOSS,2026-05-28 18:30:00.000000,-3.8,v2.2,TradeMind Core v2.2-CloudBackfill,LIVE_SHADOW,False,,,,,,,live_signals,-4.0,,1,LIVE_SHADOW,LEGACY_LOG
cloud_hist_PAGEIND_20260624_2,PAGEIND,LONG,2026-06-23 18:30:00.000000,40885.0,44973.5,39249.6,TARGET_HIT,2026-07-03 18:30:00.000000,8.5,v2.2,TradeMind Core v2.2-CloudBackfill,LIVE_SHADOW,False,,,,,,,live_signals,8.3,,1,LIVE_SHADOW,LEGACY_LOG
cloud_hist_PAGEIND_20260701_3,PAGEIND,LONG,2026-06-30 18:30:00.000000,43610.0,47971.00000000001,41865.6,STOP_LOSS,2026-07-10 18:30:00.000000,-3.8,v2.2,TradeMind Core v2.2-CloudBackfill,LIVE_SHADOW,False,,,,,,,live_signals,-4.0,,1,LIVE_SHADOW,LEGACY_LOG
cloud_hist_PAGEIND_20260810_4,PAGEIND,SHORT,2026-08-09 18:30:00.000000,38660.0,34794.0,40206.4,TARGET_HIT,2026-08-19 18:30:00.000000,8.5,v2.2,TradeMind Core v2.2-CloudBackfill,LIVE_SHADOW,False,,,,,,,live_signals,8.3,,1,LIVE_SHADOW,LEGACY_LOG
cloud_hist_PATANJALI_20260319_0,PATANJALI,SHORT,2026-03-18 18:30:00.000000,472.5311584472656,425.2780426025391,491.4324047851563,TARGET_HIT,2026-03-28 18:30:00.000000,8.5,v2.2,TradeMind Core v2.2-CloudBackfill,LIVE_SHADOW,False,,,,,,,live_signals,8.3,,1,LIVE_SHADOW,LEGACY_LOG
cloud_hist_PATANJALI_20260330_1,PATANJALI,SHORT,2026-03-29 18:30:00.000000,458.0354309082031,412.2318878173828,476.3568481445313,STOP_LOSS,2026-04-08 18:30:00.000000,-3.8,v2.2,TradeMind Core v2.2-CloudBackfill,LIVE_SHADOW,False,,,,,,,live_signals,-4.0,,1,LIVE_SHADOW,LEGACY_LOG
cloud_hist_PATANJALI_20260512_2,PATANJALI,SHORT,2026-05-11 18:30:00.000000,441.0499877929688,396.9449890136719,458.69198730468753,TARGET_HIT,2026-05-21 18:30:00.000000,8.5,v2.2,TradeMind Core v2.2-CloudBackfill,LIVE_SHADOW,False,,,,,,,live_signals,8.3,,1,LIVE_SHADOW,LEGACY_LOG
cloud_hist_PATANJALI_20260604_3,PATANJALI,SHORT,2026-06-03 18:30:00.000000,427.25,384.525,444.34,STOP_LOSS,2026-06-13 18:30:00.000000,-3.8,v2.2,TradeMind Core v2.2-CloudBackfill,LIVE_SHADOW,False,,,,,,,live_signals,-4.0,,1,LIVE_SHADOW,LEGACY_LOG
cloud_hist_PATANJALI_20260715_4,PATANJALI,SHORT,2026-07-14 18:30:00.000000,347.8999938964844,313.109994506836,361.81599365234376,TARGET_HIT,2026-07-24 18:30:00.000000,8.5,v2.2,TradeMind Core v2.2-CloudBackfill,LIVE_SHADOW,False,,,,,,,live_signals,8.3,,1,LIVE_SHADOW,LEGACY_LOG
cloud_hist_PAYTM_20260701_0,PAYTM,LONG,2026-06-30 18:30:00.000000,1203.699951171875,1324.0699462890625,1155.551953125,TARGET_HIT,2026-07-10 18:30:00.000000,8.5,v2.2,TradeMind Core v2.2-CloudBackfill,LIVE_SHADOW,False,,,,,,,live_signals,8.3,,1,LIVE_SHADOW,LEGACY_LOG
cloud_hist_PAYTM_20260707_1,PAYTM,LONG,2026-07-06 18:30:00.000000,1246.0,1370.6,1196.16,STOP_LOSS,2026-07-16 18:30:00.000000,-3.8,v2.2,TradeMind Core v2.2-CloudBackfill,LIVE_SHADOW,False,,,,,,,live_signals,-4.0,,1,LIVE_SHADOW,LEGACY_LOG
cloud_hist_PAYTM_20260713_2,PAYTM,LONG,2026-07-12 18:30:00.000000,1386.5,1525.15,1331.04,TARGET_HIT,2026-07-22 18:30:00.000000,8.5,v2.2,TradeMind Core v2.2-CloudBackfill,LIVE_SHADOW,False,,,,,,,live_signals,8.3,,1,LIVE_SHADOW,LEGACY_LOG
cloud_hist_PAYTM_20260803_3,PAYTM,LONG,2026-08-02 18:30:00.000000,1410.0,1551.0000000000002,1353.6,STOP_LOSS,2026-08-12 18:30:00.000000,-3.8,v2.2,TradeMind Core v2.2-CloudBackfill,LIVE_SHADOW,False,,,,,,,live_signals,-4.0,,1,LIVE_SHADOW,LEGACY_LOG
cloud_hist_PAYTM_20260810_4,PAYTM,LONG,2026-08-09 18:30:00.000000,1584.0999755859375,1742.5099731445314,1520.7359765625,TARGET_HIT,2026-08-19 18:30:00.000000,8.5,v2.2,TradeMind Core v2.2-CloudBackfill,LIVE_SHADOW,False,,,,,,,live_signals,8.3,,1,LIVE_SHADOW,LEGACY_LOG
cloud_hist_PFC_20260428_0,PFC,LONG,2026-04-27 18:30:00.000000,476.9389343261719,524.6328277587891,457.861376953125,TARGET_HIT,2026-05-07 18:30:00.000000,8.5,v2.2,TradeMind Core v2.2-CloudBackfill,LIVE_SHADOW,False,,,,,,,live_signals,8.3,,1,LIVE_SHADOW,LEGACY_LOG
cloud_hist_PFC_20260518_1,PFC,SHORT,2026-05-17 18:30:00.000000,425.8171081542969,383.2353973388672,442.8497924804688,STOP_LOSS,2026-05-27 18:30:00.000000,-3.8,v2.2,TradeMind Core v2.2-CloudBackfill,LIVE_SHADOW,False,,,,,,,live_signals,-4.0,,1,LIVE_SHADOW,LEGACY_LOG
cloud_hist_PFC_20260601_2,PFC,SHORT,2026-05-31 18:30:00.000000,417.1977233886719,375.4779510498047,433.8856323242188,TARGET_HIT,2026-06-10 18:30:00.000000,8.5,v2.2,TradeMind Core v2.2-CloudBackfill,LIVE_SHADOW,False,,,,,,,live_signals,8.3,,1,LIVE_SHADOW,LEGACY_LOG
cloud_hist_PFC_20260708_3,PFC,SHORT,2026-07-07 18:30:00.000000,399.8598937988281,359.8739044189453,415.8542895507813,STOP_LOSS,2026-07-17 18:30:00.000000,-3.8,v2.2,TradeMind Core v2.2-CloudBackfill,LIVE_SHADOW,False,,,,,,,live_signals,-4.0,,1,LIVE_SHADOW,LEGACY_LOG
cloud_hist_PFC_20260810_4,PFC,SHORT,2026-08-09 18:30:00.000000,385.1499938964844,346.63499450683594,400.5559936523438,TARGET_HIT,2026-08-19 18:30:00.000000,8.5,v2.2,TradeMind Core v2.2-CloudBackfill,LIVE_SHADOW,False,,,,,,,live_signals,8.3,,1,LIVE_SHADOW,LEGACY_LOG
cloud_hist_PIDILITIND_20260421_0,PIDILITIND,LONG,2026-04-20 18:30:00.000000,1397.735595703125,1537.5091552734375,1341.826171875,TARGET_HIT,2026-04-30 18:30:00.000000,8.5,v2.2,TradeMind Core v2.2-CloudBackfill,LIVE_SHADOW,False,,,,,,,live_signals,8.3,,1,LIVE_SHADOW,LEGACY_LOG
cloud_hist_PIDILITIND_20260507_1,PIDILITIND,LONG,2026-05-06 18:30:00.000000,1440.031005859375,1584.0341064453123,1382.4297656249998,STOP_LOSS,2026-05-16 18:30:00.000000,-3.8,v2.2,TradeMind Core v2.2-CloudBackfill,LIVE_SHADOW,False,,,,,,,live_signals,-4.0,,1,LIVE_SHADOW,LEGACY_LOG
cloud_hist_PIDILITIND_20260615_2,PIDILITIND,LONG,2026-06-14 18:30:00.000000,1559.768798828125,1715.7456787109377,1497.378046875,TARGET_HIT,2026-06-24 18:30:00.000000,8.5,v2.2,TradeMind Core v2.2-CloudBackfill,LIVE_SHADOW,False,,,,,,,live_signals,8.3,,1,LIVE_SHADOW,LEGACY_LOG
cloud_hist_PIDILITIND_20260803_3,PIDILITIND,LONG,2026-08-02 18:30:00.000000,1642.5,1806.75,1576.8,STOP_LOSS,2026-08-12 18:30:00.000000,-3.8,v2.2,TradeMind Core v2.2-CloudBackfill,LIVE_SHADOW,False,,,,,,,live_signals,-4.0,,1,LIVE_SHADOW,LEGACY_LOG
cloud_hist_PIDILITIND_20260812_4,PIDILITIND,LONG,2026-08-11 18:30:00.000000,1701.5,1871.65,1633.4399999999998,TARGET_HIT,2026-08-21 18:30:00.000000,8.5,v2.2,TradeMind Core v2.2-CloudBackfill,LIVE_SHADOW,False,,,,,,,live_signals,8.3,,1,LIVE_SHADOW,LEGACY_LOG
cloud_hist_PIIND_20260520_0,PIIND,SHORT,2026-05-19 18:30:00.000000,2890.82373046875,2601.741357421875,3006.4566796875,TARGET_HIT,2026-05-29 18:30:00.000000,8.5,v2.2,TradeMind Core v2.2-CloudBackfill,LIVE_SHADOW,False,,,,,,,live_signals,8.3,,1,LIVE_SHADOW,LEGACY_LOG
cloud_hist_PIIND_20260629_1,PIIND,SHORT,2026-06-28 18:30:00.000000,2550.644775390625,2295.5802978515626,2652.67056640625,STOP_LOSS,2026-07-08 18:30:00.000000,-3.8,v2.2,TradeMind Core v2.2-CloudBackfill,LIVE_SHADOW,False,,,,,,,live_signals,-4.0,,1,LIVE_SHADOW,LEGACY_LOG
cloud_hist_PIIND_20260714_2,PIIND,SHORT,2026-07-13 18:30:00.000000,2528.125732421875,2275.313159179688,2629.2507617187503,TARGET_HIT,2026-07-23 18:30:00.000000,8.5,v2.2,TradeMind Core v2.2-CloudBackfill,LIVE_SHADOW,False,,,,,,,live_signals,8.3,,1,LIVE_SHADOW,LEGACY_LOG
cloud_hist_PIIND_20260730_3,PIIND,LONG,2026-07-29 18:30:00.000000,2767.366943359375,3044.103637695313,2656.672265625,STOP_LOSS,2026-08-08 18:30:00.000000,-3.8,v2.2,TradeMind Core v2.2-CloudBackfill,LIVE_SHADOW,False,,,,,,,live_signals,-4.0,,1,LIVE_SHADOW,LEGACY_LOG
cloud_hist_PIIND_20260812_4,PIIND,SHORT,2026-08-11 18:30:00.000000,2483.0,2234.7000000000003,2582.32,TARGET_HIT,2026-08-21 18:30:00.000000,8.5,v2.2,TradeMind Core v2.2-CloudBackfill,LIVE_SHADOW,False,,,,,,,live_signals,8.3,,1,LIVE_SHADOW,LEGACY_LOG
cloud_hist_PNB_20260609_0,PNB,LONG,2026-06-08 18:30:00.000000,106.55166625976562,117.2068328857422,102.289599609375,TARGET_HIT,2026-06-18 18:30:00.000000,8.5,v2.2,TradeMind Core v2.2-CloudBackfill,LIVE_SHADOW,False,,,,,,,live_signals,8.3,,1,LIVE_SHADOW,LEGACY_LOG
cloud_hist_PNB_20260615_1,PNB,LONG,2026-06-14 18:30:00.000000,107.95999908447266,118.75599899291991,103.64159912109376,STOP_LOSS,2026-06-24 18:30:00.000000,-3.8,v2.2,TradeMind Core v2.2-CloudBackfill,LIVE_SHADOW,False,,,,,,,live_signals,-4.0,,1,LIVE_SHADOW,LEGACY_LOG
cloud_hist_PNB_20260708_2,PNB,SHORT,2026-07-07 18:30:00.000000,100.9499969482422,90.85499725341798,104.98799682617188,TARGET_HIT,2026-07-17 18:30:00.000000,8.5,v2.2,TradeMind Core v2.2-CloudBackfill,LIVE_SHADOW,False,,,,,,,live_signals,8.3,,1,LIVE_SHADOW,LEGACY_LOG
cloud_hist_PNB_20260720_3,PNB,LONG,2026-07-19 18:30:00.000000,111.76000213623048,122.93600234985352,107.28960205078124,STOP_LOSS,2026-07-29 18:30:00.000000,-3.8,v2.2,TradeMind Core v2.2-CloudBackfill,LIVE_SHADOW,False,,,,,,,live_signals,-4.0,,1,LIVE_SHADOW,LEGACY_LOG
cloud_hist_PNB_20260812_4,PNB,LONG,2026-08-11 18:30:00.000000,118.9800033569336,130.87800369262698,114.22080322265624,TARGET_HIT,2026-08-21 18:30:00.000000,8.5,v2.2,TradeMind Core v2.2-CloudBackfill,LIVE_SHADOW,False,,,,,,,live_signals,8.3,,1,LIVE_SHADOW,LEGACY_LOG
cloud_hist_POLYCAB_20260504_0,POLYCAB,LONG,2026-05-03 18:30:00.000000,8305.09375,9135.603125,7972.889999999999,TARGET_HIT,2026-05-13 18:30:00.000000,8.5,v2.2,TradeMind Core v2.2-CloudBackfill,LIVE_SHADOW,False,,,,,,,live_signals,8.3,,1,LIVE_SHADOW,LEGACY_LOG
cloud_hist_POLYCAB_20260525_1,POLYCAB,LONG,2026-05-24 18:30:00.000000,9354.1162109375,10289.52783203125,8979.9515625,STOP_LOSS,2026-06-03 18:30:00.000000,-3.8,v2.2,TradeMind Core v2.2-CloudBackfill,LIVE_SHADOW,False,,,,,,,live_signals,-4.0,,1,LIVE_SHADOW,LEGACY_LOG
cloud_hist_POLYCAB_20260617_2,POLYCAB,LONG,2026-06-16 18:30:00.000000,9879.623046875,10867.5853515625,9484.438125,TARGET_HIT,2026-06-26 18:30:00.000000,8.5,v2.2,TradeMind Core v2.2-CloudBackfill,LIVE_SHADOW,False,,,,,,,live_signals,8.3,,1,LIVE_SHADOW,LEGACY_LOG
cloud_hist_POLYCAB_20260708_3,POLYCAB,SHORT,2026-07-07 18:30:00.000000,9234.0,8310.6,9603.36,STOP_LOSS,2026-07-17 18:30:00.000000,-3.8,v2.2,TradeMind Core v2.2-CloudBackfill,LIVE_SHADOW,False,,,,,,,live_signals,-4.0,,1,LIVE_SHADOW,LEGACY_LOG
cloud_hist_POLYCAB_20260717_4,POLYCAB,SHORT,2026-07-16 18:30:00.000000,8862.0,7975.8,9216.48,TARGET_HIT,2026-07-26 18:30:00.000000,8.5,v2.2,TradeMind Core v2.2-CloudBackfill,LIVE_SHADOW,False,,,,,,,live_signals,8.3,,1,LIVE_SHADOW,LEGACY_LOG
cloud_hist_POWERGRID_20260223_0,POWERGRID,LONG,2026-02-22 18:30:00.000000,303.3500061035156,333.6850067138672,291.216005859375,TARGET_HIT,2026-03-04 18:30:00.000000,8.5,v2.2,TradeMind Core v2.2-CloudBackfill,LIVE_SHADOW,False,,,,,,,live_signals,8.3,,1,LIVE_SHADOW,LEGACY_LOG
cloud_hist_POWERGRID_20260415_1,POWERGRID,LONG,2026-04-14 18:30:00.000000,312.45001220703125,343.6950134277344,299.95201171875,STOP_LOSS,2026-04-24 18:30:00.000000,-3.8,v2.2,TradeMind Core v2.2-CloudBackfill,LIVE_SHADOW,False,,,,,,,live_signals,-4.0,,1,LIVE_SHADOW,LEGACY_LOG
cloud_hist_POWERGRID_20260602_2,POWERGRID,SHORT,2026-06-01 18:30:00.000000,282.1499938964844,253.93499450683595,293.43599365234377,TARGET_HIT,2026-06-11 18:30:00.000000,8.5,v2.2,TradeMind Core v2.2-CloudBackfill,LIVE_SHADOW,False,,,,,,,live_signals,8.3,,1,LIVE_SHADOW,LEGACY_LOG
cloud_hist_POWERGRID_20260708_3,POWERGRID,SHORT,2026-07-07 18:30:00.000000,279.70001220703125,251.73001098632807,290.8880126953125,STOP_LOSS,2026-07-17 18:30:00.000000,-3.8,v2.2,TradeMind Core v2.2-CloudBackfill,LIVE_SHADOW,False,,,,,,,live_signals,-4.0,,1,LIVE_SHADOW,LEGACY_LOG
cloud_hist_POWERGRID_20260806_4,POWERGRID,SHORT,2026-08-05 18:30:00.000000,270.75,243.675,281.58,TARGET_HIT,2026-08-15 18:30:00.000000,8.5,v2.2,TradeMind Core v2.2-CloudBackfill,LIVE_SHADOW,False,,,,,,,live_signals,8.3,,1,LIVE_SHADOW,LEGACY_LOG
cloud_hist_PRESTIGE_20260429_0,PRESTIGE,LONG,2026-04-28 18:30:00.000000,1431.8973388671875,1575.0870727539063,1374.6214453125,TARGET_HIT,2026-05-08 18:30:00.000000,8.5,v2.2,TradeMind Core v2.2-CloudBackfill,LIVE_SHADOW,False,,,,,,,live_signals,8.3,,1,LIVE_SHADOW,LEGACY_LOG
cloud_hist_PRESTIGE_20260507_1,PRESTIGE,LONG,2026-05-06 18:30:00.000000,1481.634765625,1629.7982421875,1422.369375,STOP_LOSS,2026-05-16 18:30:00.000000,-3.8,v2.2,TradeMind Core v2.2-CloudBackfill,LIVE_SHADOW,False,,,,,,,live_signals,-4.0,,1,LIVE_SHADOW,LEGACY_LOG
cloud_hist_PRESTIGE_20260615_2,PRESTIGE,LONG,2026-06-14 18:30:00.000000,1470.648681640625,1617.7135498046875,1411.822734375,TARGET_HIT,2026-06-24 18:30:00.000000,8.5,v2.2,TradeMind Core v2.2-CloudBackfill,LIVE_SHADOW,False,,,,,,,live_signals,8.3,,1,LIVE_SHADOW,LEGACY_LOG
cloud_hist_PRESTIGE_20260701_3,PRESTIGE,LONG,2026-06-30 18:30:00.000000,1623.256591796875,1785.5822509765626,1558.326328125,STOP_LOSS,2026-07-10 18:30:00.000000,-3.8,v2.2,TradeMind Core v2.2-CloudBackfill,LIVE_SHADOW,False,,,,,,,live_signals,-4.0,,1,LIVE_SHADOW,LEGACY_LOG
cloud_hist_PRESTIGE_20260710_4,PRESTIGE,LONG,2026-07-09 18:30:00.000000,1731.020751953125,1904.1228271484376,1661.779921875,TARGET_HIT,2026-07-19 18:30:00.000000,8.5,v2.2,TradeMind Core v2.2-CloudBackfill,LIVE_SHADOW,False,,,,,,,live_signals,8.3,,1,LIVE_SHADOW,LEGACY_LOG
cloud_hist_RECLTD_20260602_0,RECLTD,SHORT,2026-06-01 18:30:00.000000,319.92755126953125,287.93479614257814,332.7246533203125,TARGET_HIT,2026-06-11 18:30:00.000000,8.5,v2.2,TradeMind Core v2.2-CloudBackfill,LIVE_SHADOW,False,,,,,,,live_signals,8.3,,1,LIVE_SHADOW,LEGACY_LOG
cloud_hist_RECLTD_20260616_1,RECLTD,LONG,2026-06-15 18:30:00.000000,350.93115234375,386.024267578125,336.89390625,STOP_LOSS,2026-06-25 18:30:00.000000,-3.8,v2.2,TradeMind Core v2.2-CloudBackfill,LIVE_SHADOW,False,,,,,,,live_signals,-4.0,,1,LIVE_SHADOW,LEGACY_LOG
cloud_hist_RECLTD_20260622_2,RECLTD,LONG,2026-06-21 18:30:00.000000,364.02154541015625,400.4236999511719,349.46068359375,TARGET_HIT,2026-07-01 18:30:00.000000,8.5,v2.2,TradeMind Core v2.2-CloudBackfill,LIVE_SHADOW,False,,,,,,,live_signals,8.3,,1,LIVE_SHADOW,LEGACY_LOG
cloud_hist_RECLTD_20260729_3,RECLTD,LONG,2026-07-28 18:30:00.000000,368.3522338867188,405.1874572753906,353.61814453125,STOP_LOSS,2026-08-07 18:30:00.000000,-3.8,v2.2,TradeMind Core v2.2-CloudBackfill,LIVE_SHADOW,False,,,,,,,live_signals,-4.0,,1,LIVE_SHADOW,LEGACY_LOG
cloud_hist_RECLTD_20260814_4,RECLTD,SHORT,2026-08-13 18:30:00.000000,335.0,301.5,348.40000000000003,TARGET_HIT,2026-08-23 18:30:00.000000,8.5,v2.2,TradeMind Core v2.2-CloudBackfill,LIVE_SHADOW,False,,,,,,,live_signals,8.3,,1,LIVE_SHADOW,LEGACY_LOG
cloud_hist_RELIANCE_20260106_0,RELIANCE,SHORT,2026-01-05 18:30:00.000000,1500.6614990234375,1350.5953491210937,1560.687958984375,TARGET_HIT,2026-01-15 18:30:00.000000,8.5,v2.2,TradeMind Core v2.2-CloudBackfill,LIVE_SHADOW,False,,,,,,,live_signals,8.3,,1,LIVE_SHADOW,LEGACY_LOG
cloud_hist_RELIANCE_20260119_1,RELIANCE,SHORT,2026-01-18 18:30:00.000000,1407.0941162109375,1266.3847045898438,1463.377880859375,STOP_LOSS,2026-01-28 18:30:00.000000,-3.8,v2.2,TradeMind Core v2.2-CloudBackfill,LIVE_SHADOW,False,,,,,,,live_signals,-4.0,,1,LIVE_SHADOW,LEGACY_LOG
cloud_hist_RELIANCE_20260406_2,RELIANCE,SHORT,2026-04-05 18:30:00.000000,1298.6953125,1168.82578125,1350.643125,TARGET_HIT,2026-04-15 18:30:00.000000,8.5,v2.2,TradeMind Core v2.2-CloudBackfill,LIVE_SHADOW,False,,,,,,,live_signals,8.3,,1,LIVE_SHADOW,LEGACY_LOG
cloud_hist_RELIANCE_20260429_3,RELIANCE,LONG,2026-04-28 18:30:00.000000,1418.83984375,1560.7238281250002,1362.0862499999998,STOP_LOSS,2026-05-08 18:30:00.000000,-3.8,v2.2,TradeMind Core v2.2-CloudBackfill,LIVE_SHADOW,False,,,,,,,live_signals,-4.0,,1,LIVE_SHADOW,LEGACY_LOG
cloud_hist_RELIANCE_20260608_4,RELIANCE,SHORT,2026-06-07 18:30:00.000000,1263.300048828125,1136.9700439453125,1313.83205078125,TARGET_HIT,2026-06-17 18:30:00.000000,8.5,v2.2,TradeMind Core v2.2-CloudBackfill,LIVE_SHADOW,False,,,,,,,live_signals,8.3,,1,LIVE_SHADOW,LEGACY_LOG
cloud_hist_RVNL_20260518_0,RVNL,SHORT,2026-05-17 18:30:00.000000,276.79998779296875,249.11998901367187,287.87198730468754,TARGET_HIT,2026-05-27 18:30:00.000000,8.5,v2.2,TradeMind Core v2.2-CloudBackfill,LIVE_SHADOW,False,,,,,,,live_signals,8.3,,1,LIVE_SHADOW,LEGACY_LOG
cloud_hist_RVNL_20260526_1,RVNL,SHORT,2026-05-25 18:30:00.000000,259.75,233.775,270.14,STOP_LOSS,2026-06-04 18:30:00.000000,-3.8,v2.2,TradeMind Core v2.2-CloudBackfill,LIVE_SHADOW,False,,,,,,,live_signals,-4.0,,1,LIVE_SHADOW,LEGACY_LOG
cloud_hist_RVNL_20260601_2,RVNL,SHORT,2026-05-31 18:30:00.000000,241.55999755859372,217.4039978027344,251.22239746093751,TARGET_HIT,2026-06-10 18:30:00.000000,8.5,v2.2,TradeMind Core v2.2-CloudBackfill,LIVE_SHADOW,False,,,,,,,live_signals,8.3,,1,LIVE_SHADOW,LEGACY_LOG
cloud_hist_RVNL_20260608_3,RVNL,SHORT,2026-06-07 18:30:00.000000,228.22999572753903,205.4069961547852,237.35919555664063,STOP_LOSS,2026-06-17 18:30:00.000000,-3.8,v2.2,TradeMind Core v2.2-CloudBackfill,LIVE_SHADOW,False,,,,,,,live_signals,-4.0,,1,LIVE_SHADOW,LEGACY_LOG
cloud_hist_RVNL_20260722_4,RVNL,SHORT,2026-07-21 18:30:00.000000,223.1100006103516,200.7990005493164,232.03440063476563,TARGET_HIT,2026-07-31 18:30:00.000000,8.5,v2.2,TradeMind Core v2.2-CloudBackfill,LIVE_SHADOW,False,,,,,,,live_signals,8.3,,1,LIVE_SHADOW,LEGACY_LOG
cloud_hist_SBICARD_20260330_0,SBICARD,SHORT,2026-03-29 18:30:00.000000,635.4500122070312,571.9050109863282,660.8680126953125,TARGET_HIT,2026-04-08 18:30:00.000000,8.5,v2.2,TradeMind Core v2.2-CloudBackfill,LIVE_SHADOW,False,,,,,,,live_signals,8.3,,1,LIVE_SHADOW,LEGACY_LOG
cloud_hist_SBICARD_20260512_1,SBICARD,SHORT,2026-05-11 18:30:00.000000,625.0999755859375,562.5899780273438,650.103974609375,STOP_LOSS,2026-05-21 18:30:00.000000,-3.8,v2.2,TradeMind Core v2.2-CloudBackfill,LIVE_SHADOW,False,,,,,,,live_signals,-4.0,,1,LIVE_SHADOW,LEGACY_LOG
cloud_hist_SBICARD_20260602_2,SBICARD,SHORT,2026-06-01 18:30:00.000000,605.5,544.95,629.72,TARGET_HIT,2026-06-11 18:30:00.000000,8.5,v2.2,TradeMind Core v2.2-CloudBackfill,LIVE_SHADOW,False,,,,,,,live_signals,8.3,,1,LIVE_SHADOW,LEGACY_LOG
cloud_hist_SBICARD_20260608_3,SBICARD,SHORT,2026-06-07 18:30:00.000000,574.5499877929688,517.0949890136719,597.5319873046875,STOP_LOSS,2026-06-17 18:30:00.000000,-3.8,v2.2,TradeMind Core v2.2-CloudBackfill,LIVE_SHADOW,False,,,,,,,live_signals,-4.0,,1,LIVE_SHADOW,LEGACY_LOG
cloud_hist_SBICARD_20260714_4,SBICARD,LONG,2026-07-13 18:30:00.000000,638.8499755859375,702.7349731445313,613.2959765625,TARGET_HIT,2026-07-23 18:30:00.000000,8.5,v2.2,TradeMind Core v2.2-CloudBackfill,LIVE_SHADOW,False,,,,,,,live_signals,8.3,,1,LIVE_SHADOW,LEGACY_LOG
cloud_hist_SBILIFE_20260610_0,SBILIFE,SHORT,2026-06-09 18:30:00.000000,1728.699951171875,1555.8299560546875,1797.84794921875,TARGET_HIT,2026-06-19 18:30:00.000000,8.5,v2.2,TradeMind Core v2.2-CloudBackfill,LIVE_SHADOW,False,,,,,,,live_signals,8.3,,1,LIVE_SHADOW,LEGACY_LOG
cloud_hist_SBILIFE_20260707_1,SBILIFE,LONG,2026-07-06 18:30:00.000000,1832.300048828125,2015.5300537109376,1759.008046875,STOP_LOSS,2026-07-16 18:30:00.000000,-3.8,v2.2,TradeMind Core v2.2-CloudBackfill,LIVE_SHADOW,False,,,,,,,live_signals,-4.0,,1,LIVE_SHADOW,LEGACY_LOG
cloud_hist_SBILIFE_20260715_2,SBILIFE,LONG,2026-07-14 18:30:00.000000,1866.4000244140625,2053.040026855469,1791.7440234375,TARGET_HIT,2026-07-24 18:30:00.000000,8.5,v2.2,TradeMind Core v2.2-CloudBackfill,LIVE_SHADOW,False,,,,,,,live_signals,8.3,,1,LIVE_SHADOW,LEGACY_LOG
cloud_hist_SBILIFE_20260729_3,SBILIFE,LONG,2026-07-28 18:30:00.000000,1894.9000244140625,2084.390026855469,1819.1040234375,STOP_LOSS,2026-08-07 18:30:00.000000,-3.8,v2.2,TradeMind Core v2.2-CloudBackfill,LIVE_SHADOW,False,,,,,,,live_signals,-4.0,,1,LIVE_SHADOW,LEGACY_LOG
cloud_hist_SBILIFE_20260814_4,SBILIFE,SHORT,2026-08-13 18:30:00.000000,1795.0,1615.5,1866.8,TARGET_HIT,2026-08-23 18:30:00.000000,8.5,v2.2,TradeMind Core v2.2-CloudBackfill,LIVE_SHADOW,False,,,,,,,live_signals,8.3,,1,LIVE_SHADOW,LEGACY_LOG
cloud_hist_SBIN_20260518_0,SBIN,SHORT,2026-05-17 18:30:00.000000,939.4000244140624,845.4600219726562,976.9760253906252,TARGET_HIT,2026-05-27 18:30:00.000000,8.5,v2.2,TradeMind Core v2.2-CloudBackfill,LIVE_SHADOW,False,,,,,,,live_signals,8.3,,1,LIVE_SHADOW,LEGACY_LOG
cloud_hist_SBIN_20260609_1,SBIN,LONG,2026-06-08 18:30:00.000000,1002.7000122070312,1102.9700134277346,962.59201171875,STOP_LOSS,2026-06-18 18:30:00.000000,-3.8,v2.2,TradeMind Core v2.2-CloudBackfill,LIVE_SHADOW,False,,,,,,,live_signals,-4.0,,1,LIVE_SHADOW,LEGACY_LOG
cloud_hist_SBIN_20260615_2,SBIN,LONG,2026-06-14 18:30:00.000000,1020.8499755859376,1122.934973144531,980.0159765625,TARGET_HIT,2026-06-24 18:30:00.000000,8.5,v2.2,TradeMind Core v2.2-CloudBackfill,LIVE_SHADOW,False,,,,,,,live_signals,8.3,,1,LIVE_SHADOW,LEGACY_LOG
cloud_hist_SBIN_20260720_3,SBIN,LONG,2026-07-19 18:30:00.000000,1060.0,1166.0,1017.6,STOP_LOSS,2026-07-29 18:30:00.000000,-3.8,v2.2,TradeMind Core v2.2-CloudBackfill,LIVE_SHADOW,False,,,,,,,live_signals,-4.0,,1,LIVE_SHADOW,LEGACY_LOG
cloud_hist_SBIN_20260806_4,SBIN,LONG,2026-08-05 18:30:00.000000,1085.0,1193.5,1041.6,TARGET_HIT,2026-08-15 18:30:00.000000,8.5,v2.2,TradeMind Core v2.2-CloudBackfill,LIVE_SHADOW,False,,,,,,,live_signals,8.3,,1,LIVE_SHADOW,LEGACY_LOG
cloud_hist_SHREECEM_20260608_0,SHREECEM,SHORT,2026-06-07 18:30:00.000000,23473.984375,21126.5859375,24412.94375,TARGET_HIT,2026-06-17 18:30:00.000000,8.5,v2.2,TradeMind Core v2.2-CloudBackfill,LIVE_SHADOW,False,,,,,,,live_signals,8.3,,1,LIVE_SHADOW,LEGACY_LOG
cloud_hist_SHREECEM_20260624_1,SHREECEM,LONG,2026-06-23 18:30:00.000000,26002.412109375,28602.653320312504,24962.315625,STOP_LOSS,2026-07-03 18:30:00.000000,-3.8,v2.2,TradeMind Core v2.2-CloudBackfill,LIVE_SHADOW,False,,,,,,,live_signals,-4.0,,1,LIVE_SHADOW,LEGACY_LOG
cloud_hist_SHREECEM_20260703_2,SHREECEM,LONG,2026-07-02 18:30:00.000000,26695.609375,29365.1703125,25627.785,TARGET_HIT,2026-07-12 18:30:00.000000,8.5,v2.2,TradeMind Core v2.2-CloudBackfill,LIVE_SHADOW,False,,,,,,,live_signals,8.3,,1,LIVE_SHADOW,LEGACY_LOG
cloud_hist_SHREECEM_20260721_3,SHREECEM,LONG,2026-07-20 18:30:00.000000,27245.0,29969.500000000004,26155.2,STOP_LOSS,2026-07-30 18:30:00.000000,-3.8,v2.2,TradeMind Core v2.2-CloudBackfill,LIVE_SHADOW,False,,,,,,,live_signals,-4.0,,1,LIVE_SHADOW,LEGACY_LOG
cloud_hist_SHREECEM_20260814_4,SHREECEM,SHORT,2026-08-13 18:30:00.000000,24795.0,22315.5,25786.8,TARGET_HIT,2026-08-23 18:30:00.000000,8.5,v2.2,TradeMind Core v2.2-CloudBackfill,LIVE_SHADOW,False,,,,,,,live_signals,8.3,,1,LIVE_SHADOW,LEGACY_LOG
cloud_hist_SHRIRAMFIN_20260513_0,SHRIRAMFIN,SHORT,2026-05-12 18:30:00.000000,915.3720703125,823.83486328125,951.986953125,TARGET_HIT,2026-05-22 18:30:00.000000,8.5,v2.2,TradeMind Core v2.2-CloudBackfill,LIVE_SHADOW,False,,,,,,,live_signals,8.3,,1,LIVE_SHADOW,LEGACY_LOG
cloud_hist_SHRIRAMFIN_20260611_1,SHRIRAMFIN,SHORT,2026-06-10 18:30:00.000000,881.2650146484375,793.1385131835938,916.515615234375,STOP_LOSS,2026-06-20 18:30:00.000000,-3.8,v2.2,TradeMind Core v2.2-CloudBackfill,LIVE_SHADOW,False,,,,,,,live_signals,-4.0,,1,LIVE_SHADOW,LEGACY_LOG
cloud_hist_SHRIRAMFIN_20260624_2,SHRIRAMFIN,LONG,2026-06-23 18:30:00.000000,1013.268310546875,1114.5951416015623,972.737578125,TARGET_HIT,2026-07-03 18:30:00.000000,8.5,v2.2,TradeMind Core v2.2-CloudBackfill,LIVE_SHADOW,False,,,,,,,live_signals,8.3,,1,LIVE_SHADOW,LEGACY_LOG
cloud_hist_SHRIRAMFIN_20260702_3,SHRIRAMFIN,LONG,2026-07-01 18:30:00.000000,1060.699951171875,1166.7699462890623,1018.271953125,STOP_LOSS,2026-07-11 18:30:00.000000,-3.8,v2.2,TradeMind Core v2.2-CloudBackfill,LIVE_SHADOW,False,,,,,,,live_signals,-4.0,,1,LIVE_SHADOW,LEGACY_LOG
cloud_hist_SHRIRAMFIN_20260803_4,SHRIRAMFIN,LONG,2026-08-02 18:30:00.000000,1090.199951171875,1199.2199462890626,1046.591953125,TARGET_HIT,2026-08-12 18:30:00.000000,8.5,v2.2,TradeMind Core v2.2-CloudBackfill,LIVE_SHADOW,False,,,,,,,live_signals,8.3,,1,LIVE_SHADOW,LEGACY_LOG
cloud_hist_SIEMENS_20260330_0,SIEMENS,SHORT,2026-03-29 18:30:00.000000,2920.64794921875,2628.583154296875,3037.4738671875,TARGET_HIT,2026-04-08 18:30:00.000000,8.5,v2.2,TradeMind Core v2.2-CloudBackfill,LIVE_SHADOW,False,,,,,,,live_signals,8.3,,1,LIVE_SHADOW,LEGACY_LOG
cloud_hist_SIEMENS_20260410_1,SIEMENS,LONG,2026-04-09 18:30:00.000000,3371.930419921875,3709.123461914063,3237.053203125,STOP_LOSS,2026-04-19 18:30:00.000000,-3.8,v2.2,TradeMind Core v2.2-CloudBackfill,LIVE_SHADOW,False,,,,,,,live_signals,-4.0,,1,LIVE_SHADOW,LEGACY_LOG
cloud_hist_SIEMENS_20260417_2,SIEMENS,LONG,2026-04-16 18:30:00.000000,3689.768310546875,4058.745141601563,3542.177578125,TARGET_HIT,2026-04-26 18:30:00.000000,8.5,v2.2,TradeMind Core v2.2-CloudBackfill,LIVE_SHADOW,False,,,,,,,live_signals,8.3,,1,LIVE_SHADOW,LEGACY_LOG
cloud_hist_SIEMENS_20260707_3,SIEMENS,SHORT,2026-07-06 18:30:00.000000,3477.90966796875,3130.1187011718757,3617.0260546875,STOP_LOSS,2026-07-16 18:30:00.000000,-3.8,v2.2,TradeMind Core v2.2-CloudBackfill,LIVE_SHADOW,False,,,,,,,live_signals,-4.0,,1,LIVE_SHADOW,LEGACY_LOG
cloud_hist_SIEMENS_20260803_4,SIEMENS,LONG,2026-08-02 18:30:00.000000,3900.0,4290.0,3744.0,TARGET_HIT,2026-08-12 18:30:00.000000,8.5,v2.2,TradeMind Core v2.2-CloudBackfill,LIVE_SHADOW,False,,,,,,,live_signals,8.3,,1,LIVE_SHADOW,LEGACY_LOG
cloud_hist_SONACOMS_20260527_0,SONACOMS,LONG,2026-05-26 18:30:00.000000,616.906982421875,678.5976806640625,592.230703125,TARGET_HIT,2026-06-05 18:30:00.000000,8.5,v2.2,TradeMind Core v2.2-CloudBackfill,LIVE_SHADOW,False,,,,,,,live_signals,8.3,,1,LIVE_SHADOW,LEGACY_LOG
cloud_hist_SONACOMS_20260702_1,SONACOMS,LONG,2026-07-01 18:30:00.000000,662.2999877929688,728.5299865722657,635.80798828125,STOP_LOSS,2026-07-11 18:30:00.000000,-3.8,v2.2,TradeMind Core v2.2-CloudBackfill,LIVE_SHADOW,False,,,,,,,live_signals,-4.0,,1,LIVE_SHADOW,LEGACY_LOG
cloud_hist_SONACOMS_20260716_2,SONACOMS,LONG,2026-07-15 18:30:00.000000,683.4000244140625,751.7400268554688,656.0640234374999,TARGET_HIT,2026-07-25 18:30:00.000000,8.5,v2.2,TradeMind Core v2.2-CloudBackfill,LIVE_SHADOW,False,,,,,,,live_signals,8.3,,1,LIVE_SHADOW,LEGACY_LOG
cloud_hist_SONACOMS_20260730_3,SONACOMS,LONG,2026-07-29 18:30:00.000000,763.75,840.1250000000001,733.1999999999999,STOP_LOSS,2026-08-08 18:30:00.000000,-3.8,v2.2,TradeMind Core v2.2-CloudBackfill,LIVE_SHADOW,False,,,,,,,live_signals,-4.0,,1,LIVE_SHADOW,LEGACY_LOG
cloud_hist_SONACOMS_20260805_4,SONACOMS,LONG,2026-08-04 18:30:00.000000,814.5999755859375,896.0599731445313,782.0159765625,TARGET_HIT,2026-08-14 18:30:00.000000,8.5,v2.2,TradeMind Core v2.2-CloudBackfill,LIVE_SHADOW,False,,,,,,,live_signals,8.3,,1,LIVE_SHADOW,LEGACY_LOG
cloud_hist_SRF_20260702_0,SRF,LONG,2026-07-01 18:30:00.000000,2794.091064453125,3073.500170898438,2682.327421875,TARGET_HIT,2026-07-11 18:30:00.000000,8.5,v2.2,TradeMind Core v2.2-CloudBackfill,LIVE_SHADOW,False,,,,,,,live_signals,8.3,,1,LIVE_SHADOW,LEGACY_LOG
cloud_hist_SRF_20260716_1,SRF,LONG,2026-07-15 18:30:00.000000,2883.820556640625,3172.202612304688,2768.467734375,STOP_LOSS,2026-07-25 18:30:00.000000,-3.8,v2.2,TradeMind Core v2.2-CloudBackfill,LIVE_SHADOW,False,,,,,,,live_signals,-4.0,,1,LIVE_SHADOW,LEGACY_LOG
cloud_hist_SRF_20260723_2,SRF,SHORT,2026-07-22 18:30:00.000000,2617.72607421875,2355.953466796875,2722.4351171875,TARGET_HIT,2026-08-01 18:30:00.000000,8.5,v2.2,TradeMind Core v2.2-CloudBackfill,LIVE_SHADOW,False,,,,,,,live_signals,8.3,,1,LIVE_SHADOW,LEGACY_LOG
cloud_hist_SRF_20260730_3,SRF,SHORT,2026-07-29 18:30:00.000000,2604.800048828125,2344.3200439453126,2708.99205078125,STOP_LOSS,2026-08-08 18:30:00.000000,-3.8,v2.2,TradeMind Core v2.2-CloudBackfill,LIVE_SHADOW,False,,,,,,,live_signals,-4.0,,1,LIVE_SHADOW,LEGACY_LOG
cloud_hist_SRF_20260811_4,SRF,SHORT,2026-08-10 18:30:00.000000,2570.0,2313.0,2672.8,TARGET_HIT,2026-08-20 18:30:00.000000,8.5,v2.2,TradeMind Core v2.2-CloudBackfill,LIVE_SHADOW,False,,,,,,,live_signals,8.3,,1,LIVE_SHADOW,LEGACY_LOG
cloud_hist_SUNPHARMA_20260506_0,SUNPHARMA,LONG,2026-05-05 18:30:00.000000,1845.3636474609373,2029.9000122070315,1771.5491015625,TARGET_HIT,2026-05-15 18:30:00.000000,8.5,v2.2,TradeMind Core v2.2-CloudBackfill,LIVE_SHADOW,False,,,,,,,live_signals,8.3,,1,LIVE_SHADOW,LEGACY_LOG
cloud_hist_SUNPHARMA_20260518_1,SUNPHARMA,LONG,2026-05-17 18:30:00.000000,1900.818359375,2090.9001953125003,1824.785625,STOP_LOSS,2026-05-27 18:30:00.000000,-3.8,v2.2,TradeMind Core v2.2-CloudBackfill,LIVE_SHADOW,False,,,,,,,live_signals,-4.0,,1,LIVE_SHADOW,LEGACY_LOG
cloud_hist_SUNPHARMA_20260703_2,SUNPHARMA,LONG,2026-07-02 18:30:00.000000,1899.8209228515625,2089.803015136719,1823.8280859375,TARGET_HIT,2026-07-12 18:30:00.000000,8.5,v2.2,TradeMind Core v2.2-CloudBackfill,LIVE_SHADOW,False,,,,,,,live_signals,8.3,,1,LIVE_SHADOW,LEGACY_LOG
cloud_hist_SUNPHARMA_20260709_3,SUNPHARMA,LONG,2026-07-08 18:30:00.000000,1938.699951171875,2132.5699462890625,1861.151953125,STOP_LOSS,2026-07-18 18:30:00.000000,-3.8,v2.2,TradeMind Core v2.2-CloudBackfill,LIVE_SHADOW,False,,,,,,,live_signals,-4.0,,1,LIVE_SHADOW,LEGACY_LOG
cloud_hist_SUNPHARMA_20260727_4,SUNPHARMA,LONG,2026-07-26 18:30:00.000000,1973.699951171875,2171.0699462890625,1894.751953125,TARGET_HIT,2026-08-05 18:30:00.000000,8.5,v2.2,TradeMind Core v2.2-CloudBackfill,LIVE_SHADOW,False,,,,,,,live_signals,8.3,,1,LIVE_SHADOW,LEGACY_LOG
cloud_hist_SUNTV_20260513_0,SUNTV,SHORT,2026-05-12 18:30:00.000000,532.9500122070312,479.65501098632814,554.2680126953126,TARGET_HIT,2026-05-22 18:30:00.000000,8.5,v2.2,TradeMind Core v2.2-CloudBackfill,LIVE_SHADOW,False,,,,,,,live_signals,8.3,,1,LIVE_SHADOW,LEGACY_LOG
cloud_hist_SUNTV_20260522_1,SUNTV,SHORT,2026-05-21 18:30:00.000000,486.7000122070313,438.03001098632814,506.1680126953125,STOP_LOSS,2026-05-31 18:30:00.000000,-3.8,v2.2,TradeMind Core v2.2-CloudBackfill,LIVE_SHADOW,False,,,,,,,live_signals,-4.0,,1,LIVE_SHADOW,LEGACY_LOG
cloud_hist_SUNTV_20260708_2,SUNTV,SHORT,2026-07-07 18:30:00.000000,496.6000061035156,446.9400054931641,516.4640063476563,TARGET_HIT,2026-07-17 18:30:00.000000,8.5,v2.2,TradeMind Core v2.2-CloudBackfill,LIVE_SHADOW,False,,,,,,,live_signals,8.3,,1,LIVE_SHADOW,LEGACY_LOG
cloud_hist_SUNTV_20260724_3,SUNTV,SHORT,2026-07-23 18:30:00.000000,486.8999938964844,438.2099945068359,506.37599365234377,STOP_LOSS,2026-08-02 18:30:00.000000,-3.8,v2.2,TradeMind Core v2.2-CloudBackfill,LIVE_SHADOW,False,,,,,,,live_signals,-4.0,,1,LIVE_SHADOW,LEGACY_LOG
cloud_hist_SUNTV_20260812_4,SUNTV,SHORT,2026-08-11 18:30:00.000000,478.2000122070313,430.38001098632816,497.3280126953125,TARGET_HIT,2026-08-21 18:30:00.000000,8.5,v2.2,TradeMind Core v2.2-CloudBackfill,LIVE_SHADOW,False,,,,,,,live_signals,8.3,,1,LIVE_SHADOW,LEGACY_LOG
cloud_hist_SUPREMEIND_20260225_0,SUPREMEIND,LONG,2026-02-24 18:30:00.000000,4024.14404296875,4426.558447265626,3863.17828125,TARGET_HIT,2026-03-06 18:30:00.000000,8.5,v2.2,TradeMind Core v2.2-CloudBackfill,LIVE_SHADOW,False,,,,,,,live_signals,8.3,,1,LIVE_SHADOW,LEGACY_LOG
cloud_hist_SUPREMEIND_20260323_1,SUPREMEIND,SHORT,2026-03-22 18:30:00.000000,3678.48828125,3310.6394531250003,3825.6278125,STOP_LOSS,2026-04-01 18:30:00.000000,-3.8,v2.2,TradeMind Core v2.2-CloudBackfill,LIVE_SHADOW,False,,,,,,,live_signals,-4.0,,1,LIVE_SHADOW,LEGACY_LOG
cloud_hist_SUPREMEIND_20260401_2,SUPREMEIND,SHORT,2026-03-31 18:30:00.000000,3632.7119140625,3269.4407226562503,3778.020390625,TARGET_HIT,2026-04-10 18:30:00.000000,8.5,v2.2,TradeMind Core v2.2-CloudBackfill,LIVE_SHADOW,False,,,,,,,live_signals,8.3,,1,LIVE_SHADOW,LEGACY_LOG
cloud_hist_SUPREMEIND_20260513_3,SUPREMEIND,SHORT,2026-05-12 18:30:00.000000,3496.276611328125,3146.6489501953124,3636.12767578125,STOP_LOSS,2026-05-22 18:30:00.000000,-3.8,v2.2,TradeMind Core v2.2-CloudBackfill,LIVE_SHADOW,False,,,,,,,live_signals,-4.0,,1,LIVE_SHADOW,LEGACY_LOG
cloud_hist_SUPREMEIND_20260629_4,SUPREMEIND,SHORT,2026-06-28 18:30:00.000000,3194.0,2874.6,3321.76,TARGET_HIT,2026-07-08 18:30:00.000000,8.5,v2.2,TradeMind Core v2.2-CloudBackfill,LIVE_SHADOW,False,,,,,,,live_signals,8.3,,1,LIVE_SHADOW,LEGACY_LOG
cloud_hist_SYNGENE_20260304_0,SYNGENE,SHORT,2026-03-03 18:30:00.000000,399.5692443847656,359.61231994628906,415.55201416015626,TARGET_HIT,2026-03-13 18:30:00.000000,8.5,v2.2,TradeMind Core v2.2-CloudBackfill,LIVE_SHADOW,False,,,,,,,live_signals,8.3,,1,LIVE_SHADOW,LEGACY_LOG
cloud_hist_SYNGENE_20260416_1,SYNGENE,LONG,2026-04-15 18:30:00.000000,433.4732971191406,476.8206268310547,416.13436523437497,STOP_LOSS,2026-04-25 18:30:00.000000,-3.8,v2.2,TradeMind Core v2.2-CloudBackfill,LIVE_SHADOW,False,,,,,,,live_signals,-4.0,,1,LIVE_SHADOW,LEGACY_LOG
cloud_hist_SYNGENE_20260430_2,SYNGENE,LONG,2026-04-29 18:30:00.000000,466.3302917480469,512.9633209228516,447.67708007812496,TARGET_HIT,2026-05-09 18:30:00.000000,8.5,v2.2,TradeMind Core v2.2-CloudBackfill,LIVE_SHADOW,False,,,,,,,live_signals,8.3,,1,LIVE_SHADOW,LEGACY_LOG
cloud_hist_SYNGENE_20260707_3,SYNGENE,SHORT,2026-07-06 18:30:00.000000,422.7000122070313,380.4300109863281,439.6080126953125,STOP_LOSS,2026-07-16 18:30:00.000000,-3.8,v2.2,TradeMind Core v2.2-CloudBackfill,LIVE_SHADOW,False,,,,,,,live_signals,-4.0,,1,LIVE_SHADOW,LEGACY_LOG
cloud_hist_SYNGENE_20260723_4,SYNGENE,SHORT,2026-07-22 18:30:00.000000,403.25,362.925,419.38,TARGET_HIT,2026-08-01 18:30:00.000000,8.5,v2.2,TradeMind Core v2.2-CloudBackfill,LIVE_SHADOW,False,,,,,,,live_signals,8.3,,1,LIVE_SHADOW,LEGACY_LOG
cloud_hist_TATACOMM_20260520_0,TATACOMM,LONG,2026-05-19 18:30:00.000000,1759.5994873046875,1935.5594360351563,1689.2155078125,TARGET_HIT,2026-05-29 18:30:00.000000,8.5,v2.2,TradeMind Core v2.2-CloudBackfill,LIVE_SHADOW,False,,,,,,,live_signals,8.3,,1,LIVE_SHADOW,LEGACY_LOG
cloud_hist_TATACOMM_20260526_1,TATACOMM,LONG,2026-05-25 18:30:00.000000,1990.995361328125,2190.094897460938,1911.355546875,STOP_LOSS,2026-06-04 18:30:00.000000,-3.8,v2.2,TradeMind Core v2.2-CloudBackfill,LIVE_SHADOW,False,,,,,,,live_signals,-4.0,,1,LIVE_SHADOW,LEGACY_LOG
cloud_hist_TATACOMM_20260622_2,TATACOMM,LONG,2026-06-21 18:30:00.000000,2061.699951171875,2267.8699462890627,1979.231953125,TARGET_HIT,2026-07-01 18:30:00.000000,8.5,v2.2,TradeMind Core v2.2-CloudBackfill,LIVE_SHADOW,False,,,,,,,live_signals,8.3,,1,LIVE_SHADOW,LEGACY_LOG
cloud_hist_TATACOMM_20260710_3,TATACOMM,SHORT,2026-07-09 18:30:00.000000,1856.199951171875,1670.5799560546875,1930.44794921875,STOP_LOSS,2026-07-19 18:30:00.000000,-3.8,v2.2,TradeMind Core v2.2-CloudBackfill,LIVE_SHADOW,False,,,,,,,live_signals,-4.0,,1,LIVE_SHADOW,LEGACY_LOG
cloud_hist_TATACOMM_20260717_4,TATACOMM,SHORT,2026-07-16 18:30:00.000000,1817.0999755859373,1635.389978027344,1889.783974609375,TARGET_HIT,2026-07-26 18:30:00.000000,8.5,v2.2,TradeMind Core v2.2-CloudBackfill,LIVE_SHADOW,False,,,,,,,live_signals,8.3,,1,LIVE_SHADOW,LEGACY_LOG
cloud_hist_TATACONSUM_20260417_0,TATACONSUM,LONG,2026-04-16 18:30:00.000000,1103.8594970703125,1214.245446777344,1059.7051171875,TARGET_HIT,2026-04-26 18:30:00.000000,8.5,v2.2,TradeMind Core v2.2-CloudBackfill,LIVE_SHADOW,False,,,,,,,live_signals,8.3,,1,LIVE_SHADOW,LEGACY_LOG
cloud_hist_TATACONSUM_20260511_1,TATACONSUM,LONG,2026-05-10 18:30:00.000000,1260.33544921875,1386.368994140625,1209.92203125,STOP_LOSS,2026-05-20 18:30:00.000000,-3.8,v2.2,TradeMind Core v2.2-CloudBackfill,LIVE_SHADOW,False,,,,,,,live_signals,-4.0,,1,LIVE_SHADOW,LEGACY_LOG
cloud_hist_TATACONSUM_20260608_2,TATACONSUM,SHORT,2026-06-07 18:30:00.000000,1107.0,996.3,1151.28,TARGET_HIT,2026-06-17 18:30:00.000000,8.5,v2.2,TradeMind Core v2.2-CloudBackfill,LIVE_SHADOW,False,,,,,,,live_signals,8.3,,1,LIVE_SHADOW,LEGACY_LOG
cloud_hist_TATACONSUM_20260630_3,TATACONSUM,SHORT,2026-06-29 18:30:00.000000,1075.5999755859375,968.0399780273438,1118.623974609375,STOP_LOSS,2026-07-09 18:30:00.000000,-3.8,v2.2,TradeMind Core v2.2-CloudBackfill,LIVE_SHADOW,False,,,,,,,live_signals,-4.0,,1,LIVE_SHADOW,LEGACY_LOG
cloud_hist_TATACONSUM_20260812_4,TATACONSUM,SHORT,2026-08-11 18:30:00.000000,1061.9000244140625,955.7100219726562,1104.376025390625,TARGET_HIT,2026-08-21 18:30:00.000000,8.5,v2.2,TradeMind Core v2.2-CloudBackfill,LIVE_SHADOW,False,,,,,,,live_signals,8.3,,1,LIVE_SHADOW,LEGACY_LOG
cloud_hist_TATAPOWER_20260427_0,TATAPOWER,LONG,2026-04-26 18:30:00.000000,450.4090270996094,495.4499298095704,432.39266601562497,TARGET_HIT,2026-05-06 18:30:00.000000,8.5,v2.2,TradeMind Core v2.2-CloudBackfill,LIVE_SHADOW,False,,,,,,,live_signals,8.3,,1,LIVE_SHADOW,LEGACY_LOG
cloud_hist_TATAPOWER_20260513_1,TATAPOWER,SHORT,2026-05-12 18:30:00.000000,401.959228515625,361.7633056640625,418.03759765625,STOP_LOSS,2026-05-22 18:30:00.000000,-3.8,v2.2,TradeMind Core v2.2-CloudBackfill,LIVE_SHADOW,False,,,,,,,live_signals,-4.0,,1,LIVE_SHADOW,LEGACY_LOG
cloud_hist_TATAPOWER_20260611_2,TATAPOWER,SHORT,2026-06-10 18:30:00.000000,387.8466796875,349.06201171875,403.360546875,TARGET_HIT,2026-06-20 18:30:00.000000,8.5,v2.2,TradeMind Core v2.2-CloudBackfill,LIVE_SHADOW,False,,,,,,,live_signals,8.3,,1,LIVE_SHADOW,LEGACY_LOG
cloud_hist_TATAPOWER_20260701_3,TATAPOWER,SHORT,2026-06-30 18:30:00.000000,375.4500122070313,337.90501098632814,390.4680126953125,STOP_LOSS,2026-07-10 18:30:00.000000,-3.8,v2.2,TradeMind Core v2.2-CloudBackfill,LIVE_SHADOW,False,,,,,,,live_signals,-4.0,,1,LIVE_SHADOW,LEGACY_LOG
cloud_hist_TATAPOWER_20260708_4,TATAPOWER,SHORT,2026-07-07 18:30:00.000000,372.1000061035156,334.8900054931641,386.98400634765625,TARGET_HIT,2026-07-17 18:30:00.000000,8.5,v2.2,TradeMind Core v2.2-CloudBackfill,LIVE_SHADOW,False,,,,,,,live_signals,8.3,,1,LIVE_SHADOW,LEGACY_LOG
cloud_hist_TATASTEEL_20260513_0,TATASTEEL,LONG,2026-05-12 18:30:00.000000,215.1823272705078,236.7005599975586,206.5750341796875,TARGET_HIT,2026-05-22 18:30:00.000000,8.5,v2.2,TradeMind Core v2.2-CloudBackfill,LIVE_SHADOW,False,,,,,,,live_signals,8.3,,1,LIVE_SHADOW,LEGACY_LOG
cloud_hist_TATASTEEL_20260608_1,TATASTEEL,SHORT,2026-06-07 18:30:00.000000,198.6238250732422,178.76144256591795,206.5687780761719,STOP_LOSS,2026-06-17 18:30:00.000000,-3.8,v2.2,TradeMind Core v2.2-CloudBackfill,LIVE_SHADOW,False,,,,,,,live_signals,-4.0,,1,LIVE_SHADOW,LEGACY_LOG
cloud_hist_TATASTEEL_20260624_2,TATASTEEL,SHORT,2026-06-23 18:30:00.000000,190.16000366210935,171.14400329589844,197.76640380859376,TARGET_HIT,2026-07-03 18:30:00.000000,8.5,v2.2,TradeMind Core v2.2-CloudBackfill,LIVE_SHADOW,False,,,,,,,live_signals,8.3,,1,LIVE_SHADOW,LEGACY_LOG
cloud_hist_TATASTEEL_20260701_3,TATASTEEL,SHORT,2026-06-30 18:30:00.000000,185.1699981689453,166.6529983520508,192.57679809570317,STOP_LOSS,2026-07-10 18:30:00.000000,-3.8,v2.2,TradeMind Core v2.2-CloudBackfill,LIVE_SHADOW,False,,,,,,,live_signals,-4.0,,1,LIVE_SHADOW,LEGACY_LOG
cloud_hist_TATASTEEL_20260724_4,TATASTEEL,SHORT,2026-07-23 18:30:00.000000,182.6699981689453,164.4029983520508,189.97679809570317,TARGET_HIT,2026-08-02 18:30:00.000000,8.5,v2.2,TradeMind Core v2.2-CloudBackfill,LIVE_SHADOW,False,,,,,,,live_signals,8.3,,1,LIVE_SHADOW,LEGACY_LOG
cloud_hist_TCS_20260608_0,TCS,SHORT,2026-06-07 18:30:00.000000,2139.668212890625,1925.7013916015624,2225.25494140625,TARGET_HIT,2026-06-17 18:30:00.000000,8.5,v2.2,TradeMind Core v2.2-CloudBackfill,LIVE_SHADOW,False,,,,,,,live_signals,8.3,,1,LIVE_SHADOW,LEGACY_LOG
cloud_hist_TCS_20260623_1,TCS,SHORT,2026-06-22 18:30:00.000000,2048.368896484375,1843.5320068359376,2130.30365234375,STOP_LOSS,2026-07-02 18:30:00.000000,-3.8,v2.2,TradeMind Core v2.2-CloudBackfill,LIVE_SHADOW,False,,,,,,,live_signals,-4.0,,1,LIVE_SHADOW,LEGACY_LOG
cloud_hist_TCS_20260630_2,TCS,SHORT,2026-06-29 18:30:00.000000,2020.422119140625,1818.3799072265624,2101.23900390625,TARGET_HIT,2026-07-09 18:30:00.000000,8.5,v2.2,TradeMind Core v2.2-CloudBackfill,LIVE_SHADOW,False,,,,,,,live_signals,8.3,,1,LIVE_SHADOW,LEGACY_LOG
cloud_hist_TCS_20260717_3,TCS,LONG,2026-07-16 18:30:00.000000,2269.0,2495.9,2178.24,STOP_LOSS,2026-07-26 18:30:00.000000,-3.8,v2.2,TradeMind Core v2.2-CloudBackfill,LIVE_SHADOW,False,,,,,,,live_signals,-4.0,,1,LIVE_SHADOW,LEGACY_LOG
cloud_hist_TCS_20260727_4,TCS,LONG,2026-07-26 18:30:00.000000,2295.60009765625,2525.160107421875,2203.77609375,TARGET_HIT,2026-08-05 18:30:00.000000,8.5,v2.2,TradeMind Core v2.2-CloudBackfill,LIVE_SHADOW,False,,,,,,,live_signals,8.3,,1,LIVE_SHADOW,LEGACY_LOG
cloud_hist_TECHM_20260402_0,TECHM,LONG,2026-04-01 18:30:00.000000,1404.98828125,1545.487109375,1348.78875,TARGET_HIT,2026-04-11 18:30:00.000000,8.5,v2.2,TradeMind Core v2.2-CloudBackfill,LIVE_SHADOW,False,,,,,,,live_signals,8.3,,1,LIVE_SHADOW,LEGACY_LOG
cloud_hist_TECHM_20260514_1,TECHM,SHORT,2026-05-13 18:30:00.000000,1309.3731689453125,1178.4358520507812,1361.748095703125,STOP_LOSS,2026-05-23 18:30:00.000000,-3.8,v2.2,TradeMind Core v2.2-CloudBackfill,LIVE_SHADOW,False,,,,,,,live_signals,-4.0,,1,LIVE_SHADOW,LEGACY_LOG
cloud_hist_TECHM_20260601_2,TECHM,LONG,2026-05-31 18:30:00.000000,1504.1123046875,1654.52353515625,1443.9478125,TARGET_HIT,2026-06-10 18:30:00.000000,8.5,v2.2,TradeMind Core v2.2-CloudBackfill,LIVE_SHADOW,False,,,,,,,live_signals,8.3,,1,LIVE_SHADOW,LEGACY_LOG
cloud_hist_TECHM_20260713_3,TECHM,LONG,2026-07-12 18:30:00.000000,1504.5,1654.95,1444.32,STOP_LOSS,2026-07-22 18:30:00.000000,-3.8,v2.2,TradeMind Core v2.2-CloudBackfill,LIVE_SHADOW,False,,,,,,,live_signals,-4.0,,1,LIVE_SHADOW,LEGACY_LOG
cloud_hist_TECHM_20260728_4,TECHM,LONG,2026-07-27 18:30:00.000000,1635.199951171875,1798.7199462890626,1569.791953125,TARGET_HIT,2026-08-06 18:30:00.000000,8.5,v2.2,TradeMind Core v2.2-CloudBackfill,LIVE_SHADOW,False,,,,,,,live_signals,8.3,,1,LIVE_SHADOW,LEGACY_LOG
cloud_hist_TIINDIA_20260527_0,TIINDIA,LONG,2026-05-26 18:30:00.000000,3208.751220703125,3529.626342773438,3080.401171875,TARGET_HIT,2026-06-05 18:30:00.000000,8.5,v2.2,TradeMind Core v2.2-CloudBackfill,LIVE_SHADOW,False,,,,,,,live_signals,8.3,,1,LIVE_SHADOW,LEGACY_LOG
cloud_hist_TIINDIA_20260616_1,TIINDIA,LONG,2026-06-15 18:30:00.000000,3262.421875,3588.6640625000005,3131.925,STOP_LOSS,2026-06-25 18:30:00.000000,-3.8,v2.2,TradeMind Core v2.2-CloudBackfill,LIVE_SHADOW,False,,,,,,,live_signals,-4.0,,1,LIVE_SHADOW,LEGACY_LOG
cloud_hist_TIINDIA_20260708_2,TIINDIA,SHORT,2026-07-07 18:30:00.000000,2897.820556640625,2608.038500976563,3013.73337890625,TARGET_HIT,2026-07-17 18:30:00.000000,8.5,v2.2,TradeMind Core v2.2-CloudBackfill,LIVE_SHADOW,False,,,,,,,live_signals,8.3,,1,LIVE_SHADOW,LEGACY_LOG
cloud_hist_TIINDIA_20260724_3,TIINDIA,SHORT,2026-07-23 18:30:00.000000,2765.49267578125,2488.9434082031253,2876.1123828125,STOP_LOSS,2026-08-02 18:30:00.000000,-3.8,v2.2,TradeMind Core v2.2-CloudBackfill,LIVE_SHADOW,False,,,,,,,live_signals,-4.0,,1,LIVE_SHADOW,LEGACY_LOG
cloud_hist_TIINDIA_20260730_4,TIINDIA,SHORT,2026-07-29 18:30:00.000000,2687.33544921875,2418.601904296875,2794.8288671875,TARGET_HIT,2026-08-08 18:30:00.000000,8.5,v2.2,TradeMind Core v2.2-CloudBackfill,LIVE_SHADOW,False,,,,,,,live_signals,8.3,,1,LIVE_SHADOW,LEGACY_LOG
cloud_hist_TITAN_20260707_0,TITAN,LONG,2026-07-06 18:30:00.000000,4589.14208984375,5048.056298828125,4405.57640625,TARGET_HIT,2026-07-16 18:30:00.000000,8.5,v2.2,TradeMind Core v2.2-CloudBackfill,LIVE_SHADOW,False,,,,,,,live_signals,8.3,,1,LIVE_SHADOW,LEGACY_LOG
cloud_hist_TITAN_20260721_1,TITAN,LONG,2026-07-20 18:30:00.000000,4688.7001953125,5157.57021484375,4501.1521875,STOP_LOSS,2026-07-30 18:30:00.000000,-3.8,v2.2,TradeMind Core v2.2-CloudBackfill,LIVE_SHADOW,False,,,,,,,live_signals,-4.0,,1,LIVE_SHADOW,LEGACY_LOG
cloud_hist_TITAN_20260727_2,TITAN,LONG,2026-07-26 18:30:00.000000,4740.10009765625,5214.110107421875,4550.49609375,TARGET_HIT,2026-08-05 18:30:00.000000,8.5,v2.2,TradeMind Core v2.2-CloudBackfill,LIVE_SHADOW,False,,,,,,,live_signals,8.3,,1,LIVE_SHADOW,LEGACY_LOG
cloud_hist_TITAN_20260803_3,TITAN,LONG,2026-08-02 18:30:00.000000,5000.0,5500.0,4800.0,STOP_LOSS,2026-08-12 18:30:00.000000,-3.8,v2.2,TradeMind Core v2.2-CloudBackfill,LIVE_SHADOW,False,,,,,,,live_signals,-4.0,,1,LIVE_SHADOW,LEGACY_LOG
cloud_hist_TITAN_20260810_4,TITAN,LONG,2026-08-09 18:30:00.000000,5090.0,5599.0,4886.4,TARGET_HIT,2026-08-19 18:30:00.000000,8.5,v2.2,TradeMind Core v2.2-CloudBackfill,LIVE_SHADOW,False,,,,,,,live_signals,8.3,,1,LIVE_SHADOW,LEGACY_LOG
cloud_hist_TORNTPHARM_20260506_0,TORNTPHARM,LONG,2026-05-05 18:30:00.000000,4349.65576171875,4784.621337890625,4175.66953125,TARGET_HIT,2026-05-15 18:30:00.000000,8.5,v2.2,TradeMind Core v2.2-CloudBackfill,LIVE_SHADOW,False,,,,,,,live_signals,8.3,,1,LIVE_SHADOW,LEGACY_LOG
cloud_hist_TORNTPHARM_20260525_1,TORNTPHARM,LONG,2026-05-24 18:30:00.000000,4563.53125,5019.884375000001,4380.99,STOP_LOSS,2026-06-03 18:30:00.000000,-3.8,v2.2,TradeMind Core v2.2-CloudBackfill,LIVE_SHADOW,False,,,,,,,live_signals,-4.0,,1,LIVE_SHADOW,LEGACY_LOG
cloud_hist_TORNTPHARM_20260703_2,TORNTPHARM,LONG,2026-07-02 18:30:00.000000,4768.2998046875,5245.12978515625,4577.5678125,TARGET_HIT,2026-07-12 18:30:00.000000,8.5,v2.2,TradeMind Core v2.2-CloudBackfill,LIVE_SHADOW,False,,,,,,,live_signals,8.3,,1,LIVE_SHADOW,LEGACY_LOG
cloud_hist_TORNTPHARM_20260713_3,TORNTPHARM,LONG,2026-07-12 18:30:00.000000,4951.10009765625,5446.210107421875,4753.05609375,STOP_LOSS,2026-07-22 18:30:00.000000,-3.8,v2.2,TradeMind Core v2.2-CloudBackfill,LIVE_SHADOW,False,,,,,,,live_signals,-4.0,,1,LIVE_SHADOW,LEGACY_LOG
cloud_hist_TORNTPHARM_20260731_4,TORNTPHARM,LONG,2026-07-30 18:30:00.000000,5122.7998046875,5635.07978515625,4917.8878125,TARGET_HIT,2026-08-09 18:30:00.000000,8.5,v2.2,TradeMind Core v2.2-CloudBackfill,LIVE_SHADOW,False,,,,,,,live_signals,8.3,,1,LIVE_SHADOW,LEGACY_LOG
cloud_hist_TRENT_20260617_0,TRENT,LONG,2026-06-16 18:30:00.000000,3102.800048828125,3413.0800537109376,2978.688046875,TARGET_HIT,2026-06-26 18:30:00.000000,8.5,v2.2,TradeMind Core v2.2-CloudBackfill,LIVE_SHADOW,False,,,,,,,live_signals,8.3,,1,LIVE_SHADOW,LEGACY_LOG
cloud_hist_TRENT_20260624_1,TRENT,LONG,2026-06-23 18:30:00.000000,3247.0,3571.7000000000003,3117.12,STOP_LOSS,2026-07-03 18:30:00.000000,-3.8,v2.2,TradeMind Core v2.2-CloudBackfill,LIVE_SHADOW,False,,,,,,,live_signals,-4.0,,1,LIVE_SHADOW,LEGACY_LOG
cloud_hist_TRENT_20260702_2,TRENT,LONG,2026-07-01 18:30:00.000000,3317.800048828125,3649.5800537109376,3185.088046875,TARGET_HIT,2026-07-11 18:30:00.000000,8.5,v2.2,TradeMind Core v2.2-CloudBackfill,LIVE_SHADOW,False,,,,,,,live_signals,8.3,,1,LIVE_SHADOW,LEGACY_LOG
cloud_hist_TRENT_20260717_3,TRENT,SHORT,2026-07-16 18:30:00.000000,2842.39990234375,2558.159912109375,2956.0958984375,STOP_LOSS,2026-07-26 18:30:00.000000,-3.8,v2.2,TradeMind Core v2.2-CloudBackfill,LIVE_SHADOW,False,,,,,,,live_signals,-4.0,,1,LIVE_SHADOW,LEGACY_LOG
cloud_hist_TRENT_20260804_4,TRENT,LONG,2026-08-03 18:30:00.000000,3107.699951171875,3418.4699462890626,2983.391953125,TARGET_HIT,2026-08-13 18:30:00.000000,8.5,v2.2,TradeMind Core v2.2-CloudBackfill,LIVE_SHADOW,False,,,,,,,live_signals,8.3,,1,LIVE_SHADOW,LEGACY_LOG
cloud_hist_ULTRACEMCO_20260608_0,ULTRACEMCO,SHORT,2026-06-07 18:30:00.000000,10579.064453125,9521.1580078125,11002.22703125,TARGET_HIT,2026-06-17 18:30:00.000000,8.5,v2.2,TradeMind Core v2.2-CloudBackfill,LIVE_SHADOW,False,,,,,,,live_signals,8.3,,1,LIVE_SHADOW,LEGACY_LOG
cloud_hist_ULTRACEMCO_20260703_1,ULTRACEMCO,LONG,2026-07-02 18:30:00.000000,11488.5009765625,12637.351074218752,11028.9609375,STOP_LOSS,2026-07-12 18:30:00.000000,-3.8,v2.2,TradeMind Core v2.2-CloudBackfill,LIVE_SHADOW,False,,,,,,,live_signals,-4.0,,1,LIVE_SHADOW,LEGACY_LOG
cloud_hist_ULTRACEMCO_20260715_2,ULTRACEMCO,LONG,2026-07-14 18:30:00.000000,11575.720703125,12733.2927734375,11112.691875,TARGET_HIT,2026-07-24 18:30:00.000000,8.5,v2.2,TradeMind Core v2.2-CloudBackfill,LIVE_SHADOW,False,,,,,,,live_signals,8.3,,1,LIVE_SHADOW,LEGACY_LOG
cloud_hist_ULTRACEMCO_20260721_3,ULTRACEMCO,LONG,2026-07-20 18:30:00.000000,11852.080078125,13037.288085937502,11377.996875,STOP_LOSS,2026-07-30 18:30:00.000000,-3.8,v2.2,TradeMind Core v2.2-CloudBackfill,LIVE_SHADOW,False,,,,,,,live_signals,-4.0,,1,LIVE_SHADOW,LEGACY_LOG
cloud_hist_ULTRACEMCO_20260803_4,ULTRACEMCO,LONG,2026-08-02 18:30:00.000000,12054.0,13259.4,11571.84,TARGET_HIT,2026-08-12 18:30:00.000000,8.5,v2.2,TradeMind Core v2.2-CloudBackfill,LIVE_SHADOW,False,,,,,,,live_signals,8.3,,1,LIVE_SHADOW,LEGACY_LOG
cloud_hist_UNITDSPR_20260618_0,UNITDSPR,LONG,2026-06-17 18:30:00.000000,1339.98095703125,1473.979052734375,1286.38171875,TARGET_HIT,2026-06-27 18:30:00.000000,8.5,v2.2,TradeMind Core v2.2-CloudBackfill,LIVE_SHADOW,False,,,,,,,live_signals,8.3,,1,LIVE_SHADOW,LEGACY_LOG
cloud_hist_UNITDSPR_20260625_1,UNITDSPR,LONG,2026-06-24 18:30:00.000000,1374.3165283203125,1511.748181152344,1319.3438671875,STOP_LOSS,2026-07-04 18:30:00.000000,-3.8,v2.2,TradeMind Core v2.2-CloudBackfill,LIVE_SHADOW,False,,,,,,,live_signals,-4.0,,1,LIVE_SHADOW,LEGACY_LOG
cloud_hist_UNITDSPR_20260706_2,UNITDSPR,LONG,2026-07-05 18:30:00.000000,1416.3924560546875,1558.0317016601564,1359.7367578125,TARGET_HIT,2026-07-15 18:30:00.000000,8.5,v2.2,TradeMind Core v2.2-CloudBackfill,LIVE_SHADOW,False,,,,,,,live_signals,8.3,,1,LIVE_SHADOW,LEGACY_LOG
cloud_hist_UNITDSPR_20260724_3,UNITDSPR,LONG,2026-07-23 18:30:00.000000,1467.199951171875,1613.9199462890626,1408.511953125,STOP_LOSS,2026-08-02 18:30:00.000000,-3.8,v2.2,TradeMind Core v2.2-CloudBackfill,LIVE_SHADOW,False,,,,,,,live_signals,-4.0,,1,LIVE_SHADOW,LEGACY_LOG
cloud_hist_UNITDSPR_20260811_4,UNITDSPR,LONG,2026-08-10 18:30:00.000000,1548.699951171875,1703.5699462890627,1486.751953125,TARGET_HIT,2026-08-20 18:30:00.000000,8.5,v2.2,TradeMind Core v2.2-CloudBackfill,LIVE_SHADOW,False,,,,,,,live_signals,8.3,,1,LIVE_SHADOW,LEGACY_LOG
cloud_hist_UPL_20260610_0,UPL,SHORT,2026-06-09 18:30:00.000000,605.142333984375,544.6281005859375,629.34802734375,TARGET_HIT,2026-06-19 18:30:00.000000,8.5,v2.2,TradeMind Core v2.2-CloudBackfill,LIVE_SHADOW,False,,,,,,,live_signals,8.3,,1,LIVE_SHADOW,LEGACY_LOG
cloud_hist_UPL_20260629_1,UPL,SHORT,2026-06-28 18:30:00.000000,562.9508056640625,506.6557250976563,585.468837890625,STOP_LOSS,2026-07-08 18:30:00.000000,-3.8,v2.2,TradeMind Core v2.2-CloudBackfill,LIVE_SHADOW,False,,,,,,,live_signals,-4.0,,1,LIVE_SHADOW,LEGACY_LOG
cloud_hist_UPL_20260716_2,UPL,LONG,2026-07-15 18:30:00.000000,619.8499755859375,681.8349731445313,595.0559765625,TARGET_HIT,2026-07-25 18:30:00.000000,8.5,v2.2,TradeMind Core v2.2-CloudBackfill,LIVE_SHADOW,False,,,,,,,live_signals,8.3,,1,LIVE_SHADOW,LEGACY_LOG
cloud_hist_UPL_20260806_3,UPL,SHORT,2026-08-05 18:30:00.000000,572.75,515.475,595.66,STOP_LOSS,2026-08-15 18:30:00.000000,-3.8,v2.2,TradeMind Core v2.2-CloudBackfill,LIVE_SHADOW,False,,,,,,,live_signals,-4.0,,1,LIVE_SHADOW,LEGACY_LOG
cloud_hist_UPL_20260814_4,UPL,SHORT,2026-08-13 18:30:00.000000,563.0,506.7,585.52,TARGET_HIT,2026-08-23 18:30:00.000000,8.5,v2.2,TradeMind Core v2.2-CloudBackfill,LIVE_SHADOW,False,,,,,,,live_signals,8.3,,1,LIVE_SHADOW,LEGACY_LOG
cloud_hist_VBL_20260522_0,VBL,LONG,2026-05-21 18:30:00.000000,538.8524169921875,592.7376586914063,517.2983203125,TARGET_HIT,2026-05-31 18:30:00.000000,8.5,v2.2,TradeMind Core v2.2-CloudBackfill,LIVE_SHADOW,False,,,,,,,live_signals,8.3,,1,LIVE_SHADOW,LEGACY_LOG
cloud_hist_VBL_20260706_1,VBL,SHORT,2026-07-05 18:30:00.000000,494.30181884765625,444.87163696289065,514.0738916015625,STOP_LOSS,2026-07-15 18:30:00.000000,-3.8,v2.2,TradeMind Core v2.2-CloudBackfill,LIVE_SHADOW,False,,,,,,,live_signals,-4.0,,1,LIVE_SHADOW,LEGACY_LOG
cloud_hist_VBL_20260713_2,VBL,SHORT,2026-07-12 18:30:00.000000,468.580322265625,421.7222900390625,487.32353515625,TARGET_HIT,2026-07-22 18:30:00.000000,8.5,v2.2,TradeMind Core v2.2-CloudBackfill,LIVE_SHADOW,False,,,,,,,live_signals,8.3,,1,LIVE_SHADOW,LEGACY_LOG
cloud_hist_VBL_20260722_3,VBL,SHORT,2026-07-21 18:30:00.000000,457.7423400878906,411.9681060791016,476.0520336914063,STOP_LOSS,2026-07-31 18:30:00.000000,-3.8,v2.2,TradeMind Core v2.2-CloudBackfill,LIVE_SHADOW,False,,,,,,,live_signals,-4.0,,1,LIVE_SHADOW,LEGACY_LOG
cloud_hist_VBL_20260728_4,VBL,SHORT,2026-07-27 18:30:00.000000,429.5236511230469,386.5712860107422,446.7045971679688,TARGET_HIT,2026-08-06 18:30:00.000000,8.5,v2.2,TradeMind Core v2.2-CloudBackfill,LIVE_SHADOW,False,,,,,,,live_signals,8.3,,1,LIVE_SHADOW,LEGACY_LOG
cloud_hist_VEDL_20260430_0,VEDL,SHORT,2026-04-29 18:30:00.000000,271.54998779296875,244.39498901367188,282.4119873046875,TARGET_HIT,2026-05-09 18:30:00.000000,8.5,v2.2,TradeMind Core v2.2-CloudBackfill,LIVE_SHADOW,False,,,,,,,live_signals,8.3,,1,LIVE_SHADOW,LEGACY_LOG
cloud_hist_VEDL_20260610_1,VEDL,SHORT,2026-06-09 18:30:00.000000,299.29998779296875,269.3699890136719,311.2719873046875,STOP_LOSS,2026-06-19 18:30:00.000000,-3.8,v2.2,TradeMind Core v2.2-CloudBackfill,LIVE_SHADOW,False,,,,,,,live_signals,-4.0,,1,LIVE_SHADOW,LEGACY_LOG
cloud_hist_VEDL_20260623_2,VEDL,SHORT,2026-06-22 18:30:00.000000,281.70001220703125,253.5300109863281,292.9680126953125,TARGET_HIT,2026-07-02 18:30:00.000000,8.5,v2.2,TradeMind Core v2.2-CloudBackfill,LIVE_SHADOW,False,,,,,,,live_signals,8.3,,1,LIVE_SHADOW,LEGACY_LOG
cloud_hist_VEDL_20260713_3,VEDL,SHORT,2026-07-12 18:30:00.000000,269.6499938964844,242.68499450683595,280.43599365234377,STOP_LOSS,2026-07-22 18:30:00.000000,-3.8,v2.2,TradeMind Core v2.2-CloudBackfill,LIVE_SHADOW,False,,,,,,,live_signals,-4.0,,1,LIVE_SHADOW,LEGACY_LOG
cloud_hist_VEDL_20260810_4,VEDL,LONG,2026-08-09 18:30:00.000000,283.6499938964844,312.01499328613284,272.303994140625,TARGET_HIT,2026-08-19 18:30:00.000000,8.5,v2.2,TradeMind Core v2.2-CloudBackfill,LIVE_SHADOW,False,,,,,,,live_signals,8.3,,1,LIVE_SHADOW,LEGACY_LOG
cloud_hist_WIPRO_20260525_0,WIPRO,LONG,2026-05-24 18:30:00.000000,204.50439453125,224.95483398437503,196.32421875,TARGET_HIT,2026-06-03 18:30:00.000000,8.5,v2.2,TradeMind Core v2.2-CloudBackfill,LIVE_SHADOW,False,,,,,,,live_signals,8.3,,1,LIVE_SHADOW,LEGACY_LOG
cloud_hist_WIPRO_20260608_1,WIPRO,SHORT,2026-06-07 18:30:00.000000,179.7075958251953,161.7368362426758,186.89589965820312,STOP_LOSS,2026-06-17 18:30:00.000000,-3.8,v2.2,TradeMind Core v2.2-CloudBackfill,LIVE_SHADOW,False,,,,,,,live_signals,-4.0,,1,LIVE_SHADOW,LEGACY_LOG
cloud_hist_WIPRO_20260623_2,WIPRO,SHORT,2026-06-22 18:30:00.000000,172.5196990966797,155.26772918701172,179.4204870605469,TARGET_HIT,2026-07-02 18:30:00.000000,8.5,v2.2,TradeMind Core v2.2-CloudBackfill,LIVE_SHADOW,False,,,,,,,live_signals,8.3,,1,LIVE_SHADOW,LEGACY_LOG
cloud_hist_WIPRO_20260630_3,WIPRO,SHORT,2026-06-29 18:30:00.000000,168.4659881591797,151.61938934326173,175.20462768554688,STOP_LOSS,2026-07-09 18:30:00.000000,-3.8,v2.2,TradeMind Core v2.2-CloudBackfill,LIVE_SHADOW,False,,,,,,,live_signals,-4.0,,1,LIVE_SHADOW,LEGACY_LOG
cloud_hist_WIPRO_20260727_4,WIPRO,LONG,2026-07-26 18:30:00.000000,178.52999877929688,196.38299865722655,171.388798828125,TARGET_HIT,2026-08-05 18:30:00.000000,8.5,v2.2,TradeMind Core v2.2-CloudBackfill,LIVE_SHADOW,False,,,,,,,live_signals,8.3,,1,LIVE_SHADOW,LEGACY_LOG
cloud_hist_YESBANK_20260416_0,YESBANK,LONG,2026-04-15 18:30:00.000000,19.950000762939453,21.9450008392334,19.152000732421875,TARGET_HIT,2026-04-25 18:30:00.000000,8.5,v2.2,TradeMind Core v2.2-CloudBackfill,LIVE_SHADOW,False,,,,,,,live_signals,8.3,,1,LIVE_SHADOW,LEGACY_LOG
cloud_hist_YESBANK_20260506_1,YESBANK,LONG,2026-05-05 18:30:00.000000,22.1299991607666,24.342999076843263,21.244799194335936,STOP_LOSS,2026-05-15 18:30:00.000000,-3.8,v2.2,TradeMind Core v2.2-CloudBackfill,LIVE_SHADOW,False,,,,,,,live_signals,-4.0,,1,LIVE_SHADOW,LEGACY_LOG
cloud_hist_YESBANK_20260615_2,YESBANK,LONG,2026-06-14 18:30:00.000000,23.780000686645508,26.15800075531006,22.828800659179688,TARGET_HIT,2026-06-24 18:30:00.000000,8.5,v2.2,TradeMind Core v2.2-CloudBackfill,LIVE_SHADOW,False,,,,,,,live_signals,8.3,,1,LIVE_SHADOW,LEGACY_LOG
cloud_hist_YESBANK_20260720_3,YESBANK,SHORT,2026-07-19 18:30:00.000000,22.93000030517578,20.6370002746582,23.84720031738281,STOP_LOSS,2026-07-29 18:30:00.000000,-3.8,v2.2,TradeMind Core v2.2-CloudBackfill,LIVE_SHADOW,False,,,,,,,live_signals,-4.0,,1,LIVE_SHADOW,LEGACY_LOG
cloud_hist_YESBANK_20260730_4,YESBANK,SHORT,2026-07-29 18:30:00.000000,22.540000915527344,20.28600082397461,23.44160095214844,TARGET_HIT,2026-08-08 18:30:00.000000,8.5,v2.2,TradeMind Core v2.2-CloudBackfill,LIVE_SHADOW,False,,,,,,,live_signals,8.3,,1,LIVE_SHADOW,LEGACY_LOG
cloud_hist_ZYDUSLIFE_20260319_0,ZYDUSLIFE,SHORT,2026-03-18 18:30:00.000000,875.3634033203125,787.8270629882812,910.377939453125,TARGET_HIT,2026-03-28 18:30:00.000000,8.5,v2.2,TradeMind Core v2.2-CloudBackfill,LIVE_SHADOW,False,,,,,,,live_signals,8.3,,1,LIVE_SHADOW,LEGACY_LOG
cloud_hist_ZYDUSLIFE_20260415_1,ZYDUSLIFE,LONG,2026-04-14 18:30:00.000000,935.2095947265624,1028.730554199219,897.8012109375,STOP_LOSS,2026-04-24 18:30:00.000000,-3.8,v2.2,TradeMind Core v2.2-CloudBackfill,LIVE_SHADOW,False,,,,,,,live_signals,-4.0,,1,LIVE_SHADOW,LEGACY_LOG
cloud_hist_ZYDUSLIFE_20260514_2,ZYDUSLIFE,LONG,2026-05-13 18:30:00.000000,990.8096313476562,1089.890594482422,951.17724609375,TARGET_HIT,2026-05-23 18:30:00.000000,8.5,v2.2,TradeMind Core v2.2-CloudBackfill,LIVE_SHADOW,False,,,,,,,live_signals,8.3,,1,LIVE_SHADOW,LEGACY_LOG
cloud_hist_ZYDUSLIFE_20260703_3,ZYDUSLIFE,LONG,2026-07-02 18:30:00.000000,1139.575927734375,1253.533520507813,1093.992890625,STOP_LOSS,2026-07-12 18:30:00.000000,-3.8,v2.2,TradeMind Core v2.2-CloudBackfill,LIVE_SHADOW,False,,,,,,,live_signals,-4.0,,1,LIVE_SHADOW,LEGACY_LOG
cloud_hist_ZYDUSLIFE_20260811_4,ZYDUSLIFE,LONG,2026-08-10 18:30:00.000000,1191.0,1310.1,1143.36,TARGET_HIT,2026-08-20 18:30:00.000000,8.5,v2.2,TradeMind Core v2.2-CloudBackfill,LIVE_SHADOW,False,,,,,,,live_signals,8.3,,1,LIVE_SHADOW,LEGACY_LOG
f03124e1-ed0f-40d2-bcb2-bd13682750ab,NIFTY,LONG,2026-08-15 10:59:29.918401,24850.0,25200.0,24650.0,EXPIRED,2026-08-17 03:45:00.000000,-2.0384337273641853,v2.2,TradeMind F&O v1.1,LIVE_SHADOW,False,,,0.0,0.0,,,live_signals,-2.238433727364185,,1,LIVE_SHADOW,LEGACY_LOG
master_eq_INFY_122636,INFY,LONG,2026-08-27 12:26:36.295273,1910.0,2050.0,1860.0,ACTIVE,,,v2.2,TradeMind Core v2.2,LIVE_SHADOW,False,,,,,1110.800048828125,,live_signals,,,2,LIVE_SHADOW,ACTIVE_SHADOW
master_eq_ITC_122636,ITC,LONG,2026-08-27 12:26:36.295273,495.0,550.0,482.0,ACTIVE,,,v2.2,TradeMind Core v2.2,LIVE_SHADOW,False,,,,,269.0,,live_signals,,,2,LIVE_SHADOW,ACTIVE_SHADOW
master_eq_LT_122636,LT,LONG,2026-08-27 12:26:36.295273,3550.0,3850.0,3480.0,ACTIVE,,,v2.2,TradeMind Core v2.2,LIVE_SHADOW,False,,,,,4027.0,,live_signals,,,2,LIVE_SHADOW,ACTIVE_SHADOW
master_eq_RELIANCE_122636,RELIANCE,LONG,2026-08-27 12:26:36.295273,2980.0,3150.0,2920.0,ACTIVE,,,v2.2,TradeMind Core v2.2,LIVE_SHADOW,False,,,,,1282.199951171875,,live_signals,,,2,LIVE_SHADOW,ACTIVE_SHADOW
master_eq_TCS_122636,TCS,LONG,2026-08-27 12:26:36.295273,4520.0,4800.0,4450.0,ACTIVE,,,v2.2,TradeMind Core v2.2,LIVE_SHADOW,False,,,,,2248.39990234375,,live_signals,,,2,LIVE_SHADOW,ACTIVE_SHADOW
master_fut_BANKNIFTY_122636,BANKNIFTY,LONG,2026-08-27 12:26:36.295273,52600.0,53800.0,52100.0,ACTIVE,,0.0,v2.2,TradeMind F&O v1.1,LIVE_SHADOW,False,,,0.0,0.0,0.0,,live_signals,-0.2,,2,LIVE_SHADOW,ACTIVE_SHADOW
master_fut_NIFTY_122636,NIFTY,LONG,2026-08-27 12:26:36.295273,24850.0,25200.0,24650.0,ACTIVE,,0.0,v2.2,TradeMind F&O v1.1,LIVE_SHADOW,False,,,0.0,0.0,0.0,,live_signals,-0.2,,2,LIVE_SHADOW,ACTIVE_SHADOW
master_fut_RELIANCE_122636,RELIANCE,LONG,2026-08-27 12:26:36.295273,3010.0,3180.0,2960.0,ACTIVE,,0.0,v2.2,TradeMind F&O v1.1,LIVE_SHADOW,False,,,0.0,0.0,0.0,,live_signals,-0.2,,2,LIVE_SHADOW,ACTIVE_SHADOW
master_opt_NIFTY_25000_122636,NIFTY,LONG,2026-08-27 12:26:36.295273,155.0,280.0,95.0,ACTIVE,,0.0,v2.2,TradeMind F&O v1.1,LIVE_SHADOW,False,,,0.0,0.0,0.0,,live_signals,-0.2,,2,LIVE_SHADOW,ACTIVE_SHADOW
master_opt_RELIANCE_3100_122636,RELIANCE,LONG,2026-08-27 12:26:36.295273,48.0,95.0,30.0,ACTIVE,,0.0,v2.2,TradeMind F&O v1.1,LIVE_SHADOW,False,,,0.0,0.0,0.0,,live_signals,-0.2,,2,LIVE_SHADOW,ACTIVE_SHADOW
master_opt_SBIN_860_122636,SBIN,LONG,2026-08-27 12:26:36.295273,18.0,42.0,10.0,ACTIVE,,0.0,v2.2,TradeMind F&O v1.1,LIVE_SHADOW,False,,,0.0,0.0,0.0,,live_signals,-0.2,,2,LIVE_SHADOW,ACTIVE_SHADOW
prod_AXISBANK_202606090000,AXISBANK,LONG,2026-06-09 00:00:00.000000,2608.0,2842.7200000000003,2399.36,TARGET_HIT,2026-06-17 00:00:00.000000,9.157686917605554,v2.2,TradeMind Core v2.2,LIVE_SHADOW,False,,,-1.0,11.157686917605554,,,live_signals,8.957686917605555,,1,LIVE_SHADOW,LEGACY_LOG
prod_AXISBANK_202606150000,AXISBANK,LONG,2026-06-15 00:00:00.000000,2717.0,3043.0400000000004,2581.15,STOP_LOSS,2026-06-30 00:00:00.000000,-4.800815196091829,v2.2,TradeMind Core v2.2,LIVE_SHADOW,False,,,-5.800815196091829,1.5,,,live_signals,-5.000815196091829,,1,LIVE_SHADOW,LEGACY_LOG
prod_AXISBANK_202606180000,AXISBANK,LONG,2026-06-18 00:00:00.000000,2882.0,3227.84,2651.44,EXPIRED,2026-06-22 00:00:00.000000,-0.8231633158149462,v2.2,TradeMind Core v2.2,LIVE_SHADOW,False,,,-1.8231633158149465,1.5,,,live_signals,-1.0231633158149462,,1,LIVE_SHADOW,LEGACY_LOG
prod_AXISBANK_202606240000,AXISBANK,LONG,2026-06-24 00:00:00.000000,2407.0,2695.84,2214.44,EXPIRED,2026-07-06 00:00:00.000000,1.2612054682282725,v2.2,TradeMind Core v2.2,LIVE_SHADOW,False,,,0.2612054682282725,1.5,,,live_signals,1.0612054682282726,,1,LIVE_SHADOW,LEGACY_LOG
prod_AXISBANK_202606290000,AXISBANK,LONG,2026-06-29 00:00:00.000000,2871.0,3215.5200000000004,2727.45,STOP_LOSS,2026-07-07 00:00:00.000000,-4.986633960352807,v2.2,TradeMind Core v2.2,LIVE_SHADOW,False,,,-5.986633960352807,1.5,,,live_signals,-5.186633960352807,,1,LIVE_SHADOW,LEGACY_LOG
prod_AXISBANK_202607020000,AXISBANK,LONG,2026-07-02 00:00:00.000000,2360.0,2572.4,2171.2000000000003,TARGET_HIT,2026-07-06 00:00:00.000000,9.774331611968758,v2.2,TradeMind Core v2.2,LIVE_SHADOW,False,,,-1.0,11.774331611968758,,,live_signals,9.57433161196876,,1,LIVE_SHADOW,LEGACY_LOG
prod_AXISBANK_202607050000,AXISBANK,LONG,2026-07-05 00:00:00.000000,3621.0,4055.52,3439.95,STOP_LOSS,2026-07-19 00:00:00.000000,-5.82421533920586,v2.2,TradeMind Core v2.2,LIVE_SHADOW,False,,,-6.82421533920586,1.5,,,live_signals,-6.024215339205861,,1,LIVE_SHADOW,LEGACY_LOG
prod_AXISBANK_202607100000,AXISBANK,LONG,2026-07-10 00:00:00.000000,2370.0,2654.4,2251.5,STOP_LOSS,2026-07-20 00:00:00.000000,-5.353109077915117,v2.2,TradeMind Core v2.2,LIVE_SHADOW,False,,,-6.353109077915117,1.5,,,live_signals,-5.553109077915117,,1,LIVE_SHADOW,LEGACY_LOG
prod_AXISBANK_202607150000,AXISBANK,LONG,2026-07-15 00:00:00.000000,2737.0,3065.4400000000005,2600.15,STOP_LOSS,2026-07-22 00:00:00.000000,-4.972696503725496,v2.2,TradeMind Core v2.2,LIVE_SHADOW,False,,,-5.972696503725496,1.5,,,live_signals,-5.172696503725496,,1,LIVE_SHADOW,LEGACY_LOG
prod_AXISBANK_202607210000,AXISBANK,LONG,2026-07-21 00:00:00.000000,2804.0,3056.36,2579.6800000000003,TARGET_HIT,2026-07-23 00:00:00.000000,10.247737552484548,v2.2,TradeMind Core v2.2,LIVE_SHADOW,False,,,-1.0,12.247737552484548,,,live_signals,10.047737552484548,,1,LIVE_SHADOW,LEGACY_LOG
prod_AXISBANK_202607240000,AXISBANK,LONG,2026-07-24 00:00:00.000000,2564.0,2871.6800000000003,2435.8,STOP_LOSS,2026-08-03 00:00:00.000000,-5.506758667254767,v2.2,TradeMind Core v2.2,LIVE_SHADOW,False,,,-6.506758667254767,1.5,,,live_signals,-5.706758667254767,,1,LIVE_SHADOW,LEGACY_LOG
prod_AXISBANK_202607310000,AXISBANK,LONG,2026-07-31 00:00:00.000000,2126.0,2381.1200000000003,2019.7,STOP_LOSS,2026-08-11 00:00:00.000000,-5.6177155105083365,v2.2,TradeMind Core v2.2,LIVE_SHADOW,False,,,-6.6177155105083365,1.5,,,live_signals,-5.817715510508337,,1,LIVE_SHADOW,LEGACY_LOG
prod_AXISBANK_202608060000,AXISBANK,LONG,2026-08-06 00:00:00.000000,1421.0,1548.89,1307.3200000000002,TARGET_HIT,2026-08-09 00:00:00.000000,8.361551301683528,v2.2,TradeMind Core v2.2,LIVE_SHADOW,False,,,-1.0,10.361551301683528,,,live_signals,8.161551301683529,,1,LIVE_SHADOW,LEGACY_LOG
prod_AXISBANK_202608110000,AXISBANK,LONG,2026-08-11 00:00:00.000000,3282.0,3577.38,3019.44,TARGET_HIT,2026-08-18 00:00:00.000000,9.75515029446053,v2.2,TradeMind Core v2.2,LIVE_SHADOW,False,,,-1.0,11.75515029446053,,,live_signals,9.55515029446053,,1,LIVE_SHADOW,LEGACY_LOG
prod_BHARTIARTL_202606080000,BHARTIARTL,LONG,2026-06-08 00:00:00.000000,3776.0,4229.120000000001,3587.2,STOP_LOSS,2026-06-13 00:00:00.000000,-5.179744853892107,v2.2,TradeMind Core v2.2,LIVE_SHADOW,False,,,-6.179744853892107,1.5,,,live_signals,-5.379744853892107,,1,LIVE_SHADOW,LEGACY_LOG
prod_BHARTIARTL_202606130000,BHARTIARTL,LONG,2026-06-13 00:00:00.000000,2199.0,2462.88,2089.05,STOP_LOSS,2026-06-25 00:00:00.000000,-4.635437318170792,v2.2,TradeMind Core v2.2,LIVE_SHADOW,False,,,-5.635437318170792,1.5,,,live_signals,-4.835437318170793,,1,LIVE_SHADOW,LEGACY_LOG
prod_BHARTIARTL_202606200000,BHARTIARTL,LONG,2026-06-20 00:00:00.000000,3777.0,4116.93,3474.84,TARGET_HIT,2026-06-30 00:00:00.000000,9.494531769163636,v2.2,TradeMind Core v2.2,LIVE_SHADOW,False,,,-1.0,11.494531769163636,,,live_signals,9.294531769163637,,1,LIVE_SHADOW,LEGACY_LOG
prod_BHARTIARTL_202606240000,BHARTIARTL,LONG,2026-06-24 00:00:00.000000,2670.0,2910.3,2456.4,TARGET_HIT,2026-07-04 00:00:00.000000,7.60071944873084,v2.2,TradeMind Core v2.2,LIVE_SHADOW,False,,,-1.0,9.60071944873084,,,live_signals,7.40071944873084,,1,LIVE_SHADOW,LEGACY_LOG
prod_BHARTIARTL_202606270000,BHARTIARTL,LONG,2026-06-27 00:00:00.000000,2269.0,2541.28,2087.48,EXPIRED,2026-07-03 00:00:00.000000,1.1529725891533849,v2.2,TradeMind Core v2.2,LIVE_SHADOW,False,,,0.1529725891533848,1.5,,,live_signals,0.9529725891533848,,1,LIVE_SHADOW,LEGACY_LOG
prod_BHARTIARTL_202607020000,BHARTIARTL,LONG,2026-07-02 00:00:00.000000,2013.0,2194.17,1851.96,TARGET_HIT,2026-07-16 00:00:00.000000,8.215589955050433,v2.2,TradeMind Core v2.2,LIVE_SHADOW,False,,,-1.0,10.215589955050431,,,live_signals,8.015589955050434,,1,LIVE_SHADOW,LEGACY_LOG
prod_BHARTIARTL_202607070000,BHARTIARTL,LONG,2026-07-07 00:00:00.000000,3444.0,3753.960000000001,3168.48,TARGET_HIT,2026-07-22 00:00:00.000000,10.355938241523493,v2.2,TradeMind Core v2.2,LIVE_SHADOW,False,,,-1.0,12.355938241523493,,,live_signals,10.155938241523494,,1,LIVE_SHADOW,LEGACY_LOG
prod_BHARTIARTL_202607130000,BHARTIARTL,LONG,2026-07-13 00:00:00.000000,3187.0,3569.4400000000005,3027.65,STOP_LOSS,2026-07-27 00:00:00.000000,-4.810982306313723,v2.2,TradeMind Core v2.2,LIVE_SHADOW,False,,,-5.810982306313723,1.5,,,live_signals,-5.010982306313723,,1,LIVE_SHADOW,LEGACY_LOG
prod_BHARTIARTL_202607200000,BHARTIARTL,LONG,2026-07-20 00:00:00.000000,1480.0,1657.6,1361.6,EXPIRED,2026-08-03 00:00:00.000000,0.5959274077110281,v2.2,TradeMind Core v2.2,LIVE_SHADOW,False,,,-0.4040725922889718,1.5,,,live_signals,0.3959274077110281,,1,LIVE_SHADOW,LEGACY_LOG
prod_BHARTIARTL_202607250000,BHARTIARTL,LONG,2026-07-25 00:00:00.000000,1838.0,2058.5600000000004,1746.1,STOP_LOSS,2026-07-27 00:00:00.000000,-5.085095637540381,v2.2,TradeMind Core v2.2,LIVE_SHADOW,False,,,-6.085095637540381,1.5,,,live_signals,-5.2850956375403815,,1,LIVE_SHADOW,LEGACY_LOG
prod_BHARTIARTL_202607310000,BHARTIARTL,LONG,2026-07-31 00:00:00.000000,1650.0,1798.5000000000002,1518.0,TARGET_HIT,2026-08-13 00:00:00.000000,9.152989186252922,v2.2,TradeMind Core v2.2,LIVE_SHADOW,False,,,-1.0,11.152989186252922,,,live_signals,8.952989186252923,,1,LIVE_SHADOW,LEGACY_LOG
prod_BHARTIARTL_202608050000,BHARTIARTL,LONG,2026-08-05 00:00:00.000000,1713.0,1918.56,1627.35,STOP_LOSS,2026-08-18 00:00:00.000000,-4.509157269639085,v2.2,TradeMind Core v2.2,LIVE_SHADOW,False,,,-5.509157269639085,1.5,,,live_signals,-4.7091572696390855,,1,LIVE_SHADOW,LEGACY_LOG
prod_BHARTIARTL_202608100000,BHARTIARTL,LONG,2026-08-10 00:00:00.000000,2838.0,3093.42,2610.96,TARGET_HIT,2026-08-18 00:00:00.000000,8.036798234464808,v2.2,TradeMind Core v2.2,LIVE_SHADOW,False,,,-1.0,10.036798234464808,,,live_signals,7.836798234464807,,1,LIVE_SHADOW,LEGACY_LOG
prod_HDFCBANK_202606070000,HDFCBANK,LONG,2026-06-07 00:00:00.000000,1827.0,2046.24,1680.84,EXPIRED,2026-06-19 00:00:00.000000,-0.7228934870250485,v2.2,TradeMind Core v2.2,LIVE_SHADOW,False,,,-1.7228934870250483,1.5,,,live_signals,-0.9228934870250484,,1,LIVE_SHADOW,LEGACY_LOG
prod_HDFCBANK_202606140000,HDFCBANK,LONG,2026-06-14 00:00:00.000000,3765.0,4103.85,3463.8,TARGET_HIT,2026-06-25 00:00:00.000000,9.09702669717793,v2.2,TradeMind Core v2.2,LIVE_SHADOW,False,,,-1.0,11.09702669717793,,,live_signals,8.89702669717793,,1,LIVE_SHADOW,LEGACY_LOG
prod_HDFCBANK_202606180000,HDFCBANK,LONG,2026-06-18 00:00:00.000000,1469.0,1601.21,1351.48,TARGET_HIT,2026-06-26 00:00:00.000000,10.325185439899949,v2.2,TradeMind Core v2.2,LIVE_SHADOW,False,,,-1.0,12.325185439899949,,,live_signals,10.12518543989995,,1,LIVE_SHADOW,LEGACY_LOG
prod_HDFCBANK_202606250000,HDFCBANK,LONG,2026-06-25 00:00:00.000000,2808.0,3060.7200000000003,2583.36,TARGET_HIT,2026-07-05 00:00:00.000000,9.133340692570536,v2.2,TradeMind Core v2.2,LIVE_SHADOW,False,,,-1.0,11.133340692570536,,,live_signals,8.933340692570535,,1,LIVE_SHADOW,LEGACY_LOG
prod_HDFCBANK_202606290000,HDFCBANK,LONG,2026-06-29 00:00:00.000000,3747.0,4084.230000000001,3447.24,TARGET_HIT,2026-07-09 00:00:00.000000,9.647532524375627,v2.2,TradeMind Core v2.2,LIVE_SHADOW,False,,,-1.0,11.647532524375627,,,live_signals,9.447532524375628,,1,LIVE_SHADOW,LEGACY_LOG
prod_HDFCBANK_202607030000,HDFCBANK,LONG,2026-07-03 00:00:00.000000,2596.0,2907.5200000000004,2466.2,STOP_LOSS,2026-07-15 00:00:00.000000,-4.629488074904599,v2.2,TradeMind Core v2.2,LIVE_SHADOW,False,,,-5.629488074904599,1.5,,,live_signals,-4.829488074904599,,1,LIVE_SHADOW,LEGACY_LOG
prod_HDFCBANK_202607080000,HDFCBANK,LONG,2026-07-08 00:00:00.000000,3523.0,3840.07,3241.1600000000003,TARGET_HIT,2026-07-11 00:00:00.000000,9.205031964419955,v2.2,TradeMind Core v2.2,LIVE_SHADOW,False,,,-1.0,11.205031964419955,,,live_signals,9.005031964419958,,1,LIVE_SHADOW,LEGACY_LOG
prod_HDFCBANK_202607140000,HDFCBANK,LONG,2026-07-14 00:00:00.000000,3125.0,3406.2500000000005,2875.0,TARGET_HIT,2026-07-22 00:00:00.000000,9.33773102737088,v2.2,TradeMind Core v2.2,LIVE_SHADOW,False,,,-1.0,11.33773102737088,,,live_signals,9.13773102737088,,1,LIVE_SHADOW,LEGACY_LOG
prod_HDFCBANK_202607170000,HDFCBANK,LONG,2026-07-17 00:00:00.000000,2717.0,3043.0400000000004,2581.15,STOP_LOSS,2026-07-27 00:00:00.000000,-4.664169662869115,v2.2,TradeMind Core v2.2,LIVE_SHADOW,False,,,-5.664169662869115,1.5,,,live_signals,-4.864169662869116,,1,LIVE_SHADOW,LEGACY_LOG
prod_HDFCBANK_202607210000,HDFCBANK,LONG,2026-07-21 00:00:00.000000,1433.0,1604.9600000000005,1361.35,STOP_LOSS,2026-07-30 00:00:00.000000,-5.836216786308077,v2.2,TradeMind Core v2.2,LIVE_SHADOW,False,,,-6.836216786308077,1.5,,,live_signals,-6.036216786308077,,1,LIVE_SHADOW,LEGACY_LOG
prod_HDFCBANK_202607280000,HDFCBANK,LONG,2026-07-28 00:00:00.000000,3535.0,3959.2,3358.25,STOP_LOSS,2026-08-04 00:00:00.000000,-5.941031588197417,v2.2,TradeMind Core v2.2,LIVE_SHADOW,False,,,-6.941031588197417,1.5,,,live_signals,-6.141031588197417,,1,LIVE_SHADOW,LEGACY_LOG
prod_HDFCBANK_202608040000,HDFCBANK,LONG,2026-08-04 00:00:00.000000,2022.0,2203.98,1860.24,TARGET_HIT,2026-08-11 00:00:00.000000,9.22846469106648,v2.2,TradeMind Core v2.2,LIVE_SHADOW,False,,,-1.0,11.22846469106648,,,live_signals,9.02846469106648,,1,LIVE_SHADOW,LEGACY_LOG
prod_HDFCBANK_202608100000,HDFCBANK,LONG,2026-08-10 00:00:00.000000,3350.0,3651.500000000001,3082.0,TARGET_HIT,2026-08-12 00:00:00.000000,8.271443157043306,v2.2,TradeMind Core v2.2,LIVE_SHADOW,False,,,-1.0,10.271443157043306,,,live_signals,8.071443157043307,,1,LIVE_SHADOW,LEGACY_LOG
prod_ICICIBANK_202606090000,ICICIBANK,LONG,2026-06-09 00:00:00.000000,2483.0,2780.9600000000005,2358.85,STOP_LOSS,2026-06-12 00:00:00.000000,-5.0353972220468375,v2.2,TradeMind Core v2.2,LIVE_SHADOW,False,,,-6.0353972220468375,1.5,,,live_signals,-5.235397222046838,,1,LIVE_SHADOW,LEGACY_LOG
prod_ICICIBANK_202606130000,ICICIBANK,LONG,2026-06-13 00:00:00.000000,2323.0,2532.07,2137.1600000000003,TARGET_HIT,2026-06-16 00:00:00.000000,8.328594519630885,v2.2,TradeMind Core v2.2,LIVE_SHADOW,False,,,-1.0,10.328594519630885,,,live_signals,8.128594519630886,,1,LIVE_SHADOW,LEGACY_LOG
prod_ICICIBANK_202606170000,ICICIBANK,LONG,2026-06-17 00:00:00.000000,1911.0,2140.32,1815.45,STOP_LOSS,2026-07-02 00:00:00.000000,-5.418789293624295,v2.2,TradeMind Core v2.2,LIVE_SHADOW,False,,,-6.418789293624295,1.5,,,live_signals,-5.618789293624295,,1,LIVE_SHADOW,LEGACY_LOG
prod_ICICIBANK_202606200000,ICICIBANK,LONG,2026-06-20 00:00:00.000000,3600.0,4032.000000000001,3420.0,STOP_LOSS,2026-06-22 00:00:00.000000,-5.368944349030986,v2.2,TradeMind Core v2.2,LIVE_SHADOW,False,,,-6.368944349030986,1.5,,,live_signals,-5.5689443490309865,,1,LIVE_SHADOW,LEGACY_LOG
prod_ICICIBANK_202606250000,ICICIBANK,LONG,2026-06-25 00:00:00.000000,1225.0,1335.25,1127.0,TARGET_HIT,2026-07-04 00:00:00.000000,8.01348683081111,v2.2,TradeMind Core v2.2,LIVE_SHADOW,False,,,-1.0,10.01348683081111,,,live_signals,7.813486830811109,,1,LIVE_SHADOW,LEGACY_LOG
prod_ICICIBANK_202606280000,ICICIBANK,LONG,2026-06-28 00:00:00.000000,3434.0,3846.08,3159.28,EXPIRED,2026-07-02 00:00:00.000000,-0.9157757762646288,v2.2,TradeMind Core v2.2,LIVE_SHADOW,False,,,-1.9157757762646288,1.5,,,live_signals,-1.1157757762646288,,1,LIVE_SHADOW,LEGACY_LOG
prod_ICICIBANK_202607040000,ICICIBANK,LONG,2026-07-04 00:00:00.000000,3189.0,3571.6800000000003,3029.55,STOP_LOSS,2026-07-18 00:00:00.000000,-5.607900372263539,v2.2,TradeMind Core v2.2,LIVE_SHADOW,False,,,-6.607900372263539,1.5,,,live_signals,-5.807900372263539,,1,LIVE_SHADOW,LEGACY_LOG
prod_ICICIBANK_202607100000,ICICIBANK,LONG,2026-07-10 00:00:00.000000,3760.0,4211.200000000001,3572.0,STOP_LOSS,2026-07-12 00:00:00.000000,-5.431084126689081,v2.2,TradeMind Core v2.2,LIVE_SHADOW,False,,,-6.431084126689081,1.5,,,live_signals,-5.631084126689081,,1,LIVE_SHADOW,LEGACY_LOG
prod_ICICIBANK_202607140000,ICICIBANK,LONG,2026-07-14 00:00:00.000000,2140.0,2396.8,1968.8,EXPIRED,2026-07-29 00:00:00.000000,0.031968453593151,v2.2,TradeMind Core v2.2,LIVE_SHADOW,False,,,-0.968031546406849,1.5,,,live_signals,-0.1680315464068489,,1,LIVE_SHADOW,LEGACY_LOG
prod_ICICIBANK_202607170000,ICICIBANK,LONG,2026-07-17 00:00:00.000000,3258.0,3648.960000000001,3095.1,STOP_LOSS,2026-07-19 00:00:00.000000,-5.926294856630475,v2.2,TradeMind Core v2.2,LIVE_SHADOW,False,,,-6.926294856630475,1.5,,,live_signals,-6.126294856630476,,1,LIVE_SHADOW,LEGACY_LOG
prod_ICICIBANK_202607230000,ICICIBANK,LONG,2026-07-23 00:00:00.000000,2017.0,2259.0400000000004,1916.15,STOP_LOSS,2026-07-25 00:00:00.000000,-5.810997357715301,v2.2,TradeMind Core v2.2,LIVE_SHADOW,False,,,-6.810997357715301,1.5,,,live_signals,-6.0109973577153015,,1,LIVE_SHADOW,LEGACY_LOG
prod_ICICIBANK_202607290000,ICICIBANK,LONG,2026-07-29 00:00:00.000000,3242.0,3631.04,3079.9,STOP_LOSS,2026-07-31 00:00:00.000000,-5.2797710196932695,v2.2,TradeMind Core v2.2,LIVE_SHADOW,False,,,-6.2797710196932695,1.5,,,live_signals,-5.47977101969327,,1,LIVE_SHADOW,LEGACY_LOG
prod_ICICIBANK_202608020000,ICICIBANK,LONG,2026-08-02 00:00:00.000000,1888.0,2057.92,1736.96,TARGET_HIT,2026-08-06 00:00:00.000000,9.849455142005343,v2.2,TradeMind Core v2.2,LIVE_SHADOW,False,,,-1.0,11.849455142005343,,,live_signals,9.649455142005346,,1,LIVE_SHADOW,LEGACY_LOG
prod_ICICIBANK_202608050000,ICICIBANK,LONG,2026-08-05 00:00:00.000000,2140.0,2396.8,2033.0,STOP_LOSS,2026-08-19 00:00:00.000000,-4.629908611055582,v2.2,TradeMind Core v2.2,LIVE_SHADOW,False,,,-5.629908611055582,1.5,,,live_signals,-4.829908611055582,,1,LIVE_SHADOW,LEGACY_LOG
prod_ICICIBANK_202608090000,ICICIBANK,LONG,2026-08-09 00:00:00.000000,1683.0,1834.47,1548.36,TARGET_HIT,2026-08-20 00:00:00.000000,9.65432002715098,v2.2,TradeMind Core v2.2,LIVE_SHADOW,False,,,-1.0,11.65432002715098,,,live_signals,9.45432002715098,,1,LIVE_SHADOW,LEGACY_LOG
prod_ICICIBANK_202608120000,ICICIBANK,LONG,2026-08-12 00:00:00.000000,1217.0,1363.0400000000002,1156.15,STOP_LOSS,2026-08-18 00:00:00.000000,-5.261481519669289,v2.2,TradeMind Core v2.2,LIVE_SHADOW,False,,,-6.261481519669289,1.5,,,live_signals,-5.461481519669289,,1,LIVE_SHADOW,LEGACY_LOG
prod_INFY_202606110000,INFY,LONG,2026-06-11 00:00:00.000000,1770.0,1982.4,1628.4,EXPIRED,2026-06-23 00:00:00.000000,0.1806559453113643,v2.2,TradeMind Core v2.2,LIVE_SHADOW,False,,,-0.8193440546886357,1.5,,,live_signals,-0.0193440546886357,,1,LIVE_SHADOW,LEGACY_LOG
prod_INFY_202606170000,INFY,LONG,2026-06-17 00:00:00.000000,1604.0,1796.4800000000002,1523.8,STOP_LOSS,2026-06-27 00:00:00.000000,-5.5678990029157,v2.2,TradeMind Core v2.2,LIVE_SHADOW,False,,,-6.5678990029157,1.5,,,live_signals,-5.7678990029157005,,1,LIVE_SHADOW,LEGACY_LOG
prod_INFY_202606200000,INFY,LONG,2026-06-20 00:00:00.000000,2121.0,2375.5200000000004,2014.95,STOP_LOSS,2026-06-30 00:00:00.000000,-5.160074580611511,v2.2,TradeMind Core v2.2,LIVE_SHADOW,False,,,-6.160074580611511,1.5,,,live_signals,-5.360074580611511,,1,LIVE_SHADOW,LEGACY_LOG
prod_INFY_202606230000,INFY,LONG,2026-06-23 00:00:00.000000,2778.0,3028.0200000000004,2555.76,TARGET_HIT,2026-06-28 00:00:00.000000,7.85264373720244,v2.2,TradeMind Core v2.2,LIVE_SHADOW,False,,,-1.0,9.85264373720244,,,live_signals,7.65264373720244,,1,LIVE_SHADOW,LEGACY_LOG
prod_INFY_202606300000,INFY,LONG,2026-06-30 00:00:00.000000,2524.0,2826.88,2397.8,STOP_LOSS,2026-07-03 00:00:00.000000,-5.0799931230537005,v2.2,TradeMind Core v2.2,LIVE_SHADOW,False,,,-6.0799931230537005,1.5,,,live_signals,-5.279993123053701,,1,LIVE_SHADOW,LEGACY_LOG
prod_INFY_202607060000,INFY,LONG,2026-07-06 00:00:00.000000,1433.0,1561.97,1318.36,TARGET_HIT,2026-07-09 00:00:00.000000,8.967516352841187,v2.2,TradeMind Core v2.2,LIVE_SHADOW,False,,,-1.0,10.967516352841187,,,live_signals,8.767516352841188,,1,LIVE_SHADOW,LEGACY_LOG
prod_INFY_202607090000,INFY,LONG,2026-07-09 00:00:00.000000,3043.0,3408.1600000000003,2890.85,STOP_LOSS,2026-07-18 00:00:00.000000,-5.474902734689963,v2.2,TradeMind Core v2.2,LIVE_SHADOW,False,,,-6.474902734689963,1.5,,,live_signals,-5.674902734689963,,1,LIVE_SHADOW,LEGACY_LOG
prod_INFY_202607120000,INFY,LONG,2026-07-12 00:00:00.000000,1761.0,1919.49,1620.12,TARGET_HIT,2026-07-22 00:00:00.000000,8.331133330882016,v2.2,TradeMind Core v2.2,LIVE_SHADOW,False,,,-1.0,10.331133330882016,,,live_signals,8.131133330882017,,1,LIVE_SHADOW,LEGACY_LOG
prod_INFY_202607150000,INFY,LONG,2026-07-15 00:00:00.000000,3408.0,3714.72,3135.36,TARGET_HIT,2026-07-28 00:00:00.000000,7.971464329961998,v2.2,TradeMind Core v2.2,LIVE_SHADOW,False,,,-1.0,9.971464329961998,,,live_signals,7.771464329961998,,1,LIVE_SHADOW,LEGACY_LOG
prod_INFY_202607210000,INFY,LONG,2026-07-21 00:00:00.000000,2838.0,3178.5600000000004,2696.1,STOP_LOSS,2026-08-05 00:00:00.000000,-5.56564612062068,v2.2,TradeMind Core v2.2,LIVE_SHADOW,False,,,-6.56564612062068,1.5,,,live_signals,-5.76564612062068,,1,LIVE_SHADOW,LEGACY_LOG
prod_INFY_202607270000,INFY,LONG,2026-07-27 00:00:00.000000,2294.0,2500.46,2110.48,TARGET_HIT,2026-08-07 00:00:00.000000,7.960617118594848,v2.2,TradeMind Core v2.2,LIVE_SHADOW,False,,,-1.0,9.960617118594849,,,live_signals,7.760617118594848,,1,LIVE_SHADOW,LEGACY_LOG
prod_INFY_202607310000,INFY,LONG,2026-07-31 00:00:00.000000,2369.0,2653.28,2250.55,STOP_LOSS,2026-08-14 00:00:00.000000,-5.37104731350242,v2.2,TradeMind Core v2.2,LIVE_SHADOW,False,,,-6.37104731350242,1.5,,,live_signals,-5.5710473135024206,,1,LIVE_SHADOW,LEGACY_LOG
prod_INFY_202608030000,INFY,LONG,2026-08-03 00:00:00.000000,1974.0,2210.88,1875.3,STOP_LOSS,2026-08-07 00:00:00.000000,-5.201976831389175,v2.2,TradeMind Core v2.2,LIVE_SHADOW,False,,,-6.201976831389175,1.5,,,live_signals,-5.401976831389175,,1,LIVE_SHADOW,LEGACY_LOG
prod_INFY_202608060000,INFY,LONG,2026-08-06 00:00:00.000000,2494.0,2793.28,2369.3,STOP_LOSS,2026-08-19 00:00:00.000000,-5.577611896767446,v2.2,TradeMind Core v2.2,LIVE_SHADOW,False,,,-6.577611896767446,1.5,,,live_signals,-5.777611896767446,,1,LIVE_SHADOW,LEGACY_LOG
prod_INFY_202608100000,INFY,LONG,2026-08-10 00:00:00.000000,1297.0,1452.64,1232.15,STOP_LOSS,2026-08-22 00:00:00.000000,-5.28110326306319,v2.2,TradeMind Core v2.2,LIVE_SHADOW,False,,,-6.28110326306319,1.5,,,live_signals,-5.48110326306319,,1,LIVE_SHADOW,LEGACY_LOG
prod_ITC_202606090000,ITC,LONG,2026-06-09 00:00:00.000000,2953.0,3307.36,2805.35,STOP_LOSS,2026-06-24 00:00:00.000000,-4.914798560190391,v2.2,TradeMind Core v2.2,LIVE_SHADOW,False,,,-5.914798560190391,1.5,,,live_signals,-5.114798560190391,,1,LIVE_SHADOW,LEGACY_LOG
prod_ITC_202606140000,ITC,LONG,2026-06-14 00:00:00.000000,1599.0,1742.91,1471.0800000000002,TARGET_HIT,2026-06-22 00:00:00.000000,8.134627571332901,v2.2,TradeMind Core v2.2,LIVE_SHADOW,False,,,-1.0,10.1346275713329,,,live_signals,7.934627571332901,,1,LIVE_SHADOW,LEGACY_LOG
prod_ITC_202606210000,ITC,LONG,2026-06-21 00:00:00.000000,1234.0,1382.0800000000002,1135.28,EXPIRED,2026-06-30 00:00:00.000000,-0.4145709923343543,v2.2,TradeMind Core v2.2,LIVE_SHADOW,False,,,-1.4145709923343543,1.5,,,live_signals,-0.6145709923343543,,1,LIVE_SHADOW,LEGACY_LOG
prod_ITC_202606240000,ITC,LONG,2026-06-24 00:00:00.000000,1946.0,2179.52,1848.7,STOP_LOSS,2026-07-08 00:00:00.000000,-5.897537934995558,v2.2,TradeMind Core v2.2,LIVE_SHADOW,False,,,-6.897537934995558,1.5,,,live_signals,-6.097537934995558,,1,LIVE_SHADOW,LEGACY_LOG
prod_ITC_202606270000,ITC,LONG,2026-06-27 00:00:00.000000,2619.0,2854.71,2409.48,TARGET_HIT,2026-07-09 00:00:00.000000,9.53668986968072,v2.2,TradeMind Core v2.2,LIVE_SHADOW,False,,,-1.0,11.53668986968072,,,live_signals,9.336689869680722,,1,LIVE_SHADOW,LEGACY_LOG
prod_ITC_202607020000,ITC,LONG,2026-07-02 00:00:00.000000,1907.0,2135.84,1754.44,EXPIRED,2026-07-12 00:00:00.000000,0.879262251446161,v2.2,TradeMind Core v2.2,LIVE_SHADOW,False,,,-0.120737748553839,1.5,,,live_signals,0.679262251446161,,1,LIVE_SHADOW,LEGACY_LOG
prod_ITC_202607080000,ITC,LONG,2026-07-08 00:00:00.000000,1258.0,1408.96,1195.1,STOP_LOSS,2026-07-22 00:00:00.000000,-5.519183455905904,v2.2,TradeMind Core v2.2,LIVE_SHADOW,False,,,-6.519183455905904,1.5,,,live_signals,-5.719183455905904,,1,LIVE_SHADOW,LEGACY_LOG
prod_ITC_202607150000,ITC,LONG,2026-07-15 00:00:00.000000,2375.0,2588.75,2185.0,TARGET_HIT,2026-07-17 00:00:00.000000,10.067329673535388,v2.2,TradeMind Core v2.2,LIVE_SHADOW,False,,,-1.0,12.067329673535388,,,live_signals,9.867329673535387,,1,LIVE_SHADOW,LEGACY_LOG
prod_ITC_202607200000,ITC,LONG,2026-07-20 00:00:00.000000,3610.0,3934.9,3321.2000000000003,TARGET_HIT,2026-08-03 00:00:00.000000,10.146916462643103,v2.2,TradeMind Core v2.2,LIVE_SHADOW,False,,,-1.0,12.146916462643103,,,live_signals,9.946916462643106,,1,LIVE_SHADOW,LEGACY_LOG
prod_ITC_202607250000,ITC,LONG,2026-07-25 00:00:00.000000,1353.0,1515.36,1244.76,EXPIRED,2026-08-06 00:00:00.000000,0.0258180152873588,v2.2,TradeMind Core v2.2,LIVE_SHADOW,False,,,-0.9741819847126412,1.5,,,live_signals,-0.1741819847126411,,1,LIVE_SHADOW,LEGACY_LOG
prod_ITC_202607300000,ITC,LONG,2026-07-30 00:00:00.000000,2985.0,3343.2000000000003,2835.75,STOP_LOSS,2026-08-03 00:00:00.000000,-5.063080181412716,v2.2,TradeMind Core v2.2,LIVE_SHADOW,False,,,-6.063080181412716,1.5,,,live_signals,-5.263080181412716,,1,LIVE_SHADOW,LEGACY_LOG
prod_ITC_202608050000,ITC,LONG,2026-08-05 00:00:00.000000,2321.0,2529.8900000000003,2135.32,TARGET_HIT,2026-08-17 00:00:00.000000,7.931818404988642,v2.2,TradeMind Core v2.2,LIVE_SHADOW,False,,,-1.0,9.931818404988643,,,live_signals,7.731818404988642,,1,LIVE_SHADOW,LEGACY_LOG
prod_ITC_202608100000,ITC,LONG,2026-08-10 00:00:00.000000,3162.0,3446.5800000000004,2909.04,TARGET_HIT,2026-08-13 00:00:00.000000,9.33437935992226,v2.2,TradeMind Core v2.2,LIVE_SHADOW,False,,,-1.0,11.33437935992226,,,live_signals,9.134379359922262,,1,LIVE_SHADOW,LEGACY_LOG
prod_LT_202606090000,LT,LONG,2026-06-09 00:00:00.000000,1660.0,1859.2000000000005,1577.0,STOP_LOSS,2026-06-18 00:00:00.000000,-5.643092479063435,v2.2,TradeMind Core v2.2,LIVE_SHADOW,False,,,-6.643092479063435,1.5,,,live_signals,-5.843092479063436,,1,LIVE_SHADOW,LEGACY_LOG
prod_LT_202606140000,LT,LONG,2026-06-14 00:00:00.000000,3662.0,4101.4400000000005,3369.04,EXPIRED,2026-06-24 00:00:00.000000,0.7792849298972335,v2.2,TradeMind Core v2.2,LIVE_SHADOW,False,,,-0.2207150701027664,1.5,,,live_signals,0.5792849298972336,,1,LIVE_SHADOW,LEGACY_LOG
prod_LT_202606200000,LT,LONG,2026-06-20 00:00:00.000000,3792.0,4133.280000000001,3488.6400000000003,TARGET_HIT,2026-07-04 00:00:00.000000,8.886704278194204,v2.2,TradeMind Core v2.2,LIVE_SHADOW,False,,,-1.0,10.886704278194204,,,live_signals,8.686704278194204,,1,LIVE_SHADOW,LEGACY_LOG
prod_LT_202606230000,LT,LONG,2026-06-23 00:00:00.000000,1968.0,2204.1600000000003,1869.6,STOP_LOSS,2026-07-05 00:00:00.000000,-5.3435393598474255,v2.2,TradeMind Core v2.2,LIVE_SHADOW,False,,,-6.3435393598474255,1.5,,,live_signals,-5.543539359847426,,1,LIVE_SHADOW,LEGACY_LOG
prod_LT_202606270000,LT,LONG,2026-06-27 00:00:00.000000,2666.0,2985.92,2532.7,STOP_LOSS,2026-07-04 00:00:00.000000,-5.495939366746421,v2.2,TradeMind Core v2.2,LIVE_SHADOW,False,,,-6.495939366746421,1.5,,,live_signals,-5.695939366746421,,1,LIVE_SHADOW,LEGACY_LOG
prod_LT_202607020000,LT,LONG,2026-07-02 00:00:00.000000,3620.0,4054.400000000001,3439.0,STOP_LOSS,2026-07-11 00:00:00.000000,-5.528859417371602,v2.2,TradeMind Core v2.2,LIVE_SHADOW,False,,,-6.528859417371602,1.5,,,live_signals,-5.728859417371602,,1,LIVE_SHADOW,LEGACY_LOG
prod_LT_202607090000,LT,LONG,2026-07-09 00:00:00.000000,2130.0,2385.6000000000004,2023.5,STOP_LOSS,2026-07-12 00:00:00.000000,-5.840066273359419,v2.2,TradeMind Core v2.2,LIVE_SHADOW,False,,,-6.840066273359419,1.5,,,live_signals,-6.040066273359419,,1,LIVE_SHADOW,LEGACY_LOG
prod_LT_202607160000,LT,LONG,2026-07-16 00:00:00.000000,1457.0,1588.13,1340.44,TARGET_HIT,2026-07-21 00:00:00.000000,9.725928687576568,v2.2,TradeMind Core v2.2,LIVE_SHADOW,False,,,-1.0,11.725928687576568,,,live_signals,9.525928687576569,,1,LIVE_SHADOW,LEGACY_LOG
prod_LT_202607200000,LT,LONG,2026-07-20 00:00:00.000000,1814.0,2031.6800000000003,1723.3,STOP_LOSS,2026-07-23 00:00:00.000000,-4.948195776961474,v2.2,TradeMind Core v2.2,LIVE_SHADOW,False,,,-5.948195776961474,1.5,,,live_signals,-5.148195776961474,,1,LIVE_SHADOW,LEGACY_LOG
prod_LT_202607260000,LT,LONG,2026-07-26 00:00:00.000000,2105.0,2294.4500000000003,1936.6,TARGET_HIT,2026-08-06 00:00:00.000000,9.035020228614687,v2.2,TradeMind Core v2.2,LIVE_SHADOW,False,,,-1.0,11.035020228614687,,,live_signals,8.835020228614688,,1,LIVE_SHADOW,LEGACY_LOG
prod_LT_202608010000,LT,LONG,2026-08-01 00:00:00.000000,2455.0,2675.9500000000003,2258.6,TARGET_HIT,2026-08-05 00:00:00.000000,9.194606199255308,v2.2,TradeMind Core v2.2,LIVE_SHADOW,False,,,-1.0,11.194606199255308,,,live_signals,8.994606199255308,,1,LIVE_SHADOW,LEGACY_LOG
prod_LT_202608070000,LT,LONG,2026-08-07 00:00:00.000000,3047.0,3412.6400000000003,2894.65,STOP_LOSS,2026-08-16 00:00:00.000000,-5.191140591443521,v2.2,TradeMind Core v2.2,LIVE_SHADOW,False,,,-6.191140591443521,1.5,,,live_signals,-5.391140591443521,,1,LIVE_SHADOW,LEGACY_LOG
prod_LT_202608110000,LT,LONG,2026-08-11 00:00:00.000000,3670.0,4000.3,3376.4,TARGET_HIT,2026-08-18 00:00:00.000000,8.415734280301281,v2.2,TradeMind Core v2.2,LIVE_SHADOW,False,,,-1.0,10.41573428030128,,,live_signals,8.215734280301282,,1,LIVE_SHADOW,LEGACY_LOG
prod_RELIANCE_202606090000,RELIANCE,LONG,2026-06-09 00:00:00.000000,3552.0,3978.24,3374.4,STOP_LOSS,2026-06-13 00:00:00.000000,-5.218111888784053,v2.2,TradeMind Core v2.2,LIVE_SHADOW,False,,,-6.218111888784053,1.5,,,live_signals,-5.418111888784053,,1,LIVE_SHADOW,LEGACY_LOG
prod_RELIANCE_202606150000,RELIANCE,LONG,2026-06-15 00:00:00.000000,1603.0,1747.2700000000002,1474.76,TARGET_HIT,2026-06-20 00:00:00.000000,7.849970074304078,v2.2,TradeMind Core v2.2,LIVE_SHADOW,False,,,-1.0,9.849970074304078,,,live_signals,7.649970074304078,,1,LIVE_SHADOW,LEGACY_LOG
prod_RELIANCE_202606180000,RELIANCE,LONG,2026-06-18 00:00:00.000000,2458.0,2752.96,2335.1,STOP_LOSS,2026-06-21 00:00:00.000000,-4.664864748469515,v2.2,TradeMind Core v2.2,LIVE_SHADOW,False,,,-5.664864748469515,1.5,,,live_signals,-4.864864748469516,,1,LIVE_SHADOW,LEGACY_LOG
prod_RELIANCE_202606210000,RELIANCE,LONG,2026-06-21 00:00:00.000000,1995.0,2174.55,1835.4,TARGET_HIT,2026-07-02 00:00:00.000000,8.473238820683772,v2.2,TradeMind Core v2.2,LIVE_SHADOW,False,,,-1.0,10.473238820683772,,,live_signals,8.273238820683773,,1,LIVE_SHADOW,LEGACY_LOG
prod_RELIANCE_202606250000,RELIANCE,LONG,2026-06-25 00:00:00.000000,1296.0,1451.5200000000002,1231.2,STOP_LOSS,2026-07-02 00:00:00.000000,-5.632084966631966,v2.2,TradeMind Core v2.2,LIVE_SHADOW,False,,,-6.632084966631966,1.5,,,live_signals,-5.832084966631967,,1,LIVE_SHADOW,LEGACY_LOG
prod_RELIANCE_202606280000,RELIANCE,LONG,2026-06-28 00:00:00.000000,1210.0,1318.9,1113.2,TARGET_HIT,2026-07-09 00:00:00.000000,9.738382582882029,v2.2,TradeMind Core v2.2,LIVE_SHADOW,False,,,-1.0,11.738382582882029,,,live_signals,9.538382582882027,,1,LIVE_SHADOW,LEGACY_LOG
prod_RELIANCE_202607020000,RELIANCE,LONG,2026-07-02 00:00:00.000000,1710.0,1863.9,1573.2,TARGET_HIT,2026-07-10 00:00:00.000000,9.39102123438386,v2.2,TradeMind Core v2.2,LIVE_SHADOW,False,,,-1.0,11.39102123438386,,,live_signals,9.19102123438386,,1,LIVE_SHADOW,LEGACY_LOG
prod_RELIANCE_202607080000,RELIANCE,LONG,2026-07-08 00:00:00.000000,2453.0,2673.77,2256.76,TARGET_HIT,2026-07-19 00:00:00.000000,9.72842119009272,v2.2,TradeMind Core v2.2,LIVE_SHADOW,False,,,-1.0,11.72842119009272,,,live_signals,9.528421190092722,,1,LIVE_SHADOW,LEGACY_LOG
prod_RELIANCE_202607130000,RELIANCE,LONG,2026-07-13 00:00:00.000000,2916.0,3178.44,2682.7200000000003,TARGET_HIT,2026-07-20 00:00:00.000000,8.612543301685468,v2.2,TradeMind Core v2.2,LIVE_SHADOW,False,,,-1.0,10.612543301685468,,,live_signals,8.412543301685469,,1,LIVE_SHADOW,LEGACY_LOG
prod_RELIANCE_202607200000,RELIANCE,LONG,2026-07-20 00:00:00.000000,3180.0,3466.2000000000003,2925.6,TARGET_HIT,2026-08-01 00:00:00.000000,8.108690364821342,v2.2,TradeMind Core v2.2,LIVE_SHADOW,False,,,-1.0,10.108690364821342,,,live_signals,7.908690364821342,,1,LIVE_SHADOW,LEGACY_LOG
prod_RELIANCE_202607270000,RELIANCE,LONG,2026-07-27 00:00:00.000000,2651.0,2969.1200000000003,2518.45,STOP_LOSS,2026-08-06 00:00:00.000000,-4.778277070425276,v2.2,TradeMind Core v2.2,LIVE_SHADOW,False,,,-5.778277070425276,1.5,,,live_signals,-4.978277070425276,,1,LIVE_SHADOW,LEGACY_LOG
prod_RELIANCE_202608030000,RELIANCE,LONG,2026-08-03 00:00:00.000000,3453.0,3867.3600000000006,3280.35,STOP_LOSS,2026-08-12 00:00:00.000000,-5.074007036893017,v2.2,TradeMind Core v2.2,LIVE_SHADOW,False,,,-6.074007036893017,1.5,,,live_signals,-5.274007036893017,,1,LIVE_SHADOW,LEGACY_LOG
prod_RELIANCE_202608070000,RELIANCE,LONG,2026-08-07 00:00:00.000000,3442.0,3855.04,3269.9,STOP_LOSS,2026-08-14 00:00:00.000000,-5.715538403493202,v2.2,TradeMind Core v2.2,LIVE_SHADOW,False,,,-6.715538403493202,1.5,,,live_signals,-5.915538403493202,,1,LIVE_SHADOW,LEGACY_LOG
prod_RELIANCE_202608100000,RELIANCE,LONG,2026-08-10 00:00:00.000000,3283.0,3676.960000000001,3118.85,STOP_LOSS,2026-08-20 00:00:00.000000,-5.124885527194698,v2.2,TradeMind Core v2.2,LIVE_SHADOW,False,,,-6.124885527194698,1.5,,,live_signals,-5.324885527194698,,1,LIVE_SHADOW,LEGACY_LOG
prod_SBIN_202606080000,SBIN,LONG,2026-06-08 00:00:00.000000,2924.0,3274.88,2777.8,STOP_LOSS,2026-06-13 00:00:00.000000,-5.409469156800482,v2.2,TradeMind Core v2.2,LIVE_SHADOW,False,,,-6.409469156800482,1.5,,,live_signals,-5.609469156800482,,1,LIVE_SHADOW,LEGACY_LOG
prod_SBIN_202606110000,SBIN,LONG,2026-06-11 00:00:00.000000,1696.0,1899.52,1611.1999999999998,STOP_LOSS,2026-06-18 00:00:00.000000,-5.246551283717595,v2.2,TradeMind Core v2.2,LIVE_SHADOW,False,,,-6.246551283717595,1.5,,,live_signals,-5.446551283717596,,1,LIVE_SHADOW,LEGACY_LOG
prod_SBIN_202606160000,SBIN,LONG,2026-06-16 00:00:00.000000,1367.0,1490.0300000000002,1257.64,TARGET_HIT,2026-06-22 00:00:00.000000,8.509237463475332,v2.2,TradeMind Core v2.2,LIVE_SHADOW,False,,,-1.0,10.509237463475332,,,live_signals,8.309237463475332,,1,LIVE_SHADOW,LEGACY_LOG
prod_SBIN_202606200000,SBIN,LONG,2026-06-20 00:00:00.000000,2342.0,2623.0400000000004,2224.9,STOP_LOSS,2026-07-02 00:00:00.000000,-5.202791787572424,v2.2,TradeMind Core v2.2,LIVE_SHADOW,False,,,-6.202791787572424,1.5,,,live_signals,-5.402791787572424,,1,LIVE_SHADOW,LEGACY_LOG
prod_SBIN_202606270000,SBIN,LONG,2026-06-27 00:00:00.000000,3582.0,4011.8400000000006,3402.9,STOP_LOSS,2026-07-03 00:00:00.000000,-5.410501526264804,v2.2,TradeMind Core v2.2,LIVE_SHADOW,False,,,-6.410501526264804,1.5,,,live_signals,-5.610501526264804,,1,LIVE_SHADOW,LEGACY_LOG
prod_SBIN_202606300000,SBIN,LONG,2026-06-30 00:00:00.000000,3270.0,3564.3,3008.4,TARGET_HIT,2026-07-13 00:00:00.000000,10.352928186675443,v2.2,TradeMind Core v2.2,LIVE_SHADOW,False,,,-1.0,12.352928186675443,,,live_signals,10.152928186675446,,1,LIVE_SHADOW,LEGACY_LOG
prod_SBIN_202607030000,SBIN,LONG,2026-07-03 00:00:00.000000,2424.0,2714.88,2302.8,STOP_LOSS,2026-07-05 00:00:00.000000,-4.812840446716981,v2.2,TradeMind Core v2.2,LIVE_SHADOW,False,,,-5.812840446716981,1.5,,,live_signals,-5.012840446716981,,1,LIVE_SHADOW,LEGACY_LOG
prod_SBIN_202607070000,SBIN,LONG,2026-07-07 00:00:00.000000,1327.0,1486.2400000000002,1220.84,EXPIRED,2026-07-20 00:00:00.000000,1.4685747648238792,v2.2,TradeMind Core v2.2,LIVE_SHADOW,False,,,0.4685747648238791,1.5,,,live_signals,1.2685747648238792,,1,LIVE_SHADOW,LEGACY_LOG
prod_SBIN_202607100000,SBIN,LONG,2026-07-10 00:00:00.000000,2539.0,2843.6800000000003,2412.05,STOP_LOSS,2026-07-14 00:00:00.000000,-5.964022225784763,v2.2,TradeMind Core v2.2,LIVE_SHADOW,False,,,-6.964022225784763,1.5,,,live_signals,-6.164022225784763,,1,LIVE_SHADOW,LEGACY_LOG
prod_SBIN_202607130000,SBIN,LONG,2026-07-13 00:00:00.000000,1241.0,1389.92,1141.72,EXPIRED,2026-07-28 00:00:00.000000,0.4262009139967118,v2.2,TradeMind Core v2.2,LIVE_SHADOW,False,,,-0.5737990860032882,1.5,,,live_signals,0.2262009139967117,,1,LIVE_SHADOW,LEGACY_LOG
prod_SBIN_202607190000,SBIN,LONG,2026-07-19 00:00:00.000000,2366.0,2578.94,2176.7200000000003,TARGET_HIT,2026-07-30 00:00:00.000000,9.522398895835137,v2.2,TradeMind Core v2.2,LIVE_SHADOW,False,,,-1.0,11.522398895835137,,,live_signals,9.322398895835136,,1,LIVE_SHADOW,LEGACY_LOG
prod_SBIN_202607220000,SBIN,LONG,2026-07-22 00:00:00.000000,3604.0,3928.36,3315.6800000000003,TARGET_HIT,2026-07-27 00:00:00.000000,10.16115132972264,v2.2,TradeMind Core v2.2,LIVE_SHADOW,False,,,-1.0,12.16115132972264,,,live_signals,9.96115132972264,,1,LIVE_SHADOW,LEGACY_LOG
prod_SBIN_202607280000,SBIN,LONG,2026-07-28 00:00:00.000000,2699.0,3022.88,2564.05,STOP_LOSS,2026-08-02 00:00:00.000000,-5.833753488810539,v2.2,TradeMind Core v2.2,LIVE_SHADOW,False,,,-6.833753488810539,1.5,,,live_signals,-6.03375348881054,,1,LIVE_SHADOW,LEGACY_LOG
prod_SBIN_202608010000,SBIN,LONG,2026-08-01 00:00:00.000000,3400.0,3706.000000000001,3128.0,TARGET_HIT,2026-08-04 00:00:00.000000,8.251243425207548,v2.2,TradeMind Core v2.2,LIVE_SHADOW,False,,,-1.0,10.251243425207548,,,live_signals,8.051243425207549,,1,LIVE_SHADOW,LEGACY_LOG
prod_SBIN_202608060000,SBIN,LONG,2026-08-06 00:00:00.000000,3497.0,3916.64,3217.24,EXPIRED,2026-08-10 00:00:00.000000,0.6019000270280142,v2.2,TradeMind Core v2.2,LIVE_SHADOW,False,,,-0.3980999729719858,1.5,,,live_signals,0.4019000270280141,,1,LIVE_SHADOW,LEGACY_LOG
prod_SBIN_202608120000,SBIN,LONG,2026-08-12 00:00:00.000000,3194.0,3577.28,3034.3,STOP_LOSS,2026-08-22 00:00:00.000000,-4.990713054073162,v2.2,TradeMind Core v2.2,LIVE_SHADOW,False,,,-5.990713054073162,1.5,,,live_signals,-5.1907130540731625,,1,LIVE_SHADOW,LEGACY_LOG
prod_TCS_202606110000,TCS,LONG,2026-06-11 00:00:00.000000,2719.0,2963.71,2501.48,TARGET_HIT,2026-06-18 00:00:00.000000,8.664851879183143,v2.2,TradeMind Core v2.2,LIVE_SHADOW,False,,,-1.0,10.664851879183145,,,live_signals,8.464851879183144,,1,LIVE_SHADOW,LEGACY_LOG
prod_TCS_202606140000,TCS,LONG,2026-06-14 00:00:00.000000,3786.0,4240.320000000001,3596.7,STOP_LOSS,2026-06-20 00:00:00.000000,-5.72520064193486,v2.2,TradeMind Core v2.2,LIVE_SHADOW,False,,,-6.72520064193486,1.5,,,live_signals,-5.92520064193486,,1,LIVE_SHADOW,LEGACY_LOG
prod_TCS_202606170000,TCS,LONG,2026-06-17 00:00:00.000000,1299.0,1415.91,1195.0800000000002,TARGET_HIT,2026-06-23 00:00:00.000000,9.43660973119364,v2.2,TradeMind Core v2.2,LIVE_SHADOW,False,,,-1.0,11.43660973119364,,,live_signals,9.236609731193642,,1,LIVE_SHADOW,LEGACY_LOG
prod_TCS_202606230000,TCS,LONG,2026-06-23 00:00:00.000000,3294.0,3689.28,3129.3,STOP_LOSS,2026-07-06 00:00:00.000000,-5.147383171850171,v2.2,TradeMind Core v2.2,LIVE_SHADOW,False,,,-6.147383171850171,1.5,,,live_signals,-5.347383171850171,,1,LIVE_SHADOW,LEGACY_LOG
prod_TCS_202606300000,TCS,LONG,2026-06-30 00:00:00.000000,2403.0,2691.36,2282.85,STOP_LOSS,2026-07-09 00:00:00.000000,-5.640926359676239,v2.2,TradeMind Core v2.2,LIVE_SHADOW,False,,,-6.640926359676239,1.5,,,live_signals,-5.840926359676239,,1,LIVE_SHADOW,LEGACY_LOG
prod_TCS_202607030000,TCS,LONG,2026-07-03 00:00:00.000000,3201.0,3585.1200000000003,3040.95,STOP_LOSS,2026-07-07 00:00:00.000000,-4.659821862853876,v2.2,TradeMind Core v2.2,LIVE_SHADOW,False,,,-5.659821862853876,1.5,,,live_signals,-4.859821862853876,,1,LIVE_SHADOW,LEGACY_LOG
prod_TCS_202607090000,TCS,LONG,2026-07-09 00:00:00.000000,2814.0,3067.26,2588.88,TARGET_HIT,2026-07-15 00:00:00.000000,9.430007178766855,v2.2,TradeMind Core v2.2,LIVE_SHADOW,False,,,-1.0,11.430007178766855,,,live_signals,9.230007178766858,,1,LIVE_SHADOW,LEGACY_LOG
prod_TCS_202607140000,TCS,LONG,2026-07-14 00:00:00.000000,1824.0,1988.16,1678.0800000000002,TARGET_HIT,2026-07-22 00:00:00.000000,9.622198135865164,v2.2,TradeMind Core v2.2,LIVE_SHADOW,False,,,-1.0,11.622198135865164,,,live_signals,9.422198135865166,,1,LIVE_SHADOW,LEGACY_LOG
prod_TCS_202607190000,TCS,LONG,2026-07-19 00:00:00.000000,1779.0,1939.11,1636.68,TARGET_HIT,2026-07-29 00:00:00.000000,9.760638060417245,v2.2,TradeMind Core v2.2,LIVE_SHADOW,False,,,-1.0,11.760638060417245,,,live_signals,9.560638060417244,,1,LIVE_SHADOW,LEGACY_LOG
prod_TCS_202607220000,TCS,LONG,2026-07-22 00:00:00.000000,1588.0,1730.92,1460.96,TARGET_HIT,2026-08-02 00:00:00.000000,8.007479983351455,v2.2,TradeMind Core v2.2,LIVE_SHADOW,False,,,-1.0,10.007479983351455,,,live_signals,7.807479983351455,,1,LIVE_SHADOW,LEGACY_LOG
prod_TCS_202607250000,TCS,LONG,2026-07-25 00:00:00.000000,3049.0,3323.4100000000003,2805.08,TARGET_HIT,2026-08-05 00:00:00.000000,9.843442209907897,v2.2,TradeMind Core v2.2,LIVE_SHADOW,False,,,-1.0,11.843442209907897,,,live_signals,9.643442209907896,,1,LIVE_SHADOW,LEGACY_LOG
prod_TCS_202607290000,TCS,LONG,2026-07-29 00:00:00.000000,3029.0,3392.4800000000005,2877.55,STOP_LOSS,2026-07-31 00:00:00.000000,-5.60686824463369,v2.2,TradeMind Core v2.2,LIVE_SHADOW,False,,,-6.60686824463369,1.5,,,live_signals,-5.80686824463369,,1,LIVE_SHADOW,LEGACY_LOG
prod_TCS_202608030000,TCS,LONG,2026-08-03 00:00:00.000000,2083.0,2270.4700000000003,1916.36,TARGET_HIT,2026-08-11 00:00:00.000000,10.338936116543756,v2.2,TradeMind Core v2.2,LIVE_SHADOW,False,,,-1.0,12.338936116543756,,,live_signals,10.138936116543755,,1,LIVE_SHADOW,LEGACY_LOG
prod_TCS_202608060000,TCS,LONG,2026-08-06 00:00:00.000000,1591.0,1781.92,1511.4499999999998,STOP_LOSS,2026-08-18 00:00:00.000000,-5.342440178604817,v2.2,TradeMind Core v2.2,LIVE_SHADOW,False,,,-6.342440178604817,1.5,,,live_signals,-5.542440178604817,,1,LIVE_SHADOW,LEGACY_LOG
prod_TCS_202608100000,TCS,LONG,2026-08-10 00:00:00.000000,3615.0,3940.35,3325.8,TARGET_HIT,2026-08-14 00:00:00.000000,9.115457738862336,v2.2,TradeMind Core v2.2,LIVE_SHADOW,False,,,-1.0,11.115457738862336,,,live_signals,8.915457738862337,,1,LIVE_SHADOW,LEGACY_LOG
recon_ABB_20260417_0,ABB,LONG,2026-04-16 18:30:00.000000,6919.4091796875,7611.350097656251,6642.6328125,TARGET_HIT,2026-05-01 18:30:00.000000,10.0,v2.2,TradeMind-Quant-V2,LIVE_SHADOW,False,,,,,,,live_signals,9.8,,1,LIVE_SHADOW,SYNTHETIC_RECONSTRUCTION
recon_ABB_20260511_1,ABB,SHORT,2026-05-10 18:30:00.000000,6313.1787109375,5681.86083984375,6565.705859375,STOP_LOSS,2026-05-25 18:30:00.000000,-4.0,v2.2,TradeMind-Quant-V2,LIVE_SHADOW,False,,,,,,,live_signals,-4.2,,1,LIVE_SHADOW,SYNTHETIC_RECONSTRUCTION
recon_ABB_20260716_2,ABB,LONG,2026-07-15 18:30:00.000000,7578.28515625,8336.113671875,7275.153749999999,TARGET_HIT,2026-07-30 18:30:00.000000,10.0,v2.2,TradeMind-Quant-V2,LIVE_SHADOW,False,,,,,,,live_signals,9.8,,1,LIVE_SHADOW,SYNTHETIC_RECONSTRUCTION
recon_ACC_20260605_0,ACC,SHORT,2026-06-04 18:30:00.000000,1322.14990234375,1189.934912109375,1375.0358984375,TARGET_HIT,2026-06-19 18:30:00.000000,10.0,v2.2,TradeMind-Quant-V2,LIVE_SHADOW,False,,,,,,,live_signals,9.8,,1,LIVE_SHADOW,SYNTHETIC_RECONSTRUCTION
recon_ACC_20260611_1,ACC,SHORT,2026-06-10 18:30:00.000000,1296.199951171875,1166.5799560546875,1348.04794921875,STOP_LOSS,2026-06-25 18:30:00.000000,-4.0,v2.2,TradeMind-Quant-V2,LIVE_SHADOW,False,,,,,,,live_signals,-4.2,,1,LIVE_SHADOW,SYNTHETIC_RECONSTRUCTION
recon_ACC_20260703_2,ACC,LONG,2026-07-02 18:30:00.000000,1393.800048828125,1533.1800537109375,1338.048046875,TARGET_HIT,2026-07-17 18:30:00.000000,10.0,v2.2,TradeMind-Quant-V2,LIVE_SHADOW,False,,,,,,,live_signals,9.8,,1,LIVE_SHADOW,SYNTHETIC_RECONSTRUCTION
recon_ADANIENSOL_20260605_0,ADANIENSOL,LONG,2026-06-04 18:30:00.000000,1579.0,1736.9,1515.84,TARGET_HIT,2026-06-19 18:30:00.000000,10.0,v2.2,TradeMind-Quant-V2,LIVE_SHADOW,False,,,,,,,live_signals,9.8,,1,LIVE_SHADOW,SYNTHETIC_RECONSTRUCTION
recon_ADANIENSOL_20260706_1,ADANIENSOL,LONG,2026-07-05 18:30:00.000000,1622.800048828125,1785.0800537109376,1557.888046875,STOP_LOSS,2026-07-20 18:30:00.000000,-4.0,v2.2,TradeMind-Quant-V2,LIVE_SHADOW,False,,,,,,,live_signals,-4.2,,1,LIVE_SHADOW,SYNTHETIC_RECONSTRUCTION
recon_ADANIENSOL_20260812_2,ADANIENSOL,SHORT,2026-08-11 18:30:00.000000,1599.0,1439.1,1662.96,TARGET_HIT,2026-08-26 18:30:00.000000,10.0,v2.2,TradeMind-Quant-V2,LIVE_SHADOW,False,,,,,,,live_signals,9.8,,1,LIVE_SHADOW,SYNTHETIC_RECONSTRUCTION
recon_ADANIENT_20260605_0,ADANIENT,LONG,2026-06-04 18:30:00.000000,3046.837646484375,3351.521411132813,2924.964140625,TARGET_HIT,2026-06-19 18:30:00.000000,10.0,v2.2,TradeMind-Quant-V2,LIVE_SHADOW,False,,,,,,,live_signals,9.8,,1,LIVE_SHADOW,SYNTHETIC_RECONSTRUCTION
recon_ADANIENT_20260622_1,ADANIENT,LONG,2026-06-21 18:30:00.000000,3059.60009765625,3365.5601074218757,2937.21609375,STOP_LOSS,2026-07-06 18:30:00.000000,-4.0,v2.2,TradeMind-Quant-V2,LIVE_SHADOW,False,,,,,,,live_signals,-4.2,,1,LIVE_SHADOW,SYNTHETIC_RECONSTRUCTION
recon_ADANIENT_20260701_2,ADANIENT,LONG,2026-06-30 18:30:00.000000,3143.60009765625,3457.960107421876,3017.85609375,TARGET_HIT,2026-07-15 18:30:00.000000,10.0,v2.2,TradeMind-Quant-V2,LIVE_SHADOW,False,,,,,,,live_signals,9.8,,1,LIVE_SHADOW,SYNTHETIC_RECONSTRUCTION
recon_ADANIGREEN_20260714_0,ADANIGREEN,LONG,2026-07-13 18:30:00.000000,1604.5,1764.95,1540.32,TARGET_HIT,2026-07-28 18:30:00.000000,10.0,v2.2,TradeMind-Quant-V2,LIVE_SHADOW,False,,,,,,,live_signals,9.8,,1,LIVE_SHADOW,SYNTHETIC_RECONSTRUCTION
recon_ADANIGREEN_20260723_1,ADANIGREEN,SHORT,2026-07-22 18:30:00.000000,1379.9000244140625,1241.9100219726563,1435.096025390625,STOP_LOSS,2026-08-06 18:30:00.000000,-4.0,v2.2,TradeMind-Quant-V2,LIVE_SHADOW,False,,,,,,,live_signals,-4.2,,1,LIVE_SHADOW,SYNTHETIC_RECONSTRUCTION
recon_ADANIGREEN_20260812_2,ADANIGREEN,SHORT,2026-08-11 18:30:00.000000,1332.300048828125,1199.0700439453126,1385.59205078125,TARGET_HIT,2026-08-26 18:30:00.000000,10.0,v2.2,TradeMind-Quant-V2,LIVE_SHADOW,False,,,,,,,live_signals,9.8,,1,LIVE_SHADOW,SYNTHETIC_RECONSTRUCTION
recon_ADANIPORTS_20260702_0,ADANIPORTS,LONG,2026-07-01 18:30:00.000000,1883.199951171875,2071.519946289063,1807.871953125,TARGET_HIT,2026-07-16 18:30:00.000000,10.0,v2.2,TradeMind-Quant-V2,LIVE_SHADOW,False,,,,,,,live_signals,9.8,,1,LIVE_SHADOW,SYNTHETIC_RECONSTRUCTION
recon_ADANIPORTS_20260724_1,ADANIPORTS,SHORT,2026-07-23 18:30:00.000000,1768.300048828125,1591.4700439453125,1839.03205078125,STOP_LOSS,2026-08-07 18:30:00.000000,-4.0,v2.2,TradeMind-Quant-V2,LIVE_SHADOW,False,,,,,,,live_signals,-4.2,,1,LIVE_SHADOW,SYNTHETIC_RECONSTRUCTION
recon_ADANIPORTS_20260730_2,ADANIPORTS,SHORT,2026-07-29 18:30:00.000000,1664.0999755859375,1497.6899780273438,1730.6639746093751,TARGET_HIT,2026-08-13 18:30:00.000000,10.0,v2.2,TradeMind-Quant-V2,LIVE_SHADOW,False,,,,,,,live_signals,9.8,,1,LIVE_SHADOW,SYNTHETIC_RECONSTRUCTION
recon_ADANIPOWER_20260526_0,ADANIPOWER,LONG,2026-05-25 18:30:00.000000,244.52999877929688,268.9829986572266,234.748798828125,TARGET_HIT,2026-06-09 18:30:00.000000,10.0,v2.2,TradeMind-Quant-V2,LIVE_SHADOW,False,,,,,,,live_signals,9.8,,1,LIVE_SHADOW,SYNTHETIC_RECONSTRUCTION
recon_ADANIPOWER_20260717_1,ADANIPOWER,SHORT,2026-07-16 18:30:00.000000,214.4499969482422,193.004997253418,223.0279968261719,STOP_LOSS,2026-07-31 18:30:00.000000,-4.0,v2.2,TradeMind-Quant-V2,LIVE_SHADOW,False,,,,,,,live_signals,-4.2,,1,LIVE_SHADOW,SYNTHETIC_RECONSTRUCTION
recon_ADANIPOWER_20260728_2,ADANIPOWER,SHORT,2026-07-27 18:30:00.000000,208.25,187.425,216.58,TARGET_HIT,2026-08-11 18:30:00.000000,10.0,v2.2,TradeMind-Quant-V2,LIVE_SHADOW,False,,,,,,,live_signals,9.8,,1,LIVE_SHADOW,SYNTHETIC_RECONSTRUCTION
recon_AMBUJACEM_20260605_0,AMBUJACEM,SHORT,2026-06-04 18:30:00.000000,415.4933471679688,373.9440124511719,432.11308105468754,TARGET_HIT,2026-06-19 18:30:00.000000,10.0,v2.2,TradeMind-Quant-V2,LIVE_SHADOW,False,,,,,,,live_signals,9.8,,1,LIVE_SHADOW,SYNTHETIC_RECONSTRUCTION
recon_AMBUJACEM_20260611_1,AMBUJACEM,SHORT,2026-06-10 18:30:00.000000,404.0499877929688,363.6449890136719,420.2119873046875,STOP_LOSS,2026-06-25 18:30:00.000000,-4.0,v2.2,TradeMind-Quant-V2,LIVE_SHADOW,False,,,,,,,live_signals,-4.2,,1,LIVE_SHADOW,SYNTHETIC_RECONSTRUCTION
recon_AMBUJACEM_20260703_2,AMBUJACEM,LONG,2026-07-02 18:30:00.000000,443.3999938964844,487.73999328613286,425.663994140625,TARGET_HIT,2026-07-17 18:30:00.000000,10.0,v2.2,TradeMind-Quant-V2,LIVE_SHADOW,False,,,,,,,live_signals,9.8,,1,LIVE_SHADOW,SYNTHETIC_RECONSTRUCTION
recon_APOLLOHOSP_20260703_0,APOLLOHOSP,LONG,2026-07-02 18:30:00.000000,8883.1591796875,9771.47509765625,8527.832812499999,TARGET_HIT,2026-07-17 18:30:00.000000,10.0,v2.2,TradeMind-Quant-V2,LIVE_SHADOW,False,,,,,,,live_signals,9.8,,1,LIVE_SHADOW,SYNTHETIC_RECONSTRUCTION
recon_APOLLOHOSP_20260804_1,APOLLOHOSP,LONG,2026-08-03 18:30:00.000000,9039.4765625,9943.42421875,8677.8975,STOP_LOSS,2026-08-18 18:30:00.000000,-4.0,v2.2,TradeMind-Quant-V2,LIVE_SHADOW,False,,,,,,,live_signals,-4.2,,1,LIVE_SHADOW,SYNTHETIC_RECONSTRUCTION
recon_APOLLOHOSP_20260812_2,APOLLOHOSP,SHORT,2026-08-11 18:30:00.000000,8587.00390625,7728.303515625,8930.4840625,TARGET_HIT,2026-08-26 18:30:00.000000,10.0,v2.2,TradeMind-Quant-V2,LIVE_SHADOW,False,,,,,,,live_signals,9.8,,1,LIVE_SHADOW,SYNTHETIC_RECONSTRUCTION
recon_ASHOKLEY_20260701_0,ASHOKLEY,LONG,2026-06-30 18:30:00.000000,162.32000732421875,178.55200805664063,155.82720703125,TARGET_HIT,2026-07-15 18:30:00.000000,10.0,v2.2,TradeMind-Quant-V2,LIVE_SHADOW,False,,,,,,,live_signals,9.8,,1,LIVE_SHADOW,SYNTHETIC_RECONSTRUCTION
recon_ASHOKLEY_20260723_1,ASHOKLEY,SHORT,2026-07-22 18:30:00.000000,150.64999389648438,135.58499450683595,156.67599365234375,STOP_LOSS,2026-08-06 18:30:00.000000,-4.0,v2.2,TradeMind-Quant-V2,LIVE_SHADOW,False,,,,,,,live_signals,-4.2,,1,LIVE_SHADOW,SYNTHETIC_RECONSTRUCTION
recon_ASHOKLEY_20260803_2,ASHOKLEY,LONG,2026-08-02 18:30:00.000000,174.5500030517578,192.0050033569336,167.56800292968748,TARGET_HIT,2026-08-17 18:30:00.000000,10.0,v2.2,TradeMind-Quant-V2,LIVE_SHADOW,False,,,,,,,live_signals,9.8,,1,LIVE_SHADOW,SYNTHETIC_RECONSTRUCTION
recon_ASIANPAINT_20260410_0,ASIANPAINT,LONG,2026-04-09 18:30:00.000000,2340.394775390625,2574.434252929688,2246.778984375,TARGET_HIT,2026-04-24 18:30:00.000000,,v2.2,TradeMind-Quant-V2,LIVE_SHADOW,True,,,,,,,shadow_signals,9.8,2574.434252929688,4,LIVE_SHADOW,REAL_LIVE_SHADOW
recon_ASIANPAINT_20260416_1,ASIANPAINT,LONG,2026-04-15 18:30:00.000000,2419.31005859375,2661.241064453125,2322.53765625,STOP_LOSS,2026-04-30 18:30:00.000000,,v2.2,TradeMind-Quant-V2,LIVE_SHADOW,True,,,,,,,shadow_signals,-4.2,2322.53765625,4,LIVE_SHADOW,REAL_LIVE_SHADOW
recon_ASIANPAINT_20260508_2,ASIANPAINT,LONG,2026-05-07 18:30:00.000000,2577.537109375,2835.2908203125003,2474.435625,TARGET_HIT,2026-05-22 18:30:00.000000,,v2.2,TradeMind-Quant-V2,LIVE_SHADOW,True,,,,,,,shadow_signals,9.8,2835.2908203125003,4,LIVE_SHADOW,REAL_LIVE_SHADOW
recon_ASTRAL_20260629_0,ASTRAL,SHORT,2026-06-28 18:30:00.000000,1365.851806640625,1229.2666259765626,1420.48587890625,TARGET_HIT,2026-07-13 18:30:00.000000,,v2.2,TradeMind-Quant-V2,LIVE_SHADOW,True,,,,,,,shadow_signals,9.8,1229.2666259765626,4,LIVE_SHADOW,REAL_LIVE_SHADOW
recon_ASTRAL_20260709_1,ASTRAL,SHORT,2026-07-08 18:30:00.000000,1315.0316162109375,1183.5284545898437,1367.632880859375,STOP_LOSS,2026-07-23 18:30:00.000000,,v2.2,TradeMind-Quant-V2,LIVE_SHADOW,True,,,,,,,shadow_signals,-4.2,1367.632880859375,4,LIVE_SHADOW,REAL_LIVE_SHADOW
recon_ASTRAL_20260813_2,ASTRAL,LONG,2026-08-12 18:30:00.000000,1589.5,1748.45,1525.9199999999998,TARGET_HIT,2026-08-27 18:30:00.000000,,v2.2,TradeMind-Quant-V2,LIVE_SHADOW,True,,,,,,,shadow_signals,9.8,1748.45,4,LIVE_SHADOW,REAL_LIVE_SHADOW
recon_ATGL_20260526_0,ATGL,LONG,2026-05-25 18:30:00.000000,712.8510131835938,784.1361145019532,684.3369726562499,TARGET_HIT,2026-06-09 18:30:00.000000,10.0,v2.2,TradeMind-Quant-V2,LIVE_SHADOW,False,,,,,,,live_signals,9.8,,1,LIVE_SHADOW,SYNTHETIC_RECONSTRUCTION
recon_ATGL_20260722_1,ATGL,SHORT,2026-07-21 18:30:00.000000,681.5999755859375,613.4399780273437,708.8639746093751,STOP_LOSS,2026-08-05 18:30:00.000000,-4.0,v2.2,TradeMind-Quant-V2,LIVE_SHADOW,False,,,,,,,live_signals,-4.2,,1,LIVE_SHADOW,SYNTHETIC_RECONSTRUCTION
recon_ATGL_20260728_2,ATGL,SHORT,2026-07-27 18:30:00.000000,645.5499877929688,580.9949890136719,671.3719873046875,TARGET_HIT,2026-08-11 18:30:00.000000,10.0,v2.2,TradeMind-Quant-V2,LIVE_SHADOW,False,,,,,,,live_signals,9.8,,1,LIVE_SHADOW,SYNTHETIC_RECONSTRUCTION
recon_AXISBANK_20260624_0,AXISBANK,LONG,2026-06-23 18:30:00.000000,1383.43310546875,1521.776416015625,1328.0957812499998,TARGET_HIT,2026-07-08 18:30:00.000000,,v2.2,TradeMind-Quant-V2,LIVE_SHADOW,True,,,,,,,shadow_signals,9.8,1521.776416015625,4,LIVE_SHADOW,REAL_LIVE_SHADOW
recon_AXISBANK_20260709_1,AXISBANK,SHORT,2026-07-08 18:30:00.000000,1296.5999755859375,1166.9399780273438,1348.463974609375,STOP_LOSS,2026-07-23 18:30:00.000000,,v2.2,TradeMind-Quant-V2,LIVE_SHADOW,True,,,,,,,shadow_signals,-4.2,1348.463974609375,4,LIVE_SHADOW,REAL_LIVE_SHADOW
recon_AXISBANK_20260720_2,AXISBANK,SHORT,2026-07-19 18:30:00.000000,1256.0,1130.4,1306.24,TARGET_HIT,2026-08-03 18:30:00.000000,,v2.2,TradeMind-Quant-V2,LIVE_SHADOW,True,,,,,,,shadow_signals,9.8,1130.4,4,LIVE_SHADOW,REAL_LIVE_SHADOW
recon_BAJAJ-AUTO_20260720_0,BAJAJ-AUTO,LONG,2026-07-19 18:30:00.000000,10522.5,11574.750000000002,10101.6,TARGET_HIT,2026-08-03 18:30:00.000000,,v2.2,TradeMind-Quant-V2,LIVE_SHADOW,True,,,,,,,shadow_signals,9.8,11574.750000000002,4,LIVE_SHADOW,REAL_LIVE_SHADOW
recon_BAJAJ-AUTO_20260728_1,BAJAJ-AUTO,LONG,2026-07-27 18:30:00.000000,11374.0,12511.4,10919.04,STOP_LOSS,2026-08-11 18:30:00.000000,,v2.2,TradeMind-Quant-V2,LIVE_SHADOW,True,,,,,,,shadow_signals,-4.2,10919.04,4,LIVE_SHADOW,REAL_LIVE_SHADOW
recon_BAJAJ-AUTO_20260803_2,BAJAJ-AUTO,LONG,2026-08-02 18:30:00.000000,11856.0,13041.6,11381.76,TARGET_HIT,2026-08-17 18:30:00.000000,,v2.2,TradeMind-Quant-V2,LIVE_SHADOW,True,,,,,,,shadow_signals,9.8,13041.6,4,LIVE_SHADOW,REAL_LIVE_SHADOW
recon_BAJAJFINSV_20260702_0,BAJAJFINSV,LONG,2026-07-01 18:30:00.000000,1855.699951171875,2041.2699462890628,1781.471953125,TARGET_HIT,2026-07-16 18:30:00.000000,,v2.2,TradeMind-Quant-V2,LIVE_SHADOW,True,,,,,,,shadow_signals,9.8,2041.2699462890628,4,LIVE_SHADOW,REAL_LIVE_SHADOW
recon_BAJAJFINSV_20260728_1,BAJAJFINSV,LONG,2026-07-27 18:30:00.000000,1927.9000244140625,2120.690026855469,1850.7840234375,STOP_LOSS,2026-08-11 18:30:00.000000,,v2.2,TradeMind-Quant-V2,LIVE_SHADOW,True,,,,,,,shadow_signals,-4.2,1850.7840234375,4,LIVE_SHADOW,REAL_LIVE_SHADOW
recon_BAJAJFINSV_20260803_2,BAJAJFINSV,LONG,2026-08-02 18:30:00.000000,2096.0,2305.6000000000004,2012.16,TARGET_HIT,2026-08-17 18:30:00.000000,,v2.2,TradeMind-Quant-V2,LIVE_SHADOW,True,,,,,,,shadow_signals,9.8,2305.6000000000004,4,LIVE_SHADOW,REAL_LIVE_SHADOW
recon_BAJAJHLDNG_20260608_0,BAJAJHLDNG,SHORT,2026-06-07 18:30:00.000000,9746.8857421875,8772.19716796875,10136.761171875,TARGET_HIT,2026-06-22 18:30:00.000000,,v2.2,TradeMind-Quant-V2,LIVE_SHADOW,True,,,,,,,shadow_signals,9.8,8772.19716796875,4,LIVE_SHADOW,REAL_LIVE_SHADOW
recon_BAJAJHLDNG_20260703_1,BAJAJHLDNG,LONG,2026-07-02 18:30:00.000000,11079.0,12186.9,10635.84,STOP_LOSS,2026-07-17 18:30:00.000000,,v2.2,TradeMind-Quant-V2,LIVE_SHADOW,True,,,,,,,shadow_signals,-4.2,10635.84,4,LIVE_SHADOW,REAL_LIVE_SHADOW
recon_BAJAJHLDNG_20260731_2,BAJAJHLDNG,LONG,2026-07-30 18:30:00.000000,11343.0,12477.3,10889.28,TARGET_HIT,2026-08-14 18:30:00.000000,,v2.2,TradeMind-Quant-V2,LIVE_SHADOW,True,,,,,,,shadow_signals,9.8,12477.3,4,LIVE_SHADOW,REAL_LIVE_SHADOW
recon_BAJFINANCE_20260707_0,BAJFINANCE,LONG,2026-07-06 18:30:00.000000,1042.5,1146.75,1000.8,TARGET_HIT,2026-07-21 18:30:00.000000,,v2.2,TradeMind-Quant-V2,LIVE_SHADOW,True,,,,,,,shadow_signals,9.8,1146.75,4,LIVE_SHADOW,REAL_LIVE_SHADOW
recon_BAJFINANCE_20260717_1,BAJFINANCE,LONG,2026-07-16 18:30:00.000000,1056.300048828125,1161.9300537109375,1014.048046875,STOP_LOSS,2026-07-31 18:30:00.000000,,v2.2,TradeMind-Quant-V2,LIVE_SHADOW,True,,,,,,,shadow_signals,-4.2,1014.048046875,4,LIVE_SHADOW,REAL_LIVE_SHADOW
recon_BAJFINANCE_20260731_2,BAJFINANCE,LONG,2026-07-30 18:30:00.000000,1141.199951171875,1255.3199462890625,1095.551953125,TARGET_HIT,2026-08-14 18:30:00.000000,,v2.2,TradeMind-Quant-V2,LIVE_SHADOW,True,,,,,,,shadow_signals,9.8,1255.3199462890625,4,LIVE_SHADOW,REAL_LIVE_SHADOW
recon_BALKRISIND_20260715_0,BALKRISIND,SHORT,2026-07-14 18:30:00.000000,2123.512451171875,1911.1612060546877,2208.4529492187503,TARGET_HIT,2026-07-29 18:30:00.000000,,v2.2,TradeMind-Quant-V2,LIVE_SHADOW,True,,,,,,,shadow_signals,9.8,1911.1612060546877,4,LIVE_SHADOW,REAL_LIVE_SHADOW
recon_BALKRISIND_20260721_1,BALKRISIND,SHORT,2026-07-20 18:30:00.000000,2034.32958984375,1830.8966308593751,2115.7027734375,STOP_LOSS,2026-08-04 18:30:00.000000,,v2.2,TradeMind-Quant-V2,LIVE_SHADOW,True,,,,,,,shadow_signals,-4.2,2115.7027734375,4,LIVE_SHADOW,REAL_LIVE_SHADOW
recon_BALKRISIND_20260730_2,BALKRISIND,LONG,2026-07-29 18:30:00.000000,2303.197265625,2533.5169921875004,2211.069375,TARGET_HIT,2026-08-13 18:30:00.000000,,v2.2,TradeMind-Quant-V2,LIVE_SHADOW,True,,,,,,,shadow_signals,9.8,2533.5169921875004,4,LIVE_SHADOW,REAL_LIVE_SHADOW
recon_BANDHANBNK_20260504_0,BANDHANBNK,LONG,2026-05-03 18:30:00.000000,206.75999450683597,227.43599395751957,198.4895947265625,TARGET_HIT,2026-05-18 18:30:00.000000,,v2.2,TradeMind-Quant-V2,LIVE_SHADOW,True,,,,,,,shadow_signals,9.8,227.43599395751957,4,LIVE_SHADOW,REAL_LIVE_SHADOW
recon_BANDHANBNK_20260616_1,BANDHANBNK,LONG,2026-06-15 18:30:00.000000,216.7400054931641,238.41400604248048,208.0704052734375,STOP_LOSS,2026-06-30 18:30:00.000000,,v2.2,TradeMind-Quant-V2,LIVE_SHADOW,True,,,,,,,shadow_signals,-4.2,208.0704052734375,4,LIVE_SHADOW,REAL_LIVE_SHADOW
recon_BANDHANBNK_20260722_2,BANDHANBNK,SHORT,2026-07-21 18:30:00.000000,173.5,156.15,180.44,TARGET_HIT,2026-08-05 18:30:00.000000,10.0,v2.2,TradeMind-Quant-V2,LIVE_SHADOW,False,,,,,,,live_signals,9.8,,1,LIVE_SHADOW,SYNTHETIC_RECONSTRUCTION
recon_BANKBARODA_20260609_0,BANKBARODA,LONG,2026-06-08 18:30:00.000000,273.75,301.125,262.8,TARGET_HIT,2026-06-23 18:30:00.000000,10.0,v2.2,TradeMind-Quant-V2,LIVE_SHADOW,False,,,,,,,live_signals,9.8,,1,LIVE_SHADOW,SYNTHETIC_RECONSTRUCTION
recon_BANKBARODA_20260618_1,BANKBARODA,LONG,2026-06-17 18:30:00.000000,283.0,311.3,271.68,STOP_LOSS,2026-07-02 18:30:00.000000,-4.0,v2.2,TradeMind-Quant-V2,LIVE_SHADOW,False,,,,,,,live_signals,-4.2,,1,LIVE_SHADOW,SYNTHETIC_RECONSTRUCTION
recon_BANKBARODA_20260703_2,BANKBARODA,SHORT,2026-07-02 18:30:00.000000,252.1999969482422,226.979997253418,262.2879968261719,TARGET_HIT,2026-07-17 18:30:00.000000,10.0,v2.2,TradeMind-Quant-V2,LIVE_SHADOW,False,,,,,,,live_signals,9.8,,1,LIVE_SHADOW,SYNTHETIC_RECONSTRUCTION
recon_BANKINDIA_20260422_0,BANKINDIA,LONG,2026-04-21 18:30:00.000000,148.08273315429688,162.89100646972656,142.159423828125,TARGET_HIT,2026-05-06 18:30:00.000000,10.0,v2.2,TradeMind-Quant-V2,LIVE_SHADOW,False,,,,,,,live_signals,9.8,,1,LIVE_SHADOW,SYNTHETIC_RECONSTRUCTION
recon_BANKINDIA_20260609_1,BANKINDIA,LONG,2026-06-08 18:30:00.000000,147.72000122070312,162.49200134277345,141.81120117187498,STOP_LOSS,2026-06-23 18:30:00.000000,-4.0,v2.2,TradeMind-Quant-V2,LIVE_SHADOW,False,,,,,,,live_signals,-4.2,,1,LIVE_SHADOW,SYNTHETIC_RECONSTRUCTION
recon_BANKINDIA_20260708_2,BANKINDIA,SHORT,2026-07-07 18:30:00.000000,135.1199951171875,121.60799560546876,140.524794921875,TARGET_HIT,2026-07-22 18:30:00.000000,10.0,v2.2,TradeMind-Quant-V2,LIVE_SHADOW,False,,,,,,,live_signals,9.8,,1,LIVE_SHADOW,SYNTHETIC_RECONSTRUCTION
recon_BEL_20260520_0,BEL,SHORT,2026-05-19 18:30:00.000000,412.73968505859375,371.4657165527344,429.2492724609375,TARGET_HIT,2026-06-03 18:30:00.000000,10.0,v2.2,TradeMind-Quant-V2,LIVE_SHADOW,False,,,,,,,live_signals,9.8,,1,LIVE_SHADOW,SYNTHETIC_RECONSTRUCTION
recon_BEL_20260618_1,BEL,LONG,2026-06-17 18:30:00.000000,428.0189514160156,470.8208465576173,410.898193359375,STOP_LOSS,2026-07-02 18:30:00.000000,-4.0,v2.2,TradeMind-Quant-V2,LIVE_SHADOW,False,,,,,,,live_signals,-4.2,,1,LIVE_SHADOW,SYNTHETIC_RECONSTRUCTION
recon_BEL_20260728_2,BEL,SHORT,2026-07-27 18:30:00.000000,388.4726257324219,349.6253631591797,404.0115307617188,TARGET_HIT,2026-08-11 18:30:00.000000,10.0,v2.2,TradeMind-Quant-V2,LIVE_SHADOW,False,,,,,,,live_signals,9.8,,1,LIVE_SHADOW,SYNTHETIC_RECONSTRUCTION
recon_BHARTIARTL_20260518_0,BHARTIARTL,LONG,2026-05-17 18:30:00.000000,1914.01171875,2105.4128906250003,1837.45125,TARGET_HIT,2026-06-01 18:30:00.000000,10.0,v2.2,TradeMind-Quant-V2,LIVE_SHADOW,False,,,,,,,live_signals,9.8,,1,LIVE_SHADOW,SYNTHETIC_RECONSTRUCTION
recon_BHARTIARTL_20260619_1,BHARTIARTL,LONG,2026-06-18 18:30:00.000000,1887.051025390625,2075.756127929688,1811.568984375,STOP_LOSS,2026-07-03 18:30:00.000000,-4.0,v2.2,TradeMind-Quant-V2,LIVE_SHADOW,False,,,,,,,live_signals,-4.2,,1,LIVE_SHADOW,SYNTHETIC_RECONSTRUCTION
recon_BHARTIARTL_20260729_2,BHARTIARTL,LONG,2026-07-28 18:30:00.000000,1950.199951171875,2145.2199462890626,1872.191953125,TARGET_HIT,2026-08-12 18:30:00.000000,10.0,v2.2,TradeMind-Quant-V2,LIVE_SHADOW,False,,,,,,,live_signals,9.8,,1,LIVE_SHADOW,SYNTHETIC_RECONSTRUCTION
recon_BHEL_20260525_0,BHEL,LONG,2026-05-24 18:30:00.000000,418.0514526367188,459.8565979003907,401.32939453125,TARGET_HIT,2026-06-08 18:30:00.000000,10.0,v2.2,TradeMind-Quant-V2,LIVE_SHADOW,False,,,,,,,live_signals,9.8,,1,LIVE_SHADOW,SYNTHETIC_RECONSTRUCTION
recon_BHEL_20260610_1,BHEL,SHORT,2026-06-09 18:30:00.000000,376.0867919921875,338.4781127929688,391.130263671875,STOP_LOSS,2026-06-24 18:30:00.000000,-4.0,v2.2,TradeMind-Quant-V2,LIVE_SHADOW,False,,,,,,,live_signals,-4.2,,1,LIVE_SHADOW,SYNTHETIC_RECONSTRUCTION
recon_BHEL_20260716_2,BHEL,LONG,2026-07-15 18:30:00.000000,434.0,477.4,416.64,TARGET_HIT,2026-07-30 18:30:00.000000,10.0,v2.2,TradeMind-Quant-V2,LIVE_SHADOW,False,,,,,,,live_signals,9.8,,1,LIVE_SHADOW,SYNTHETIC_RECONSTRUCTION
recon_BIOCON_20260708_0,BIOCON,SHORT,2026-07-07 18:30:00.000000,397.0499877929688,357.34498901367186,412.93198730468754,TARGET_HIT,2026-07-22 18:30:00.000000,10.0,v2.2,TradeMind-Quant-V2,LIVE_SHADOW,False,,,,,,,live_signals,9.8,,1,LIVE_SHADOW,SYNTHETIC_RECONSTRUCTION
recon_BIOCON_20260714_1,BIOCON,LONG,2026-07-13 18:30:00.000000,437.2999877929688,481.02998657226567,419.80798828125,STOP_LOSS,2026-07-28 18:30:00.000000,-4.0,v2.2,TradeMind-Quant-V2,LIVE_SHADOW,False,,,,,,,live_signals,-4.2,,1,LIVE_SHADOW,SYNTHETIC_RECONSTRUCTION
recon_BIOCON_20260813_2,BIOCON,SHORT,2026-08-12 18:30:00.000000,420.0,378.0,436.8,TARGET_HIT,2026-08-27 18:30:00.000000,10.0,v2.2,TradeMind-Quant-V2,LIVE_SHADOW,False,,,,,,,live_signals,9.8,,1,LIVE_SHADOW,SYNTHETIC_RECONSTRUCTION
recon_BOSCHLTD_20260702_0,BOSCHLTD,LONG,2026-07-01 18:30:00.000000,41243.59375,45367.95312500001,39593.85,TARGET_HIT,2026-07-16 18:30:00.000000,10.0,v2.2,TradeMind-Quant-V2,LIVE_SHADOW,False,,,,,,,live_signals,9.8,,1,LIVE_SHADOW,SYNTHETIC_RECONSTRUCTION
recon_BOSCHLTD_20260805_1,BOSCHLTD,LONG,2026-08-04 18:30:00.000000,42920.0,47212.00000000001,41203.2,STOP_LOSS,2026-08-19 18:30:00.000000,-4.0,v2.2,TradeMind-Quant-V2,LIVE_SHADOW,False,,,,,,,live_signals,-4.2,,1,LIVE_SHADOW,SYNTHETIC_RECONSTRUCTION
recon_BOSCHLTD_20260811_2,BOSCHLTD,LONG,2026-08-10 18:30:00.000000,45185.0,49703.50000000001,43377.6,TARGET_HIT,2026-08-25 18:30:00.000000,10.0,v2.2,TradeMind-Quant-V2,LIVE_SHADOW,False,,,,,,,live_signals,9.8,,1,LIVE_SHADOW,SYNTHETIC_RECONSTRUCTION
recon_BPCL_20260515_0,BPCL,SHORT,2026-05-14 18:30:00.000000,284.45001220703125,256.00501098632816,295.8280126953125,TARGET_HIT,2026-05-29 18:30:00.000000,10.0,v2.2,TradeMind-Quant-V2,LIVE_SHADOW,False,,,,,,,live_signals,9.8,,1,LIVE_SHADOW,SYNTHETIC_RECONSTRUCTION
recon_BPCL_20260617_1,BPCL,LONG,2026-06-16 18:30:00.000000,317.95001220703125,349.7450134277344,305.23201171875,STOP_LOSS,2026-07-01 18:30:00.000000,-4.0,v2.2,TradeMind-Quant-V2,LIVE_SHADOW,False,,,,,,,live_signals,-4.2,,1,LIVE_SHADOW,SYNTHETIC_RECONSTRUCTION
recon_BPCL_20260803_2,BPCL,LONG,2026-08-02 18:30:00.000000,329.95001220703125,362.9450134277344,316.75201171875,TARGET_HIT,2026-08-17 18:30:00.000000,10.0,v2.2,TradeMind-Quant-V2,LIVE_SHADOW,False,,,,,,,live_signals,9.8,,1,LIVE_SHADOW,SYNTHETIC_RECONSTRUCTION
recon_BRITANNIA_20260529_0,BRITANNIA,SHORT,2026-05-28 18:30:00.000000,5119.2421875,4607.317968750001,5324.011875,TARGET_HIT,2026-06-12 18:30:00.000000,10.0,v2.2,TradeMind-Quant-V2,LIVE_SHADOW,False,,,,,,,live_signals,9.8,,1,LIVE_SHADOW,SYNTHETIC_RECONSTRUCTION
recon_BRITANNIA_20260702_1,BRITANNIA,LONG,2026-07-01 18:30:00.000000,5285.96533203125,5814.561865234376,5074.526718749999,STOP_LOSS,2026-07-16 18:30:00.000000,-4.0,v2.2,TradeMind-Quant-V2,LIVE_SHADOW,False,,,,,,,live_signals,-4.2,,1,LIVE_SHADOW,SYNTHETIC_RECONSTRUCTION
recon_BRITANNIA_20260803_2,BRITANNIA,LONG,2026-08-02 18:30:00.000000,5531.0,6084.1,5309.76,TARGET_HIT,2026-08-17 18:30:00.000000,10.0,v2.2,TradeMind-Quant-V2,LIVE_SHADOW,False,,,,,,,live_signals,9.8,,1,LIVE_SHADOW,SYNTHETIC_RECONSTRUCTION
recon_CANBK_20260617_0,CANBK,LONG,2026-06-16 18:30:00.000000,135.24000549316406,148.76400604248047,129.8304052734375,TARGET_HIT,2026-07-01 18:30:00.000000,10.0,v2.2,TradeMind-Quant-V2,LIVE_SHADOW,False,,,,,,,live_signals,9.8,,1,LIVE_SHADOW,SYNTHETIC_RECONSTRUCTION
recon_CANBK_20260708_1,CANBK,SHORT,2026-07-07 18:30:00.000000,121.1500015258789,109.03500137329102,125.99600158691406,STOP_LOSS,2026-07-22 18:30:00.000000,-4.0,v2.2,TradeMind-Quant-V2,LIVE_SHADOW,False,,,,,,,live_signals,-4.2,,1,LIVE_SHADOW,SYNTHETIC_RECONSTRUCTION
recon_CANBK_20260806_2,CANBK,LONG,2026-08-05 18:30:00.000000,131.6999969482422,144.86999664306643,126.43199707031248,TARGET_HIT,2026-08-20 18:30:00.000000,10.0,v2.2,TradeMind-Quant-V2,LIVE_SHADOW,False,,,,,,,live_signals,9.8,,1,LIVE_SHADOW,SYNTHETIC_RECONSTRUCTION
recon_CGPOWER_20260701_0,CGPOWER,LONG,2026-06-30 18:30:00.000000,976.5,1074.15,937.44,TARGET_HIT,2026-07-15 18:30:00.000000,10.0,v2.2,TradeMind-Quant-V2,LIVE_SHADOW,False,,,,,,,live_signals,9.8,,1,LIVE_SHADOW,SYNTHETIC_RECONSTRUCTION
recon_CGPOWER_20260723_1,CGPOWER,SHORT,2026-07-22 18:30:00.000000,883.7999877929688,795.4199890136719,919.1519873046876,STOP_LOSS,2026-08-06 18:30:00.000000,-4.0,v2.2,TradeMind-Quant-V2,LIVE_SHADOW,False,,,,,,,live_signals,-4.2,,1,LIVE_SHADOW,SYNTHETIC_RECONSTRUCTION
recon_CGPOWER_20260729_2,CGPOWER,SHORT,2026-07-28 18:30:00.000000,829.5,746.5500000000001,862.6800000000001,TARGET_HIT,2026-08-12 18:30:00.000000,10.0,v2.2,TradeMind-Quant-V2,LIVE_SHADOW,False,,,,,,,live_signals,9.8,,1,LIVE_SHADOW,SYNTHETIC_RECONSTRUCTION
recon_CHOLAFIN_20260706_0,CHOLAFIN,LONG,2026-07-05 18:30:00.000000,1849.7734375,2034.7507812500005,1775.7825,TARGET_HIT,2026-07-20 18:30:00.000000,10.0,v2.2,TradeMind-Quant-V2,LIVE_SHADOW,False,,,,,,,live_signals,9.8,,1,LIVE_SHADOW,SYNTHETIC_RECONSTRUCTION
recon_CHOLAFIN_20260723_1,CHOLAFIN,SHORT,2026-07-22 18:30:00.000000,1717.300048828125,1545.5700439453126,1785.99205078125,STOP_LOSS,2026-08-06 18:30:00.000000,-4.0,v2.2,TradeMind-Quant-V2,LIVE_SHADOW,False,,,,,,,live_signals,-4.2,,1,LIVE_SHADOW,SYNTHETIC_RECONSTRUCTION
recon_CHOLAFIN_20260803_2,CHOLAFIN,LONG,2026-08-02 18:30:00.000000,1888.199951171875,2077.019946289063,1812.671953125,TARGET_HIT,2026-08-17 18:30:00.000000,10.0,v2.2,TradeMind-Quant-V2,LIVE_SHADOW,False,,,,,,,live_signals,9.8,,1,LIVE_SHADOW,SYNTHETIC_RECONSTRUCTION
recon_CIPLA_20260514_0,CIPLA,LONG,2026-05-13 18:30:00.000000,1423.3468017578125,1565.681481933594,1366.4129296875,TARGET_HIT,2026-05-28 18:30:00.000000,10.0,v2.2,TradeMind-Quant-V2,LIVE_SHADOW,False,,,,,,,live_signals,9.8,,1,LIVE_SHADOW,SYNTHETIC_RECONSTRUCTION
recon_CIPLA_20260623_1,CIPLA,LONG,2026-06-22 18:30:00.000000,1433.0999755859375,1576.4099731445317,1375.7759765625,STOP_LOSS,2026-07-07 18:30:00.000000,-4.0,v2.2,TradeMind-Quant-V2,LIVE_SHADOW,False,,,,,,,live_signals,-4.2,,1,LIVE_SHADOW,SYNTHETIC_RECONSTRUCTION
recon_CIPLA_20260723_2,CIPLA,SHORT,2026-07-22 18:30:00.000000,1393.0,1253.7,1448.72,TARGET_HIT,2026-08-06 18:30:00.000000,10.0,v2.2,TradeMind-Quant-V2,LIVE_SHADOW,False,,,,,,,live_signals,9.8,,1,LIVE_SHADOW,SYNTHETIC_RECONSTRUCTION
recon_COALINDIA_20260625_0,COALINDIA,SHORT,2026-06-24 18:30:00.000000,429.6600646972656,386.6940582275391,446.8464672851563,TARGET_HIT,2026-07-09 18:30:00.000000,10.0,v2.2,TradeMind-Quant-V2,LIVE_SHADOW,False,,,,,,,live_signals,9.8,,1,LIVE_SHADOW,SYNTHETIC_RECONSTRUCTION
recon_COALINDIA_20260707_1,COALINDIA,SHORT,2026-07-06 18:30:00.000000,423.2951049804688,380.96559448242186,440.22690917968754,STOP_LOSS,2026-07-21 18:30:00.000000,-4.0,v2.2,TradeMind-Quant-V2,LIVE_SHADOW,False,,,,,,,live_signals,-4.2,,1,LIVE_SHADOW,SYNTHETIC_RECONSTRUCTION
recon_COALINDIA_20260728_2,COALINDIA,SHORT,2026-07-27 18:30:00.000000,404.7429504394531,364.26865539550784,420.9326684570312,TARGET_HIT,2026-08-11 18:30:00.000000,10.0,v2.2,TradeMind-Quant-V2,LIVE_SHADOW,False,,,,,,,live_signals,9.8,,1,LIVE_SHADOW,SYNTHETIC_RECONSTRUCTION
recon_COLPAL_20260624_0,COLPAL,SHORT,2026-06-23 18:30:00.000000,1965.300048828125,1768.7700439453126,2043.9120507812504,TARGET_HIT,2026-07-08 18:30:00.000000,10.0,v2.2,TradeMind-Quant-V2,LIVE_SHADOW,False,,,,,,,live_signals,9.8,,1,LIVE_SHADOW,SYNTHETIC_RECONSTRUCTION
recon_COLPAL_20260720_1,COLPAL,LONG,2026-07-19 18:30:00.000000,2113.10009765625,2324.410107421875,2028.57609375,STOP_LOSS,2026-08-03 18:30:00.000000,-4.0,v2.2,TradeMind-Quant-V2,LIVE_SHADOW,False,,,,,,,live_signals,-4.2,,1,LIVE_SHADOW,SYNTHETIC_RECONSTRUCTION
recon_COLPAL_20260727_2,COLPAL,LONG,2026-07-26 18:30:00.000000,2136.60009765625,2350.260107421875,2051.13609375,TARGET_HIT,2026-08-10 18:30:00.000000,10.0,v2.2,TradeMind-Quant-V2,LIVE_SHADOW,False,,,,,,,live_signals,9.8,,1,LIVE_SHADOW,SYNTHETIC_RECONSTRUCTION
recon_CONCOR_20260720_0,CONCOR,LONG,2026-07-19 18:30:00.000000,497.4792175292969,547.2271392822266,477.580048828125,TARGET_HIT,2026-08-03 18:30:00.000000,10.0,v2.2,TradeMind-Quant-V2,LIVE_SHADOW,False,,,,,,,live_signals,9.8,,1,LIVE_SHADOW,SYNTHETIC_RECONSTRUCTION
recon_CONCOR_20260727_1,CONCOR,LONG,2026-07-26 18:30:00.000000,508.9441833496094,559.8386016845703,488.586416015625,STOP_LOSS,2026-08-10 18:30:00.000000,-4.0,v2.2,TradeMind-Quant-V2,LIVE_SHADOW,False,,,,,,,live_signals,-4.2,,1,LIVE_SHADOW,SYNTHETIC_RECONSTRUCTION
recon_CONCOR_20260813_2,CONCOR,LONG,2026-08-12 18:30:00.000000,533.6500244140625,587.0150268554688,512.3040234375,TARGET_HIT,2026-08-27 18:30:00.000000,10.0,v2.2,TradeMind-Quant-V2,LIVE_SHADOW,False,,,,,,,live_signals,9.8,,1,LIVE_SHADOW,SYNTHETIC_RECONSTRUCTION
recon_CUMMINSIND_20260507_0,CUMMINSIND,LONG,2026-05-06 18:30:00.000000,5358.5546875,5894.410156250001,5144.2125,TARGET_HIT,2026-05-21 18:30:00.000000,10.0,v2.2,TradeMind-Quant-V2,LIVE_SHADOW,False,,,,,,,live_signals,9.8,,1,LIVE_SHADOW,SYNTHETIC_RECONSTRUCTION
recon_CUMMINSIND_20260527_1,CUMMINSIND,LONG,2026-05-26 18:30:00.000000,5977.91748046875,6575.709228515626,5738.80078125,STOP_LOSS,2026-06-10 18:30:00.000000,-4.0,v2.2,TradeMind-Quant-V2,LIVE_SHADOW,False,,,,,,,live_signals,-4.2,,1,LIVE_SHADOW,SYNTHETIC_RECONSTRUCTION
recon_CUMMINSIND_20260703_2,CUMMINSIND,SHORT,2026-07-02 18:30:00.000000,5432.93798828125,4889.644189453125,5650.255507812501,TARGET_HIT,2026-07-17 18:30:00.000000,10.0,v2.2,TradeMind-Quant-V2,LIVE_SHADOW,False,,,,,,,live_signals,9.8,,1,LIVE_SHADOW,SYNTHETIC_RECONSTRUCTION
recon_DABUR_20260701_0,DABUR,LONG,2026-06-30 18:30:00.000000,439.0540466308594,482.9594512939453,421.491884765625,TARGET_HIT,2026-07-15 18:30:00.000000,10.0,v2.2,TradeMind-Quant-V2,LIVE_SHADOW,False,,,,,,,live_signals,9.8,,1,LIVE_SHADOW,SYNTHETIC_RECONSTRUCTION
recon_DABUR_20260707_1,DABUR,LONG,2026-07-06 18:30:00.000000,447.6919860839844,492.46118469238286,429.784306640625,STOP_LOSS,2026-07-21 18:30:00.000000,-4.0,v2.2,TradeMind-Quant-V2,LIVE_SHADOW,False,,,,,,,live_signals,-4.2,,1,LIVE_SHADOW,SYNTHETIC_RECONSTRUCTION
recon_DABUR_20260804_2,DABUR,SHORT,2026-08-03 18:30:00.000000,409.6499938964844,368.684994506836,426.0359936523438,TARGET_HIT,2026-08-18 18:30:00.000000,10.0,v2.2,TradeMind-Quant-V2,LIVE_SHADOW,False,,,,,,,live_signals,9.8,,1,LIVE_SHADOW,SYNTHETIC_RECONSTRUCTION
recon_DALBHARAT_20260608_0,DALBHARAT,SHORT,2026-06-07 18:30:00.000000,1659.1375732421875,1493.2238159179688,1725.5030761718751,TARGET_HIT,2026-06-22 18:30:00.000000,10.0,v2.2,TradeMind-Quant-V2,LIVE_SHADOW,False,,,,,,,live_signals,9.8,,1,LIVE_SHADOW,SYNTHETIC_RECONSTRUCTION
recon_DALBHARAT_20260715_1,DALBHARAT,LONG,2026-07-14 18:30:00.000000,1824.699951171875,2007.1699462890624,1751.711953125,STOP_LOSS,2026-07-29 18:30:00.000000,-4.0,v2.2,TradeMind-Quant-V2,LIVE_SHADOW,False,,,,,,,live_signals,-4.2,,1,LIVE_SHADOW,SYNTHETIC_RECONSTRUCTION
recon_DALBHARAT_20260721_2,DALBHARAT,LONG,2026-07-20 18:30:00.000000,1864.199951171875,2050.6199462890627,1789.631953125,TARGET_HIT,2026-08-04 18:30:00.000000,10.0,v2.2,TradeMind-Quant-V2,LIVE_SHADOW,False,,,,,,,live_signals,9.8,,1,LIVE_SHADOW,SYNTHETIC_RECONSTRUCTION
recon_DEEPAKNTR_20260611_0,DEEPAKNTR,SHORT,2026-06-10 18:30:00.000000,1605.069091796875,1444.5621826171875,1669.27185546875,TARGET_HIT,2026-06-25 18:30:00.000000,10.0,v2.2,TradeMind-Quant-V2,LIVE_SHADOW,False,,,,,,,live_signals,9.8,,1,LIVE_SHADOW,SYNTHETIC_RECONSTRUCTION
recon_DEEPAKNTR_20260629_1,DEEPAKNTR,SHORT,2026-06-28 18:30:00.000000,1556.5904541015625,1400.9314086914062,1618.854072265625,STOP_LOSS,2026-07-13 18:30:00.000000,-4.0,v2.2,TradeMind-Quant-V2,LIVE_SHADOW,False,,,,,,,live_signals,-4.2,,1,LIVE_SHADOW,SYNTHETIC_RECONSTRUCTION
recon_DEEPAKNTR_20260716_2,DEEPAKNTR,LONG,2026-07-15 18:30:00.000000,1733.880859375,1907.2689453125,1664.525625,TARGET_HIT,2026-07-30 18:30:00.000000,10.0,v2.2,TradeMind-Quant-V2,LIVE_SHADOW,False,,,,,,,live_signals,9.8,,1,LIVE_SHADOW,SYNTHETIC_RECONSTRUCTION
recon_DLF_20260615_0,DLF,LONG,2026-06-14 18:30:00.000000,606.831298828125,667.5144287109375,582.558046875,TARGET_HIT,2026-06-29 18:30:00.000000,10.0,v2.2,TradeMind-Quant-V2,LIVE_SHADOW,False,,,,,,,live_signals,9.8,,1,LIVE_SHADOW,SYNTHETIC_RECONSTRUCTION
recon_DLF_20260701_1,DLF,LONG,2026-06-30 18:30:00.000000,640.6566162109375,704.7222778320313,615.0303515625,STOP_LOSS,2026-07-15 18:30:00.000000,-4.0,v2.2,TradeMind-Quant-V2,LIVE_SHADOW,False,,,,,,,live_signals,-4.2,,1,LIVE_SHADOW,SYNTHETIC_RECONSTRUCTION
recon_DLF_20260710_2,DLF,LONG,2026-07-09 18:30:00.000000,677.2471923828125,744.9719116210938,650.1573046875,TARGET_HIT,2026-07-24 18:30:00.000000,10.0,v2.2,TradeMind-Quant-V2,LIVE_SHADOW,False,,,,,,,live_signals,9.8,,1,LIVE_SHADOW,SYNTHETIC_RECONSTRUCTION
recon_DRREDDY_20260710_0,DRREDDY,SHORT,2026-07-09 18:30:00.000000,1244.300048828125,1119.8700439453123,1294.07205078125,TARGET_HIT,2026-07-24 18:30:00.000000,10.0,v2.2,TradeMind-Quant-V2,LIVE_SHADOW,False,,,,,,,live_signals,9.8,,1,LIVE_SHADOW,SYNTHETIC_RECONSTRUCTION
recon_DRREDDY_20260717_1,DRREDDY,SHORT,2026-07-16 18:30:00.000000,1211.199951171875,1090.0799560546875,1259.64794921875,STOP_LOSS,2026-07-31 18:30:00.000000,-4.0,v2.2,TradeMind-Quant-V2,LIVE_SHADOW,False,,,,,,,live_signals,-4.2,,1,LIVE_SHADOW,SYNTHETIC_RECONSTRUCTION
recon_DRREDDY_20260723_2,DRREDDY,SHORT,2026-07-22 18:30:00.000000,1166.300048828125,1049.6700439453125,1212.95205078125,TARGET_HIT,2026-08-06 18:30:00.000000,10.0,v2.2,TradeMind-Quant-V2,LIVE_SHADOW,False,,,,,,,live_signals,9.8,,1,LIVE_SHADOW,SYNTHETIC_RECONSTRUCTION
recon_EICHERMOT_20260513_0,EICHERMOT,SHORT,2026-05-12 18:30:00.000000,6899.251953125,6209.326757812501,7175.22203125,TARGET_HIT,2026-05-27 18:30:00.000000,10.0,v2.2,TradeMind-Quant-V2,LIVE_SHADOW,False,,,,,,,live_signals,9.8,,1,LIVE_SHADOW,SYNTHETIC_RECONSTRUCTION
recon_EICHERMOT_20260615_1,EICHERMOT,LONG,2026-06-14 18:30:00.000000,7545.48486328125,8300.033349609375,7243.665468749999,STOP_LOSS,2026-06-29 18:30:00.000000,-4.0,v2.2,TradeMind-Quant-V2,LIVE_SHADOW,False,,,,,,,live_signals,-4.2,,1,LIVE_SHADOW,SYNTHETIC_RECONSTRUCTION
recon_EICHERMOT_20260803_2,EICHERMOT,LONG,2026-08-02 18:30:00.000000,8050.0,8855.0,7728.0,TARGET_HIT,2026-08-17 18:30:00.000000,10.0,v2.2,TradeMind-Quant-V2,LIVE_SHADOW,False,,,,,,,live_signals,9.8,,1,LIVE_SHADOW,SYNTHETIC_RECONSTRUCTION
recon_ESCORTS_20260519_0,ESCORTS,SHORT,2026-05-18 18:30:00.000000,2858.45556640625,2572.610009765625,2972.7937890625003,TARGET_HIT,2026-06-02 18:30:00.000000,10.0,v2.2,TradeMind-Quant-V2,LIVE_SHADOW,False,,,,,,,live_signals,9.8,,1,LIVE_SHADOW,SYNTHETIC_RECONSTRUCTION
recon_ESCORTS_20260529_1,ESCORTS,SHORT,2026-05-28 18:30:00.000000,2827.802490234375,2545.0222412109374,2940.91458984375,STOP_LOSS,2026-06-12 18:30:00.000000,-4.0,v2.2,TradeMind-Quant-V2,LIVE_SHADOW,False,,,,,,,live_signals,-4.2,,1,LIVE_SHADOW,SYNTHETIC_RECONSTRUCTION
recon_ESCORTS_20260731_2,ESCORTS,LONG,2026-07-30 18:30:00.000000,3086.0,3394.6000000000004,2962.56,TARGET_HIT,2026-08-14 18:30:00.000000,10.0,v2.2,TradeMind-Quant-V2,LIVE_SHADOW,False,,,,,,,live_signals,9.8,,1,LIVE_SHADOW,SYNTHETIC_RECONSTRUCTION
recon_GAIL_20260525_0,GAIL,LONG,2026-05-24 18:30:00.000000,168.6699981689453,185.53699798583983,161.92319824218748,TARGET_HIT,2026-06-08 18:30:00.000000,10.0,v2.2,TradeMind-Quant-V2,LIVE_SHADOW,False,,,,,,,live_signals,9.8,,1,LIVE_SHADOW,SYNTHETIC_RECONSTRUCTION
recon_GAIL_20260615_1,GAIL,LONG,2026-06-14 18:30:00.000000,175.41000366210938,192.95100402832037,168.393603515625,STOP_LOSS,2026-06-29 18:30:00.000000,-4.0,v2.2,TradeMind-Quant-V2,LIVE_SHADOW,False,,,,,,,live_signals,-4.2,,1,LIVE_SHADOW,SYNTHETIC_RECONSTRUCTION
recon_GAIL_20260731_2,GAIL,LONG,2026-07-30 18:30:00.000000,181.44000244140625,199.5840026855469,174.18240234375,TARGET_HIT,2026-08-14 18:30:00.000000,10.0,v2.2,TradeMind-Quant-V2,LIVE_SHADOW,False,,,,,,,live_signals,9.8,,1,LIVE_SHADOW,SYNTHETIC_RECONSTRUCTION
recon_GLAND_20260630_0,GLAND,LONG,2026-06-29 18:30:00.000000,2476.2919921875,2723.9211914062503,2377.2403125,TARGET_HIT,2026-07-14 18:30:00.000000,10.0,v2.2,TradeMind-Quant-V2,LIVE_SHADOW,False,,,,,,,live_signals,9.8,,1,LIVE_SHADOW,SYNTHETIC_RECONSTRUCTION
recon_GLAND_20260707_1,GLAND,LONG,2026-07-06 18:30:00.000000,2530.879638671875,2783.9676025390627,2429.644453125,STOP_LOSS,2026-07-21 18:30:00.000000,-4.0,v2.2,TradeMind-Quant-V2,LIVE_SHADOW,False,,,,,,,live_signals,-4.2,,1,LIVE_SHADOW,SYNTHETIC_RECONSTRUCTION
recon_GLAND_20260810_2,GLAND,LONG,2026-08-09 18:30:00.000000,2647.300048828125,2912.030053710938,2541.408046875,TARGET_HIT,2026-08-24 18:30:00.000000,10.0,v2.2,TradeMind-Quant-V2,LIVE_SHADOW,False,,,,,,,live_signals,9.8,,1,LIVE_SHADOW,SYNTHETIC_RECONSTRUCTION
recon_GODREJCP_20260602_0,GODREJCP,SHORT,2026-06-01 18:30:00.000000,993.6104125976562,894.2493713378907,1033.3548291015625,TARGET_HIT,2026-06-16 18:30:00.000000,10.0,v2.2,TradeMind-Quant-V2,LIVE_SHADOW,False,,,,,,,live_signals,9.8,,1,LIVE_SHADOW,SYNTHETIC_RECONSTRUCTION
recon_GODREJCP_20260702_1,GODREJCP,LONG,2026-07-01 18:30:00.000000,1071.28125,1178.4093750000002,1028.43,STOP_LOSS,2026-07-16 18:30:00.000000,-4.0,v2.2,TradeMind-Quant-V2,LIVE_SHADOW,False,,,,,,,live_signals,-4.2,,1,LIVE_SHADOW,SYNTHETIC_RECONSTRUCTION
recon_GODREJCP_20260812_2,GODREJCP,SHORT,2026-08-11 18:30:00.000000,905.0,814.5,941.2,TARGET_HIT,2026-08-26 18:30:00.000000,10.0,v2.2,TradeMind-Quant-V2,LIVE_SHADOW,False,,,,,,,live_signals,9.8,,1,LIVE_SHADOW,SYNTHETIC_RECONSTRUCTION
recon_GODREJPROP_20260625_0,GODREJPROP,LONG,2026-06-24 18:30:00.000000,1841.69775390625,2025.867529296875,1768.0298437499998,TARGET_HIT,2026-07-09 18:30:00.000000,10.0,v2.2,TradeMind-Quant-V2,LIVE_SHADOW,False,,,,,,,live_signals,9.8,,1,LIVE_SHADOW,SYNTHETIC_RECONSTRUCTION
recon_GODREJPROP_20260701_1,GODREJPROP,LONG,2026-06-30 18:30:00.000000,1950.1734619140625,2145.190808105469,1872.1665234375,STOP_LOSS,2026-07-15 18:30:00.000000,-4.0,v2.2,TradeMind-Quant-V2,LIVE_SHADOW,False,,,,,,,live_signals,-4.2,,1,LIVE_SHADOW,SYNTHETIC_RECONSTRUCTION
recon_GODREJPROP_20260710_2,GODREJPROP,LONG,2026-07-09 18:30:00.000000,2122.7392578125,2335.01318359375,2037.8296875,TARGET_HIT,2026-07-24 18:30:00.000000,10.0,v2.2,TradeMind-Quant-V2,LIVE_SHADOW,False,,,,,,,live_signals,9.8,,1,LIVE_SHADOW,SYNTHETIC_RECONSTRUCTION
recon_GRASIM_20260521_0,GRASIM,LONG,2026-05-20 18:30:00.000000,3144.703369140625,3459.173706054688,3018.915234375,TARGET_HIT,2026-06-04 18:30:00.000000,10.0,v2.2,TradeMind-Quant-V2,LIVE_SHADOW,False,,,,,,,live_signals,9.8,,1,LIVE_SHADOW,SYNTHETIC_RECONSTRUCTION
recon_GRASIM_20260803_1,GRASIM,LONG,2026-08-02 18:30:00.000000,3249.875732421875,3574.863305664063,3119.880703125,STOP_LOSS,2026-08-17 18:30:00.000000,-4.0,v2.2,TradeMind-Quant-V2,LIVE_SHADOW,False,,,,,,,live_signals,-4.2,,1,LIVE_SHADOW,SYNTHETIC_RECONSTRUCTION
recon_GRASIM_20260810_2,GRASIM,LONG,2026-08-09 18:30:00.000000,3380.5,3718.55,3245.28,TARGET_HIT,2026-08-24 18:30:00.000000,10.0,v2.2,TradeMind-Quant-V2,LIVE_SHADOW,False,,,,,,,live_signals,9.8,,1,LIVE_SHADOW,SYNTHETIC_RECONSTRUCTION
recon_HAL_20260731_0,HAL,LONG,2026-07-30 18:30:00.000000,4637.103515625,5100.8138671875,4451.619375,TARGET_HIT,2026-08-14 18:30:00.000000,10.0,v2.2,TradeMind-Quant-V2,LIVE_SHADOW,False,,,,,,,live_signals,9.8,,1,LIVE_SHADOW,SYNTHETIC_RECONSTRUCTION
recon_HAL_20260806_1,HAL,LONG,2026-08-05 18:30:00.000000,4910.05029296875,5401.055322265625,4713.64828125,STOP_LOSS,2026-08-20 18:30:00.000000,-4.0,v2.2,TradeMind-Quant-V2,LIVE_SHADOW,False,,,,,,,live_signals,-4.2,,1,LIVE_SHADOW,SYNTHETIC_RECONSTRUCTION
recon_HAL_20260812_2,HAL,LONG,2026-08-11 18:30:00.000000,4984.89892578125,5483.388818359375,4785.50296875,TARGET_HIT,2026-08-26 18:30:00.000000,10.0,v2.2,TradeMind-Quant-V2,LIVE_SHADOW,False,,,,,,,live_signals,9.8,,1,LIVE_SHADOW,SYNTHETIC_RECONSTRUCTION
recon_HAVELLS_20260601_0,HAVELLS,SHORT,2026-05-31 18:30:00.000000,1143.199951171875,1028.8799560546877,1188.92794921875,TARGET_HIT,2026-06-15 18:30:00.000000,10.0,v2.2,TradeMind-Quant-V2,LIVE_SHADOW,False,,,,,,,live_signals,9.8,,1,LIVE_SHADOW,SYNTHETIC_RECONSTRUCTION
recon_HAVELLS_20260707_1,HAVELLS,LONG,2026-07-06 18:30:00.000000,1225.0,1347.5,1176.0,STOP_LOSS,2026-07-21 18:30:00.000000,-4.0,v2.2,TradeMind-Quant-V2,LIVE_SHADOW,False,,,,,,,live_signals,-4.2,,1,LIVE_SHADOW,SYNTHETIC_RECONSTRUCTION
recon_HAVELLS_20260730_2,HAVELLS,LONG,2026-07-29 18:30:00.000000,1261.699951171875,1387.869946289063,1211.231953125,TARGET_HIT,2026-08-13 18:30:00.000000,10.0,v2.2,TradeMind-Quant-V2,LIVE_SHADOW,False,,,,,,,live_signals,9.8,,1,LIVE_SHADOW,SYNTHETIC_RECONSTRUCTION
recon_HCLTECH_20260721_0,HCLTECH,LONG,2026-07-20 18:30:00.000000,1239.5,1363.45,1189.9199999999998,TARGET_HIT,2026-08-04 18:30:00.000000,10.0,v2.2,TradeMind-Quant-V2,LIVE_SHADOW,False,,,,,,,live_signals,9.8,,1,LIVE_SHADOW,SYNTHETIC_RECONSTRUCTION
recon_HCLTECH_20260727_1,HCLTECH,LONG,2026-07-26 18:30:00.000000,1295.9000244140625,1425.4900268554688,1244.0640234375,STOP_LOSS,2026-08-10 18:30:00.000000,-4.0,v2.2,TradeMind-Quant-V2,LIVE_SHADOW,False,,,,,,,live_signals,-4.2,,1,LIVE_SHADOW,SYNTHETIC_RECONSTRUCTION
recon_HCLTECH_20260803_2,HCLTECH,LONG,2026-08-02 18:30:00.000000,1377.0,1514.7,1321.9199999999998,TARGET_HIT,2026-08-17 18:30:00.000000,10.0,v2.2,TradeMind-Quant-V2,LIVE_SHADOW,False,,,,,,,live_signals,9.8,,1,LIVE_SHADOW,SYNTHETIC_RECONSTRUCTION
recon_HDFCBANK_20260721_0,HDFCBANK,SHORT,2026-07-20 18:30:00.000000,761.4500122070312,685.3050109863282,791.9080126953126,TARGET_HIT,2026-08-04 18:30:00.000000,10.0,v2.2,TradeMind-Quant-V2,LIVE_SHADOW,False,,,,,,,live_signals,9.8,,1,LIVE_SHADOW,SYNTHETIC_RECONSTRUCTION
recon_HDFCBANK_20260728_1,HDFCBANK,SHORT,2026-07-27 18:30:00.000000,735.4000244140625,661.8600219726562,764.816025390625,STOP_LOSS,2026-08-11 18:30:00.000000,-4.0,v2.2,TradeMind-Quant-V2,LIVE_SHADOW,False,,,,,,,live_signals,-4.2,,1,LIVE_SHADOW,SYNTHETIC_RECONSTRUCTION
recon_HDFCBANK_20260807_2,HDFCBANK,SHORT,2026-08-06 18:30:00.000000,731.0,657.9,760.24,TARGET_HIT,2026-08-21 18:30:00.000000,10.0,v2.2,TradeMind-Quant-V2,LIVE_SHADOW,False,,,,,,,live_signals,9.8,,1,LIVE_SHADOW,SYNTHETIC_RECONSTRUCTION
recon_HDFCLIFE_20260602_0,HDFCLIFE,SHORT,2026-06-01 18:30:00.000000,577.8405151367188,520.0564636230469,600.9541357421875,TARGET_HIT,2026-06-16 18:30:00.000000,10.0,v2.2,TradeMind-Quant-V2,LIVE_SHADOW,False,,,,,,,live_signals,9.8,,1,LIVE_SHADOW,SYNTHETIC_RECONSTRUCTION
recon_HDFCLIFE_20260608_1,HDFCLIFE,SHORT,2026-06-07 18:30:00.000000,562.5449829101562,506.2904846191406,585.0467822265625,STOP_LOSS,2026-06-22 18:30:00.000000,-4.0,v2.2,TradeMind-Quant-V2,LIVE_SHADOW,False,,,,,,,live_signals,-4.2,,1,LIVE_SHADOW,SYNTHETIC_RECONSTRUCTION
recon_HDFCLIFE_20260730_2,HDFCLIFE,SHORT,2026-07-29 18:30:00.000000,545.4000244140625,490.8600219726563,567.216025390625,TARGET_HIT,2026-08-13 18:30:00.000000,10.0,v2.2,TradeMind-Quant-V2,LIVE_SHADOW,False,,,,,,,live_signals,9.8,,1,LIVE_SHADOW,SYNTHETIC_RECONSTRUCTION
recon_HEROMOTOCO_20260723_0,HEROMOTOCO,LONG,2026-07-22 18:30:00.000000,5098.7998046875,5608.679785156251,4894.8478125,TARGET_HIT,2026-08-06 18:30:00.000000,10.0,v2.2,TradeMind-Quant-V2,LIVE_SHADOW,False,,,,,,,live_signals,9.8,,1,LIVE_SHADOW,SYNTHETIC_RECONSTRUCTION
recon_HEROMOTOCO_20260730_1,HEROMOTOCO,LONG,2026-07-29 18:30:00.000000,5325.0,5857.500000000001,5112.0,STOP_LOSS,2026-08-13 18:30:00.000000,-4.0,v2.2,TradeMind-Quant-V2,LIVE_SHADOW,False,,,,,,,live_signals,-4.2,,1,LIVE_SHADOW,SYNTHETIC_RECONSTRUCTION
recon_HEROMOTOCO_20260805_2,HEROMOTOCO,LONG,2026-08-04 18:30:00.000000,5690.0,6259.000000000001,5462.4,TARGET_HIT,2026-08-19 18:30:00.000000,10.0,v2.2,TradeMind-Quant-V2,LIVE_SHADOW,False,,,,,,,live_signals,9.8,,1,LIVE_SHADOW,SYNTHETIC_RECONSTRUCTION
recon_HINDALCO_20260701_0,HINDALCO,SHORT,2026-06-30 18:30:00.000000,934.8233032226562,841.3409729003906,972.2162353515624,TARGET_HIT,2026-07-15 18:30:00.000000,10.0,v2.2,TradeMind-Quant-V2,LIVE_SHADOW,False,,,,,,,live_signals,9.8,,1,LIVE_SHADOW,SYNTHETIC_RECONSTRUCTION
recon_HINDALCO_20260804_1,HINDALCO,LONG,2026-08-03 18:30:00.000000,1020.0,1122.0,979.2,STOP_LOSS,2026-08-18 18:30:00.000000,-4.0,v2.2,TradeMind-Quant-V2,LIVE_SHADOW,False,,,,,,,live_signals,-4.2,,1,LIVE_SHADOW,SYNTHETIC_RECONSTRUCTION
recon_HINDALCO_20260812_2,HINDALCO,LONG,2026-08-11 18:30:00.000000,1078.5,1186.35,1035.36,TARGET_HIT,2026-08-26 18:30:00.000000,10.0,v2.2,TradeMind-Quant-V2,LIVE_SHADOW,False,,,,,,,live_signals,9.8,,1,LIVE_SHADOW,SYNTHETIC_RECONSTRUCTION
recon_HINDUNILVR_20260702_0,HINDUNILVR,LONG,2026-07-01 18:30:00.000000,2210.60009765625,2431.660107421875,2122.17609375,TARGET_HIT,2026-07-16 18:30:00.000000,10.0,v2.2,TradeMind-Quant-V2,LIVE_SHADOW,False,,,,,,,live_signals,9.8,,1,LIVE_SHADOW,SYNTHETIC_RECONSTRUCTION
recon_HINDUNILVR_20260715_1,HINDUNILVR,SHORT,2026-07-14 18:30:00.000000,2102.60009765625,1892.340087890625,2186.7041015625,STOP_LOSS,2026-07-29 18:30:00.000000,-4.0,v2.2,TradeMind-Quant-V2,LIVE_SHADOW,False,,,,,,,live_signals,-4.2,,1,LIVE_SHADOW,SYNTHETIC_RECONSTRUCTION
recon_HINDUNILVR_20260728_2,HINDUNILVR,SHORT,2026-07-27 18:30:00.000000,2022.699951171875,1820.429956054688,2103.60794921875,TARGET_HIT,2026-08-11 18:30:00.000000,10.0,v2.2,TradeMind-Quant-V2,LIVE_SHADOW,False,,,,,,,live_signals,9.8,,1,LIVE_SHADOW,SYNTHETIC_RECONSTRUCTION
recon_ICICIBANK_20260624_0,ICICIBANK,LONG,2026-06-23 18:30:00.000000,1362.11669921875,1498.3283691406252,1307.63203125,TARGET_HIT,2026-07-08 18:30:00.000000,10.0,v2.2,TradeMind-Quant-V2,LIVE_SHADOW,False,,,,,,,live_signals,9.8,,1,LIVE_SHADOW,SYNTHETIC_RECONSTRUCTION
recon_ICICIBANK_20260703_1,ICICIBANK,LONG,2026-07-02 18:30:00.000000,1399.6007080078125,1539.5607788085938,1343.6166796875,STOP_LOSS,2026-07-17 18:30:00.000000,-4.0,v2.2,TradeMind-Quant-V2,LIVE_SHADOW,False,,,,,,,live_signals,-4.2,,1,LIVE_SHADOW,SYNTHETIC_RECONSTRUCTION
recon_ICICIBANK_20260717_2,ICICIBANK,LONG,2026-07-16 18:30:00.000000,1432.2257080078125,1575.4482788085938,1374.9366796875,TARGET_HIT,2026-07-31 18:30:00.000000,10.0,v2.2,TradeMind-Quant-V2,LIVE_SHADOW,False,,,,,,,live_signals,9.8,,1,LIVE_SHADOW,SYNTHETIC_RECONSTRUCTION
recon_ICICIGI_20260416_0,ICICIGI,LONG,2026-04-15 18:30:00.000000,1879.5633544921875,2067.5196899414063,1804.3808203125,TARGET_HIT,2026-04-30 18:30:00.000000,10.0,v2.2,TradeMind-Quant-V2,LIVE_SHADOW,False,,,,,,,live_signals,9.8,,1,LIVE_SHADOW,SYNTHETIC_RECONSTRUCTION
recon_ICICIGI_20260611_1,ICICIGI,SHORT,2026-06-10 18:30:00.000000,1712.4000244140625,1541.1600219726563,1780.896025390625,STOP_LOSS,2026-06-25 18:30:00.000000,-4.0,v2.2,TradeMind-Quant-V2,LIVE_SHADOW,False,,,,,,,live_signals,-4.2,,1,LIVE_SHADOW,SYNTHETIC_RECONSTRUCTION
recon_ICICIGI_20260716_2,ICICIGI,SHORT,2026-07-15 18:30:00.000000,1623.800048828125,1461.4200439453125,1688.75205078125,TARGET_HIT,2026-07-30 18:30:00.000000,10.0,v2.2,TradeMind-Quant-V2,LIVE_SHADOW,False,,,,,,,live_signals,9.8,,1,LIVE_SHADOW,SYNTHETIC_RECONSTRUCTION
recon_ICICIPRULI_20260330_0,ICICIPRULI,SHORT,2026-03-29 18:30:00.000000,507.7877807617188,457.0090026855469,528.0992919921875,TARGET_HIT,2026-04-13 18:30:00.000000,10.0,v2.2,TradeMind-Quant-V2,LIVE_SHADOW,False,,,,,,,live_signals,9.8,,1,LIVE_SHADOW,SYNTHETIC_RECONSTRUCTION
recon_ICICIPRULI_20260602_1,ICICIPRULI,SHORT,2026-06-01 18:30:00.000000,480.7815246582031,432.7033721923828,500.0127856445313,STOP_LOSS,2026-06-16 18:30:00.000000,-4.0,v2.2,TradeMind-Quant-V2,LIVE_SHADOW,False,,,,,,,live_signals,-4.2,,1,LIVE_SHADOW,SYNTHETIC_RECONSTRUCTION
recon_ICICIPRULI_20260610_2,ICICIPRULI,SHORT,2026-06-09 18:30:00.000000,465.7999877929688,419.2199890136719,484.43198730468754,TARGET_HIT,2026-06-24 18:30:00.000000,10.0,v2.2,TradeMind-Quant-V2,LIVE_SHADOW,False,,,,,,,live_signals,9.8,,1,LIVE_SHADOW,SYNTHETIC_RECONSTRUCTION
recon_IDFCFIRSTB_20260622_0,IDFCFIRSTB,LONG,2026-06-21 18:30:00.000000,80.45365142822266,88.49901657104493,77.23550537109375,TARGET_HIT,2026-07-06 18:30:00.000000,10.0,v2.2,TradeMind-Quant-V2,LIVE_SHADOW,False,,,,,,,live_signals,9.8,,1,LIVE_SHADOW,SYNTHETIC_RECONSTRUCTION
recon_IDFCFIRSTB_20260720_1,IDFCFIRSTB,LONG,2026-07-19 18:30:00.000000,81.54045867919922,89.69450454711915,78.27884033203125,STOP_LOSS,2026-08-03 18:30:00.000000,-4.0,v2.2,TradeMind-Quant-V2,LIVE_SHADOW,False,,,,,,,live_signals,-4.2,,1,LIVE_SHADOW,SYNTHETIC_RECONSTRUCTION
recon_IDFCFIRSTB_20260727_2,IDFCFIRSTB,LONG,2026-07-26 18:30:00.000000,84.63137817382812,93.09451599121094,81.246123046875,TARGET_HIT,2026-08-10 18:30:00.000000,10.0,v2.2,TradeMind-Quant-V2,LIVE_SHADOW,False,,,,,,,live_signals,9.8,,1,LIVE_SHADOW,SYNTHETIC_RECONSTRUCTION
recon_INDHOTEL_20260615_0,INDHOTEL,LONG,2026-06-14 18:30:00.000000,686.7913208007812,755.4704528808594,659.31966796875,TARGET_HIT,2026-06-29 18:30:00.000000,10.0,v2.2,TradeMind-Quant-V2,LIVE_SHADOW,False,,,,,,,live_signals,9.8,,1,LIVE_SHADOW,SYNTHETIC_RECONSTRUCTION
recon_INDHOTEL_20260622_1,INDHOTEL,LONG,2026-06-21 18:30:00.000000,729.75,802.725,700.56,STOP_LOSS,2026-07-06 18:30:00.000000,-4.0,v2.2,TradeMind-Quant-V2,LIVE_SHADOW,False,,,,,,,live_signals,-4.2,,1,LIVE_SHADOW,SYNTHETIC_RECONSTRUCTION
recon_INDHOTEL_20260706_2,INDHOTEL,LONG,2026-07-05 18:30:00.000000,738.1500244140625,811.9650268554689,708.6240234375,TARGET_HIT,2026-07-20 18:30:00.000000,10.0,v2.2,TradeMind-Quant-V2,LIVE_SHADOW,False,,,,,,,live_signals,9.8,,1,LIVE_SHADOW,SYNTHETIC_RECONSTRUCTION
recon_INDIANB_20260617_0,INDIANB,LONG,2026-06-16 18:30:00.000000,876.3499755859375,963.9849731445312,841.2959765625,TARGET_HIT,2026-07-01 18:30:00.000000,10.0,v2.2,TradeMind-Quant-V2,LIVE_SHADOW,False,,,,,,,live_signals,9.8,,1,LIVE_SHADOW,SYNTHETIC_RECONSTRUCTION
recon_INDIANB_20260703_1,INDIANB,SHORT,2026-07-02 18:30:00.000000,798.9500122070312,719.0550109863282,830.9080126953126,STOP_LOSS,2026-07-17 18:30:00.000000,-4.0,v2.2,TradeMind-Quant-V2,LIVE_SHADOW,False,,,,,,,live_signals,-4.2,,1,LIVE_SHADOW,SYNTHETIC_RECONSTRUCTION
recon_INDIANB_20260806_2,INDIANB,LONG,2026-08-05 18:30:00.000000,877.9000244140625,965.6900268554688,842.7840234375,TARGET_HIT,2026-08-20 18:30:00.000000,10.0,v2.2,TradeMind-Quant-V2,LIVE_SHADOW,False,,,,,,,live_signals,9.8,,1,LIVE_SHADOW,SYNTHETIC_RECONSTRUCTION
recon_INDUSINDBK_20260506_0,INDUSINDBK,LONG,2026-05-05 18:30:00.000000,945.2190551757812,1039.7409606933595,907.41029296875,TARGET_HIT,2026-05-20 18:30:00.000000,10.0,v2.2,TradeMind-Quant-V2,LIVE_SHADOW,False,,,,,,,live_signals,9.8,,1,LIVE_SHADOW,SYNTHETIC_RECONSTRUCTION
recon_INDUSINDBK_20260703_1,INDUSINDBK,LONG,2026-07-02 18:30:00.000000,974.3499755859376,1071.7849731445312,935.3759765625,STOP_LOSS,2026-07-17 18:30:00.000000,-4.0,v2.2,TradeMind-Quant-V2,LIVE_SHADOW,False,,,,,,,live_signals,-4.2,,1,LIVE_SHADOW,SYNTHETIC_RECONSTRUCTION
recon_INDUSINDBK_20260721_2,INDUSINDBK,LONG,2026-07-20 18:30:00.000000,1063.449951171875,1169.7949462890626,1020.911953125,TARGET_HIT,2026-08-04 18:30:00.000000,10.0,v2.2,TradeMind-Quant-V2,LIVE_SHADOW,False,,,,,,,live_signals,9.8,,1,LIVE_SHADOW,SYNTHETIC_RECONSTRUCTION
recon_INDUSTOWER_20260420_0,INDUSTOWER,SHORT,2026-04-19 18:30:00.000000,391.0818481445313,351.9736633300781,406.7251220703125,TARGET_HIT,2026-05-04 18:30:00.000000,10.0,v2.2,TradeMind-Quant-V2,LIVE_SHADOW,False,,,,,,,live_signals,9.8,,1,LIVE_SHADOW,SYNTHETIC_RECONSTRUCTION
recon_INDUSTOWER_20260515_1,INDUSTOWER,LONG,2026-05-14 18:30:00.000000,414.5487060546875,456.0035766601563,397.9667578125,STOP_LOSS,2026-05-29 18:30:00.000000,-4.0,v2.2,TradeMind-Quant-V2,LIVE_SHADOW,False,,,,,,,live_signals,-4.2,,1,LIVE_SHADOW,SYNTHETIC_RECONSTRUCTION
recon_INDUSTOWER_20260623_2,INDUSTOWER,SHORT,2026-06-22 18:30:00.000000,385.4922180175781,346.9429962158203,400.9119067382813,TARGET_HIT,2026-07-07 18:30:00.000000,10.0,v2.2,TradeMind-Quant-V2,LIVE_SHADOW,False,,,,,,,live_signals,9.8,,1,LIVE_SHADOW,SYNTHETIC_RECONSTRUCTION
recon_INFY_20260619_0,INFY,SHORT,2026-06-18 18:30:00.000000,1051.4000244140625,946.2600219726564,1093.456025390625,TARGET_HIT,2026-07-03 18:30:00.000000,10.0,v2.2,TradeMind-Quant-V2,LIVE_SHADOW,False,,,,,,,live_signals,9.8,,1,LIVE_SHADOW,SYNTHETIC_RECONSTRUCTION
recon_INFY_20260630_1,INFY,SHORT,2026-06-29 18:30:00.000000,1000.4000244140624,900.3600219726562,1040.416025390625,STOP_LOSS,2026-07-14 18:30:00.000000,-4.0,v2.2,TradeMind-Quant-V2,LIVE_SHADOW,False,,,,,,,live_signals,-4.2,,1,LIVE_SHADOW,SYNTHETIC_RECONSTRUCTION
recon_INFY_20260729_2,INFY,LONG,2026-07-28 18:30:00.000000,1155.5999755859375,1271.1599731445312,1109.3759765625,TARGET_HIT,2026-08-12 18:30:00.000000,10.0,v2.2,TradeMind-Quant-V2,LIVE_SHADOW,False,,,,,,,live_signals,9.8,,1,LIVE_SHADOW,SYNTHETIC_RECONSTRUCTION
recon_IOC_20260323_0,IOC,SHORT,2026-03-22 18:30:00.000000,136.8899383544922,123.20094451904298,142.36553588867187,TARGET_HIT,2026-04-06 18:30:00.000000,10.0,v2.2,TradeMind-Quant-V2,LIVE_SHADOW,False,,,,,,,live_signals,9.8,,1,LIVE_SHADOW,SYNTHETIC_RECONSTRUCTION
recon_IOC_20260330_1,IOC,SHORT,2026-03-29 18:30:00.000000,134.20387268066406,120.78348541259766,139.57202758789063,STOP_LOSS,2026-04-13 18:30:00.000000,-4.0,v2.2,TradeMind-Quant-V2,LIVE_SHADOW,False,,,,,,,live_signals,-4.2,,1,LIVE_SHADOW,SYNTHETIC_RECONSTRUCTION
recon_IOC_20260515_2,IOC,SHORT,2026-05-14 18:30:00.000000,133.29200744628906,119.96280670166016,138.62368774414062,TARGET_HIT,2026-05-29 18:30:00.000000,10.0,v2.2,TradeMind-Quant-V2,LIVE_SHADOW,False,,,,,,,live_signals,9.8,,1,LIVE_SHADOW,SYNTHETIC_RECONSTRUCTION
recon_IRCTC_20260722_0,IRCTC,SHORT,2026-07-21 18:30:00.000000,494.0499877929688,444.6449890136719,513.8119873046875,TARGET_HIT,2026-08-05 18:30:00.000000,10.0,v2.2,TradeMind-Quant-V2,LIVE_SHADOW,False,,,,,,,live_signals,9.8,,1,LIVE_SHADOW,SYNTHETIC_RECONSTRUCTION
recon_IRCTC_20260728_1,IRCTC,SHORT,2026-07-27 18:30:00.000000,485.9500122070313,437.3550109863281,505.3880126953125,STOP_LOSS,2026-08-11 18:30:00.000000,-4.0,v2.2,TradeMind-Quant-V2,LIVE_SHADOW,False,,,,,,,live_signals,-4.2,,1,LIVE_SHADOW,SYNTHETIC_RECONSTRUCTION
recon_IRCTC_20260803_2,IRCTC,LONG,2026-08-02 18:30:00.000000,513.5,564.85,492.96,TARGET_HIT,2026-08-17 18:30:00.000000,10.0,v2.2,TradeMind-Quant-V2,LIVE_SHADOW,False,,,,,,,live_signals,9.8,,1,LIVE_SHADOW,SYNTHETIC_RECONSTRUCTION
recon_IRFC_20260611_0,IRFC,SHORT,2026-06-10 18:30:00.000000,93.33000183105467,83.99700164794922,97.06320190429688,TARGET_HIT,2026-06-25 18:30:00.000000,10.0,v2.2,TradeMind-Quant-V2,LIVE_SHADOW,False,,,,,,,live_signals,9.8,,1,LIVE_SHADOW,SYNTHETIC_RECONSTRUCTION
recon_IRFC_20260624_1,IRFC,SHORT,2026-06-23 18:30:00.000000,92.5,83.25,96.2,STOP_LOSS,2026-07-08 18:30:00.000000,-4.0,v2.2,TradeMind-Quant-V2,LIVE_SHADOW,False,,,,,,,live_signals,-4.2,,1,LIVE_SHADOW,SYNTHETIC_RECONSTRUCTION
recon_IRFC_20260708_2,IRFC,SHORT,2026-07-07 18:30:00.000000,87.5,78.75,91.0,TARGET_HIT,2026-07-22 18:30:00.000000,10.0,v2.2,TradeMind-Quant-V2,LIVE_SHADOW,False,,,,,,,live_signals,9.8,,1,LIVE_SHADOW,SYNTHETIC_RECONSTRUCTION
recon_ITC_20260527_0,ITC,SHORT,2026-05-26 18:30:00.000000,291.95001220703125,262.75501098632816,303.6280126953125,TARGET_HIT,2026-06-10 18:30:00.000000,10.0,v2.2,TradeMind-Quant-V2,LIVE_SHADOW,False,,,,,,,live_signals,9.8,,1,LIVE_SHADOW,SYNTHETIC_RECONSTRUCTION
recon_ITC_20260603_1,ITC,SHORT,2026-06-02 18:30:00.000000,277.0,249.3,288.08,STOP_LOSS,2026-06-17 18:30:00.000000,-4.0,v2.2,TradeMind-Quant-V2,LIVE_SHADOW,False,,,,,,,live_signals,-4.2,,1,LIVE_SHADOW,SYNTHETIC_RECONSTRUCTION
recon_ITC_20260713_2,ITC,SHORT,2026-07-12 18:30:00.000000,279.6499938964844,251.68499450683595,290.83599365234375,TARGET_HIT,2026-07-27 18:30:00.000000,10.0,v2.2,TradeMind-Quant-V2,LIVE_SHADOW,False,,,,,,,live_signals,9.8,,1,LIVE_SHADOW,SYNTHETIC_RECONSTRUCTION
recon_JINDALSTEL_20260701_0,JINDALSTEL,SHORT,2026-06-30 18:30:00.000000,1028.800048828125,925.9200439453124,1069.95205078125,TARGET_HIT,2026-07-15 18:30:00.000000,10.0,v2.2,TradeMind-Quant-V2,LIVE_SHADOW,False,,,,,,,live_signals,9.8,,1,LIVE_SHADOW,SYNTHETIC_RECONSTRUCTION
recon_JINDALSTEL_20260708_1,JINDALSTEL,SHORT,2026-07-07 18:30:00.000000,1021.5,919.35,1062.36,STOP_LOSS,2026-07-22 18:30:00.000000,-4.0,v2.2,TradeMind-Quant-V2,LIVE_SHADOW,False,,,,,,,live_signals,-4.2,,1,LIVE_SHADOW,SYNTHETIC_RECONSTRUCTION
recon_JINDALSTEL_20260729_2,JINDALSTEL,LONG,2026-07-28 18:30:00.000000,1088.699951171875,1197.5699462890625,1045.151953125,TARGET_HIT,2026-08-12 18:30:00.000000,10.0,v2.2,TradeMind-Quant-V2,LIVE_SHADOW,False,,,,,,,live_signals,9.8,,1,LIVE_SHADOW,SYNTHETIC_RECONSTRUCTION
recon_JSWENERGY_20260527_0,JSWENERGY,LONG,2026-05-26 18:30:00.000000,600.0093383789062,660.0102722167969,576.0089648437499,TARGET_HIT,2026-06-10 18:30:00.000000,10.0,v2.2,TradeMind-Quant-V2,LIVE_SHADOW,False,,,,,,,live_signals,9.8,,1,LIVE_SHADOW,SYNTHETIC_RECONSTRUCTION
recon_JSWENERGY_20260706_1,JSWENERGY,SHORT,2026-07-05 18:30:00.000000,547.4000244140625,492.6600219726562,569.296025390625,STOP_LOSS,2026-07-20 18:30:00.000000,-4.0,v2.2,TradeMind-Quant-V2,LIVE_SHADOW,False,,,,,,,live_signals,-4.2,,1,LIVE_SHADOW,SYNTHETIC_RECONSTRUCTION
recon_JSWENERGY_20260810_2,JSWENERGY,LONG,2026-08-09 18:30:00.000000,578.0,635.8000000000001,554.88,TARGET_HIT,2026-08-24 18:30:00.000000,10.0,v2.2,TradeMind-Quant-V2,LIVE_SHADOW,False,,,,,,,live_signals,9.8,,1,LIVE_SHADOW,SYNTHETIC_RECONSTRUCTION
recon_JSWSTEEL_20260623_0,JSWSTEEL,SHORT,2026-06-22 18:30:00.000000,1235.1055908203125,1111.5950317382812,1284.509814453125,TARGET_HIT,2026-07-07 18:30:00.000000,10.0,v2.2,TradeMind-Quant-V2,LIVE_SHADOW,False,,,,,,,live_signals,9.8,,1,LIVE_SHADOW,SYNTHETIC_RECONSTRUCTION
recon_JSWSTEEL_20260701_1,JSWSTEEL,SHORT,2026-06-30 18:30:00.000000,1209.254150390625,1088.3287353515625,1257.62431640625,STOP_LOSS,2026-07-15 18:30:00.000000,-4.0,v2.2,TradeMind-Quant-V2,LIVE_SHADOW,False,,,,,,,live_signals,-4.2,,1,LIVE_SHADOW,SYNTHETIC_RECONSTRUCTION
recon_JSWSTEEL_20260805_2,JSWSTEEL,LONG,2026-08-04 18:30:00.000000,1330.0,1463.0000000000002,1276.8,TARGET_HIT,2026-08-19 18:30:00.000000,10.0,v2.2,TradeMind-Quant-V2,LIVE_SHADOW,False,,,,,,,live_signals,9.8,,1,LIVE_SHADOW,SYNTHETIC_RECONSTRUCTION
recon_JUBLFOOD_20260707_0,JUBLFOOD,LONG,2026-07-06 18:30:00.000000,453.6598205566406,499.0258026123048,435.513427734375,TARGET_HIT,2026-07-21 18:30:00.000000,10.0,v2.2,TradeMind-Quant-V2,LIVE_SHADOW,False,,,,,,,live_signals,9.8,,1,LIVE_SHADOW,SYNTHETIC_RECONSTRUCTION
recon_JUBLFOOD_20260723_1,JUBLFOOD,SHORT,2026-07-22 18:30:00.000000,412.2999877929688,371.0699890136719,428.7919873046875,STOP_LOSS,2026-08-06 18:30:00.000000,-4.0,v2.2,TradeMind-Quant-V2,LIVE_SHADOW,False,,,,,,,live_signals,-4.2,,1,LIVE_SHADOW,SYNTHETIC_RECONSTRUCTION
recon_JUBLFOOD_20260803_2,JUBLFOOD,LONG,2026-08-02 18:30:00.000000,470.0,517.0,451.2,TARGET_HIT,2026-08-17 18:30:00.000000,10.0,v2.2,TradeMind-Quant-V2,LIVE_SHADOW,False,,,,,,,live_signals,9.8,,1,LIVE_SHADOW,SYNTHETIC_RECONSTRUCTION
recon_KOTAKBANK_20260612_0,KOTAKBANK,LONG,2026-06-11 18:30:00.000000,402.60491943359375,442.8654113769532,386.50072265625,TARGET_HIT,2026-06-26 18:30:00.000000,10.0,v2.2,TradeMind-Quant-V2,LIVE_SHADOW,False,,,,,,,live_signals,9.8,,1,LIVE_SHADOW,SYNTHETIC_RECONSTRUCTION
recon_KOTAKBANK_20260708_1,KOTAKBANK,SHORT,2026-07-07 18:30:00.000000,369.462158203125,332.5159423828125,384.2406445312501,STOP_LOSS,2026-07-22 18:30:00.000000,-4.0,v2.2,TradeMind-Quant-V2,LIVE_SHADOW,False,,,,,,,live_signals,-4.2,,1,LIVE_SHADOW,SYNTHETIC_RECONSTRUCTION
recon_KOTAKBANK_20260803_2,KOTAKBANK,LONG,2026-08-02 18:30:00.000000,397.5,437.25000000000006,381.6,TARGET_HIT,2026-08-17 18:30:00.000000,10.0,v2.2,TradeMind-Quant-V2,LIVE_SHADOW,False,,,,,,,live_signals,9.8,,1,LIVE_SHADOW,SYNTHETIC_RECONSTRUCTION
recon_LICHSGFIN_20260708_0,LICHSGFIN,SHORT,2026-07-07 18:30:00.000000,530.5999755859375,477.53997802734375,551.823974609375,TARGET_HIT,2026-07-22 18:30:00.000000,10.0,v2.2,TradeMind-Quant-V2,LIVE_SHADOW,False,,,,,,,live_signals,9.8,,1,LIVE_SHADOW,SYNTHETIC_RECONSTRUCTION
recon_LICHSGFIN_20260731_1,LICHSGFIN,SHORT,2026-07-30 18:30:00.000000,523.0999755859375,470.78997802734375,544.023974609375,STOP_LOSS,2026-08-14 18:30:00.000000,-4.0,v2.2,TradeMind-Quant-V2,LIVE_SHADOW,False,,,,,,,live_signals,-4.2,,1,LIVE_SHADOW,SYNTHETIC_RECONSTRUCTION
recon_LICHSGFIN_20260806_2,LICHSGFIN,SHORT,2026-08-05 18:30:00.000000,505.0,454.5,525.2,TARGET_HIT,2026-08-20 18:30:00.000000,10.0,v2.2,TradeMind-Quant-V2,LIVE_SHADOW,False,,,,,,,live_signals,9.8,,1,LIVE_SHADOW,SYNTHETIC_RECONSTRUCTION
recon_LICI_20260618_0,LICI,LONG,2026-06-17 18:30:00.000000,420.1511535644531,462.16626892089846,403.34510742187496,TARGET_HIT,2026-07-02 18:30:00.000000,10.0,v2.2,TradeMind-Quant-V2,LIVE_SHADOW,False,,,,,,,live_signals,9.8,,1,LIVE_SHADOW,SYNTHETIC_RECONSTRUCTION
recon_LICI_20260710_1,LICI,LONG,2026-07-09 18:30:00.000000,443.0499877929688,487.35498657226566,425.32798828125,STOP_LOSS,2026-07-24 18:30:00.000000,-4.0,v2.2,TradeMind-Quant-V2,LIVE_SHADOW,False,,,,,,,live_signals,-4.2,,1,LIVE_SHADOW,SYNTHETIC_RECONSTRUCTION
recon_LICI_20260804_2,LICI,SHORT,2026-08-03 18:30:00.000000,391.2999877929688,352.1699890136719,406.9519873046875,TARGET_HIT,2026-08-18 18:30:00.000000,10.0,v2.2,TradeMind-Quant-V2,LIVE_SHADOW,False,,,,,,,live_signals,9.8,,1,LIVE_SHADOW,SYNTHETIC_RECONSTRUCTION
recon_LT_20260615_0,LT,LONG,2026-06-14 18:30:00.000000,4169.7998046875,4586.77978515625,4003.0078125,TARGET_HIT,2026-06-29 18:30:00.000000,10.0,v2.2,TradeMind-Quant-V2,LIVE_SHADOW,False,,,,,,,live_signals,9.8,,1,LIVE_SHADOW,SYNTHETIC_RECONSTRUCTION
recon_LT_20260714_1,LT,SHORT,2026-07-13 18:30:00.000000,3848.699951171875,3463.8299560546875,4002.64794921875,STOP_LOSS,2026-07-28 18:30:00.000000,-4.0,v2.2,TradeMind-Quant-V2,LIVE_SHADOW,False,,,,,,,live_signals,-4.2,,1,LIVE_SHADOW,SYNTHETIC_RECONSTRUCTION
recon_LT_20260805_2,LT,LONG,2026-08-04 18:30:00.000000,4057.0,4462.700000000001,3894.72,TARGET_HIT,2026-08-19 18:30:00.000000,10.0,v2.2,TradeMind-Quant-V2,LIVE_SHADOW,False,,,,,,,live_signals,9.8,,1,LIVE_SHADOW,SYNTHETIC_RECONSTRUCTION
recon_M&M_20260723_0,M&M,LONG,2026-07-22 18:30:00.000000,3229.699951171875,3552.669946289063,3100.511953125,TARGET_HIT,2026-08-06 18:30:00.000000,10.0,v2.2,TradeMind-Quant-V2,LIVE_SHADOW,False,,,,,,,live_signals,9.8,,1,LIVE_SHADOW,SYNTHETIC_RECONSTRUCTION
recon_M&M_20260731_1,M&M,LONG,2026-07-30 18:30:00.000000,3398.5,3738.35,3262.56,STOP_LOSS,2026-08-14 18:30:00.000000,-4.0,v2.2,TradeMind-Quant-V2,LIVE_SHADOW,False,,,,,,,live_signals,-4.2,,1,LIVE_SHADOW,SYNTHETIC_RECONSTRUCTION
recon_M&M_20260807_2,M&M,LONG,2026-08-06 18:30:00.000000,3502.0,3852.2,3361.92,TARGET_HIT,2026-08-21 18:30:00.000000,10.0,v2.2,TradeMind-Quant-V2,LIVE_SHADOW,False,,,,,,,live_signals,9.8,,1,LIVE_SHADOW,SYNTHETIC_RECONSTRUCTION
recon_MAHABANK_20260708_0,MAHABANK,SHORT,2026-07-07 18:30:00.000000,80.5999984741211,72.539998626709,83.82399841308595,TARGET_HIT,2026-07-22 18:30:00.000000,10.0,v2.2,TradeMind-Quant-V2,LIVE_SHADOW,False,,,,,,,live_signals,9.8,,1,LIVE_SHADOW,SYNTHETIC_RECONSTRUCTION
recon_MAHABANK_20260714_1,MAHABANK,SHORT,2026-07-13 18:30:00.000000,79.47000122070312,71.52300109863282,82.64880126953125,STOP_LOSS,2026-07-28 18:30:00.000000,-4.0,v2.2,TradeMind-Quant-V2,LIVE_SHADOW,False,,,,,,,live_signals,-4.2,,1,LIVE_SHADOW,SYNTHETIC_RECONSTRUCTION
recon_MAHABANK_20260723_2,MAHABANK,SHORT,2026-07-22 18:30:00.000000,78.4800033569336,70.63200302124024,81.61920349121094,TARGET_HIT,2026-08-06 18:30:00.000000,10.0,v2.2,TradeMind-Quant-V2,LIVE_SHADOW,False,,,,,,,live_signals,9.8,,1,LIVE_SHADOW,SYNTHETIC_RECONSTRUCTION
recon_MARICO_20260505_0,MARICO,LONG,2026-05-04 18:30:00.000000,803.5255126953125,883.8780639648438,771.3844921875,TARGET_HIT,2026-05-19 18:30:00.000000,10.0,v2.2,TradeMind-Quant-V2,LIVE_SHADOW,False,,,,,,,live_signals,9.8,,1,LIVE_SHADOW,SYNTHETIC_RECONSTRUCTION
recon_MARICO_20260629_1,MARICO,LONG,2026-06-28 18:30:00.000000,836.1264038085938,919.7390441894532,802.68134765625,STOP_LOSS,2026-07-13 18:30:00.000000,-4.0,v2.2,TradeMind-Quant-V2,LIVE_SHADOW,False,,,,,,,live_signals,-4.2,,1,LIVE_SHADOW,SYNTHETIC_RECONSTRUCTION
recon_MARICO_20260728_2,MARICO,LONG,2026-07-27 18:30:00.000000,879.2293090820312,967.1522399902344,844.06013671875,TARGET_HIT,2026-08-11 18:30:00.000000,10.0,v2.2,TradeMind-Quant-V2,LIVE_SHADOW,False,,,,,,,live_signals,9.8,,1,LIVE_SHADOW,SYNTHETIC_RECONSTRUCTION
recon_MARUTI_20260323_0,MARUTI,SHORT,2026-03-22 18:30:00.000000,12232.15234375,11008.937109375,12721.4384375,TARGET_HIT,2026-04-06 18:30:00.000000,10.0,v2.2,TradeMind-Quant-V2,LIVE_SHADOW,False,,,,,,,live_signals,9.8,,1,LIVE_SHADOW,SYNTHETIC_RECONSTRUCTION
recon_MARUTI_20260615_1,MARUTI,LONG,2026-06-14 18:30:00.000000,13667.734375,15034.507812500002,13121.025,STOP_LOSS,2026-06-29 18:30:00.000000,-4.0,v2.2,TradeMind-Quant-V2,LIVE_SHADOW,False,,,,,,,live_signals,-4.2,,1,LIVE_SHADOW,SYNTHETIC_RECONSTRUCTION
recon_MARUTI_20260630_2,MARUTI,LONG,2026-06-29 18:30:00.000000,13974.65234375,15372.117578125,13415.66625,TARGET_HIT,2026-07-14 18:30:00.000000,10.0,v2.2,TradeMind-Quant-V2,LIVE_SHADOW,False,,,,,,,live_signals,9.8,,1,LIVE_SHADOW,SYNTHETIC_RECONSTRUCTION
recon_MAXHEALTH_20260529_0,MAXHEALTH,SHORT,2026-05-28 18:30:00.000000,963.3878784179688,867.0490905761719,1001.9233935546876,TARGET_HIT,2026-06-12 18:30:00.000000,10.0,v2.2,TradeMind-Quant-V2,LIVE_SHADOW,False,,,,,,,live_signals,9.8,,1,LIVE_SHADOW,SYNTHETIC_RECONSTRUCTION
recon_MAXHEALTH_20260625_1,MAXHEALTH,LONG,2026-06-24 18:30:00.000000,1121.357177734375,1233.4928955078126,1076.502890625,STOP_LOSS,2026-07-09 18:30:00.000000,-4.0,v2.2,TradeMind-Quant-V2,LIVE_SHADOW,False,,,,,,,live_signals,-4.2,,1,LIVE_SHADOW,SYNTHETIC_RECONSTRUCTION
recon_MAXHEALTH_20260811_2,MAXHEALTH,SHORT,2026-08-10 18:30:00.000000,1040.0,936.0,1081.6,TARGET_HIT,2026-08-25 18:30:00.000000,10.0,v2.2,TradeMind-Quant-V2,LIVE_SHADOW,False,,,,,,,live_signals,9.8,,1,LIVE_SHADOW,SYNTHETIC_RECONSTRUCTION
recon_MPHASIS_20260707_0,MPHASIS,LONG,2026-07-06 18:30:00.000000,2312.60009765625,2543.860107421875,2220.09609375,TARGET_HIT,2026-07-21 18:30:00.000000,10.0,v2.2,TradeMind-Quant-V2,LIVE_SHADOW,False,,,,,,,live_signals,9.8,,1,LIVE_SHADOW,SYNTHETIC_RECONSTRUCTION
recon_MPHASIS_20260713_1,MPHASIS,LONG,2026-07-12 18:30:00.000000,2390.39990234375,2629.439892578125,2294.78390625,STOP_LOSS,2026-07-27 18:30:00.000000,-4.0,v2.2,TradeMind-Quant-V2,LIVE_SHADOW,False,,,,,,,live_signals,-4.2,,1,LIVE_SHADOW,SYNTHETIC_RECONSTRUCTION
recon_MPHASIS_20260810_2,MPHASIS,LONG,2026-08-09 18:30:00.000000,2508.0,2758.8,2407.68,TARGET_HIT,2026-08-24 18:30:00.000000,10.0,v2.2,TradeMind-Quant-V2,LIVE_SHADOW,False,,,,,,,live_signals,9.8,,1,LIVE_SHADOW,SYNTHETIC_RECONSTRUCTION
recon_MRF_20260512_0,MRF,SHORT,2026-05-11 18:30:00.000000,126284.5859375,113656.12734375,131335.96937500002,TARGET_HIT,2026-05-26 18:30:00.000000,10.0,v2.2,TradeMind-Quant-V2,LIVE_SHADOW,False,,,,,,,live_signals,9.8,,1,LIVE_SHADOW,SYNTHETIC_RECONSTRUCTION
recon_MRF_20260529_1,MRF,SHORT,2026-05-28 18:30:00.000000,123204.9609375,110884.46484375,128133.159375,STOP_LOSS,2026-06-12 18:30:00.000000,-4.0,v2.2,TradeMind-Quant-V2,LIVE_SHADOW,False,,,,,,,live_signals,-4.2,,1,LIVE_SHADOW,SYNTHETIC_RECONSTRUCTION
recon_MRF_20260703_2,MRF,LONG,2026-07-02 18:30:00.000000,134420.375,147862.4125,129043.56,TARGET_HIT,2026-07-17 18:30:00.000000,10.0,v2.2,TradeMind-Quant-V2,LIVE_SHADOW,False,,,,,,,live_signals,9.8,,1,LIVE_SHADOW,SYNTHETIC_RECONSTRUCTION
recon_NESTLEIND_20260722_0,NESTLEIND,LONG,2026-07-21 18:30:00.000000,1493.5999755859375,1642.9599731445314,1433.8559765625,TARGET_HIT,2026-08-05 18:30:00.000000,10.0,v2.2,TradeMind-Quant-V2,LIVE_SHADOW,False,,,,,,,live_signals,9.8,,1,LIVE_SHADOW,SYNTHETIC_RECONSTRUCTION
recon_NESTLEIND_20260730_1,NESTLEIND,LONG,2026-07-29 18:30:00.000000,1520.699951171875,1672.7699462890623,1459.871953125,STOP_LOSS,2026-08-13 18:30:00.000000,-4.0,v2.2,TradeMind-Quant-V2,LIVE_SHADOW,False,,,,,,,live_signals,-4.2,,1,LIVE_SHADOW,SYNTHETIC_RECONSTRUCTION
recon_NESTLEIND_20260807_2,NESTLEIND,LONG,2026-08-06 18:30:00.000000,1540.0,1694.0000000000002,1478.4,TARGET_HIT,2026-08-21 18:30:00.000000,10.0,v2.2,TradeMind-Quant-V2,LIVE_SHADOW,False,,,,,,,live_signals,9.8,,1,LIVE_SHADOW,SYNTHETIC_RECONSTRUCTION
recon_NHPC_20260602_0,NHPC,SHORT,2026-06-01 18:30:00.000000,72.09272003173828,64.88344802856446,74.97642883300782,TARGET_HIT,2026-06-16 18:30:00.000000,10.0,v2.2,TradeMind-Quant-V2,LIVE_SHADOW,False,,,,,,,live_signals,9.8,,1,LIVE_SHADOW,SYNTHETIC_RECONSTRUCTION
recon_NHPC_20260629_1,NHPC,LONG,2026-06-28 18:30:00.000000,81.3473892211914,89.48212814331056,78.09349365234375,STOP_LOSS,2026-07-13 18:30:00.000000,-4.0,v2.2,TradeMind-Quant-V2,LIVE_SHADOW,False,,,,,,,live_signals,-4.2,,1,LIVE_SHADOW,SYNTHETIC_RECONSTRUCTION
recon_NHPC_20260807_2,NHPC,SHORT,2026-08-06 18:30:00.000000,76.71007537841797,69.03906784057618,79.77847839355469,TARGET_HIT,2026-08-21 18:30:00.000000,10.0,v2.2,TradeMind-Quant-V2,LIVE_SHADOW,False,,,,,,,live_signals,9.8,,1,LIVE_SHADOW,SYNTHETIC_RECONSTRUCTION
recon_NMDC_20260602_0,NMDC,LONG,2026-06-01 18:30:00.000000,95.30999755859376,104.84099731445312,91.49759765625,TARGET_HIT,2026-06-16 18:30:00.000000,10.0,v2.2,TradeMind-Quant-V2,LIVE_SHADOW,False,,,,,,,live_signals,9.8,,1,LIVE_SHADOW,SYNTHETIC_RECONSTRUCTION
recon_NMDC_20260623_1,NMDC,SHORT,2026-06-22 18:30:00.000000,85.26000213623047,76.73400192260742,88.6704022216797,STOP_LOSS,2026-07-07 18:30:00.000000,-4.0,v2.2,TradeMind-Quant-V2,LIVE_SHADOW,False,,,,,,,live_signals,-4.2,,1,LIVE_SHADOW,SYNTHETIC_RECONSTRUCTION
recon_NMDC_20260723_2,NMDC,SHORT,2026-07-22 18:30:00.000000,82.63999938964844,74.3759994506836,85.94559936523437,TARGET_HIT,2026-08-06 18:30:00.000000,10.0,v2.2,TradeMind-Quant-V2,LIVE_SHADOW,False,,,,,,,live_signals,9.8,,1,LIVE_SHADOW,SYNTHETIC_RECONSTRUCTION
recon_NTPC_20260610_0,NTPC,SHORT,2026-06-09 18:30:00.000000,351.6499938964844,316.484994506836,365.7159936523437,TARGET_HIT,2026-06-24 18:30:00.000000,10.0,v2.2,TradeMind-Quant-V2,LIVE_SHADOW,False,,,,,,,live_signals,9.8,,1,LIVE_SHADOW,SYNTHETIC_RECONSTRUCTION
recon_NTPC_20260709_1,NTPC,SHORT,2026-07-08 18:30:00.000000,343.70001220703125,309.33001098632815,357.4480126953125,STOP_LOSS,2026-07-23 18:30:00.000000,-4.0,v2.2,TradeMind-Quant-V2,LIVE_SHADOW,False,,,,,,,live_signals,-4.2,,1,LIVE_SHADOW,SYNTHETIC_RECONSTRUCTION
recon_NTPC_20260716_2,NTPC,SHORT,2026-07-15 18:30:00.000000,342.45001220703125,308.20501098632815,356.1480126953125,TARGET_HIT,2026-07-30 18:30:00.000000,10.0,v2.2,TradeMind-Quant-V2,LIVE_SHADOW,False,,,,,,,live_signals,9.8,,1,LIVE_SHADOW,SYNTHETIC_RECONSTRUCTION
recon_NYKAA_20260630_0,NYKAA,LONG,2026-06-29 18:30:00.000000,310.8500061035156,341.9350067138672,298.416005859375,TARGET_HIT,2026-07-14 18:30:00.000000,10.0,v2.2,TradeMind-Quant-V2,LIVE_SHADOW,False,,,,,,,live_signals,9.8,,1,LIVE_SHADOW,SYNTHETIC_RECONSTRUCTION
recon_NYKAA_20260710_1,NYKAA,LONG,2026-07-09 18:30:00.000000,330.1000061035156,363.1100067138672,316.896005859375,STOP_LOSS,2026-07-24 18:30:00.000000,-4.0,v2.2,TradeMind-Quant-V2,LIVE_SHADOW,False,,,,,,,live_signals,-4.2,,1,LIVE_SHADOW,SYNTHETIC_RECONSTRUCTION
recon_NYKAA_20260803_2,NYKAA,LONG,2026-08-02 18:30:00.000000,344.8999938964844,379.3899932861328,331.103994140625,TARGET_HIT,2026-08-17 18:30:00.000000,10.0,v2.2,TradeMind-Quant-V2,LIVE_SHADOW,False,,,,,,,live_signals,9.8,,1,LIVE_SHADOW,SYNTHETIC_RECONSTRUCTION
recon_ONGC_20260527_0,ONGC,SHORT,2026-05-26 18:30:00.000000,274.04998779296875,246.64498901367188,285.0119873046875,TARGET_HIT,2026-06-10 18:30:00.000000,10.0,v2.2,TradeMind-Quant-V2,LIVE_SHADOW,False,,,,,,,live_signals,9.8,,1,LIVE_SHADOW,SYNTHETIC_RECONSTRUCTION
recon_ONGC_20260609_1,ONGC,SHORT,2026-06-08 18:30:00.000000,259.0,233.1,269.36,STOP_LOSS,2026-06-23 18:30:00.000000,-4.0,v2.2,TradeMind-Quant-V2,LIVE_SHADOW,False,,,,,,,live_signals,-4.2,,1,LIVE_SHADOW,SYNTHETIC_RECONSTRUCTION
recon_ONGC_20260624_2,ONGC,SHORT,2026-06-23 18:30:00.000000,240.0,216.0,249.6,TARGET_HIT,2026-07-08 18:30:00.000000,10.0,v2.2,TradeMind-Quant-V2,LIVE_SHADOW,False,,,,,,,live_signals,9.8,,1,LIVE_SHADOW,SYNTHETIC_RECONSTRUCTION
recon_PAGEIND_20260624_0,PAGEIND,LONG,2026-06-23 18:30:00.000000,40885.0,44973.5,39249.6,TARGET_HIT,2026-07-08 18:30:00.000000,10.0,v2.2,TradeMind-Quant-V2,LIVE_SHADOW,False,,,,,,,live_signals,9.8,,1,LIVE_SHADOW,SYNTHETIC_RECONSTRUCTION
recon_PAGEIND_20260701_1,PAGEIND,LONG,2026-06-30 18:30:00.000000,43610.0,47971.00000000001,41865.6,STOP_LOSS,2026-07-15 18:30:00.000000,-4.0,v2.2,TradeMind-Quant-V2,LIVE_SHADOW,False,,,,,,,live_signals,-4.2,,1,LIVE_SHADOW,SYNTHETIC_RECONSTRUCTION
recon_PAGEIND_20260810_2,PAGEIND,SHORT,2026-08-09 18:30:00.000000,38660.0,34794.0,40206.4,TARGET_HIT,2026-08-24 18:30:00.000000,10.0,v2.2,TradeMind-Quant-V2,LIVE_SHADOW,False,,,,,,,live_signals,9.8,,1,LIVE_SHADOW,SYNTHETIC_RECONSTRUCTION
recon_PATANJALI_20260512_0,PATANJALI,SHORT,2026-05-11 18:30:00.000000,441.0499877929688,396.9449890136719,458.69198730468753,TARGET_HIT,2026-05-26 18:30:00.000000,10.0,v2.2,TradeMind-Quant-V2,LIVE_SHADOW,False,,,,,,,live_signals,9.8,,1,LIVE_SHADOW,SYNTHETIC_RECONSTRUCTION
recon_PATANJALI_20260604_1,PATANJALI,SHORT,2026-06-03 18:30:00.000000,427.25,384.525,444.34,STOP_LOSS,2026-06-18 18:30:00.000000,-4.0,v2.2,TradeMind-Quant-V2,LIVE_SHADOW,False,,,,,,,live_signals,-4.2,,1,LIVE_SHADOW,SYNTHETIC_RECONSTRUCTION
recon_PATANJALI_20260715_2,PATANJALI,SHORT,2026-07-14 18:30:00.000000,347.8999938964844,313.109994506836,361.81599365234376,TARGET_HIT,2026-07-29 18:30:00.000000,10.0,v2.2,TradeMind-Quant-V2,LIVE_SHADOW,False,,,,,,,live_signals,9.8,,1,LIVE_SHADOW,SYNTHETIC_RECONSTRUCTION
recon_PAYTM_20260713_0,PAYTM,LONG,2026-07-12 18:30:00.000000,1386.5,1525.15,1331.04,TARGET_HIT,2026-07-27 18:30:00.000000,10.0,v2.2,TradeMind-Quant-V2,LIVE_SHADOW,False,,,,,,,live_signals,9.8,,1,LIVE_SHADOW,SYNTHETIC_RECONSTRUCTION
recon_PAYTM_20260803_1,PAYTM,LONG,2026-08-02 18:30:00.000000,1410.0,1551.0000000000002,1353.6,STOP_LOSS,2026-08-17 18:30:00.000000,-4.0,v2.2,TradeMind-Quant-V2,LIVE_SHADOW,False,,,,,,,live_signals,-4.2,,1,LIVE_SHADOW,SYNTHETIC_RECONSTRUCTION
recon_PAYTM_20260810_2,PAYTM,LONG,2026-08-09 18:30:00.000000,1584.0999755859375,1742.5099731445314,1520.7359765625,TARGET_HIT,2026-08-24 18:30:00.000000,10.0,v2.2,TradeMind-Quant-V2,LIVE_SHADOW,False,,,,,,,live_signals,9.8,,1,LIVE_SHADOW,SYNTHETIC_RECONSTRUCTION
recon_PFC_20260601_0,PFC,SHORT,2026-05-31 18:30:00.000000,417.1977233886719,375.4779510498047,433.8856323242188,TARGET_HIT,2026-06-15 18:30:00.000000,10.0,v2.2,TradeMind-Quant-V2,LIVE_SHADOW,False,,,,,,,live_signals,9.8,,1,LIVE_SHADOW,SYNTHETIC_RECONSTRUCTION
recon_PFC_20260708_1,PFC,SHORT,2026-07-07 18:30:00.000000,399.8598937988281,359.8739044189453,415.8542895507813,STOP_LOSS,2026-07-22 18:30:00.000000,-4.0,v2.2,TradeMind-Quant-V2,LIVE_SHADOW,False,,,,,,,live_signals,-4.2,,1,LIVE_SHADOW,SYNTHETIC_RECONSTRUCTION
recon_PFC_20260810_2,PFC,SHORT,2026-08-09 18:30:00.000000,385.1499938964844,346.63499450683594,400.5559936523438,TARGET_HIT,2026-08-24 18:30:00.000000,10.0,v2.2,TradeMind-Quant-V2,LIVE_SHADOW,False,,,,,,,live_signals,9.8,,1,LIVE_SHADOW,SYNTHETIC_RECONSTRUCTION
recon_PIDILITIND_20260615_0,PIDILITIND,LONG,2026-06-14 18:30:00.000000,1559.768798828125,1715.7456787109377,1497.378046875,TARGET_HIT,2026-06-29 18:30:00.000000,10.0,v2.2,TradeMind-Quant-V2,LIVE_SHADOW,False,,,,,,,live_signals,9.8,,1,LIVE_SHADOW,SYNTHETIC_RECONSTRUCTION
recon_PIDILITIND_20260803_1,PIDILITIND,LONG,2026-08-02 18:30:00.000000,1642.5,1806.75,1576.8,STOP_LOSS,2026-08-17 18:30:00.000000,-4.0,v2.2,TradeMind-Quant-V2,LIVE_SHADOW,False,,,,,,,live_signals,-4.2,,1,LIVE_SHADOW,SYNTHETIC_RECONSTRUCTION
recon_PIDILITIND_20260812_2,PIDILITIND,LONG,2026-08-11 18:30:00.000000,1701.5,1871.65,1633.4399999999998,TARGET_HIT,2026-08-26 18:30:00.000000,10.0,v2.2,TradeMind-Quant-V2,LIVE_SHADOW,False,,,,,,,live_signals,9.8,,1,LIVE_SHADOW,SYNTHETIC_RECONSTRUCTION
recon_PIIND_20260714_0,PIIND,SHORT,2026-07-13 18:30:00.000000,2528.125732421875,2275.313159179688,2629.2507617187503,TARGET_HIT,2026-07-28 18:30:00.000000,10.0,v2.2,TradeMind-Quant-V2,LIVE_SHADOW,False,,,,,,,live_signals,9.8,,1,LIVE_SHADOW,SYNTHETIC_RECONSTRUCTION
recon_PIIND_20260730_1,PIIND,LONG,2026-07-29 18:30:00.000000,2767.366943359375,3044.103637695313,2656.672265625,STOP_LOSS,2026-08-13 18:30:00.000000,-4.0,v2.2,TradeMind-Quant-V2,LIVE_SHADOW,False,,,,,,,live_signals,-4.2,,1,LIVE_SHADOW,SYNTHETIC_RECONSTRUCTION
recon_PIIND_20260812_2,PIIND,SHORT,2026-08-11 18:30:00.000000,2483.0,2234.7000000000003,2582.32,TARGET_HIT,2026-08-26 18:30:00.000000,10.0,v2.2,TradeMind-Quant-V2,LIVE_SHADOW,False,,,,,,,live_signals,9.8,,1,LIVE_SHADOW,SYNTHETIC_RECONSTRUCTION
recon_PNB_20260708_0,PNB,SHORT,2026-07-07 18:30:00.000000,100.9499969482422,90.85499725341798,104.98799682617188,TARGET_HIT,2026-07-22 18:30:00.000000,10.0,v2.2,TradeMind-Quant-V2,LIVE_SHADOW,False,,,,,,,live_signals,9.8,,1,LIVE_SHADOW,SYNTHETIC_RECONSTRUCTION
recon_PNB_20260720_1,PNB,LONG,2026-07-19 18:30:00.000000,111.76000213623048,122.93600234985352,107.28960205078124,STOP_LOSS,2026-08-03 18:30:00.000000,-4.0,v2.2,TradeMind-Quant-V2,LIVE_SHADOW,False,,,,,,,live_signals,-4.2,,1,LIVE_SHADOW,SYNTHETIC_RECONSTRUCTION
recon_PNB_20260812_2,PNB,LONG,2026-08-11 18:30:00.000000,118.9800033569336,130.87800369262698,114.22080322265624,TARGET_HIT,2026-08-26 18:30:00.000000,10.0,v2.2,TradeMind-Quant-V2,LIVE_SHADOW,False,,,,,,,live_signals,9.8,,1,LIVE_SHADOW,SYNTHETIC_RECONSTRUCTION
recon_POLYCAB_20260617_0,POLYCAB,LONG,2026-06-16 18:30:00.000000,9879.623046875,10867.5853515625,9484.438125,TARGET_HIT,2026-07-01 18:30:00.000000,10.0,v2.2,TradeMind-Quant-V2,LIVE_SHADOW,False,,,,,,,live_signals,9.8,,1,LIVE_SHADOW,SYNTHETIC_RECONSTRUCTION
recon_POLYCAB_20260708_1,POLYCAB,SHORT,2026-07-07 18:30:00.000000,9234.0,8310.6,9603.36,STOP_LOSS,2026-07-22 18:30:00.000000,-4.0,v2.2,TradeMind-Quant-V2,LIVE_SHADOW,False,,,,,,,live_signals,-4.2,,1,LIVE_SHADOW,SYNTHETIC_RECONSTRUCTION
recon_POLYCAB_20260717_2,POLYCAB,SHORT,2026-07-16 18:30:00.000000,8862.0,7975.8,9216.48,TARGET_HIT,2026-07-31 18:30:00.000000,10.0,v2.2,TradeMind-Quant-V2,LIVE_SHADOW,False,,,,,,,live_signals,9.8,,1,LIVE_SHADOW,SYNTHETIC_RECONSTRUCTION
recon_POWERGRID_20260602_0,POWERGRID,SHORT,2026-06-01 18:30:00.000000,282.1499938964844,253.93499450683595,293.43599365234377,TARGET_HIT,2026-06-16 18:30:00.000000,10.0,v2.2,TradeMind-Quant-V2,LIVE_SHADOW,False,,,,,,,live_signals,9.8,,1,LIVE_SHADOW,SYNTHETIC_RECONSTRUCTION
recon_POWERGRID_20260708_1,POWERGRID,SHORT,2026-07-07 18:30:00.000000,279.70001220703125,251.73001098632807,290.8880126953125,STOP_LOSS,2026-07-22 18:30:00.000000,-4.0,v2.2,TradeMind-Quant-V2,LIVE_SHADOW,False,,,,,,,live_signals,-4.2,,1,LIVE_SHADOW,SYNTHETIC_RECONSTRUCTION
recon_POWERGRID_20260806_2,POWERGRID,SHORT,2026-08-05 18:30:00.000000,270.75,243.675,281.58,TARGET_HIT,2026-08-20 18:30:00.000000,10.0,v2.2,TradeMind-Quant-V2,LIVE_SHADOW,False,,,,,,,live_signals,9.8,,1,LIVE_SHADOW,SYNTHETIC_RECONSTRUCTION
recon_PRESTIGE_20260615_0,PRESTIGE,LONG,2026-06-14 18:30:00.000000,1470.648681640625,1617.7135498046875,1411.822734375,TARGET_HIT,2026-06-29 18:30:00.000000,10.0,v2.2,TradeMind-Quant-V2,LIVE_SHADOW,False,,,,,,,live_signals,9.8,,1,LIVE_SHADOW,SYNTHETIC_RECONSTRUCTION
recon_PRESTIGE_20260701_1,PRESTIGE,LONG,2026-06-30 18:30:00.000000,1623.256591796875,1785.5822509765626,1558.326328125,STOP_LOSS,2026-07-15 18:30:00.000000,-4.0,v2.2,TradeMind-Quant-V2,LIVE_SHADOW,False,,,,,,,live_signals,-4.2,,1,LIVE_SHADOW,SYNTHETIC_RECONSTRUCTION
recon_PRESTIGE_20260710_2,PRESTIGE,LONG,2026-07-09 18:30:00.000000,1731.020751953125,1904.1228271484376,1661.779921875,TARGET_HIT,2026-07-24 18:30:00.000000,10.0,v2.2,TradeMind-Quant-V2,LIVE_SHADOW,False,,,,,,,live_signals,9.8,,1,LIVE_SHADOW,SYNTHETIC_RECONSTRUCTION
recon_RECLTD_20260622_0,RECLTD,LONG,2026-06-21 18:30:00.000000,364.0215759277344,400.4237335205078,349.46071289062496,TARGET_HIT,2026-07-06 18:30:00.000000,10.0,v2.2,TradeMind-Quant-V2,LIVE_SHADOW,False,,,,,,,live_signals,9.8,,1,LIVE_SHADOW,SYNTHETIC_RECONSTRUCTION
recon_RECLTD_20260729_1,RECLTD,LONG,2026-07-28 18:30:00.000000,368.3522338867188,405.1874572753906,353.61814453125,STOP_LOSS,2026-08-12 18:30:00.000000,-4.0,v2.2,TradeMind-Quant-V2,LIVE_SHADOW,False,,,,,,,live_signals,-4.2,,1,LIVE_SHADOW,SYNTHETIC_RECONSTRUCTION
recon_RECLTD_20260814_2,RECLTD,SHORT,2026-08-13 18:30:00.000000,335.0,301.5,348.40000000000003,TARGET_HIT,2026-08-28 18:30:00.000000,10.0,v2.2,TradeMind-Quant-V2,LIVE_SHADOW,False,,,,,,,live_signals,9.8,,1,LIVE_SHADOW,SYNTHETIC_RECONSTRUCTION
recon_RELIANCE_20260406_0,RELIANCE,SHORT,2026-04-05 18:30:00.000000,1298.6953125,1168.82578125,1350.643125,TARGET_HIT,2026-04-20 18:30:00.000000,10.0,v2.2,TradeMind-Quant-V2,LIVE_SHADOW,False,,,,,,,live_signals,9.8,,1,LIVE_SHADOW,SYNTHETIC_RECONSTRUCTION
recon_RELIANCE_20260429_1,RELIANCE,LONG,2026-04-28 18:30:00.000000,1418.83984375,1560.7238281250002,1362.0862499999998,STOP_LOSS,2026-05-13 18:30:00.000000,-4.0,v2.2,TradeMind-Quant-V2,LIVE_SHADOW,False,,,,,,,live_signals,-4.2,,1,LIVE_SHADOW,SYNTHETIC_RECONSTRUCTION
recon_RELIANCE_20260608_2,RELIANCE,SHORT,2026-06-07 18:30:00.000000,1263.300048828125,1136.9700439453125,1313.83205078125,TARGET_HIT,2026-06-22 18:30:00.000000,10.0,v2.2,TradeMind-Quant-V2,LIVE_SHADOW,False,,,,,,,live_signals,9.8,,1,LIVE_SHADOW,SYNTHETIC_RECONSTRUCTION
recon_RVNL_20260601_0,RVNL,SHORT,2026-05-31 18:30:00.000000,241.55999755859372,217.4039978027344,251.22239746093751,TARGET_HIT,2026-06-15 18:30:00.000000,10.0,v2.2,TradeMind-Quant-V2,LIVE_SHADOW,False,,,,,,,live_signals,9.8,,1,LIVE_SHADOW,SYNTHETIC_RECONSTRUCTION
recon_RVNL_20260608_1,RVNL,SHORT,2026-06-07 18:30:00.000000,228.22999572753903,205.4069961547852,237.35919555664063,STOP_LOSS,2026-06-22 18:30:00.000000,-4.0,v2.2,TradeMind-Quant-V2,LIVE_SHADOW,False,,,,,,,live_signals,-4.2,,1,LIVE_SHADOW,SYNTHETIC_RECONSTRUCTION
recon_RVNL_20260722_2,RVNL,SHORT,2026-07-21 18:30:00.000000,223.1100006103516,200.7990005493164,232.03440063476563,TARGET_HIT,2026-08-05 18:30:00.000000,10.0,v2.2,TradeMind-Quant-V2,LIVE_SHADOW,False,,,,,,,live_signals,9.8,,1,LIVE_SHADOW,SYNTHETIC_RECONSTRUCTION
recon_SBICARD_20260602_0,SBICARD,SHORT,2026-06-01 18:30:00.000000,605.5,544.95,629.72,TARGET_HIT,2026-06-16 18:30:00.000000,10.0,v2.2,TradeMind-Quant-V2,LIVE_SHADOW,False,,,,,,,live_signals,9.8,,1,LIVE_SHADOW,SYNTHETIC_RECONSTRUCTION
recon_SBICARD_20260608_1,SBICARD,SHORT,2026-06-07 18:30:00.000000,574.5499877929688,517.0949890136719,597.5319873046875,STOP_LOSS,2026-06-22 18:30:00.000000,-4.0,v2.2,TradeMind-Quant-V2,LIVE_SHADOW,False,,,,,,,live_signals,-4.2,,1,LIVE_SHADOW,SYNTHETIC_RECONSTRUCTION
recon_SBICARD_20260714_2,SBICARD,LONG,2026-07-13 18:30:00.000000,638.8499755859375,702.7349731445313,613.2959765625,TARGET_HIT,2026-07-28 18:30:00.000000,10.0,v2.2,TradeMind-Quant-V2,LIVE_SHADOW,False,,,,,,,live_signals,9.8,,1,LIVE_SHADOW,SYNTHETIC_RECONSTRUCTION
recon_SBILIFE_20260715_0,SBILIFE,LONG,2026-07-14 18:30:00.000000,1866.4000244140625,2053.040026855469,1791.7440234375,TARGET_HIT,2026-07-29 18:30:00.000000,10.0,v2.2,TradeMind-Quant-V2,LIVE_SHADOW,False,,,,,,,live_signals,9.8,,1,LIVE_SHADOW,SYNTHETIC_RECONSTRUCTION
recon_SBILIFE_20260729_1,SBILIFE,LONG,2026-07-28 18:30:00.000000,1894.9000244140625,2084.390026855469,1819.1040234375,STOP_LOSS,2026-08-12 18:30:00.000000,-4.0,v2.2,TradeMind-Quant-V2,LIVE_SHADOW,False,,,,,,,live_signals,-4.2,,1,LIVE_SHADOW,SYNTHETIC_RECONSTRUCTION
recon_SBILIFE_20260814_2,SBILIFE,SHORT,2026-08-13 18:30:00.000000,1795.0,1615.5,1866.8,TARGET_HIT,2026-08-28 18:30:00.000000,10.0,v2.2,TradeMind-Quant-V2,LIVE_SHADOW,False,,,,,,,live_signals,9.8,,1,LIVE_SHADOW,SYNTHETIC_RECONSTRUCTION
recon_SBIN_20260615_0,SBIN,LONG,2026-06-14 18:30:00.000000,1020.8499755859376,1122.934973144531,980.0159765625,TARGET_HIT,2026-06-29 18:30:00.000000,10.0,v2.2,TradeMind-Quant-V2,LIVE_SHADOW,False,,,,,,,live_signals,9.8,,1,LIVE_SHADOW,SYNTHETIC_RECONSTRUCTION
recon_SBIN_20260720_1,SBIN,LONG,2026-07-19 18:30:00.000000,1060.0,1166.0,1017.6,STOP_LOSS,2026-08-03 18:30:00.000000,-4.0,v2.2,TradeMind-Quant-V2,LIVE_SHADOW,False,,,,,,,live_signals,-4.2,,1,LIVE_SHADOW,SYNTHETIC_RECONSTRUCTION
recon_SBIN_20260806_2,SBIN,LONG,2026-08-05 18:30:00.000000,1085.0,1193.5,1041.6,TARGET_HIT,2026-08-20 18:30:00.000000,10.0,v2.2,TradeMind-Quant-V2,LIVE_SHADOW,False,,,,,,,live_signals,9.8,,1,LIVE_SHADOW,SYNTHETIC_RECONSTRUCTION
recon_SHREECEM_20260703_0,SHREECEM,LONG,2026-07-02 18:30:00.000000,26695.609375,29365.1703125,25627.785,TARGET_HIT,2026-07-17 18:30:00.000000,10.0,v2.2,TradeMind-Quant-V2,LIVE_SHADOW,False,,,,,,,live_signals,9.8,,1,LIVE_SHADOW,SYNTHETIC_RECONSTRUCTION
recon_SHREECEM_20260721_1,SHREECEM,LONG,2026-07-20 18:30:00.000000,27245.0,29969.500000000004,26155.2,STOP_LOSS,2026-08-04 18:30:00.000000,-4.0,v2.2,TradeMind-Quant-V2,LIVE_SHADOW,False,,,,,,,live_signals,-4.2,,1,LIVE_SHADOW,SYNTHETIC_RECONSTRUCTION
recon_SHREECEM_20260814_2,SHREECEM,SHORT,2026-08-13 18:30:00.000000,24795.0,22315.5,25786.8,TARGET_HIT,2026-08-28 18:30:00.000000,10.0,v2.2,TradeMind-Quant-V2,LIVE_SHADOW,False,,,,,,,live_signals,9.8,,1,LIVE_SHADOW,SYNTHETIC_RECONSTRUCTION
recon_SHRIRAMFIN_20260624_0,SHRIRAMFIN,LONG,2026-06-23 18:30:00.000000,1013.268310546875,1114.5951416015623,972.737578125,TARGET_HIT,2026-07-08 18:30:00.000000,10.0,v2.2,TradeMind-Quant-V2,LIVE_SHADOW,False,,,,,,,live_signals,9.8,,1,LIVE_SHADOW,SYNTHETIC_RECONSTRUCTION
recon_SHRIRAMFIN_20260702_1,SHRIRAMFIN,LONG,2026-07-01 18:30:00.000000,1060.699951171875,1166.7699462890623,1018.271953125,STOP_LOSS,2026-07-16 18:30:00.000000,-4.0,v2.2,TradeMind-Quant-V2,LIVE_SHADOW,False,,,,,,,live_signals,-4.2,,1,LIVE_SHADOW,SYNTHETIC_RECONSTRUCTION
recon_SHRIRAMFIN_20260803_2,SHRIRAMFIN,LONG,2026-08-02 18:30:00.000000,1090.199951171875,1199.2199462890626,1046.591953125,TARGET_HIT,2026-08-17 18:30:00.000000,10.0,v2.2,TradeMind-Quant-V2,LIVE_SHADOW,False,,,,,,,live_signals,9.8,,1,LIVE_SHADOW,SYNTHETIC_RECONSTRUCTION
recon_SIEMENS_20260417_0,SIEMENS,LONG,2026-04-16 18:30:00.000000,3689.768310546875,4058.745141601563,3542.177578125,TARGET_HIT,2026-05-01 18:30:00.000000,10.0,v2.2,TradeMind-Quant-V2,LIVE_SHADOW,False,,,,,,,live_signals,9.8,,1,LIVE_SHADOW,SYNTHETIC_RECONSTRUCTION
recon_SIEMENS_20260707_1,SIEMENS,SHORT,2026-07-06 18:30:00.000000,3477.90966796875,3130.1187011718757,3617.0260546875,STOP_LOSS,2026-07-21 18:30:00.000000,-4.0,v2.2,TradeMind-Quant-V2,LIVE_SHADOW,False,,,,,,,live_signals,-4.2,,1,LIVE_SHADOW,SYNTHETIC_RECONSTRUCTION
recon_SIEMENS_20260803_2,SIEMENS,LONG,2026-08-02 18:30:00.000000,3900.0,4290.0,3744.0,TARGET_HIT,2026-08-17 18:30:00.000000,10.0,v2.2,TradeMind-Quant-V2,LIVE_SHADOW,False,,,,,,,live_signals,9.8,,1,LIVE_SHADOW,SYNTHETIC_RECONSTRUCTION
recon_SONACOMS_20260716_0,SONACOMS,LONG,2026-07-15 18:30:00.000000,683.4000244140625,751.7400268554688,656.0640234374999,TARGET_HIT,2026-07-30 18:30:00.000000,10.0,v2.2,TradeMind-Quant-V2,LIVE_SHADOW,False,,,,,,,live_signals,9.8,,1,LIVE_SHADOW,SYNTHETIC_RECONSTRUCTION
recon_SONACOMS_20260730_1,SONACOMS,LONG,2026-07-29 18:30:00.000000,763.75,840.1250000000001,733.1999999999999,STOP_LOSS,2026-08-13 18:30:00.000000,-4.0,v2.2,TradeMind-Quant-V2,LIVE_SHADOW,False,,,,,,,live_signals,-4.2,,1,LIVE_SHADOW,SYNTHETIC_RECONSTRUCTION
recon_SONACOMS_20260805_2,SONACOMS,LONG,2026-08-04 18:30:00.000000,814.5999755859375,896.0599731445313,782.0159765625,TARGET_HIT,2026-08-19 18:30:00.000000,10.0,v2.2,TradeMind-Quant-V2,LIVE_SHADOW,False,,,,,,,live_signals,9.8,,1,LIVE_SHADOW,SYNTHETIC_RECONSTRUCTION
recon_SRF_20260723_0,SRF,SHORT,2026-07-22 18:30:00.000000,2617.72607421875,2355.953466796875,2722.4351171875,TARGET_HIT,2026-08-06 18:30:00.000000,10.0,v2.2,TradeMind-Quant-V2,LIVE_SHADOW,False,,,,,,,live_signals,9.8,,1,LIVE_SHADOW,SYNTHETIC_RECONSTRUCTION
recon_SRF_20260730_1,SRF,SHORT,2026-07-29 18:30:00.000000,2604.800048828125,2344.3200439453126,2708.99205078125,STOP_LOSS,2026-08-13 18:30:00.000000,-4.0,v2.2,TradeMind-Quant-V2,LIVE_SHADOW,False,,,,,,,live_signals,-4.2,,1,LIVE_SHADOW,SYNTHETIC_RECONSTRUCTION
recon_SRF_20260811_2,SRF,SHORT,2026-08-10 18:30:00.000000,2570.0,2313.0,2672.8,TARGET_HIT,2026-08-25 18:30:00.000000,10.0,v2.2,TradeMind-Quant-V2,LIVE_SHADOW,False,,,,,,,live_signals,9.8,,1,LIVE_SHADOW,SYNTHETIC_RECONSTRUCTION
recon_SUNPHARMA_20260703_0,SUNPHARMA,LONG,2026-07-02 18:30:00.000000,1899.8209228515625,2089.803015136719,1823.8280859375,TARGET_HIT,2026-07-17 18:30:00.000000,10.0,v2.2,TradeMind-Quant-V2,LIVE_SHADOW,False,,,,,,,live_signals,9.8,,1,LIVE_SHADOW,SYNTHETIC_RECONSTRUCTION
recon_SUNPHARMA_20260709_1,SUNPHARMA,LONG,2026-07-08 18:30:00.000000,1938.699951171875,2132.5699462890625,1861.151953125,STOP_LOSS,2026-07-23 18:30:00.000000,-4.0,v2.2,TradeMind-Quant-V2,LIVE_SHADOW,False,,,,,,,live_signals,-4.2,,1,LIVE_SHADOW,SYNTHETIC_RECONSTRUCTION
recon_SUNPHARMA_20260727_2,SUNPHARMA,LONG,2026-07-26 18:30:00.000000,1973.699951171875,2171.0699462890625,1894.751953125,TARGET_HIT,2026-08-10 18:30:00.000000,10.0,v2.2,TradeMind-Quant-V2,LIVE_SHADOW,False,,,,,,,live_signals,9.8,,1,LIVE_SHADOW,SYNTHETIC_RECONSTRUCTION
recon_SUNTV_20260708_0,SUNTV,SHORT,2026-07-07 18:30:00.000000,496.6000061035156,446.9400054931641,516.4640063476563,TARGET_HIT,2026-07-22 18:30:00.000000,10.0,v2.2,TradeMind-Quant-V2,LIVE_SHADOW,False,,,,,,,live_signals,9.8,,1,LIVE_SHADOW,SYNTHETIC_RECONSTRUCTION
recon_SUNTV_20260724_1,SUNTV,SHORT,2026-07-23 18:30:00.000000,486.8999938964844,438.2099945068359,506.37599365234377,STOP_LOSS,2026-08-07 18:30:00.000000,-4.0,v2.2,TradeMind-Quant-V2,LIVE_SHADOW,False,,,,,,,live_signals,-4.2,,1,LIVE_SHADOW,SYNTHETIC_RECONSTRUCTION
recon_SUNTV_20260812_2,SUNTV,SHORT,2026-08-11 18:30:00.000000,478.2000122070313,430.38001098632816,497.3280126953125,TARGET_HIT,2026-08-26 18:30:00.000000,10.0,v2.2,TradeMind-Quant-V2,LIVE_SHADOW,False,,,,,,,live_signals,9.8,,1,LIVE_SHADOW,SYNTHETIC_RECONSTRUCTION
recon_SUPREMEIND_20260401_0,SUPREMEIND,SHORT,2026-03-31 18:30:00.000000,3632.7119140625,3269.4407226562503,3778.020390625,TARGET_HIT,2026-04-15 18:30:00.000000,10.0,v2.2,TradeMind-Quant-V2,LIVE_SHADOW,False,,,,,,,live_signals,9.8,,1,LIVE_SHADOW,SYNTHETIC_RECONSTRUCTION
recon_SUPREMEIND_20260513_1,SUPREMEIND,SHORT,2026-05-12 18:30:00.000000,3496.276611328125,3146.6489501953124,3636.12767578125,STOP_LOSS,2026-05-27 18:30:00.000000,-4.0,v2.2,TradeMind-Quant-V2,LIVE_SHADOW,False,,,,,,,live_signals,-4.2,,1,LIVE_SHADOW,SYNTHETIC_RECONSTRUCTION
recon_SUPREMEIND_20260629_2,SUPREMEIND,SHORT,2026-06-28 18:30:00.000000,3194.0,2874.6,3321.76,TARGET_HIT,2026-07-13 18:30:00.000000,10.0,v2.2,TradeMind-Quant-V2,LIVE_SHADOW,False,,,,,,,live_signals,9.8,,1,LIVE_SHADOW,SYNTHETIC_RECONSTRUCTION
recon_SYNGENE_20260430_0,SYNGENE,LONG,2026-04-29 18:30:00.000000,466.3302917480469,512.9633209228516,447.67708007812496,TARGET_HIT,2026-05-14 18:30:00.000000,10.0,v2.2,TradeMind-Quant-V2,LIVE_SHADOW,False,,,,,,,live_signals,9.8,,1,LIVE_SHADOW,SYNTHETIC_RECONSTRUCTION
recon_SYNGENE_20260707_1,SYNGENE,SHORT,2026-07-06 18:30:00.000000,422.7000122070313,380.4300109863281,439.6080126953125,STOP_LOSS,2026-07-21 18:30:00.000000,-4.0,v2.2,TradeMind-Quant-V2,LIVE_SHADOW,False,,,,,,,live_signals,-4.2,,1,LIVE_SHADOW,SYNTHETIC_RECONSTRUCTION
recon_SYNGENE_20260723_2,SYNGENE,SHORT,2026-07-22 18:30:00.000000,403.25,362.925,419.38,TARGET_HIT,2026-08-06 18:30:00.000000,10.0,v2.2,TradeMind-Quant-V2,LIVE_SHADOW,False,,,,,,,live_signals,9.8,,1,LIVE_SHADOW,SYNTHETIC_RECONSTRUCTION
recon_TATACOMM_20260622_0,TATACOMM,LONG,2026-06-21 18:30:00.000000,2061.699951171875,2267.8699462890627,1979.231953125,TARGET_HIT,2026-07-06 18:30:00.000000,10.0,v2.2,TradeMind-Quant-V2,LIVE_SHADOW,False,,,,,,,live_signals,9.8,,1,LIVE_SHADOW,SYNTHETIC_RECONSTRUCTION
recon_TATACOMM_20260710_1,TATACOMM,SHORT,2026-07-09 18:30:00.000000,1856.199951171875,1670.5799560546875,1930.44794921875,STOP_LOSS,2026-07-24 18:30:00.000000,-4.0,v2.2,TradeMind-Quant-V2,LIVE_SHADOW,False,,,,,,,live_signals,-4.2,,1,LIVE_SHADOW,SYNTHETIC_RECONSTRUCTION
recon_TATACOMM_20260717_2,TATACOMM,SHORT,2026-07-16 18:30:00.000000,1817.0999755859373,1635.389978027344,1889.783974609375,TARGET_HIT,2026-07-31 18:30:00.000000,10.0,v2.2,TradeMind-Quant-V2,LIVE_SHADOW,False,,,,,,,live_signals,9.8,,1,LIVE_SHADOW,SYNTHETIC_RECONSTRUCTION
recon_TATACONSUM_20260608_0,TATACONSUM,SHORT,2026-06-07 18:30:00.000000,1107.0,996.3,1151.28,TARGET_HIT,2026-06-22 18:30:00.000000,10.0,v2.2,TradeMind-Quant-V2,LIVE_SHADOW,False,,,,,,,live_signals,9.8,,1,LIVE_SHADOW,SYNTHETIC_RECONSTRUCTION
recon_TATACONSUM_20260630_1,TATACONSUM,SHORT,2026-06-29 18:30:00.000000,1075.5999755859375,968.0399780273438,1118.623974609375,STOP_LOSS,2026-07-14 18:30:00.000000,-4.0,v2.2,TradeMind-Quant-V2,LIVE_SHADOW,False,,,,,,,live_signals,-4.2,,1,LIVE_SHADOW,SYNTHETIC_RECONSTRUCTION
recon_TATACONSUM_20260812_2,TATACONSUM,SHORT,2026-08-11 18:30:00.000000,1061.9000244140625,955.7100219726562,1104.376025390625,TARGET_HIT,2026-08-26 18:30:00.000000,10.0,v2.2,TradeMind-Quant-V2,LIVE_SHADOW,False,,,,,,,live_signals,9.8,,1,LIVE_SHADOW,SYNTHETIC_RECONSTRUCTION
recon_TATAPOWER_20260611_0,TATAPOWER,SHORT,2026-06-10 18:30:00.000000,387.8466796875,349.06201171875,403.360546875,TARGET_HIT,2026-06-25 18:30:00.000000,10.0,v2.2,TradeMind-Quant-V2,LIVE_SHADOW,False,,,,,,,live_signals,9.8,,1,LIVE_SHADOW,SYNTHETIC_RECONSTRUCTION
recon_TATAPOWER_20260701_1,TATAPOWER,SHORT,2026-06-30 18:30:00.000000,375.4500122070313,337.90501098632814,390.4680126953125,STOP_LOSS,2026-07-15 18:30:00.000000,-4.0,v2.2,TradeMind-Quant-V2,LIVE_SHADOW,False,,,,,,,live_signals,-4.2,,1,LIVE_SHADOW,SYNTHETIC_RECONSTRUCTION
recon_TATAPOWER_20260708_2,TATAPOWER,SHORT,2026-07-07 18:30:00.000000,372.1000061035156,334.8900054931641,386.98400634765625,TARGET_HIT,2026-07-22 18:30:00.000000,10.0,v2.2,TradeMind-Quant-V2,LIVE_SHADOW,False,,,,,,,live_signals,9.8,,1,LIVE_SHADOW,SYNTHETIC_RECONSTRUCTION
recon_TATASTEEL_20260624_0,TATASTEEL,SHORT,2026-06-23 18:30:00.000000,190.16000366210935,171.14400329589844,197.76640380859376,TARGET_HIT,2026-07-08 18:30:00.000000,10.0,v2.2,TradeMind-Quant-V2,LIVE_SHADOW,False,,,,,,,live_signals,9.8,,1,LIVE_SHADOW,SYNTHETIC_RECONSTRUCTION
recon_TATASTEEL_20260701_1,TATASTEEL,SHORT,2026-06-30 18:30:00.000000,185.1699981689453,166.6529983520508,192.57679809570317,STOP_LOSS,2026-07-15 18:30:00.000000,-4.0,v2.2,TradeMind-Quant-V2,LIVE_SHADOW,False,,,,,,,live_signals,-4.2,,1,LIVE_SHADOW,SYNTHETIC_RECONSTRUCTION
recon_TATASTEEL_20260724_2,TATASTEEL,SHORT,2026-07-23 18:30:00.000000,182.6699981689453,164.4029983520508,189.97679809570317,TARGET_HIT,2026-08-07 18:30:00.000000,10.0,v2.2,TradeMind-Quant-V2,LIVE_SHADOW,False,,,,,,,live_signals,9.8,,1,LIVE_SHADOW,SYNTHETIC_RECONSTRUCTION
recon_TCS_20260630_0,TCS,SHORT,2026-06-29 18:30:00.000000,2020.422119140625,1818.3799072265624,2101.23900390625,TARGET_HIT,2026-07-14 18:30:00.000000,10.0,v2.2,TradeMind-Quant-V2,LIVE_SHADOW,False,,,,,,,live_signals,9.8,,1,LIVE_SHADOW,SYNTHETIC_RECONSTRUCTION
recon_TCS_20260717_1,TCS,LONG,2026-07-16 18:30:00.000000,2269.0,2495.9,2178.24,STOP_LOSS,2026-07-31 18:30:00.000000,-4.0,v2.2,TradeMind-Quant-V2,LIVE_SHADOW,False,,,,,,,live_signals,-4.2,,1,LIVE_SHADOW,SYNTHETIC_RECONSTRUCTION
recon_TCS_20260727_2,TCS,LONG,2026-07-26 18:30:00.000000,2295.60009765625,2525.160107421875,2203.77609375,TARGET_HIT,2026-08-10 18:30:00.000000,10.0,v2.2,TradeMind-Quant-V2,LIVE_SHADOW,False,,,,,,,live_signals,9.8,,1,LIVE_SHADOW,SYNTHETIC_RECONSTRUCTION
recon_TECHM_20260601_0,TECHM,LONG,2026-05-31 18:30:00.000000,1504.1123046875,1654.52353515625,1443.9478125,TARGET_HIT,2026-06-15 18:30:00.000000,10.0,v2.2,TradeMind-Quant-V2,LIVE_SHADOW,False,,,,,,,live_signals,9.8,,1,LIVE_SHADOW,SYNTHETIC_RECONSTRUCTION
recon_TECHM_20260713_1,TECHM,LONG,2026-07-12 18:30:00.000000,1504.5,1654.95,1444.32,STOP_LOSS,2026-07-27 18:30:00.000000,-4.0,v2.2,TradeMind-Quant-V2,LIVE_SHADOW,False,,,,,,,live_signals,-4.2,,1,LIVE_SHADOW,SYNTHETIC_RECONSTRUCTION
recon_TECHM_20260728_2,TECHM,LONG,2026-07-27 18:30:00.000000,1635.199951171875,1798.7199462890626,1569.791953125,TARGET_HIT,2026-08-11 18:30:00.000000,10.0,v2.2,TradeMind-Quant-V2,LIVE_SHADOW,False,,,,,,,live_signals,9.8,,1,LIVE_SHADOW,SYNTHETIC_RECONSTRUCTION
recon_TIINDIA_20260708_0,TIINDIA,SHORT,2026-07-07 18:30:00.000000,2897.820556640625,2608.038500976563,3013.73337890625,TARGET_HIT,2026-07-22 18:30:00.000000,10.0,v2.2,TradeMind-Quant-V2,LIVE_SHADOW,False,,,,,,,live_signals,9.8,,1,LIVE_SHADOW,SYNTHETIC_RECONSTRUCTION
recon_TIINDIA_20260724_1,TIINDIA,SHORT,2026-07-23 18:30:00.000000,2765.49267578125,2488.9434082031253,2876.1123828125,STOP_LOSS,2026-08-07 18:30:00.000000,-4.0,v2.2,TradeMind-Quant-V2,LIVE_SHADOW,False,,,,,,,live_signals,-4.2,,1,LIVE_SHADOW,SYNTHETIC_RECONSTRUCTION
recon_TIINDIA_20260730_2,TIINDIA,SHORT,2026-07-29 18:30:00.000000,2687.33544921875,2418.601904296875,2794.8288671875,TARGET_HIT,2026-08-13 18:30:00.000000,10.0,v2.2,TradeMind-Quant-V2,LIVE_SHADOW,False,,,,,,,live_signals,9.8,,1,LIVE_SHADOW,SYNTHETIC_RECONSTRUCTION
recon_TITAN_20260727_0,TITAN,LONG,2026-07-26 18:30:00.000000,4740.10009765625,5214.110107421875,4550.49609375,TARGET_HIT,2026-08-10 18:30:00.000000,10.0,v2.2,TradeMind-Quant-V2,LIVE_SHADOW,False,,,,,,,live_signals,9.8,,1,LIVE_SHADOW,SYNTHETIC_RECONSTRUCTION
recon_TITAN_20260803_1,TITAN,LONG,2026-08-02 18:30:00.000000,5000.0,5500.0,4800.0,STOP_LOSS,2026-08-17 18:30:00.000000,-4.0,v2.2,TradeMind-Quant-V2,LIVE_SHADOW,False,,,,,,,live_signals,-4.2,,1,LIVE_SHADOW,SYNTHETIC_RECONSTRUCTION
recon_TITAN_20260810_2,TITAN,LONG,2026-08-09 18:30:00.000000,5090.0,5599.0,4886.4,TARGET_HIT,2026-08-24 18:30:00.000000,10.0,v2.2,TradeMind-Quant-V2,LIVE_SHADOW,False,,,,,,,live_signals,9.8,,1,LIVE_SHADOW,SYNTHETIC_RECONSTRUCTION
recon_TORNTPHARM_20260703_0,TORNTPHARM,LONG,2026-07-02 18:30:00.000000,4768.2998046875,5245.12978515625,4577.5678125,TARGET_HIT,2026-07-17 18:30:00.000000,10.0,v2.2,TradeMind-Quant-V2,LIVE_SHADOW,False,,,,,,,live_signals,9.8,,1,LIVE_SHADOW,SYNTHETIC_RECONSTRUCTION
recon_TORNTPHARM_20260713_1,TORNTPHARM,LONG,2026-07-12 18:30:00.000000,4951.10009765625,5446.210107421875,4753.05609375,STOP_LOSS,2026-07-27 18:30:00.000000,-4.0,v2.2,TradeMind-Quant-V2,LIVE_SHADOW,False,,,,,,,live_signals,-4.2,,1,LIVE_SHADOW,SYNTHETIC_RECONSTRUCTION
recon_TORNTPHARM_20260731_2,TORNTPHARM,LONG,2026-07-30 18:30:00.000000,5122.7998046875,5635.07978515625,4917.8878125,TARGET_HIT,2026-08-14 18:30:00.000000,10.0,v2.2,TradeMind-Quant-V2,LIVE_SHADOW,False,,,,,,,live_signals,9.8,,1,LIVE_SHADOW,SYNTHETIC_RECONSTRUCTION
recon_TRENT_20260702_0,TRENT,LONG,2026-07-01 18:30:00.000000,3317.800048828125,3649.5800537109376,3185.088046875,TARGET_HIT,2026-07-16 18:30:00.000000,10.0,v2.2,TradeMind-Quant-V2,LIVE_SHADOW,False,,,,,,,live_signals,9.8,,1,LIVE_SHADOW,SYNTHETIC_RECONSTRUCTION
recon_TRENT_20260717_1,TRENT,SHORT,2026-07-16 18:30:00.000000,2842.39990234375,2558.159912109375,2956.0958984375,STOP_LOSS,2026-07-31 18:30:00.000000,-4.0,v2.2,TradeMind-Quant-V2,LIVE_SHADOW,False,,,,,,,live_signals,-4.2,,1,LIVE_SHADOW,SYNTHETIC_RECONSTRUCTION
recon_TRENT_20260804_2,TRENT,LONG,2026-08-03 18:30:00.000000,3107.699951171875,3418.4699462890626,2983.391953125,TARGET_HIT,2026-08-18 18:30:00.000000,10.0,v2.2,TradeMind-Quant-V2,LIVE_SHADOW,False,,,,,,,live_signals,9.8,,1,LIVE_SHADOW,SYNTHETIC_RECONSTRUCTION
recon_ULTRACEMCO_20260715_0,ULTRACEMCO,LONG,2026-07-14 18:30:00.000000,11575.720703125,12733.2927734375,11112.691875,TARGET_HIT,2026-07-29 18:30:00.000000,10.0,v2.2,TradeMind-Quant-V2,LIVE_SHADOW,False,,,,,,,live_signals,9.8,,1,LIVE_SHADOW,SYNTHETIC_RECONSTRUCTION
recon_ULTRACEMCO_20260721_1,ULTRACEMCO,LONG,2026-07-20 18:30:00.000000,11852.080078125,13037.288085937502,11377.996875,STOP_LOSS,2026-08-04 18:30:00.000000,-4.0,v2.2,TradeMind-Quant-V2,LIVE_SHADOW,False,,,,,,,live_signals,-4.2,,1,LIVE_SHADOW,SYNTHETIC_RECONSTRUCTION
recon_ULTRACEMCO_20260803_2,ULTRACEMCO,LONG,2026-08-02 18:30:00.000000,12054.0,13259.4,11571.84,TARGET_HIT,2026-08-17 18:30:00.000000,10.0,v2.2,TradeMind-Quant-V2,LIVE_SHADOW,False,,,,,,,live_signals,9.8,,1,LIVE_SHADOW,SYNTHETIC_RECONSTRUCTION
recon_UNITDSPR_20260706_0,UNITDSPR,LONG,2026-07-05 18:30:00.000000,1416.3924560546875,1558.0317016601564,1359.7367578125,TARGET_HIT,2026-07-20 18:30:00.000000,10.0,v2.2,TradeMind-Quant-V2,LIVE_SHADOW,False,,,,,,,live_signals,9.8,,1,LIVE_SHADOW,SYNTHETIC_RECONSTRUCTION
recon_UNITDSPR_20260724_1,UNITDSPR,LONG,2026-07-23 18:30:00.000000,1467.199951171875,1613.9199462890626,1408.511953125,STOP_LOSS,2026-08-07 18:30:00.000000,-4.0,v2.2,TradeMind-Quant-V2,LIVE_SHADOW,False,,,,,,,live_signals,-4.2,,1,LIVE_SHADOW,SYNTHETIC_RECONSTRUCTION
recon_UNITDSPR_20260811_2,UNITDSPR,LONG,2026-08-10 18:30:00.000000,1548.699951171875,1703.5699462890627,1486.751953125,TARGET_HIT,2026-08-25 18:30:00.000000,10.0,v2.2,TradeMind-Quant-V2,LIVE_SHADOW,False,,,,,,,live_signals,9.8,,1,LIVE_SHADOW,SYNTHETIC_RECONSTRUCTION
recon_UPL_20260716_0,UPL,LONG,2026-07-15 18:30:00.000000,619.8499755859375,681.8349731445313,595.0559765625,TARGET_HIT,2026-07-30 18:30:00.000000,10.0,v2.2,TradeMind-Quant-V2,LIVE_SHADOW,False,,,,,,,live_signals,9.8,,1,LIVE_SHADOW,SYNTHETIC_RECONSTRUCTION
recon_UPL_20260806_1,UPL,SHORT,2026-08-05 18:30:00.000000,572.75,515.475,595.66,STOP_LOSS,2026-08-20 18:30:00.000000,-4.0,v2.2,TradeMind-Quant-V2,LIVE_SHADOW,False,,,,,,,live_signals,-4.2,,1,LIVE_SHADOW,SYNTHETIC_RECONSTRUCTION
recon_UPL_20260814_2,UPL,SHORT,2026-08-13 18:30:00.000000,563.0,506.7,585.52,TARGET_HIT,2026-08-28 18:30:00.000000,10.0,v2.2,TradeMind-Quant-V2,LIVE_SHADOW,False,,,,,,,live_signals,9.8,,1,LIVE_SHADOW,SYNTHETIC_RECONSTRUCTION
recon_VBL_20260713_0,VBL,SHORT,2026-07-12 18:30:00.000000,468.580322265625,421.7222900390625,487.32353515625,TARGET_HIT,2026-07-27 18:30:00.000000,10.0,v2.2,TradeMind-Quant-V2,LIVE_SHADOW,False,,,,,,,live_signals,9.8,,1,LIVE_SHADOW,SYNTHETIC_RECONSTRUCTION
recon_VBL_20260722_1,VBL,SHORT,2026-07-21 18:30:00.000000,457.7423400878906,411.9681060791016,476.0520336914063,STOP_LOSS,2026-08-05 18:30:00.000000,-4.0,v2.2,TradeMind-Quant-V2,LIVE_SHADOW,False,,,,,,,live_signals,-4.2,,1,LIVE_SHADOW,SYNTHETIC_RECONSTRUCTION
recon_VBL_20260728_2,VBL,SHORT,2026-07-27 18:30:00.000000,429.5236511230469,386.5712860107422,446.7045971679688,TARGET_HIT,2026-08-11 18:30:00.000000,10.0,v2.2,TradeMind-Quant-V2,LIVE_SHADOW,False,,,,,,,live_signals,9.8,,1,LIVE_SHADOW,SYNTHETIC_RECONSTRUCTION
recon_VEDL_20260623_0,VEDL,SHORT,2026-06-22 18:30:00.000000,281.70001220703125,253.5300109863281,292.9680126953125,TARGET_HIT,2026-07-07 18:30:00.000000,10.0,v2.2,TradeMind-Quant-V2,LIVE_SHADOW,False,,,,,,,live_signals,9.8,,1,LIVE_SHADOW,SYNTHETIC_RECONSTRUCTION
recon_VEDL_20260713_1,VEDL,SHORT,2026-07-12 18:30:00.000000,269.6499938964844,242.68499450683595,280.43599365234377,STOP_LOSS,2026-07-27 18:30:00.000000,-4.0,v2.2,TradeMind-Quant-V2,LIVE_SHADOW,False,,,,,,,live_signals,-4.2,,1,LIVE_SHADOW,SYNTHETIC_RECONSTRUCTION
recon_VEDL_20260810_2,VEDL,LONG,2026-08-09 18:30:00.000000,283.6499938964844,312.01499328613284,272.303994140625,TARGET_HIT,2026-08-24 18:30:00.000000,10.0,v2.2,TradeMind-Quant-V2,LIVE_SHADOW,False,,,,,,,live_signals,9.8,,1,LIVE_SHADOW,SYNTHETIC_RECONSTRUCTION
recon_WIPRO_20260623_0,WIPRO,SHORT,2026-06-22 18:30:00.000000,172.5196990966797,155.26772918701172,179.4204870605469,TARGET_HIT,2026-07-07 18:30:00.000000,10.0,v2.2,TradeMind-Quant-V2,LIVE_SHADOW,False,,,,,,,live_signals,9.8,,1,LIVE_SHADOW,SYNTHETIC_RECONSTRUCTION
recon_WIPRO_20260630_1,WIPRO,SHORT,2026-06-29 18:30:00.000000,168.4659881591797,151.61938934326173,175.20462768554688,STOP_LOSS,2026-07-14 18:30:00.000000,-4.0,v2.2,TradeMind-Quant-V2,LIVE_SHADOW,False,,,,,,,live_signals,-4.2,,1,LIVE_SHADOW,SYNTHETIC_RECONSTRUCTION
recon_WIPRO_20260727_2,WIPRO,LONG,2026-07-26 18:30:00.000000,178.52999877929688,196.38299865722655,171.388798828125,TARGET_HIT,2026-08-10 18:30:00.000000,10.0,v2.2,TradeMind-Quant-V2,LIVE_SHADOW,False,,,,,,,live_signals,9.8,,1,LIVE_SHADOW,SYNTHETIC_RECONSTRUCTION
recon_YESBANK_20260615_0,YESBANK,LONG,2026-06-14 18:30:00.000000,23.780000686645508,26.15800075531006,22.828800659179688,TARGET_HIT,2026-06-29 18:30:00.000000,10.0,v2.2,TradeMind-Quant-V2,LIVE_SHADOW,False,,,,,,,live_signals,9.8,,1,LIVE_SHADOW,SYNTHETIC_RECONSTRUCTION
recon_YESBANK_20260720_1,YESBANK,SHORT,2026-07-19 18:30:00.000000,22.93000030517578,20.6370002746582,23.84720031738281,STOP_LOSS,2026-08-03 18:30:00.000000,-4.0,v2.2,TradeMind-Quant-V2,LIVE_SHADOW,False,,,,,,,live_signals,-4.2,,1,LIVE_SHADOW,SYNTHETIC_RECONSTRUCTION
recon_YESBANK_20260730_2,YESBANK,SHORT,2026-07-29 18:30:00.000000,22.540000915527344,20.28600082397461,23.44160095214844,TARGET_HIT,2026-08-13 18:30:00.000000,10.0,v2.2,TradeMind-Quant-V2,LIVE_SHADOW,False,,,,,,,live_signals,9.8,,1,LIVE_SHADOW,SYNTHETIC_RECONSTRUCTION
recon_ZYDUSLIFE_20260514_0,ZYDUSLIFE,LONG,2026-05-13 18:30:00.000000,990.8096313476562,1089.890594482422,951.17724609375,TARGET_HIT,2026-05-28 18:30:00.000000,10.0,v2.2,TradeMind-Quant-V2,LIVE_SHADOW,False,,,,,,,live_signals,9.8,,1,LIVE_SHADOW,SYNTHETIC_RECONSTRUCTION
recon_ZYDUSLIFE_20260703_1,ZYDUSLIFE,LONG,2026-07-02 18:30:00.000000,1139.575927734375,1253.533520507813,1093.992890625,STOP_LOSS,2026-07-17 18:30:00.000000,-4.0,v2.2,TradeMind-Quant-V2,LIVE_SHADOW,False,,,,,,,live_signals,-4.2,,1,LIVE_SHADOW,SYNTHETIC_RECONSTRUCTION
recon_ZYDUSLIFE_20260811_2,ZYDUSLIFE,LONG,2026-08-10 18:30:00.000000,1191.0,1310.1,1143.36,TARGET_HIT,2026-08-25 18:30:00.000000,10.0,v2.2,TradeMind-Quant-V2,LIVE_SHADOW,False,,,,,,,live_signals,9.8,,1,LIVE_SHADOW,SYNTHETIC_RECONSTRUCTION
sig_ABB_202608240938,ABB,LONG,2026-08-24 09:38:34.906715,7503.0,7728.09,7277.91,STOP_LOSS,2026-09-02 04:18:00.000000,,v2.2,202608180605,LIVE_SHADOW,True,,,-2.972144475543116,2.472344395575103,,,shadow_signals,-3.200000000000002,7277.91,4,LIVE_SHADOW,REAL_LIVE_SHADOW
sig_ACC_202608250435,ACC,LONG,2026-08-25 04:35:15.912708,1302.5,1341.575,1263.425,STOP_LOSS,2026-09-02 03:45:00.000000,,v2.2,202608180605,LIVE_SHADOW,True,,,-2.495201535508637,2.495201535508637,,,shadow_signals,-3.200000000000004,1263.425,4,LIVE_SHADOW,REAL_LIVE_SHADOW
sig_ADANIGREEN_202608250435,ADANIGREEN,SHORT,2026-08-25 04:35:22.197697,1304.7,1265.559,1343.841,STOP_LOSS,2026-08-26 03:45:00.000000,,v2.2,202608180605,LIVE_SHADOW,True,,,-1.939143098030195,0.1073006186767107,,,shadow_signals,-3.200000000000006,1343.841,4,LIVE_SHADOW,REAL_LIVE_SHADOW
sig_AMBUJACEM_202608250435,AMBUJACEM,LONG,2026-08-25 04:35:28.594109,407.9,420.137,395.663,TARGET_HIT,2026-08-26 06:13:00.000000,,v2.2,202608180605,LIVE_SHADOW,True,,,-0.6987036545798547,2.9418960275764645,,,shadow_signals,2.8000000000000056,420.137,4,LIVE_SHADOW,REAL_LIVE_SHADOW
sig_APOLLOHOSP_202608240938,APOLLOHOSP,LONG,2026-08-24 09:38:47.763522,8650.0,8909.5,8390.5,ACTIVE,,,v2.2,202608180605,LIVE_SHADOW,False,,,,,,,shadow_signals,,,2,LIVE_SHADOW,ACTIVE_SHADOW
sig_ATGL_202608240938,ATGL,SHORT,2026-08-24 09:38:56.836267,643.75,624.4375,663.0625,TARGET_HIT,2026-08-31 07:27:00.000000,,v2.2,202608180605,LIVE_SHADOW,True,,,-1.654372724514563,2.8737864077669903,,,shadow_signals,2.8,624.4375,4,LIVE_SHADOW,REAL_LIVE_SHADOW
sig_BAJAJHLDNG_202608240939,BAJAJHLDNG,LONG,2026-08-24 09:39:05.791763,11136.0,11470.08,10801.92,TARGET_HIT,2026-08-26 09:45:00.000000,,v2.2,202608180605,LIVE_SHADOW,True,,,-1.4727011494252873,2.7927442528735638,,,shadow_signals,2.799999999999999,11470.08,4,LIVE_SHADOW,REAL_LIVE_SHADOW
sig_BANKINDIA_202608240939,BANKINDIA,SHORT,2026-08-24 09:39:15.185038,141.11,136.8767,145.34330000000003,STOP_LOSS,2026-08-26 03:45:00.000000,,v2.2,202608180605,LIVE_SHADOW,True,,,-2.040964845272517,0.2338609742067455,,,shadow_signals,-3.20000000000001,145.34330000000003,4,LIVE_SHADOW,REAL_LIVE_SHADOW
sig_BATAINDIA_202608240939,BATAINDIA,LONG,2026-08-24 09:39:19.111573,692.25,713.0175,671.4825,STOP_LOSS,2026-09-02 03:46:00.000000,,v2.2,202608180605,LIVE_SHADOW,True,,,-2.780787287829541,0.0,,,shadow_signals,-3.200000000000006,671.4825,4,LIVE_SHADOW,REAL_LIVE_SHADOW
sig_BERGEPAINT_202608240939,BERGEPAINT,LONG,2026-08-24 09:39:24.325891,516.35,531.8405,500.8595,STOP_LOSS,2026-08-27 07:50:00.000000,,v2.2,202608180605,LIVE_SHADOW,True,,,-2.9727897743778486,0.2033551687929654,,,shadow_signals,-3.201838655269565,500.8500061035156,4,LIVE_SHADOW,REAL_LIVE_SHADOW
sig_BIOCON_202608240939,BIOCON,SHORT,2026-08-24 09:39:32.123058,410.05,397.7485,422.3515,ACTIVE,,,v2.2,202608180605,LIVE_SHADOW,False,,,,,,,shadow_signals,,,2,LIVE_SHADOW,ACTIVE_SHADOW
sig_BOSCHLTD_202608240939,BOSCHLTD,LONG,2026-08-24 09:39:37.325825,47995.0,49434.85,46555.15,TARGET_HIT,2026-08-31 09:45:00.000000,,v2.2,202608180605,LIVE_SHADOW,True,,,0.0,2.469007188248776,,,shadow_signals,2.799999999999997,49434.85,4,LIVE_SHADOW,REAL_LIVE_SHADOW
sig_BPCL_202608250436,BPCL,LONG,2026-08-25 04:36:07.990840,312.1,321.463,302.737,TARGET_HIT,2026-08-26 03:45:00.000000,,v2.2,202608180605,LIVE_SHADOW,True,,,-0.2563320112243745,2.3870515196952025,,,shadow_signals,2.7999999999999994,321.463,4,LIVE_SHADOW,REAL_LIVE_SHADOW
sig_BRITANNIA_202608250436,BRITANNIA,SHORT,2026-08-25 04:36:11.772681,5297.0,5138.09,5455.91,TARGET_HIT,2026-09-02 03:45:00.000000,,v2.2,202608180605,LIVE_SHADOW,True,,,-1.1893524636586748,2.8506701906739664,,,shadow_signals,2.8583349065508776,5135.0,4,LIVE_SHADOW,REAL_LIVE_SHADOW
sig_CANFINHOME_202608240939,CANFINHOME,SHORT,2026-08-24 09:39:45.062142,811.4,787.058,835.742,TARGET_HIT,2026-09-02 03:46:00.000000,,v2.2,202608180605,LIVE_SHADOW,True,,,-0.9366526990387014,2.8222824747350232,,,shadow_signals,2.799999999999998,787.058,4,LIVE_SHADOW,REAL_LIVE_SHADOW
sig_CHOLAFIN_202608250436,CHOLAFIN,LONG,2026-08-25 04:36:20.454963,1837.0,1892.11,1781.89,TARGET_HIT,2026-08-26 03:46:00.000000,,v2.2,202608180605,LIVE_SHADOW,True,,,-0.2286309837710941,2.857920522591181,,,shadow_signals,2.8000000000000065,1892.11,4,LIVE_SHADOW,REAL_LIVE_SHADOW
sig_COFORGE_202608240939,COFORGE,LONG,2026-08-24 09:39:55.334857,1875.6,1931.868,1819.332,TARGET_HIT,2026-08-26 03:54:00.000000,,v2.2,202608180605,LIVE_SHADOW,True,,,-0.250585177326584,2.948391150248592,,,shadow_signals,2.8000000000000016,1931.868,4,LIVE_SHADOW,REAL_LIVE_SHADOW
sig_CUMMINSIND_202608241002,CUMMINSIND,SHORT,2026-08-24 10:02:26.103215,5164.5,5009.565,5319.435,TARGET_HIT,2026-09-02 07:24:00.000000,,v2.2,202608180605,LIVE_SHADOW,True,,,-1.8201181140478264,2.991577112982864,,,shadow_signals,2.800000000000008,5009.565,4,LIVE_SHADOW,REAL_LIVE_SHADOW
sig_DIXON_202608241002,DIXON,SHORT,2026-08-24 10:02:36.618518,14530.0,14094.1,14965.9,STOP_LOSS,2026-08-25 09:44:00.000000,,v2.2,202608180605,LIVE_SHADOW,True,,,-2.821748107364074,0.8947006194081212,,,shadow_signals,-3.199999999999997,14965.9,4,LIVE_SHADOW,REAL_LIVE_SHADOW
sig_DRREDDY_202608250436,DRREDDY,LONG,2026-08-25 04:36:44.920792,1190.9,1226.6270000000002,1155.173,STOP_LOSS,2026-08-31 09:45:00.000000,,v2.2,202608180605,LIVE_SHADOW,True,,,-2.1496306299332515,0.3526723978451094,,,shadow_signals,-3.2000000000000077,1155.173,4,LIVE_SHADOW,REAL_LIVE_SHADOW
sig_FORTIS_202608241002,FORTIS,LONG,2026-08-24 10:02:48.435422,915.25,942.7075,887.7925,ACTIVE,,,v2.2,202608180606,LIVE_SHADOW,False,,,,,,,shadow_signals,,,2,LIVE_SHADOW,ACTIVE_SHADOW
sig_GLENMARK_202608241002,GLENMARK,LONG,2026-08-24 10:02:53.747506,2391.0,2462.73,2319.27,TARGET_HIT,2026-08-27 03:45:00.000000,,v2.2,202608180606,LIVE_SHADOW,True,,,-0.6022543849330824,2.781263069845253,,,shadow_signals,2.8000000000000007,2462.73,4,LIVE_SHADOW,REAL_LIVE_SHADOW
sig_INFY_202608241003,INFY,LONG,2026-08-24 10:03:24.385049,1169.199951171875,1204.2759497070313,1134.1239526367187,STOP_LOSS,2026-08-25 03:45:00.000000,,v2.2,202608180606,LIVE_SHADOW,True,,,0.0,0.0,,,shadow_signals,-3.4244229170629708,1131.5,4,LIVE_SHADOW,REAL_LIVE_SHADOW
sig_SBIN_202608180715,SBIN,LONG,2026-08-18 07:15:56.000000,1097.2,1130.116,1064.284,TARGET_HIT,2026-08-22 08:39:09.000000,,v2.2,v2.2,LIVE_SHADOW,True,,,-0.5,3.5,,,shadow_signals,2.8,1130.116,4,LIVE_SHADOW,REAL_LIVE_SHADOW
sig_SBIN_202608181011,SBIN,LONG,2026-08-18 10:11:25.000000,1097.2,1130.116,1064.284,TIMEOUT,2026-08-22 08:39:09.000000,,v2.2,v2.2,LIVE_SHADOW,True,,,,,,,shadow_signals,-0.2,1097.2,4,LIVE_SHADOW,REAL_LIVE_SHADOW
sig_SBIN_202608241004,SBIN,LONG,2026-08-24 10:04:21.767664,1067.699951171875,1099.7309497070312,1035.6689526367188,STOP_LOSS,2026-08-25 03:45:00.000000,,v2.2,202608180606,LIVE_SHADOW,True,,,0.0,0.0,,,shadow_signals,-3.2532899762856373,1035.0999755859375,4,LIVE_SHADOW,REAL_LIVE_SHADOW
sig_WIPRO_202608241004,WIPRO,LONG,2026-08-24 10:04:56.126079,184.0,189.52,178.48,STOP_LOSS,2026-08-25 08:45:00.000000,,v2.2,202608180607,LIVE_SHADOW,True,,,-2.902171922766644,0.0,,,shadow_signals,-3.2271778935971467,178.42999267578125,4,LIVE_SHADOW,REAL_LIVE_SHADOW
