id,timestamp,symbol,direction,asset_class,instrument_id,instrument_type,raw_probability,calibrated_probability,expected_value,data_quality_score,entry_price,target_price,stop_price,strategy_version,universe_version,model_version,feature_version,regime,outcome,outcome_timestamp,exit_price,realized_return,realized_mfe,realized_mae,transaction_cost,slippage,net_return,exit_reason,data_timestamp,market_timestamp,evaluation_mode,status,signal_eligibility,outcome_verified,quantity,capital_allocation,risk_amount,gross_pnl,pnl_percentage,fees,net_pnl,prediction_id,provenance_id,created_at,updated_at,asset_type,exchange,underlying_symbol,signal_type,signal_rating,conviction,entry_zone_low,entry_zone_high,current_price,price_timestamp,derivative_symbol,contract_multiplier,derivative_entry,derivative_current,derivative_target,derivative_stop,premium_timestamp,signal_timestamp,last_updated_at,entry_timestamp,exit_timestamp,lifecycle_state,outcome_status,verification_level,risk_amount_abs,reward_amount_abs,expected_return,feature_snapshot_id,market_snapshot_id,model_run_id,decision_id,created_by,calculation_version,pnl_engine_version,outcome_engine_version,reconstruction_version,last_reconciled_at,record_hash,audit_status
master_opt_RELIANCE_3100_122636,2026-08-27T12:26:36.295273,RELIANCE,LONG,EQUITY,,,,,,,48.0,95.0,30.0,v2.2,NIFTY_200_AUG2026,TradeMind F&O v1.1,,,,,,,,,,,,,,,LEGACY_UNVERIFIED,ACTIVE,,False,,,,,,,,,,2026-08-27T12:26:36.295273,2026-09-04T12:45:05.541637,EQUITY,NSE,,,,,,,,,,,,,,,,,2026-09-04T12:45:07.062845,,,,,0,,,,,,,,SYSTEM,1.0,1.0,1.0,1.0,,,PENDING
master_eq_INFY_122636,2026-08-27T12:26:36.295273,INFY,LONG,EQUITY,,,,,,,1910.0,2050.0,1860.0,v2.2,NIFTY_200_AUG2026,TradeMind Core v2.2,,,,,,,,,,,,,,,LEGACY_UNVERIFIED,ACTIVE,,False,,,,,,,,,,2026-08-27T12:26:36.295273,2026-09-04T12:45:05.537640,EQUITY,NSE,,,,,,,,,,,,,,,,,2026-09-04T12:45:07.062845,,,,,0,,,,,,,,SYSTEM,1.0,1.0,1.0,1.0,,,PENDING
master_eq_ITC_122636,2026-08-27T12:26:36.295273,ITC,LONG,EQUITY,,,,,,,495.0,550.0,482.0,v2.2,NIFTY_200_AUG2026,TradeMind Core v2.2,,,,,,,,,,,,,,,LEGACY_UNVERIFIED,ACTIVE,,False,,,,,,,,,,2026-08-27T12:26:36.295273,2026-09-04T12:45:05.537640,EQUITY,NSE,,,,,,,,,,,,,,,,,2026-09-04T12:45:07.062845,,,,,0,,,,,,,,SYSTEM,1.0,1.0,1.0,1.0,,,PENDING
master_eq_LT_122636,2026-08-27T12:26:36.295273,LT,LONG,EQUITY,,,,,,,3550.0,3850.0,3480.0,v2.2,NIFTY_200_AUG2026,TradeMind Core v2.2,,,,,,,,,,,,,,,LEGACY_UNVERIFIED,ACTIVE,,False,,,,,,,,,,2026-08-27T12:26:36.295273,2026-09-04T12:45:05.540638,EQUITY,NSE,,,,,,,,,,,,,,,,,2026-09-04T12:45:07.062845,,,,,0,,,,,,,,SYSTEM,1.0,1.0,1.0,1.0,,,PENDING
master_eq_RELIANCE_122636,2026-08-27T12:26:36.295273,RELIANCE,LONG,EQUITY,,,,,,,2980.0,3150.0,2920.0,v2.2,NIFTY_200_AUG2026,TradeMind Core v2.2,,,,,,,,,,,,,,,LEGACY_UNVERIFIED,ACTIVE,,False,,,,,,,,,,2026-08-27T12:26:36.295273,2026-09-04T12:45:05.540638,EQUITY,NSE,,,,,,,,,,,,,,,,,2026-09-04T12:45:07.062845,,,,,0,,,,,,,,SYSTEM,1.0,1.0,1.0,1.0,,,PENDING
master_eq_TCS_122636,2026-08-27T12:26:36.295273,TCS,LONG,EQUITY,,,,,,,4520.0,4800.0,4450.0,v2.2,NIFTY_200_AUG2026,TradeMind Core v2.2,,,,,,,,,,,,,,,LEGACY_UNVERIFIED,ACTIVE,,False,,,,,,,,,,2026-08-27T12:26:36.295273,2026-09-04T12:45:05.540638,EQUITY,NSE,,,,,,,,,,,,,,,,,2026-09-04T12:45:07.062845,,,,,0,,,,,,,,SYSTEM,1.0,1.0,1.0,1.0,,,PENDING
master_fut_BANKNIFTY_122636,2026-08-27T12:26:36.295273,BANKNIFTY,LONG,EQUITY,,,,,,,52600.0,53800.0,52100.0,v2.2,NIFTY_200_AUG2026,TradeMind F&O v1.1,,,,,,,,,,,,,,,LEGACY_UNVERIFIED,ACTIVE,,False,,,,,,,,,,2026-08-27T12:26:36.295273,2026-09-04T12:45:05.540638,EQUITY,NSE,,,,,,,,,,,,,,,,,2026-09-04T12:45:07.062845,,,,,0,,,,,,,,SYSTEM,1.0,1.0,1.0,1.0,,,PENDING
master_fut_NIFTY_122636,2026-08-27T12:26:36.295273,NIFTY,LONG,EQUITY,,,,,,,24850.0,25200.0,24650.0,v2.2,NIFTY_200_AUG2026,TradeMind F&O v1.1,,,,,,,,,,,,,,,LEGACY_UNVERIFIED,ACTIVE,,False,,,,,,,,,,2026-08-27T12:26:36.295273,2026-09-04T12:45:05.540638,EQUITY,NSE,,,,,,,,,,,,,,,,,2026-09-04T12:45:07.062845,,,,,0,,,,,,,,SYSTEM,1.0,1.0,1.0,1.0,,,PENDING
master_opt_SBIN_860_122636,2026-08-27T12:26:36.295273,SBIN,LONG,EQUITY,,,,,,,18.0,42.0,10.0,v2.2,NIFTY_200_AUG2026,TradeMind F&O v1.1,,,,,,,,,,,,,,,LEGACY_UNVERIFIED,ACTIVE,,False,,,,,,,,,,2026-08-27T12:26:36.295273,2026-09-04T12:45:05.541637,EQUITY,NSE,,,,,,,,,,,,,,,,,2026-09-04T12:45:07.062845,,,,,0,,,,,,,,SYSTEM,1.0,1.0,1.0,1.0,,,PENDING
master_fut_RELIANCE_122636,2026-08-27T12:26:36.295273,RELIANCE,LONG,EQUITY,,,,,,,3010.0,3180.0,2960.0,v2.2,NIFTY_200_AUG2026,TradeMind F&O v1.1,,,,,,,,,,,,,,,LEGACY_UNVERIFIED,ACTIVE,,False,,,,,,,,,,2026-08-27T12:26:36.295273,2026-09-04T12:45:05.541637,EQUITY,NSE,,,,,,,,,,,,,,,,,2026-09-04T12:45:07.062845,,,,,0,,,,,,,,SYSTEM,1.0,1.0,1.0,1.0,,,PENDING
master_opt_NIFTY_25000_122636,2026-08-27T12:26:36.295273,NIFTY,LONG,EQUITY,,,,,,,155.0,280.0,95.0,v2.2,NIFTY_200_AUG2026,TradeMind F&O v1.1,,,,,,,,,,,,,,,LEGACY_UNVERIFIED,ACTIVE,,False,,,,,,,,,,2026-08-27T12:26:36.295273,2026-09-04T12:45:05.541637,EQUITY,NSE,,,,,,,,,,,,,,,,,2026-09-04T12:45:07.062845,,,,,0,,,,,,,,SYSTEM,1.0,1.0,1.0,1.0,,,PENDING
sig_DRREDDY_202608250436,2026-08-25T04:36:44.920792,DRREDDY,LONG,EQUITY,DRREDDY.NS,EQUITY,0.5,0.5734028347032236,2.86,0.8654785158587963,1190.9,1226.6270000000002,1155.173,v2.2,NIFTY_200_AUG2026,202608180605,v1.0.0,BULLISH,,2026-08-31T09:45:00,1155.173,-3.000000000000007,0.35267239784510945,-2.1496306299332515,0.1,0.1,-3.2000000000000073,STOP_LOSS,,,LIVE_SHADOW_VERIFIED,STOP_LOSS,,True,,,,,-3.000000000000007,0.1,-3.2000000000000073,,,2026-08-25T04:36:44.920792,2026-09-01T04:22:13.245079,,,,,,,,,,,,,,,,,,,,,,TERMINAL,,4,,,,,,,,,,,,,,,
sig_CHOLAFIN_202608250436,2026-08-25T04:36:20.454963,CHOLAFIN,LONG,EQUITY,CHOLAFIN.NS,EQUITY,0.5,0.5698928329198657,4.03,0.8656767457881944,1837.0,1892.1100000000001,1781.8899999999999,v2.2,NIFTY_200_AUG2026,202608180605,v1.0.0,BULLISH,,2026-08-26T03:46:00,1892.1100000000001,3.0000000000000067,2.8579205225911815,-0.22863098377109417,0.1,0.1,2.8000000000000065,TARGET_HIT,,,LIVE_SHADOW_VERIFIED,TARGET_HIT,,True,,,,,3.0000000000000067,0.1,2.8000000000000065,,,2026-08-25T04:36:20.454963,2026-08-28T06:12:29.523155,,,,,,,,,,,,,,,,,,,,,,TERMINAL,,4,,,,,,,,,,,,,,,
sig_BRITANNIA_202608250436,2026-08-25T04:36:11.772681,BRITANNIA,SHORT,EQUITY,BRITANNIA.NS,EQUITY,0.5,0.5543427259212057,6.68,0.8657474346157406,5297.0,5138.09,5455.91,v2.2,NIFTY_200_AUG2026,202608180605,v1.0.0,BULLISH,,2026-09-02T03:45:00,5135.0,3.058334906550878,2.8506701906739664,-1.1893524636586748,0.1,0.1,2.8583349065508776,TARGET_HIT,,,LIVE_SHADOW_VERIFIED,TARGET_HIT,,True,,,,,3.058334906550878,0.1,2.8583349065508776,,,2026-08-25T04:36:11.772681,2026-09-02T04:17:36.600900,,,,,,,,,,,,,,,,,,,,,,TERMINAL,,4,,,,,,,,,,,,,,,
sig_BPCL_202608250436,2026-08-25T04:36:07.990840,BPCL,LONG,EQUITY,BPCL.NS,EQUITY,0.5,0.5695122620705576,0.68,0.8657777983877315,312.1,321.463,302.737,v2.2,NIFTY_200_AUG2026,202608180605,v1.0.0,BULLISH,,2026-08-26T03:45:00,321.463,2.9999999999999996,2.3870515196952025,-0.2563320112243745,0.1,0.1,2.7999999999999994,TARGET_HIT,,,LIVE_SHADOW_VERIFIED,TARGET_HIT,,True,,,,,2.9999999999999996,0.1,2.7999999999999994,,,2026-08-25T04:36:07.990840,2026-08-28T06:12:29.523155,,,,,,,,,,,,,,,,,,,,,,TERMINAL,,4,,,,,,,,,,,,,,,
sig_AMBUJACEM_202608250435,2026-08-25T04:35:28.594109,AMBUJACEM,LONG,EQUITY,AMBUJACEM.NS,EQUITY,0.5,0.5751484474975843,1.02,0.866097062392361,407.9,420.137,395.66299999999995,v2.2,NIFTY_200_AUG2026,202608180605,v1.0.0,BULLISH,,2026-08-26T06:13:00,420.137,3.0000000000000058,2.9418960275764645,-0.6987036545798547,0.1,0.1,2.8000000000000056,TARGET_HIT,,,LIVE_SHADOW_VERIFIED,TARGET_HIT,,True,,,,,3.0000000000000058,0.1,2.8000000000000056,,,2026-08-25T04:35:28.594109,2026-08-28T06:12:29.523155,,,,,,,,,,,,,,,,,,,,,,TERMINAL,,4,,,,,,,,,,,,,,,
sig_ADANIGREEN_202608250435,2026-08-25T04:35:22.197697,ADANIGREEN,SHORT,EQUITY,ADANIGREEN.NS,EQUITY,0.5,0.6634389576619153,10.18,0.8661487980069444,1304.7,1265.559,1343.8410000000001,v2.2,NIFTY_200_AUG2026,202608180605,v1.0.0,BULLISH,,2026-08-26T03:45:00,1343.8410000000001,-3.0000000000000058,0.10730061867671077,-1.939143098030195,0.1,0.1,-3.200000000000006,STOP_LOSS,,,LIVE_SHADOW_VERIFIED,STOP_LOSS,,True,,,,,-3.0000000000000058,0.1,-3.200000000000006,,,2026-08-25T04:35:22.197697,2026-08-28T06:12:29.523155,,,,,,,,,,,,,,,,,,,,,,TERMINAL,,4,,,,,,,,,,,,,,,
sig_ACC_202608250435,2026-08-25T04:35:15.912708,ACC,LONG,EQUITY,ACC.NS,EQUITY,0.5,0.6298159875218418,7.54,0.8662024774907406,1302.5,1341.575,1263.425,v2.2,NIFTY_200_AUG2026,202608180605,v1.0.0,BULLISH,,2026-09-02T03:45:00,1263.425,-3.0000000000000036,2.495201535508637,-2.495201535508637,0.1,0.1,-3.2000000000000037,STOP_LOSS,,,LIVE_SHADOW_VERIFIED,STOP_LOSS,,True,,,,,-3.0000000000000036,0.1,-3.2000000000000037,,,2026-08-25T04:35:15.912708,2026-09-02T04:17:36.600900,,,,,,,,,,,,,,,,,,,,,,TERMINAL,,4,,,,,,,,,,,,,,,
sig_WIPRO_202608241004,2026-08-24T10:04:56.126079,WIPRO,LONG,EQUITY,WIPRO.NS,EQUITY,0.5,0.5892289773240841,0.62,0.7059439370729167,184.0,189.52,178.48,v2.2,NIFTY_200_AUG2026,202608180607,v1.0.0,BULLISH,,2026-08-25T08:45:00,178.42999267578125,-3.0271778935971465,0.0,-2.902171922766644,0.1,0.1,-3.2271778935971467,,,,LIVE_SHADOW_VERIFIED,STOP_LOSS,,True,,,,,,,-3.2271778935971467,,,2026-08-24T10:04:56.126079,2026-08-25T12:04:11.943910,,,,,,,,,,,,,,,,,,,,,,TERMINAL,,4,,,,,,,,,,,,,,,
sig_SBIN_202608241004,2026-08-24T10:04:21.767664,SBIN,LONG,EQUITY,SBIN.NS,EQUITY,0.5,0.5783421925727608,2.88,0.7062223060810184,1067.699951171875,1099.7309497070312,1035.6689526367188,v2.2,NIFTY_200_AUG2026,202608180606,v1.0.0,BULLISH,,2026-08-25T03:45:00,1035.0999755859375,-3.053289976285637,0.0,0.0,0.1,0.1,-3.2532899762856373,,,,LIVE_SHADOW_VERIFIED,STOP_LOSS,,True,,,,,,,-3.2532899762856373,,,2026-08-24T10:04:21.767664,2026-08-25T12:04:11.943910,,,,,,,,,,,,,,,,,,,,,,TERMINAL,,4,,,,,,,,,,,,,,,
sig_INFY_202608241003,2026-08-24T10:03:24.385049,INFY,LONG,EQUITY,INFY.NS,EQUITY,0.5,0.7121226446895983,12.54,0.7066872443067129,1169.199951171875,1204.2759497070313,1134.1239526367187,v2.2,NIFTY_200_AUG2026,202608180606,v1.0.0,BULLISH,,2026-08-25T03:45:00,1131.5,-3.2244229170629706,0.0,0.0,0.1,0.1,-3.4244229170629708,,,,LIVE_SHADOW_VERIFIED,STOP_LOSS,,True,,,,,,,-3.4244229170629708,,,2026-08-24T10:03:24.385049,2026-08-25T12:04:11.943910,,,,,,,,,,,,,,,,,,,,,,TERMINAL,,4,,,,,,,,,,,,,,,
sig_GLENMARK_202608241002,2026-08-24T10:02:53.747506,GLENMARK,LONG,EQUITY,GLENMARK.NS,EQUITY,0.5,0.610994783515157,11.14,0.7069354099675926,2391.0,2462.73,2319.27,v2.2,NIFTY_200_AUG2026,202608180606,v1.0.0,BULLISH,,2026-08-27T03:45:00,2462.73,3.000000000000001,2.781263069845253,-0.6022543849330824,0.1,0.1,2.8000000000000007,TARGET_HIT,,,LIVE_SHADOW_VERIFIED,TARGET_HIT,,True,,,,,3.000000000000001,0.1,2.8000000000000007,,,2026-08-24T10:02:53.747506,2026-08-28T06:12:29.523155,,,,,,,,,,,,,,,,,,,,,,TERMINAL,,4,,,,,,,,,,,,,,,
sig_FORTIS_202608241002,2026-08-24T10:02:48.435422,FORTIS,LONG,EQUITY,FORTIS.NS,EQUITY,0.5,0.5844270910129463,2.81,0.7069784379224537,915.25,942.7075,887.7925,v2.2,NIFTY_200_AUG2026,202608180606,v1.0.0,BULLISH,,,,,,,,,,,,,LIVE_SHADOW_ACTIVE,ACTIVE,,False,,,,,,,,,,2026-08-24T10:02:48.435422,2026-08-24T10:02:48.435422,,,,,,,,,,,,,,,,,,,,,,ACTIVE,,2,,,,,,,,,,,,,,,
sig_DIXON_202608241002,2026-08-24T10:02:36.618518,DIXON,SHORT,EQUITY,DIXON.NS,EQUITY,0.5,0.5534179153301777,17.51,0.707074194568287,14530.0,14094.1,14965.9,v2.2,NIFTY_200_AUG2026,202608180605,v1.0.0,BULLISH,,2026-08-25T09:44:00,14965.9,-2.9999999999999973,0.8947006194081212,-2.821748107364074,0.1,0.1,-3.1999999999999975,,,,LIVE_SHADOW_VERIFIED,STOP_LOSS,,True,,,,,,,-3.1999999999999975,,,2026-08-24T10:02:36.618518,2026-08-25T12:04:11.943910,,,,,,,,,,,,,,,,,,,,,,TERMINAL,,4,,,,,,,,,,,,,,,
sig_CUMMINSIND_202608241002,2026-08-24T10:02:26.103215,CUMMINSIND,SHORT,EQUITY,CUMMINSIND.NS,EQUITY,0.5,0.6333939063372855,31.01,0.707159389542824,5164.5,5009.565,5319.435,v2.2,NIFTY_200_AUG2026,202608180605,v1.0.0,BULLISH,,2026-09-02T07:24:00,5009.565,3.000000000000008,2.991577112982864,-1.8201181140478264,0.1,0.1,2.800000000000008,TARGET_HIT,,,LIVE_SHADOW_VERIFIED,TARGET_HIT,,True,,,,,3.000000000000008,0.1,2.800000000000008,,,2026-08-24T10:02:26.103215,2026-09-02T08:19:43.832832,,,,,,,,,,,,,,,,,,,,,,TERMINAL,,4,,,,,,,,,,,,,,,
sig_COFORGE_202608240939,2026-08-24T09:39:55.334857,COFORGE,LONG,EQUITY,COFORGE.NS,EQUITY,0.5,0.5803340641688844,5.29,0.7181029124837963,1875.6,1931.868,1819.3319999999999,v2.2,NIFTY_200_AUG2026,202608180605,v1.0.0,BULLISH,,2026-08-26T03:54:00,1931.868,3.0000000000000018,2.948391150248592,-0.250585177326584,0.1,0.1,2.8000000000000016,TARGET_HIT,,,LIVE_SHADOW_VERIFIED,TARGET_HIT,,True,,,,,3.0000000000000018,0.1,2.8000000000000016,,,2026-08-24T09:39:55.334857,2026-08-28T06:12:29.523155,,,,,,,,,,,,,,,,,,,,,,TERMINAL,,4,,,,,,,,,,,,,,,
sig_CANFINHOME_202608240939,2026-08-24T09:39:45.062142,CANFINHOME,SHORT,EQUITY,CANFINHOME.NS,EQUITY,0.5,0.5511042280098764,0.87,0.7181861350381944,811.4,787.058,835.742,v2.2,NIFTY_200_AUG2026,202608180605,v1.0.0,BULLISH,,2026-09-02T03:46:00,787.058,2.9999999999999982,2.8222824747350232,-0.9366526990387014,0.1,0.1,2.799999999999998,TARGET_HIT,,,LIVE_SHADOW_VERIFIED,TARGET_HIT,,True,,,,,2.9999999999999982,0.1,2.799999999999998,,,2026-08-24T09:39:45.062142,2026-09-02T04:17:36.600900,,,,,,,,,,,,,,,,,,,,,,TERMINAL,,4,,,,,,,,,,,,,,,
sig_BOSCHLTD_202608240939,2026-08-24T09:39:37.325825,BOSCHLTD,LONG,EQUITY,BOSCHLTD.NS,EQUITY,0.5,0.561839005848159,82.09,0.7182488413703703,47995.0,49434.85,46555.15,v2.2,NIFTY_200_AUG2026,202608180605,v1.0.0,BULLISH,,2026-08-31T09:45:00,49434.85,2.9999999999999973,2.4690071882487756,0.0,0.1,0.1,2.799999999999997,TARGET_HIT,,,LIVE_SHADOW_VERIFIED,TARGET_HIT,,True,,,,,2.9999999999999973,0.1,2.799999999999997,,,2026-08-24T09:39:37.325825,2026-09-01T04:22:13.245079,,,,,,,,,,,,,,,,,,,,,,TERMINAL,,4,,,,,,,,,,,,,,,
sig_BIOCON_202608240939,2026-08-24T09:39:32.123058,BIOCON,SHORT,EQUITY,BIOCON.NS,EQUITY,0.5,0.5709925809565723,0.93,0.718290968488426,410.05,397.7485,422.35150000000004,v2.2,NIFTY_200_AUG2026,202608180605,v1.0.0,BULLISH,,,,,,,,,,,,,LIVE_SHADOW_ACTIVE,ACTIVE,,False,,,,,,,,,,2026-08-24T09:39:32.123058,2026-08-24T09:39:32.123058,,,,,,,,,,,,,,,,,,,,,,ACTIVE,,2,,,,,,,,,,,,,,,
sig_BERGEPAINT_202608240939,2026-08-24T09:39:24.325891,BERGEPAINT,LONG,EQUITY,BERGEPAINT.NS,EQUITY,0.5,0.5888703578040408,1.72,0.718354145230324,516.35,531.8405,500.8595,v2.2,NIFTY_200_AUG2026,202608180605,v1.0.0,BULLISH,,2026-08-27T07:50:00,500.8500061035156,-3.0018386552695646,0.20335516879296547,-2.9727897743778486,0.1,0.1,-3.201838655269565,STOP_LOSS,,,LIVE_SHADOW_VERIFIED,STOP_LOSS,,True,,,,,-3.0018386552695646,0.1,-3.201838655269565,,,2026-08-24T09:39:24.325891,2026-08-28T06:12:29.523155,,,,,,,,,,,,,,,,,,,,,,TERMINAL,,4,,,,,,,,,,,,,,,
sig_BATAINDIA_202608240939,2026-08-24T09:39:19.111573,BATAINDIA,LONG,EQUITY,BATAINDIA.NS,EQUITY,0.5,0.5811279498411156,1.99,0.7183963739456017,692.25,713.0175,671.4825,v2.2,NIFTY_200_AUG2026,202608180605,v1.0.0,BULLISH,,2026-09-02T03:46:00,671.4825,-3.0000000000000058,0.0,-2.780787287829541,0.1,0.1,-3.200000000000006,STOP_LOSS,,,LIVE_SHADOW_VERIFIED,STOP_LOSS,,True,,,,,-3.0000000000000058,0.1,-3.200000000000006,,,2026-08-24T09:39:19.111573,2026-09-02T04:17:36.600900,,,,,,,,,,,,,,,,,,,,,,TERMINAL,,4,,,,,,,,,,,,,,,
sig_BANKINDIA_202608240939,2026-08-24T09:39:15.185038,BANKINDIA,SHORT,EQUITY,BANKINDIA.NS,EQUITY,0.5,0.5723252159309875,0.33,0.7184282071099537,141.11,136.8767,145.34330000000003,v2.2,NIFTY_200_AUG2026,202608180605,v1.0.0,BULLISH,,2026-08-26T03:45:00,145.34330000000003,-3.0000000000000098,0.23386097420674554,-2.040964845272517,0.1,0.1,-3.20000000000001,STOP_LOSS,,,LIVE_SHADOW_VERIFIED,STOP_LOSS,,True,,,,,-3.0000000000000098,0.1,-3.20000000000001,,,2026-08-24T09:39:15.185038,2026-08-28T06:12:29.523155,,,,,,,,,,,,,,,,,,,,,,TERMINAL,,4,,,,,,,,,,,,,,,
sig_BAJAJHLDNG_202608240939,2026-08-24T09:39:05.791763,BAJAJHLDNG,LONG,EQUITY,BAJAJHLDNG.NS,EQUITY,0.5,0.6861248902339719,102.09,0.7185043229143517,11136.0,11470.08,10801.92,v2.2,NIFTY_200_AUG2026,202608180605,v1.0.0,BULLISH,,2026-08-26T09:45:00,11470.08,2.999999999999999,2.7927442528735633,-1.4727011494252873,0.1,0.1,2.799999999999999,TARGET_HIT,,,LIVE_SHADOW_VERIFIED,TARGET_HIT,,True,,,,,2.999999999999999,0.1,2.799999999999999,,,2026-08-24T09:39:05.791763,2026-08-28T06:12:29.523155,,,,,,,,,,,,,,,,,,,,,,TERMINAL,,4,,,,,,,,,,,,,,,
sig_ATGL_202608240938,2026-08-24T09:38:56.836267,ATGL,SHORT,EQUITY,ATGL.NS,EQUITY,0.5,0.6147767317070272,3.15,0.7185771749282407,643.75,624.4375,663.0625,v2.2,NIFTY_200_AUG2026,202608180605,v1.0.0,BULLISH,,2026-08-31T07:27:00,624.4375,3.0,2.8737864077669903,-1.654372724514563,0.1,0.1,2.8,TARGET_HIT,,,LIVE_SHADOW_VERIFIED,TARGET_HIT,,True,,,,,3.0,0.1,2.8,,,2026-08-24T09:38:56.836267,2026-08-31T08:42:38.993264,,,,,,,,,,,,,,,,,,,,,,TERMINAL,,4,,,,,,,,,,,,,,,
sig_APOLLOHOSP_202608240938,2026-08-24T09:38:47.763522,APOLLOHOSP,LONG,EQUITY,APOLLOHOSP.NS,EQUITY,0.5,0.6648297452566788,68.25,0.7186503593611111,8650.0,8909.5,8390.5,v2.2,NIFTY_200_AUG2026,202608180605,v1.0.0,BULLISH,,,,,,,,,,,,,LIVE_SHADOW_ACTIVE,ACTIVE,,False,,,,,,,,,,2026-08-24T09:38:47.763522,2026-08-24T09:38:47.763522,,,,,,,,,,,,,,,,,,,,,,ACTIVE,,2,,,,,,,,,,,,,,,
sig_ABB_202608240938,2026-08-24T09:38:34.906715,ABB,LONG,EQUITY,ABB.NS,EQUITY,0.5,0.5508343467984465,7.88,0.7187545707511573,7503.0,7728.09,7277.91,v2.2,NIFTY_200_AUG2026,202608180605,v1.0.0,BULLISH,,2026-09-02T04:18:00,7277.91,-3.0000000000000018,2.472344395575103,-2.972144475543116,0.1,0.1,-3.200000000000002,STOP_LOSS,,,LIVE_SHADOW_VERIFIED,STOP_LOSS,,True,,,,,-3.0000000000000018,0.1,-3.200000000000002,,,2026-08-24T09:38:34.906715,2026-09-02T06:35:31.601918,,,,,,,,,,,,,,,,,,,,,,TERMINAL,,4,,,,,,,,,,,,,,,
sig_SBIN_202608181011,2026-08-18T10:11:25,SBIN,LONG,EQUITY,SBIN.NS,EQUITY,0.38280874778647034,0.6293,6.32,0.7027810693634259,1097.2,1130.116,1064.284,v2.2,NIFTY_200_AUG2026,v2.2,v1.0.0,SIDEWAYS,,2026-08-22T08:39:09,1097.2,,,,,,-0.2,,,,LIVE_SHADOW_VERIFIED,TIMEOUT,,True,,,,,,,-0.2,,,2026-08-18T10:11:25,2026-08-28T06:14:03.769637,,,,,,,,,,,,,,,,,,,,,,TERMINAL,,4,,,,,,,,,,,,,,,
sig_SBIN_202608180715,2026-08-18T07:15:56,SBIN,LONG,EQUITY,SBIN.NS,EQUITY,0.38280874778647034,0.6293,6.32,0.7880845224710648,1097.2,1130.116,1064.284,v2.2,NIFTY_200_AUG2026,v2.2,v1.0.0,SIDEWAYS,,2026-08-22T08:39:09,1130.116,3.0,3.5,-0.5,0.1,0.1,2.8,,,,LIVE_SHADOW_VERIFIED,TARGET_HIT,,True,,,,,,,2.8,,,2026-08-18T07:15:56,2026-08-25T12:04:11.943910,,,,,,,,,,,,,,,,,,,,,,TERMINAL,,4,,,,,,,,,,,,,,,
28b6c1c6-ae07-4eac-92ac-02d326b0441d,2026-08-15T11:59:29.918401,RELIANCE,LONG,EQUITY,,,,,,,45.2,75.0,30.0,v2.2,NIFTY_200_AUG2026,TradeMind F&O v1.1,,,,,,,,,,,,,,,LEGACY_UNVERIFIED,TARGET_HIT,,False,,,,,,,,,,2026-08-15T11:59:29.918401,2026-09-04T12:45:05.611597,EQUITY,NSE,,,,,,,,,,,,,,,,,2026-09-04T12:45:07.063844,,,,,0,,,,,,,,SYSTEM,1.0,1.0,1.0,1.0,,,PENDING
f03124e1-ed0f-40d2-bcb2-bd13682750ab,2026-08-15T10:59:29.918401,NIFTY,LONG,EQUITY,,,,,,,24850.0,25200.0,24650.0,v2.2,NIFTY_200_AUG2026,TradeMind F&O v1.1,,,,,,,,,,,,,,,LEGACY_UNVERIFIED,EXPIRED,,False,,,,,,,,,,2026-08-15T10:59:29.918401,2026-09-04T12:45:05.611597,EQUITY,NSE,,,,,,,,,,,,,,,,,2026-09-04T12:45:07.063844,,,,,0,,,,,,,,SYSTEM,1.0,1.0,1.0,1.0,,,PENDING
21a52a86-d543-49a2-8cfe-f056417305cd,2026-08-15T09:59:29.918401,TCS,LONG,EQUITY,,,,,,,120.5,180.0,95.0,v2.2,NIFTY_200_AUG2026,TradeMind F&O v1.1,,,,,,,,,,,,,,,LEGACY_UNVERIFIED,TARGET_HIT,,False,,,,,,,,,,2026-08-15T09:59:29.918401,2026-09-04T12:45:05.611597,EQUITY,NSE,,,,,,,,,,,,,,,,,2026-09-04T12:45:07.063844,,,,,0,,,,,,,,SYSTEM,1.0,1.0,1.0,1.0,,,PENDING
61ac1904-ba26-47e4-977e-8145b663478b,2026-08-15T07:59:29.918401,BANKNIFTY,SHORT,EQUITY,,,,,,,52500.0,51800.0,52850.0,v2.2,NIFTY_200_AUG2026,TradeMind F&O v1.1,,,,,,,,,,,,,,,LEGACY_UNVERIFIED,EXPIRED,,False,,,,,,,,,,2026-08-15T07:59:29.918401,2026-09-04T12:45:05.611597,EQUITY,NSE,,,,,,,,,,,,,,,,,2026-09-04T12:45:07.063844,,,,,0,,,,,,,,SYSTEM,1.0,1.0,1.0,1.0,,,PENDING
cloud_hist_SHREECEM_20260814_4,2026-08-13T18:30:00,SHREECEM,SHORT,EQUITY,,,,,,,24795.0,22315.5,25786.8,v2.2,NIFTY_200_AUG2026,TradeMind Core v2.2-CloudBackfill,,,,,,,,,,,,,,,LEGACY_UNVERIFIED,TARGET_HIT,,False,,,,,,,,,,2026-08-13T18:30:00,2026-09-04T12:45:05.691551,EQUITY,NSE,,,,,,,,,,,,,,,,,2026-09-04T12:45:07.065843,,,,,0,,,,,,,,SYSTEM,1.0,1.0,1.0,1.0,,,PENDING
cloud_hist_RECLTD_20260814_4,2026-08-13T18:30:00,RECLTD,SHORT,EQUITY,,,,,,,335.0,301.5,348.40000000000003,v2.2,NIFTY_200_AUG2026,TradeMind Core v2.2-CloudBackfill,,,,,,,,,,,,,,,LEGACY_UNVERIFIED,TARGET_HIT,,False,,,,,,,,,,2026-08-13T18:30:00,2026-09-04T12:45:05.685557,EQUITY,NSE,,,,,,,,,,,,,,,,,2026-09-04T12:45:07.064844,,,,,0,,,,,,,,SYSTEM,1.0,1.0,1.0,1.0,,,PENDING
recon_RECLTD_20260814_2,2026-08-13T18:30:00,RECLTD,SHORT,EQUITY,,,,,,,335.0,301.5,348.40000000000003,v2.2,NIFTY_200_AUG2026,TradeMind-Quant-V2,,,,,,,,,,,,,,,LEGACY_UNVERIFIED,TARGET_HIT,,False,,,,,,,,,,2026-08-13T18:30:00,2026-09-04T12:45:05.594608,EQUITY,NSE,,,,,,,,,,,,,,,,,2026-09-04T12:45:07.063844,,,,,0,,,,,,,,SYSTEM,1.0,1.0,1.0,1.0,,,PENDING
recon_SBILIFE_20260814_2,2026-08-13T18:30:00,SBILIFE,SHORT,EQUITY,,,,,,,1795.0,1615.5,1866.8,v2.2,NIFTY_200_AUG2026,TradeMind-Quant-V2,,,,,,,,,,,,,,,LEGACY_UNVERIFIED,TARGET_HIT,,False,,,,,,,,,,2026-08-13T18:30:00,2026-09-04T12:45:05.595607,EQUITY,NSE,,,,,,,,,,,,,,,,,2026-09-04T12:45:07.063844,,,,,0,,,,,,,,SYSTEM,1.0,1.0,1.0,1.0,,,PENDING
recon_SHREECEM_20260814_2,2026-08-13T18:30:00,SHREECEM,SHORT,EQUITY,,,,,,,24795.0,22315.5,25786.8,v2.2,NIFTY_200_AUG2026,TradeMind-Quant-V2,,,,,,,,,,,,,,,LEGACY_UNVERIFIED,TARGET_HIT,,False,,,,,,,,,,2026-08-13T18:30:00,2026-09-04T12:45:05.596606,EQUITY,NSE,,,,,,,,,,,,,,,,,2026-09-04T12:45:07.063844,,,,,0,,,,,,,,SYSTEM,1.0,1.0,1.0,1.0,,,PENDING
cloud_hist_UPL_20260814_4,2026-08-13T18:30:00,UPL,SHORT,EQUITY,,,,,,,563.0,506.7,585.52,v2.2,NIFTY_200_AUG2026,TradeMind Core v2.2-CloudBackfill,,,,,,,,,,,,,,,LEGACY_UNVERIFIED,TARGET_HIT,,False,,,,,,,,,,2026-08-13T18:30:00,2026-09-04T12:45:05.704544,EQUITY,NSE,,,,,,,,,,,,,,,,,2026-09-04T12:45:07.065843,,,,,0,,,,,,,,SYSTEM,1.0,1.0,1.0,1.0,,,PENDING
recon_UPL_20260814_2,2026-08-13T18:30:00,UPL,SHORT,EQUITY,,,,,,,563.0,506.7,585.52,v2.2,NIFTY_200_AUG2026,TradeMind-Quant-V2,,,,,,,,,,,,,,,LEGACY_UNVERIFIED,TARGET_HIT,,False,,,,,,,,,,2026-08-13T18:30:00,2026-09-04T12:45:05.605601,EQUITY,NSE,,,,,,,,,,,,,,,,,2026-09-04T12:45:07.063844,,,,,0,,,,,,,,SYSTEM,1.0,1.0,1.0,1.0,,,PENDING
cloud_hist_SBILIFE_20260814_4,2026-08-13T18:30:00,SBILIFE,SHORT,EQUITY,,,,,,,1795.0,1615.5,1866.8,v2.2,NIFTY_200_AUG2026,TradeMind Core v2.2-CloudBackfill,,,,,,,,,,,,,,,LEGACY_UNVERIFIED,TARGET_HIT,,False,,,,,,,,,,2026-08-13T18:30:00,2026-09-04T12:45:05.687556,EQUITY,NSE,,,,,,,,,,,,,,,,,2026-09-04T12:45:07.064844,,,,,0,,,,,,,,SYSTEM,1.0,1.0,1.0,1.0,,,PENDING
recon_CONCOR_20260813_2,2026-08-12T18:30:00,CONCOR,LONG,EQUITY,,,,,,,533.6500244140625,587.0150268554688,512.3040234375,v2.2,NIFTY_200_AUG2026,TradeMind-Quant-V2,,,,,,,,,,,,,,,LEGACY_UNVERIFIED,TARGET_HIT,,False,,,,,,,,,,2026-08-12T18:30:00,2026-09-04T12:45:05.536640,EQUITY,NSE,,,,,,,,,,,,,,,,,2026-09-04T12:45:07.062845,,,,,0,,,,,,,,SYSTEM,1.0,1.0,1.0,1.0,,,PENDING
cloud_hist_ASTRAL_20260813_4,2026-08-12T18:30:00,ASTRAL,LONG,EQUITY,,,,,,,1589.5,1748.45,1525.9199999999998,v2.2,NIFTY_200_AUG2026,TradeMind Core v2.2-CloudBackfill,,,,,,,,,,,,,,,LEGACY_UNVERIFIED,TARGET_HIT,,False,,,,,,,,,,2026-08-12T18:30:00,2026-09-04T12:45:05.623591,EQUITY,NSE,,,,,,,,,,,,,,,,,2026-09-04T12:45:07.064844,,,,,0,,,,,,,,SYSTEM,1.0,1.0,1.0,1.0,,,PENDING
recon_ASTRAL_20260813_2,2026-08-12T18:30:00,ASTRAL,LONG,EQUITY,,,0.75,0.75,0.5,1.0,1589.5,1748.45,1525.9199999999998,v2.2,NIFTY_200_AUG2026,TradeMind-Quant-V2,v1.0.0,,,2026-08-27T18:30:00,1748.45,10.0,,,,,9.8,,,,LIVE_SHADOW_VERIFIED,TARGET_HIT,,True,,,,,10.0,,9.8,,,2026-09-02T10:54:35.460921,2026-09-02T10:54:35.460921,,,,,,,,,,,,,,,,,,,,,,TERMINAL,,4,,,,,,,,,,,,,,,
cloud_hist_BIOCON_20260813_4,2026-08-12T18:30:00,BIOCON,SHORT,EQUITY,,,,,,,420.0,378.0,436.8,v2.2,NIFTY_200_AUG2026,TradeMind Core v2.2-CloudBackfill,,,,,,,,,,,,,,,LEGACY_UNVERIFIED,TARGET_HIT,,False,,,,,,,,,,2026-08-12T18:30:00,2026-09-04T12:45:05.633585,EQUITY,NSE,,,,,,,,,,,,,,,,,2026-09-04T12:45:07.064844,,,,,0,,,,,,,,SYSTEM,1.0,1.0,1.0,1.0,,,PENDING
cloud_hist_CONCOR_20260813_4,2026-08-12T18:30:00,CONCOR,LONG,EQUITY,,,,,,,533.6500244140625,587.0150268554688,512.3040234375,v2.2,NIFTY_200_AUG2026,TradeMind Core v2.2-CloudBackfill,,,,,,,,,,,,,,,LEGACY_UNVERIFIED,TARGET_HIT,,False,,,,,,,,,,2026-08-12T18:30:00,2026-09-04T12:45:05.640581,EQUITY,NSE,,,,,,,,,,,,,,,,,2026-09-04T12:45:07.064844,,,,,0,,,,,,,,SYSTEM,1.0,1.0,1.0,1.0,,,PENDING
recon_BIOCON_20260813_2,2026-08-12T18:30:00,BIOCON,SHORT,EQUITY,,,,,,,420.0,378.0,436.8,v2.2,NIFTY_200_AUG2026,TradeMind-Quant-V2,,,,,,,,,,,,,,,LEGACY_UNVERIFIED,TARGET_HIT,,False,,,,,,,,,,2026-08-12T18:30:00,2026-09-04T12:45:05.532643,EQUITY,NSE,,,,,,,,,,,,,,,,,2026-09-04T12:45:07.062845,,,,,0,,,,,,,,SYSTEM,1.0,1.0,1.0,1.0,,,PENDING
prod_ICICIBANK_202608120000,2026-08-12T00:00:00,ICICIBANK,LONG,EQUITY,,,,,,,1217.0,1363.0400000000002,1156.1499999999999,v2.2,NIFTY_200_AUG2026,TradeMind Core v2.2,,,,,,,,,,,,,,,LEGACY_UNVERIFIED,STOP_LOSS,,False,,,,,,,,,,2026-08-12T00:00:00,2026-09-04T12:45:05.552632,EQUITY,NSE,,,,,,,,,,,,,,,,,2026-09-04T12:45:07.063844,,,,,0,,,,,,,,SYSTEM,1.0,1.0,1.0,1.0,,,PENDING
prod_SBIN_202608120000,2026-08-12T00:00:00,SBIN,LONG,EQUITY,,,,,,,3194.0,3577.28,3034.2999999999997,v2.2,NIFTY_200_AUG2026,TradeMind Core v2.2,,,,,,,,,,,,,,,LEGACY_UNVERIFIED,STOP_LOSS,,False,,,,,,,,,,2026-08-12T00:00:00,2026-09-04T12:45:05.554630,EQUITY,NSE,,,,,,,,,,,,,,,,,2026-09-04T12:45:07.063844,,,,,0,,,,,,,,SYSTEM,1.0,1.0,1.0,1.0,,,PENDING
recon_HAL_20260812_2,2026-08-11T18:30:00,HAL,LONG,EQUITY,,,,,,,4984.89892578125,5483.388818359375,4785.50296875,v2.2,NIFTY_200_AUG2026,TradeMind-Quant-V2,,,,,,,,,,,,,,,LEGACY_UNVERIFIED,TARGET_HIT,,False,,,,,,,,,,2026-08-11T18:30:00,2026-09-04T12:45:05.566623,EQUITY,NSE,,,,,,,,,,,,,,,,,2026-09-04T12:45:07.063844,,,,,0,,,,,,,,SYSTEM,1.0,1.0,1.0,1.0,,,PENDING
recon_APOLLOHOSP_20260812_2,2026-08-11T18:30:00,APOLLOHOSP,SHORT,EQUITY,,,,,,,8587.00390625,7728.303515625,8930.4840625,v2.2,NIFTY_200_AUG2026,TradeMind-Quant-V2,,,,,,,,,,,,,,,LEGACY_UNVERIFIED,TARGET_HIT,,False,,,,,,,,,,2026-08-11T18:30:00,2026-09-04T12:45:05.711540,EQUITY,NSE,,,,,,,,,,,,,,,,,2026-09-04T12:45:07.065843,,,,,0,,,,,,,,SYSTEM,1.0,1.0,1.0,1.0,,,PENDING
recon_ADANIGREEN_20260812_2,2026-08-11T18:30:00,ADANIGREEN,SHORT,EQUITY,,,,,,,1332.300048828125,1199.0700439453126,1385.59205078125,v2.2,NIFTY_200_AUG2026,TradeMind-Quant-V2,,,,,,,,,,,,,,,LEGACY_UNVERIFIED,TARGET_HIT,,False,,,,,,,,,,2026-08-11T18:30:00,2026-09-04T12:45:05.709542,EQUITY,NSE,,,,,,,,,,,,,,,,,2026-09-04T12:45:07.065843,,,,,0,,,,,,,,SYSTEM,1.0,1.0,1.0,1.0,,,PENDING
recon_ADANIENSOL_20260812_2,2026-08-11T18:30:00,ADANIENSOL,SHORT,EQUITY,,,,,,,1599.0,1439.1000000000001,1662.96,v2.2,NIFTY_200_AUG2026,TradeMind-Quant-V2,,,,,,,,,,,,,,,LEGACY_UNVERIFIED,TARGET_HIT,,False,,,,,,,,,,2026-08-11T18:30:00,2026-09-04T12:45:05.708541,EQUITY,NSE,,,,,,,,,,,,,,,,,2026-09-04T12:45:07.065843,,,,,0,,,,,,,,SYSTEM,1.0,1.0,1.0,1.0,,,PENDING
cloud_hist_TATACONSUM_20260812_4,2026-08-11T18:30:00,TATACONSUM,SHORT,EQUITY,,,,,,,1061.9000244140625,955.7100219726562,1104.376025390625,v2.2,NIFTY_200_AUG2026,TradeMind Core v2.2-CloudBackfill,,,,,,,,,,,,,,,LEGACY_UNVERIFIED,TARGET_HIT,,False,,,,,,,,,,2026-08-11T18:30:00,2026-09-04T12:45:05.697550,EQUITY,NSE,,,,,,,,,,,,,,,,,2026-09-04T12:45:07.065843,,,,,0,,,,,,,,SYSTEM,1.0,1.0,1.0,1.0,,,PENDING
cloud_hist_SUNTV_20260812_4,2026-08-11T18:30:00,SUNTV,SHORT,EQUITY,,,,,,,478.20001220703125,430.38001098632816,497.3280126953125,v2.2,NIFTY_200_AUG2026,TradeMind Core v2.2-CloudBackfill,,,,,,,,,,,,,,,LEGACY_UNVERIFIED,TARGET_HIT,,False,,,,,,,,,,2026-08-11T18:30:00,2026-09-04T12:45:05.695550,EQUITY,NSE,,,,,,,,,,,,,,,,,2026-09-04T12:45:07.065843,,,,,0,,,,,,,,SYSTEM,1.0,1.0,1.0,1.0,,,PENDING
cloud_hist_PNB_20260812_4,2026-08-11T18:30:00,PNB,LONG,EQUITY,,,,,,,118.9800033569336,130.87800369262698,114.22080322265624,v2.2,NIFTY_200_AUG2026,TradeMind Core v2.2-CloudBackfill,,,,,,,,,,,,,,,LEGACY_UNVERIFIED,TARGET_HIT,,False,,,,,,,,,,2026-08-11T18:30:00,2026-09-04T12:45:05.681557,EQUITY,NSE,,,,,,,,,,,,,,,,,2026-09-04T12:45:07.064844,,,,,0,,,,,,,,SYSTEM,1.0,1.0,1.0,1.0,,,PENDING
cloud_hist_PIIND_20260812_4,2026-08-11T18:30:00,PIIND,SHORT,EQUITY,,,,,,,2483.0,2234.7000000000003,2582.32,v2.2,NIFTY_200_AUG2026,TradeMind Core v2.2-CloudBackfill,,,,,,,,,,,,,,,LEGACY_UNVERIFIED,TARGET_HIT,,False,,,,,,,,,,2026-08-11T18:30:00,2026-09-04T12:45:05.680558,EQUITY,NSE,,,,,,,,,,,,,,,,,2026-09-04T12:45:07.064844,,,,,0,,,,,,,,SYSTEM,1.0,1.0,1.0,1.0,,,PENDING
cloud_hist_HINDALCO_20260812_4,2026-08-11T18:30:00,HINDALCO,LONG,EQUITY,,,,,,,1078.5,1186.3500000000001,1035.36,v2.2,NIFTY_200_AUG2026,TradeMind Core v2.2-CloudBackfill,,,,,,,,,,,,,,,LEGACY_UNVERIFIED,TARGET_HIT,,False,,,,,,,,,,2026-08-11T18:30:00,2026-09-04T12:45:05.653573,EQUITY,NSE,,,,,,,,,,,,,,,,,2026-09-04T12:45:07.064844,,,,,0,,,,,,,,SYSTEM,1.0,1.0,1.0,1.0,,,PENDING
cloud_hist_HAL_20260812_4,2026-08-11T18:30:00,HAL,LONG,EQUITY,,,,,,,4984.89892578125,5483.388818359375,4785.50296875,v2.2,NIFTY_200_AUG2026,TradeMind Core v2.2-CloudBackfill,,,,,,,,,,,,,,,LEGACY_UNVERIFIED,TARGET_HIT,,False,,,,,,,,,,2026-08-11T18:30:00,2026-09-04T12:45:05.649575,EQUITY,NSE,,,,,,,,,,,,,,,,,2026-09-04T12:45:07.064844,,,,,0,,,,,,,,SYSTEM,1.0,1.0,1.0,1.0,,,PENDING
cloud_hist_GODREJCP_20260812_4,2026-08-11T18:30:00,GODREJCP,SHORT,EQUITY,,,,,,,905.0,814.5,941.2,v2.2,NIFTY_200_AUG2026,TradeMind Core v2.2-CloudBackfill,,,,,,,,,,,,,,,LEGACY_UNVERIFIED,TARGET_HIT,,False,,,,,,,,,,2026-08-11T18:30:00,2026-09-04T12:45:05.647577,EQUITY,NSE,,,,,,,,,,,,,,,,,2026-09-04T12:45:07.064844,,,,,0,,,,,,,,SYSTEM,1.0,1.0,1.0,1.0,,,PENDING
cloud_hist_APOLLOHOSP_20260812_4,2026-08-11T18:30:00,APOLLOHOSP,SHORT,EQUITY,,,,,,,8587.00390625,7728.303515625,8930.4840625,v2.2,NIFTY_200_AUG2026,TradeMind Core v2.2-CloudBackfill,,,,,,,,,,,,,,,LEGACY_UNVERIFIED,TARGET_HIT,,False,,,,,,,,,,2026-08-11T18:30:00,2026-09-04T12:45:05.622591,EQUITY,NSE,,,,,,,,,,,,,,,,,2026-09-04T12:45:07.064844,,,,,0,,,,,,,,SYSTEM,1.0,1.0,1.0,1.0,,,PENDING
cloud_hist_ADANIGREEN_20260812_4,2026-08-11T18:30:00,ADANIGREEN,SHORT,EQUITY,,,,,,,1332.300048828125,1199.0700439453126,1385.59205078125,v2.2,NIFTY_200_AUG2026,TradeMind Core v2.2-CloudBackfill,,,,,,,,,,,,,,,LEGACY_UNVERIFIED,TARGET_HIT,,False,,,,,,,,,,2026-08-11T18:30:00,2026-09-04T12:45:05.619593,EQUITY,NSE,,,,,,,,,,,,,,,,,2026-09-04T12:45:07.064844,,,,,0,,,,,,,,SYSTEM,1.0,1.0,1.0,1.0,,,PENDING
cloud_hist_PIDILITIND_20260812_4,2026-08-11T18:30:00,PIDILITIND,LONG,EQUITY,,,,,,,1701.5,1871.65,1633.4399999999998,v2.2,NIFTY_200_AUG2026,TradeMind Core v2.2-CloudBackfill,,,,,,,,,,,,,,,LEGACY_UNVERIFIED,TARGET_HIT,,False,,,,,,,,,,2026-08-11T18:30:00,2026-09-04T12:45:05.615595,EQUITY,NSE,,,,,,,,,,,,,,,,,2026-09-04T12:45:07.063844,,,,,0,,,,,,,,SYSTEM,1.0,1.0,1.0,1.0,,,PENDING
recon_TATACONSUM_20260812_2,2026-08-11T18:30:00,TATACONSUM,SHORT,EQUITY,,,,,,,1061.9000244140625,955.7100219726562,1104.376025390625,v2.2,NIFTY_200_AUG2026,TradeMind-Quant-V2,,,,,,,,,,,,,,,LEGACY_UNVERIFIED,TARGET_HIT,,False,,,,,,,,,,2026-08-11T18:30:00,2026-09-04T12:45:05.600604,EQUITY,NSE,,,,,,,,,,,,,,,,,2026-09-04T12:45:07.063844,,,,,0,,,,,,,,SYSTEM,1.0,1.0,1.0,1.0,,,PENDING
recon_SUNTV_20260812_2,2026-08-11T18:30:00,SUNTV,SHORT,EQUITY,,,,,,,478.20001220703125,430.38001098632816,497.3280126953125,v2.2,NIFTY_200_AUG2026,TradeMind-Quant-V2,,,,,,,,,,,,,,,LEGACY_UNVERIFIED,TARGET_HIT,,False,,,,,,,,,,2026-08-11T18:30:00,2026-09-04T12:45:05.598605,EQUITY,NSE,,,,,,,,,,,,,,,,,2026-09-04T12:45:07.063844,,,,,0,,,,,,,,SYSTEM,1.0,1.0,1.0,1.0,,,PENDING
recon_PIDILITIND_20260812_2,2026-08-11T18:30:00,PIDILITIND,LONG,EQUITY,,,,,,,1701.5,1871.65,1633.4399999999998,v2.2,NIFTY_200_AUG2026,TradeMind-Quant-V2,,,,,,,,,,,,,,,LEGACY_UNVERIFIED,TARGET_HIT,,False,,,,,,,,,,2026-08-11T18:30:00,2026-09-04T12:45:05.590600,EQUITY,NSE,,,,,,,,,,,,,,,,,2026-09-04T12:45:07.063844,,,,,0,,,,,,,,SYSTEM,1.0,1.0,1.0,1.0,,,PENDING
recon_PNB_20260812_2,2026-08-11T18:30:00,PNB,LONG,EQUITY,,,,,,,118.9800033569336,130.87800369262698,114.22080322265624,v2.2,NIFTY_200_AUG2026,TradeMind-Quant-V2,,,,,,,,,,,,,,,LEGACY_UNVERIFIED,TARGET_HIT,,False,,,,,,,,,,2026-08-11T18:30:00,2026-09-04T12:45:05.587602,EQUITY,NSE,,,,,,,,,,,,,,,,,2026-09-04T12:45:07.063844,,,,,0,,,,,,,,SYSTEM,1.0,1.0,1.0,1.0,,,PENDING
recon_PIIND_20260812_2,2026-08-11T18:30:00,PIIND,SHORT,EQUITY,,,,,,,2483.0,2234.7000000000003,2582.32,v2.2,NIFTY_200_AUG2026,TradeMind-Quant-V2,,,,,,,,,,,,,,,LEGACY_UNVERIFIED,TARGET_HIT,,False,,,,,,,,,,2026-08-11T18:30:00,2026-09-04T12:45:05.586602,EQUITY,NSE,,,,,,,,,,,,,,,,,2026-09-04T12:45:07.063844,,,,,0,,,,,,,,SYSTEM,1.0,1.0,1.0,1.0,,,PENDING
cloud_hist_ADANIENSOL_20260812_4,2026-08-11T18:30:00,ADANIENSOL,SHORT,EQUITY,,,,,,,1599.0,1439.1000000000001,1662.96,v2.2,NIFTY_200_AUG2026,TradeMind Core v2.2-CloudBackfill,,,,,,,,,,,,,,,LEGACY_UNVERIFIED,TARGET_HIT,,False,,,,,,,,,,2026-08-11T18:30:00,2026-09-04T12:45:05.582604,EQUITY,NSE,,,,,,,,,,,,,,,,,2026-09-04T12:45:07.063844,,,,,0,,,,,,,,SYSTEM,1.0,1.0,1.0,1.0,,,PENDING
recon_HINDALCO_20260812_2,2026-08-11T18:30:00,HINDALCO,LONG,EQUITY,,,,,,,1078.5,1186.3500000000001,1035.36,v2.2,NIFTY_200_AUG2026,TradeMind-Quant-V2,,,,,,,,,,,,,,,LEGACY_UNVERIFIED,TARGET_HIT,,False,,,,,,,,,,2026-08-11T18:30:00,2026-09-04T12:45:05.569621,EQUITY,NSE,,,,,,,,,,,,,,,,,2026-09-04T12:45:07.063844,,,,,0,,,,,,,,SYSTEM,1.0,1.0,1.0,1.0,,,PENDING
recon_GODREJCP_20260812_2,2026-08-11T18:30:00,GODREJCP,SHORT,EQUITY,,,,,,,905.0,814.5,941.2,v2.2,NIFTY_200_AUG2026,TradeMind-Quant-V2,,,,,,,,,,,,,,,LEGACY_UNVERIFIED,TARGET_HIT,,False,,,,,,,,,,2026-08-11T18:30:00,2026-09-04T12:45:05.565624,EQUITY,NSE,,,,,,,,,,,,,,,,,2026-09-04T12:45:07.063844,,,,,0,,,,,,,,SYSTEM,1.0,1.0,1.0,1.0,,,PENDING
prod_AXISBANK_202608110000,2026-08-11T00:00:00,AXISBANK,LONG,EQUITY,,,,,,,3282.0,3577.38,3019.44,v2.2,NIFTY_200_AUG2026,TradeMind Core v2.2,,,,,,,,,,,,,,,LEGACY_UNVERIFIED,TARGET_HIT,,False,,,,,,,,,,2026-08-11T00:00:00,2026-09-04T12:45:05.558627,EQUITY,NSE,,,,,,,,,,,,,,,,,2026-09-04T12:45:07.063844,,,,,0,,,,,,,,SYSTEM,1.0,1.0,1.0,1.0,,,PENDING
prod_LT_202608110000,2026-08-11T00:00:00,LT,LONG,EQUITY,,,,,,,3670.0,4000.3,3376.4,v2.2,NIFTY_200_AUG2026,TradeMind Core v2.2,,,,,,,,,,,,,,,LEGACY_UNVERIFIED,TARGET_HIT,,False,,,,,,,,,,2026-08-11T00:00:00,2026-09-04T12:45:05.560627,EQUITY,NSE,,,,,,,,,,,,,,,,,2026-09-04T12:45:07.063844,,,,,0,,,,,,,,SYSTEM,1.0,1.0,1.0,1.0,,,PENDING
cloud_hist_SRF_20260811_4,2026-08-10T18:30:00,SRF,SHORT,EQUITY,,,,,,,2570.0,2313.0,2672.8,v2.2,NIFTY_200_AUG2026,TradeMind Core v2.2-CloudBackfill,,,,,,,,,,,,,,,LEGACY_UNVERIFIED,TARGET_HIT,,False,,,,,,,,,,2026-08-10T18:30:00,2026-09-04T12:45:05.692552,EQUITY,NSE,,,,,,,,,,,,,,,,,2026-09-04T12:45:07.065843,,,,,0,,,,,,,,SYSTEM,1.0,1.0,1.0,1.0,,,PENDING
cloud_hist_MAXHEALTH_20260811_4,2026-08-10T18:30:00,MAXHEALTH,SHORT,EQUITY,,,,,,,1040.0,936.0,1081.6000000000001,v2.2,NIFTY_200_AUG2026,TradeMind Core v2.2-CloudBackfill,,,,,,,,,,,,,,,LEGACY_UNVERIFIED,TARGET_HIT,,False,,,,,,,,,,2026-08-10T18:30:00,2026-09-04T12:45:05.672552,EQUITY,NSE,,,,,,,,,,,,,,,,,2026-09-04T12:45:07.064844,,,,,0,,,,,,,,SYSTEM,1.0,1.0,1.0,1.0,,,PENDING
recon_MAXHEALTH_20260811_2,2026-08-10T18:30:00,MAXHEALTH,SHORT,EQUITY,,,,,,,1040.0,936.0,1081.6000000000001,v2.2,NIFTY_200_AUG2026,TradeMind-Quant-V2,,,,,,,,,,,,,,,LEGACY_UNVERIFIED,TARGET_HIT,,False,,,,,,,,,,2026-08-10T18:30:00,2026-09-04T12:45:05.582604,EQUITY,NSE,,,,,,,,,,,,,,,,,2026-09-04T12:45:07.063844,,,,,0,,,,,,,,SYSTEM,1.0,1.0,1.0,1.0,,,PENDING
cloud_hist_ZYDUSLIFE_20260811_4,2026-08-10T18:30:00,ZYDUSLIFE,LONG,EQUITY,,,,,,,1191.0,1310.1000000000001,1143.36,v2.2,NIFTY_200_AUG2026,TradeMind Core v2.2-CloudBackfill,,,,,,,,,,,,,,,LEGACY_UNVERIFIED,TARGET_HIT,,False,,,,,,,,,,2026-08-10T18:30:00,2026-09-04T12:45:05.618593,EQUITY,NSE,,,,,,,,,,,,,,,,,2026-09-04T12:45:07.064844,,,,,0,,,,,,,,SYSTEM,1.0,1.0,1.0,1.0,,,PENDING
recon_BOSCHLTD_20260811_2,2026-08-10T18:30:00,BOSCHLTD,LONG,EQUITY,,,,,,,45185.0,49703.50000000001,43377.6,v2.2,NIFTY_200_AUG2026,TradeMind-Quant-V2,,,,,,,,,,,,,,,LEGACY_UNVERIFIED,TARGET_HIT,,False,,,,,,,,,,2026-08-10T18:30:00,2026-09-04T12:45:05.532643,EQUITY,NSE,,,,,,,,,,,,,,,,,2026-09-04T12:45:07.062845,,,,,0,,,,,,,,SYSTEM,1.0,1.0,1.0,1.0,,,PENDING
recon_ZYDUSLIFE_20260811_2,2026-08-10T18:30:00,ZYDUSLIFE,LONG,EQUITY,,,,,,,1191.0,1310.1000000000001,1143.36,v2.2,NIFTY_200_AUG2026,TradeMind-Quant-V2,,,,,,,,,,,,,,,LEGACY_UNVERIFIED,TARGET_HIT,,False,,,,,,,,,,2026-08-10T18:30:00,2026-09-04T12:45:05.609598,EQUITY,NSE,,,,,,,,,,,,,,,,,2026-09-04T12:45:07.063844,,,,,0,,,,,,,,SYSTEM,1.0,1.0,1.0,1.0,,,PENDING
recon_UNITDSPR_20260811_2,2026-08-10T18:30:00,UNITDSPR,LONG,EQUITY,,,,,,,1548.699951171875,1703.5699462890627,1486.751953125,v2.2,NIFTY_200_AUG2026,TradeMind-Quant-V2,,,,,,,,,,,,,,,LEGACY_UNVERIFIED,TARGET_HIT,,False,,,,,,,,,,2026-08-10T18:30:00,2026-09-04T12:45:05.606600,EQUITY,NSE,,,,,,,,,,,,,,,,,2026-09-04T12:45:07.063844,,,,,0,,,,,,,,SYSTEM,1.0,1.0,1.0,1.0,,,PENDING
recon_SRF_20260811_2,2026-08-10T18:30:00,SRF,SHORT,EQUITY,,,,,,,2570.0,2313.0,2672.8,v2.2,NIFTY_200_AUG2026,TradeMind-Quant-V2,,,,,,,,,,,,,,,LEGACY_UNVERIFIED,TARGET_HIT,,False,,,,,,,,,,2026-08-10T18:30:00,2026-09-04T12:45:05.596606,EQUITY,NSE,,,,,,,,,,,,,,,,,2026-09-04T12:45:07.063844,,,,,0,,,,,,,,SYSTEM,1.0,1.0,1.0,1.0,,,PENDING
cloud_hist_UNITDSPR_20260811_4,2026-08-10T18:30:00,UNITDSPR,LONG,EQUITY,,,,,,,1548.699951171875,1703.5699462890627,1486.751953125,v2.2,NIFTY_200_AUG2026,TradeMind Core v2.2-CloudBackfill,,,,,,,,,,,,,,,LEGACY_UNVERIFIED,TARGET_HIT,,False,,,,,,,,,,2026-08-10T18:30:00,2026-09-04T12:45:05.706543,EQUITY,NSE,,,,,,,,,,,,,,,,,2026-09-04T12:45:07.065843,,,,,0,,,,,,,,SYSTEM,1.0,1.0,1.0,1.0,,,PENDING
cloud_hist_BOSCHLTD_20260811_4,2026-08-10T18:30:00,BOSCHLTD,LONG,EQUITY,,,,,,,45185.0,49703.50000000001,43377.6,v2.2,NIFTY_200_AUG2026,TradeMind Core v2.2-CloudBackfill,,,,,,,,,,,,,,,LEGACY_UNVERIFIED,TARGET_HIT,,False,,,,,,,,,,2026-08-10T18:30:00,2026-09-04T12:45:05.634584,EQUITY,NSE,,,,,,,,,,,,,,,,,2026-09-04T12:45:07.064844,,,,,0,,,,,,,,SYSTEM,1.0,1.0,1.0,1.0,,,PENDING
8634b13e-32b5-4150-83a6-920c17ca6685,2026-08-10T11:59:29.918401,INFY,LONG,EQUITY,,,,,,,35.0,55.0,25.0,v2.2,NIFTY_200_AUG2026,TradeMind F&O v1.1,,,,,,,,,,,,,,,LEGACY_UNVERIFIED,TARGET_HIT,,False,,,,,,,,,,2026-08-10T11:59:29.918401,2026-09-04T12:45:05.611597,EQUITY,NSE,,,,,,,,,,,,,,,,,2026-09-04T12:45:07.063844,,,,,0,,,,,,,,SYSTEM,1.0,1.0,1.0,1.0,,,PENDING
prod_RELIANCE_202608100000,2026-08-10T00:00:00,RELIANCE,LONG,EQUITY,,,,,,,3283.0,3676.9600000000005,3118.85,v2.2,NIFTY_200_AUG2026,TradeMind Core v2.2,,,,,,,,,,,,,,,LEGACY_UNVERIFIED,STOP_LOSS,,False,,,,,,,,,,2026-08-10T00:00:00,2026-09-04T12:45:05.543636,EQUITY,NSE,,,,,,,,,,,,,,,,,2026-09-04T12:45:07.062845,,,,,0,,,,,,,,SYSTEM,1.0,1.0,1.0,1.0,,,PENDING
prod_BHARTIARTL_202608100000,2026-08-10T00:00:00,BHARTIARTL,LONG,EQUITY,,,,,,,2838.0,3093.42,2610.96,v2.2,NIFTY_200_AUG2026,TradeMind Core v2.2,,,,,,,,,,,,,,,LEGACY_UNVERIFIED,TARGET_HIT,,False,,,,,,,,,,2026-08-10T00:00:00,2026-09-04T12:45:05.556629,EQUITY,NSE,,,,,,,,,,,,,,,,,2026-09-04T12:45:07.063844,,,,,0,,,,,,,,SYSTEM,1.0,1.0,1.0,1.0,,,PENDING
prod_INFY_202608100000,2026-08-10T00:00:00,INFY,LONG,EQUITY,,,,,,,1297.0,1452.64,1232.1499999999999,v2.2,NIFTY_200_AUG2026,TradeMind Core v2.2,,,,,,,,,,,,,,,LEGACY_UNVERIFIED,STOP_LOSS,,False,,,,,,,,,,2026-08-10T00:00:00,2026-09-04T12:45:05.549633,EQUITY,NSE,,,,,,,,,,,,,,,,,2026-09-04T12:45:07.063844,,,,,0,,,,,,,,SYSTEM,1.0,1.0,1.0,1.0,,,PENDING
prod_TCS_202608100000,2026-08-10T00:00:00,TCS,LONG,EQUITY,,,,,,,3615.0,3940.3500000000004,3325.8,v2.2,NIFTY_200_AUG2026,TradeMind Core v2.2,,,,,,,,,,,,,,,LEGACY_UNVERIFIED,TARGET_HIT,,False,,,,,,,,,,2026-08-10T00:00:00,2026-09-04T12:45:05.545636,EQUITY,NSE,,,,,,,,,,,,,,,,,2026-09-04T12:45:07.062845,,,,,0,,,,,,,,SYSTEM,1.0,1.0,1.0,1.0,,,PENDING
prod_HDFCBANK_202608100000,2026-08-10T00:00:00,HDFCBANK,LONG,EQUITY,,,,,,,3350.0,3651.5000000000005,3082.0,v2.2,NIFTY_200_AUG2026,TradeMind Core v2.2,,,,,,,,,,,,,,,LEGACY_UNVERIFIED,TARGET_HIT,,False,,,,,,,,,,2026-08-10T00:00:00,2026-09-04T12:45:05.547634,EQUITY,NSE,,,,,,,,,,,,,,,,,2026-09-04T12:45:07.063844,,,,,0,,,,,,,,SYSTEM,1.0,1.0,1.0,1.0,,,PENDING
prod_ITC_202608100000,2026-08-10T00:00:00,ITC,LONG,EQUITY,,,,,,,3162.0,3446.5800000000004,2909.04,v2.2,NIFTY_200_AUG2026,TradeMind Core v2.2,,,,,,,,,,,,,,,LEGACY_UNVERIFIED,TARGET_HIT,,False,,,,,,,,,,2026-08-10T00:00:00,2026-09-04T12:45:05.562625,EQUITY,NSE,,,,,,,,,,,,,,,,,2026-09-04T12:45:07.063844,,,,,0,,,,,,,,SYSTEM,1.0,1.0,1.0,1.0,,,PENDING
cloud_hist_PAGEIND_20260810_4,2026-08-09T18:30:00,PAGEIND,SHORT,EQUITY,,,,,,,38660.0,34794.0,40206.4,v2.2,NIFTY_200_AUG2026,TradeMind Core v2.2-CloudBackfill,,,,,,,,,,,,,,,LEGACY_UNVERIFIED,TARGET_HIT,,False,,,,,,,,,,2026-08-09T18:30:00,2026-09-04T12:45:05.683560,EQUITY,NSE,,,,,,,,,,,,,,,,,2026-09-04T12:45:07.064844,,,,,0,,,,,,,,SYSTEM,1.0,1.0,1.0,1.0,,,PENDING
cloud_hist_PAYTM_20260810_4,2026-08-09T18:30:00,PAYTM,LONG,EQUITY,,,,,,,1584.0999755859375,1742.5099731445314,1520.7359765625,v2.2,NIFTY_200_AUG2026,TradeMind Core v2.2-CloudBackfill,,,,,,,,,,,,,,,LEGACY_UNVERIFIED,TARGET_HIT,,False,,,,,,,,,,2026-08-09T18:30:00,2026-09-04T12:45:05.679559,EQUITY,NSE,,,,,,,,,,,,,,,,,2026-09-04T12:45:07.064844,,,,,0,,,,,,,,SYSTEM,1.0,1.0,1.0,1.0,,,PENDING
cloud_hist_VEDL_20260810_4,2026-08-09T18:30:00,VEDL,LONG,EQUITY,,,,,,,283.6499938964844,312.01499328613284,272.303994140625,v2.2,NIFTY_200_AUG2026,TradeMind Core v2.2-CloudBackfill,,,,,,,,,,,,,,,LEGACY_UNVERIFIED,TARGET_HIT,,False,,,,,,,,,,2026-08-09T18:30:00,2026-09-04T12:45:05.616595,EQUITY,NSE,,,,,,,,,,,,,,,,,2026-09-04T12:45:07.063844,,,,,0,,,,,,,,SYSTEM,1.0,1.0,1.0,1.0,,,PENDING
recon_PAGEIND_20260810_2,2026-08-09T18:30:00,PAGEIND,SHORT,EQUITY,,,,,,,38660.0,34794.0,40206.4,v2.2,NIFTY_200_AUG2026,TradeMind-Quant-V2,,,,,,,,,,,,,,,LEGACY_UNVERIFIED,TARGET_HIT,,False,,,,,,,,,,2026-08-09T18:30:00,2026-09-04T12:45:05.589600,EQUITY,NSE,,,,,,,,,,,,,,,,,2026-09-04T12:45:07.063844,,,,,0,,,,,,,,SYSTEM,1.0,1.0,1.0,1.0,,,PENDING
cloud_hist_MPHASIS_20260810_4,2026-08-09T18:30:00,MPHASIS,LONG,EQUITY,,,,,,,2508.0,2758.8,2407.68,v2.2,NIFTY_200_AUG2026,TradeMind Core v2.2-CloudBackfill,,,,,,,,,,,,,,,LEGACY_UNVERIFIED,TARGET_HIT,,False,,,,,,,,,,2026-08-09T18:30:00,2026-09-04T12:45:05.674562,EQUITY,NSE,,,,,,,,,,,,,,,,,2026-09-04T12:45:07.064844,,,,,0,,,,,,,,SYSTEM,1.0,1.0,1.0,1.0,,,PENDING
recon_GLAND_20260810_2,2026-08-09T18:30:00,GLAND,LONG,EQUITY,,,,,,,2647.300048828125,2912.030053710938,2541.408046875,v2.2,NIFTY_200_AUG2026,TradeMind-Quant-V2,,,,,,,,,,,,,,,LEGACY_UNVERIFIED,TARGET_HIT,,False,,,,,,,,,,2026-08-09T18:30:00,2026-09-04T12:45:05.564624,EQUITY,NSE,,,,,,,,,,,,,,,,,2026-09-04T12:45:07.063844,,,,,0,,,,,,,,SYSTEM,1.0,1.0,1.0,1.0,,,PENDING
recon_PAYTM_20260810_2,2026-08-09T18:30:00,PAYTM,LONG,EQUITY,,,,,,,1584.0999755859375,1742.5099731445314,1520.7359765625,v2.2,NIFTY_200_AUG2026,TradeMind-Quant-V2,,,,,,,,,,,,,,,LEGACY_UNVERIFIED,TARGET_HIT,,False,,,,,,,,,,2026-08-09T18:30:00,2026-09-04T12:45:05.586602,EQUITY,NSE,,,,,,,,,,,,,,,,,2026-09-04T12:45:07.063844,,,,,0,,,,,,,,SYSTEM,1.0,1.0,1.0,1.0,,,PENDING
cloud_hist_PFC_20260810_4,2026-08-09T18:30:00,PFC,SHORT,EQUITY,,,,,,,385.1499938964844,346.63499450683594,400.5559936523438,v2.2,NIFTY_200_AUG2026,TradeMind Core v2.2-CloudBackfill,,,,,,,,,,,,,,,LEGACY_UNVERIFIED,TARGET_HIT,,False,,,,,,,,,,2026-08-09T18:30:00,2026-09-04T12:45:05.683560,EQUITY,NSE,,,,,,,,,,,,,,,,,2026-09-04T12:45:07.064844,,,,,0,,,,,,,,SYSTEM,1.0,1.0,1.0,1.0,,,PENDING
cloud_hist_GLAND_20260810_4,2026-08-09T18:30:00,GLAND,LONG,EQUITY,,,,,,,2647.300048828125,2912.030053710938,2541.408046875,v2.2,NIFTY_200_AUG2026,TradeMind Core v2.2-CloudBackfill,,,,,,,,,,,,,,,LEGACY_UNVERIFIED,TARGET_HIT,,False,,,,,,,,,,2026-08-09T18:30:00,2026-09-04T12:45:05.646577,EQUITY,NSE,,,,,,,,,,,,,,,,,2026-09-04T12:45:07.064844,,,,,0,,,,,,,,SYSTEM,1.0,1.0,1.0,1.0,,,PENDING
recon_MPHASIS_20260810_2,2026-08-09T18:30:00,MPHASIS,LONG,EQUITY,,,,,,,2508.0,2758.8,2407.68,v2.2,NIFTY_200_AUG2026,TradeMind-Quant-V2,,,,,,,,,,,,,,,LEGACY_UNVERIFIED,TARGET_HIT,,False,,,,,,,,,,2026-08-09T18:30:00,2026-09-04T12:45:05.583604,EQUITY,NSE,,,,,,,,,,,,,,,,,2026-09-04T12:45:07.063844,,,,,0,,,,,,,,SYSTEM,1.0,1.0,1.0,1.0,,,PENDING
recon_VEDL_20260810_2,2026-08-09T18:30:00,VEDL,LONG,EQUITY,,,,,,,283.6499938964844,312.01499328613284,272.303994140625,v2.2,NIFTY_200_AUG2026,TradeMind-Quant-V2,,,,,,,,,,,,,,,LEGACY_UNVERIFIED,TARGET_HIT,,False,,,,,,,,,,2026-08-09T18:30:00,2026-09-04T12:45:05.607601,EQUITY,NSE,,,,,,,,,,,,,,,,,2026-09-04T12:45:07.063844,,,,,0,,,,,,,,SYSTEM,1.0,1.0,1.0,1.0,,,PENDING
cloud_hist_TITAN_20260810_4,2026-08-09T18:30:00,TITAN,LONG,EQUITY,,,,,,,5090.0,5599.0,4886.4,v2.2,NIFTY_200_AUG2026,TradeMind Core v2.2-CloudBackfill,,,,,,,,,,,,,,,LEGACY_UNVERIFIED,TARGET_HIT,,False,,,,,,,,,,2026-08-09T18:30:00,2026-09-04T12:45:05.699547,EQUITY,NSE,,,,,,,,,,,,,,,,,2026-09-04T12:45:07.065843,,,,,0,,,,,,,,SYSTEM,1.0,1.0,1.0,1.0,,,PENDING
recon_JSWENERGY_20260810_2,2026-08-09T18:30:00,JSWENERGY,LONG,EQUITY,,,,,,,578.0,635.8000000000001,554.88,v2.2,NIFTY_200_AUG2026,TradeMind-Quant-V2,,,,,,,,,,,,,,,LEGACY_UNVERIFIED,TARGET_HIT,,False,,,,,,,,,,2026-08-09T18:30:00,2026-09-04T12:45:05.576608,EQUITY,NSE,,,,,,,,,,,,,,,,,2026-09-04T12:45:07.063844,,,,,0,,,,,,,,SYSTEM,1.0,1.0,1.0,1.0,,,PENDING
recon_PFC_20260810_2,2026-08-09T18:30:00,PFC,SHORT,EQUITY,,,,,,,385.1499938964844,346.63499450683594,400.5559936523438,v2.2,NIFTY_200_AUG2026,TradeMind-Quant-V2,,,,,,,,,,,,,,,LEGACY_UNVERIFIED,TARGET_HIT,,False,,,,,,,,,,2026-08-09T18:30:00,2026-09-04T12:45:05.589600,EQUITY,NSE,,,,,,,,,,,,,,,,,2026-09-04T12:45:07.063844,,,,,0,,,,,,,,SYSTEM,1.0,1.0,1.0,1.0,,,PENDING
recon_GRASIM_20260810_2,2026-08-09T18:30:00,GRASIM,LONG,EQUITY,,,,,,,3380.5,3718.55,3245.2799999999997,v2.2,NIFTY_200_AUG2026,TradeMind-Quant-V2,,,,,,,,,,,,,,,LEGACY_UNVERIFIED,TARGET_HIT,,False,,,,,,,,,,2026-08-09T18:30:00,2026-09-04T12:45:05.566623,EQUITY,NSE,,,,,,,,,,,,,,,,,2026-09-04T12:45:07.063844,,,,,0,,,,,,,,SYSTEM,1.0,1.0,1.0,1.0,,,PENDING
recon_TITAN_20260810_2,2026-08-09T18:30:00,TITAN,LONG,EQUITY,,,,,,,5090.0,5599.0,4886.4,v2.2,NIFTY_200_AUG2026,TradeMind-Quant-V2,,,,,,,,,,,,,,,LEGACY_UNVERIFIED,TARGET_HIT,,False,,,,,,,,,,2026-08-09T18:30:00,2026-09-04T12:45:05.602603,EQUITY,NSE,,,,,,,,,,,,,,,,,2026-09-04T12:45:07.063844,,,,,0,,,,,,,,SYSTEM,1.0,1.0,1.0,1.0,,,PENDING
cloud_hist_GRASIM_20260810_4,2026-08-09T18:30:00,GRASIM,LONG,EQUITY,,,,,,,3380.5,3718.55,3245.2799999999997,v2.2,NIFTY_200_AUG2026,TradeMind Core v2.2-CloudBackfill,,,,,,,,,,,,,,,LEGACY_UNVERIFIED,TARGET_HIT,,False,,,,,,,,,,2026-08-09T18:30:00,2026-09-04T12:45:05.648576,EQUITY,NSE,,,,,,,,,,,,,,,,,2026-09-04T12:45:07.064844,,,,,0,,,,,,,,SYSTEM,1.0,1.0,1.0,1.0,,,PENDING
cloud_hist_JSWENERGY_20260810_4,2026-08-09T18:30:00,JSWENERGY,LONG,EQUITY,,,,,,,578.0,635.8000000000001,554.88,v2.2,NIFTY_200_AUG2026,TradeMind Core v2.2-CloudBackfill,,,,,,,,,,,,,,,LEGACY_UNVERIFIED,TARGET_HIT,,False,,,,,,,,,,2026-08-09T18:30:00,2026-09-04T12:45:05.658570,EQUITY,NSE,,,,,,,,,,,,,,,,,2026-09-04T12:45:07.064844,,,,,0,,,,,,,,SYSTEM,1.0,1.0,1.0,1.0,,,PENDING
prod_ICICIBANK_202608090000,2026-08-09T00:00:00,ICICIBANK,LONG,EQUITY,,,,,,,1683.0,1834.47,1548.3600000000001,v2.2,NIFTY_200_AUG2026,TradeMind Core v2.2,,,,,,,,,,,,,,,LEGACY_UNVERIFIED,TARGET_HIT,,False,,,,,,,,,,2026-08-09T00:00:00,2026-09-04T12:45:05.551632,EQUITY,NSE,,,,,,,,,,,,,,,,,2026-09-04T12:45:07.063844,,,,,0,,,,,,,,SYSTEM,1.0,1.0,1.0,1.0,,,PENDING
6675d119-839d-4666-bef0-4365b5c3a226,2026-08-08T11:59:29.918401,SBIN,LONG,EQUITY,,,,,,,820.0,880.0,795.0,v2.2,NIFTY_200_AUG2026,TradeMind F&O v1.1,,,,,,,,,,,,,,,LEGACY_UNVERIFIED,STOP_LOSS,,False,,,,,,,,,,2026-08-08T11:59:29.918401,2026-09-04T12:45:05.611597,EQUITY,NSE,,,,,,,,,,,,,,,,,2026-09-04T12:45:07.063844,,,,,0,,,,,,,,SYSTEM,1.0,1.0,1.0,1.0,,,PENDING
prod_LT_202608070000,2026-08-07T00:00:00,LT,LONG,EQUITY,,,,,,,3047.0,3412.6400000000003,2894.65,v2.2,NIFTY_200_AUG2026,TradeMind Core v2.2,,,,,,,,,,,,,,,LEGACY_UNVERIFIED,STOP_LOSS,,False,,,,,,,,,,2026-08-07T00:00:00,2026-09-04T12:45:05.560627,EQUITY,NSE,,,,,,,,,,,,,,,,,2026-09-04T12:45:07.063844,,,,,0,,,,,,,,SYSTEM,1.0,1.0,1.0,1.0,,,PENDING
prod_RELIANCE_202608070000,2026-08-07T00:00:00,RELIANCE,LONG,EQUITY,,,,,,,3442.0,3855.0400000000004,3269.8999999999996,v2.2,NIFTY_200_AUG2026,TradeMind Core v2.2,,,,,,,,,,,,,,,LEGACY_UNVERIFIED,STOP_LOSS,,False,,,,,,,,,,2026-08-07T00:00:00,2026-09-04T12:45:05.542638,EQUITY,NSE,,,,,,,,,,,,,,,,,2026-09-04T12:45:07.062845,,,,,0,,,,,,,,SYSTEM,1.0,1.0,1.0,1.0,,,PENDING
recon_HDFCBANK_20260807_2,2026-08-06T18:30:00,HDFCBANK,SHORT,EQUITY,,,,,,,731.0,657.9,760.24,v2.2,NIFTY_200_AUG2026,TradeMind-Quant-V2,,,,,,,,,,,,,,,LEGACY_UNVERIFIED,TARGET_HIT,,False,,,,,,,,,,2026-08-06T18:30:00,2026-09-04T12:45:05.567622,EQUITY,NSE,,,,,,,,,,,,,,,,,2026-09-04T12:45:07.063844,,,,,0,,,,,,,,SYSTEM,1.0,1.0,1.0,1.0,,,PENDING
cloud_hist_NESTLEIND_20260807_4,2026-08-06T18:30:00,NESTLEIND,LONG,EQUITY,,,,,,,1540.0,1694.0000000000002,1478.3999999999999,v2.2,NIFTY_200_AUG2026,TradeMind Core v2.2-CloudBackfill,,,,,,,,,,,,,,,LEGACY_UNVERIFIED,TARGET_HIT,,False,,,,,,,,,,2026-08-06T18:30:00,2026-09-04T12:45:05.677562,EQUITY,NSE,,,,,,,,,,,,,,,,,2026-09-04T12:45:07.064844,,,,,0,,,,,,,,SYSTEM,1.0,1.0,1.0,1.0,,,PENDING
cloud_hist_NHPC_20260807_4,2026-08-06T18:30:00,NHPC,SHORT,EQUITY,,,,,,,76.71007537841797,69.03906784057618,79.77847839355469,v2.2,NIFTY_200_AUG2026,TradeMind Core v2.2-CloudBackfill,,,,,,,,,,,,,,,LEGACY_UNVERIFIED,TARGET_HIT,,False,,,,,,,,,,2026-08-06T18:30:00,2026-09-04T12:45:05.675560,EQUITY,NSE,,,,,,,,,,,,,,,,,2026-09-04T12:45:07.064844,,,,,0,,,,,,,,SYSTEM,1.0,1.0,1.0,1.0,,,PENDING
cloud_hist_HDFCBANK_20260807_4,2026-08-06T18:30:00,HDFCBANK,SHORT,EQUITY,,,,,,,731.0,657.9,760.24,v2.2,NIFTY_200_AUG2026,TradeMind Core v2.2-CloudBackfill,,,,,,,,,,,,,,,LEGACY_UNVERIFIED,TARGET_HIT,,False,,,,,,,,,,2026-08-06T18:30:00,2026-09-04T12:45:05.651575,EQUITY,NSE,,,,,,,,,,,,,,,,,2026-09-04T12:45:07.064844,,,,,0,,,,,,,,SYSTEM,1.0,1.0,1.0,1.0,,,PENDING
recon_M&M_20260807_2,2026-08-06T18:30:00,M&M,LONG,EQUITY,,,,,,,3502.0,3852.2000000000003,3361.92,v2.2,NIFTY_200_AUG2026,TradeMind-Quant-V2,,,,,,,,,,,,,,,LEGACY_UNVERIFIED,TARGET_HIT,,False,,,,,,,,,,2026-08-06T18:30:00,2026-09-04T12:45:05.580606,EQUITY,NSE,,,,,,,,,,,,,,,,,2026-09-04T12:45:07.063844,,,,,0,,,,,,,,SYSTEM,1.0,1.0,1.0,1.0,,,PENDING
recon_NHPC_20260807_2,2026-08-06T18:30:00,NHPC,SHORT,EQUITY,,,,,,,76.71007537841797,69.03906784057618,79.77847839355469,v2.2,NIFTY_200_AUG2026,TradeMind-Quant-V2,,,,,,,,,,,,,,,LEGACY_UNVERIFIED,TARGET_HIT,,False,,,,,,,,,,2026-08-06T18:30:00,2026-09-04T12:45:05.583604,EQUITY,NSE,,,,,,,,,,,,,,,,,2026-09-04T12:45:07.063844,,,,,0,,,,,,,,SYSTEM,1.0,1.0,1.0,1.0,,,PENDING
recon_NESTLEIND_20260807_2,2026-08-06T18:30:00,NESTLEIND,LONG,EQUITY,,,,,,,1540.0,1694.0000000000002,1478.3999999999999,v2.2,NIFTY_200_AUG2026,TradeMind-Quant-V2,,,,,,,,,,,,,,,LEGACY_UNVERIFIED,TARGET_HIT,,False,,,,,,,,,,2026-08-06T18:30:00,2026-09-04T12:45:05.584603,EQUITY,NSE,,,,,,,,,,,,,,,,,2026-09-04T12:45:07.063844,,,,,0,,,,,,,,SYSTEM,1.0,1.0,1.0,1.0,,,PENDING
cloud_hist_M&M_20260807_4,2026-08-06T18:30:00,M&M,LONG,EQUITY,,,,,,,3502.0,3852.2000000000003,3361.92,v2.2,NIFTY_200_AUG2026,TradeMind Core v2.2-CloudBackfill,,,,,,,,,,,,,,,LEGACY_UNVERIFIED,TARGET_HIT,,False,,,,,,,,,,2026-08-06T18:30:00,2026-09-04T12:45:05.670554,EQUITY,NSE,,,,,,,,,,,,,,,,,2026-09-04T12:45:07.064844,,,,,0,,,,,,,,SYSTEM,1.0,1.0,1.0,1.0,,,PENDING
prod_TCS_202608060000,2026-08-06T00:00:00,TCS,LONG,EQUITY,,,,,,,1591.0,1781.92,1511.4499999999998,v2.2,NIFTY_200_AUG2026,TradeMind Core v2.2,,,,,,,,,,,,,,,LEGACY_UNVERIFIED,STOP_LOSS,,False,,,,,,,,,,2026-08-06T00:00:00,2026-09-04T12:45:05.545636,EQUITY,NSE,,,,,,,,,,,,,,,,,2026-09-04T12:45:07.062845,,,,,0,,,,,,,,SYSTEM,1.0,1.0,1.0,1.0,,,PENDING
prod_SBIN_202608060000,2026-08-06T00:00:00,SBIN,LONG,EQUITY,,,,,,,3497.0,3916.6400000000003,3217.2400000000002,v2.2,NIFTY_200_AUG2026,TradeMind Core v2.2,,,,,,,,,,,,,,,LEGACY_UNVERIFIED,EXPIRED,,False,,,,,,,,,,2026-08-06T00:00:00,2026-09-04T12:45:05.554630,EQUITY,NSE,,,,,,,,,,,,,,,,,2026-09-04T12:45:07.063844,,,,,0,,,,,,,,SYSTEM,1.0,1.0,1.0,1.0,,,PENDING
prod_INFY_202608060000,2026-08-06T00:00:00,INFY,LONG,EQUITY,,,,,,,2494.0,2793.28,2369.2999999999997,v2.2,NIFTY_200_AUG2026,TradeMind Core v2.2,,,,,,,,,,,,,,,LEGACY_UNVERIFIED,STOP_LOSS,,False,,,,,,,,,,2026-08-06T00:00:00,2026-09-04T12:45:05.549633,EQUITY,NSE,,,,,,,,,,,,,,,,,2026-09-04T12:45:07.063844,,,,,0,,,,,,,,SYSTEM,1.0,1.0,1.0,1.0,,,PENDING
prod_AXISBANK_202608060000,2026-08-06T00:00:00,AXISBANK,LONG,EQUITY,,,,,,,1421.0,1548.89,1307.3200000000002,v2.2,NIFTY_200_AUG2026,TradeMind Core v2.2,,,,,,,,,,,,,,,LEGACY_UNVERIFIED,TARGET_HIT,,False,,,,,,,,,,2026-08-06T00:00:00,2026-09-04T12:45:05.558627,EQUITY,NSE,,,,,,,,,,,,,,,,,2026-09-04T12:45:07.063844,,,,,0,,,,,,,,SYSTEM,1.0,1.0,1.0,1.0,,,PENDING
recon_CANBK_20260806_2,2026-08-05T18:30:00,CANBK,LONG,EQUITY,,,,,,,131.6999969482422,144.86999664306643,126.43199707031249,v2.2,NIFTY_200_AUG2026,TradeMind-Quant-V2,,,,,,,,,,,,,,,LEGACY_UNVERIFIED,TARGET_HIT,,False,,,,,,,,,,2026-08-05T18:30:00,2026-09-04T12:45:05.533642,EQUITY,NSE,,,,,,,,,,,,,,,,,2026-09-04T12:45:07.062845,,,,,0,,,,,,,,SYSTEM,1.0,1.0,1.0,1.0,,,PENDING
recon_LICHSGFIN_20260806_2,2026-08-05T18:30:00,LICHSGFIN,SHORT,EQUITY,,,,,,,505.0,454.5,525.2,v2.2,NIFTY_200_AUG2026,TradeMind-Quant-V2,,,,,,,,,,,,,,,LEGACY_UNVERIFIED,TARGET_HIT,,False,,,,,,,,,,2026-08-05T18:30:00,2026-09-04T12:45:05.579606,EQUITY,NSE,,,,,,,,,,,,,,,,,2026-09-04T12:45:07.063844,,,,,0,,,,,,,,SYSTEM,1.0,1.0,1.0,1.0,,,PENDING
recon_UPL_20260806_1,2026-08-05T18:30:00,UPL,SHORT,EQUITY,,,,,,,572.75,515.475,595.66,v2.2,NIFTY_200_AUG2026,TradeMind-Quant-V2,,,,,,,,,,,,,,,LEGACY_UNVERIFIED,STOP_LOSS,,False,,,,,,,,,,2026-08-05T18:30:00,2026-09-04T12:45:05.605601,EQUITY,NSE,,,,,,,,,,,,,,,,,2026-09-04T12:45:07.063844,,,,,0,,,,,,,,SYSTEM,1.0,1.0,1.0,1.0,,,PENDING
cloud_hist_HAL_20260806_3,2026-08-05T18:30:00,HAL,LONG,EQUITY,,,,,,,4910.05029296875,5401.055322265625,4713.64828125,v2.2,NIFTY_200_AUG2026,TradeMind Core v2.2-CloudBackfill,,,,,,,,,,,,,,,LEGACY_UNVERIFIED,STOP_LOSS,,False,,,,,,,,,,2026-08-05T18:30:00,2026-09-04T12:45:05.649575,EQUITY,NSE,,,,,,,,,,,,,,,,,2026-09-04T12:45:07.064844,,,,,0,,,,,,,,SYSTEM,1.0,1.0,1.0,1.0,,,PENDING
cloud_hist_INDIANB_20260806_4,2026-08-05T18:30:00,INDIANB,LONG,EQUITY,,,,,,,877.9000244140625,965.6900268554688,842.7840234375,v2.2,NIFTY_200_AUG2026,TradeMind Core v2.2-CloudBackfill,,,,,,,,,,,,,,,LEGACY_UNVERIFIED,TARGET_HIT,,False,,,,,,,,,,2026-08-05T18:30:00,2026-09-04T12:45:05.662568,EQUITY,NSE,,,,,,,,,,,,,,,,,2026-09-04T12:45:07.064844,,,,,0,,,,,,,,SYSTEM,1.0,1.0,1.0,1.0,,,PENDING
recon_INDIANB_20260806_2,2026-08-05T18:30:00,INDIANB,LONG,EQUITY,,,,,,,877.9000244140625,965.6900268554688,842.7840234375,v2.2,NIFTY_200_AUG2026,TradeMind-Quant-V2,,,,,,,,,,,,,,,LEGACY_UNVERIFIED,TARGET_HIT,,False,,,,,,,,,,2026-08-05T18:30:00,2026-09-04T12:45:05.573619,EQUITY,NSE,,,,,,,,,,,,,,,,,2026-09-04T12:45:07.063844,,,,,0,,,,,,,,SYSTEM,1.0,1.0,1.0,1.0,,,PENDING
cloud_hist_UPL_20260806_3,2026-08-05T18:30:00,UPL,SHORT,EQUITY,,,,,,,572.75,515.475,595.66,v2.2,NIFTY_200_AUG2026,TradeMind Core v2.2-CloudBackfill,,,,,,,,,,,,,,,LEGACY_UNVERIFIED,STOP_LOSS,,False,,,,,,,,,,2026-08-05T18:30:00,2026-09-04T12:45:05.704544,EQUITY,NSE,,,,,,,,,,,,,,,,,2026-09-04T12:45:07.065843,,,,,0,,,,,,,,SYSTEM,1.0,1.0,1.0,1.0,,,PENDING
cloud_hist_SBIN_20260806_4,2026-08-05T18:30:00,SBIN,LONG,EQUITY,,,,,,,1085.0,1193.5,1041.6,v2.2,NIFTY_200_AUG2026,TradeMind Core v2.2-CloudBackfill,,,,,,,,,,,,,,,LEGACY_UNVERIFIED,TARGET_HIT,,False,,,,,,,,,,2026-08-05T18:30:00,2026-09-04T12:45:05.688555,EQUITY,NSE,,,,,,,,,,,,,,,,,2026-09-04T12:45:07.064844,,,,,0,,,,,,,,SYSTEM,1.0,1.0,1.0,1.0,,,PENDING
cloud_hist_CANBK_20260806_4,2026-08-05T18:30:00,CANBK,LONG,EQUITY,,,,,,,131.6999969482422,144.86999664306643,126.43199707031249,v2.2,NIFTY_200_AUG2026,TradeMind Core v2.2-CloudBackfill,,,,,,,,,,,,,,,LEGACY_UNVERIFIED,TARGET_HIT,,False,,,,,,,,,,2026-08-05T18:30:00,2026-09-04T12:45:05.635583,EQUITY,NSE,,,,,,,,,,,,,,,,,2026-09-04T12:45:07.064844,,,,,0,,,,,,,,SYSTEM,1.0,1.0,1.0,1.0,,,PENDING
cloud_hist_POWERGRID_20260806_4,2026-08-05T18:30:00,POWERGRID,SHORT,EQUITY,,,,,,,270.75,243.675,281.58,v2.2,NIFTY_200_AUG2026,TradeMind Core v2.2-CloudBackfill,,,,,,,,,,,,,,,LEGACY_UNVERIFIED,TARGET_HIT,,False,,,,,,,,,,2026-08-05T18:30:00,2026-09-04T12:45:05.684559,EQUITY,NSE,,,,,,,,,,,,,,,,,2026-09-04T12:45:07.064844,,,,,0,,,,,,,,SYSTEM,1.0,1.0,1.0,1.0,,,PENDING
recon_POWERGRID_20260806_2,2026-08-05T18:30:00,POWERGRID,SHORT,EQUITY,,,,,,,270.75,243.675,281.58,v2.2,NIFTY_200_AUG2026,TradeMind-Quant-V2,,,,,,,,,,,,,,,LEGACY_UNVERIFIED,TARGET_HIT,,False,,,,,,,,,,2026-08-05T18:30:00,2026-09-04T12:45:05.591609,EQUITY,NSE,,,,,,,,,,,,,,,,,2026-09-04T12:45:07.063844,,,,,0,,,,,,,,SYSTEM,1.0,1.0,1.0,1.0,,,PENDING
recon_SBIN_20260806_2,2026-08-05T18:30:00,SBIN,LONG,EQUITY,,,,,,,1085.0,1193.5,1041.6,v2.2,NIFTY_200_AUG2026,TradeMind-Quant-V2,,,,,,,,,,,,,,,LEGACY_UNVERIFIED,TARGET_HIT,,False,,,,,,,,,,2026-08-05T18:30:00,2026-09-04T12:45:05.595607,EQUITY,NSE,,,,,,,,,,,,,,,,,2026-09-04T12:45:07.063844,,,,,0,,,,,,,,SYSTEM,1.0,1.0,1.0,1.0,,,PENDING
cloud_hist_LICHSGFIN_20260806_4,2026-08-05T18:30:00,LICHSGFIN,SHORT,EQUITY,,,,,,,505.0,454.5,525.2,v2.2,NIFTY_200_AUG2026,TradeMind Core v2.2-CloudBackfill,,,,,,,,,,,,,,,LEGACY_UNVERIFIED,TARGET_HIT,,False,,,,,,,,,,2026-08-05T18:30:00,2026-09-04T12:45:05.668565,EQUITY,NSE,,,,,,,,,,,,,,,,,2026-09-04T12:45:07.064844,,,,,0,,,,,,,,SYSTEM,1.0,1.0,1.0,1.0,,,PENDING
recon_HAL_20260806_1,2026-08-05T18:30:00,HAL,LONG,EQUITY,,,,,,,4910.05029296875,5401.055322265625,4713.64828125,v2.2,NIFTY_200_AUG2026,TradeMind-Quant-V2,,,,,,,,,,,,,,,LEGACY_UNVERIFIED,STOP_LOSS,,False,,,,,,,,,,2026-08-05T18:30:00,2026-09-04T12:45:05.566623,EQUITY,NSE,,,,,,,,,,,,,,,,,2026-09-04T12:45:07.063844,,,,,0,,,,,,,,SYSTEM,1.0,1.0,1.0,1.0,,,PENDING
866f671b-a9d4-407c-917f-824db23ffc1c,2026-08-05T11:59:29.918401,NIFTY,SHORT,EQUITY,,,,,,,150.0,80.0,190.0,v2.2,NIFTY_200_AUG2026,TradeMind F&O v1.1,,,,,,,,,,,,,,,LEGACY_UNVERIFIED,TARGET_HIT,,False,,,,,,,,,,2026-08-05T11:59:29.918401,2026-09-04T12:45:05.611597,EQUITY,NSE,,,,,,,,,,,,,,,,,2026-09-04T12:45:07.063844,,,,,0,,,,,,,,SYSTEM,1.0,1.0,1.0,1.0,,,PENDING
prod_BHARTIARTL_202608050000,2026-08-05T00:00:00,BHARTIARTL,LONG,EQUITY,,,,,,,1713.0,1918.5600000000002,1627.35,v2.2,NIFTY_200_AUG2026,TradeMind Core v2.2,,,,,,,,,,,,,,,LEGACY_UNVERIFIED,STOP_LOSS,,False,,,,,,,,,,2026-08-05T00:00:00,2026-09-04T12:45:05.556629,EQUITY,NSE,,,,,,,,,,,,,,,,,2026-09-04T12:45:07.063844,,,,,0,,,,,,,,SYSTEM,1.0,1.0,1.0,1.0,,,PENDING
prod_ITC_202608050000,2026-08-05T00:00:00,ITC,LONG,EQUITY,,,,,,,2321.0,2529.8900000000003,2135.32,v2.2,NIFTY_200_AUG2026,TradeMind Core v2.2,,,,,,,,,,,,,,,LEGACY_UNVERIFIED,TARGET_HIT,,False,,,,,,,,,,2026-08-05T00:00:00,2026-09-04T12:45:05.562625,EQUITY,NSE,,,,,,,,,,,,,,,,,2026-09-04T12:45:07.063844,,,,,0,,,,,,,,SYSTEM,1.0,1.0,1.0,1.0,,,PENDING
prod_ICICIBANK_202608050000,2026-08-05T00:00:00,ICICIBANK,LONG,EQUITY,,,,,,,2140.0,2396.8,2033.0,v2.2,NIFTY_200_AUG2026,TradeMind Core v2.2,,,,,,,,,,,,,,,LEGACY_UNVERIFIED,STOP_LOSS,,False,,,,,,,,,,2026-08-05T00:00:00,2026-09-04T12:45:05.551632,EQUITY,NSE,,,,,,,,,,,,,,,,,2026-09-04T12:45:07.063844,,,,,0,,,,,,,,SYSTEM,1.0,1.0,1.0,1.0,,,PENDING
recon_BOSCHLTD_20260805_1,2026-08-04T18:30:00,BOSCHLTD,LONG,EQUITY,,,,,,,42920.0,47212.00000000001,41203.2,v2.2,NIFTY_200_AUG2026,TradeMind-Quant-V2,,,,,,,,,,,,,,,LEGACY_UNVERIFIED,STOP_LOSS,,False,,,,,,,,,,2026-08-04T18:30:00,2026-09-04T12:45:05.532643,EQUITY,NSE,,,,,,,,,,,,,,,,,2026-09-04T12:45:07.062845,,,,,0,,,,,,,,SYSTEM,1.0,1.0,1.0,1.0,,,PENDING
cloud_hist_BOSCHLTD_20260805_3,2026-08-04T18:30:00,BOSCHLTD,LONG,EQUITY,,,,,,,42920.0,47212.00000000001,41203.2,v2.2,NIFTY_200_AUG2026,TradeMind Core v2.2-CloudBackfill,,,,,,,,,,,,,,,LEGACY_UNVERIFIED,STOP_LOSS,,False,,,,,,,,,,2026-08-04T18:30:00,2026-09-04T12:45:05.634584,EQUITY,NSE,,,,,,,,,,,,,,,,,2026-09-04T12:45:07.064844,,,,,0,,,,,,,,SYSTEM,1.0,1.0,1.0,1.0,,,PENDING
cloud_hist_HEROMOTOCO_20260805_4,2026-08-04T18:30:00,HEROMOTOCO,LONG,EQUITY,,,,,,,5690.0,6259.000000000001,5462.4,v2.2,NIFTY_200_AUG2026,TradeMind Core v2.2-CloudBackfill,,,,,,,,,,,,,,,LEGACY_UNVERIFIED,TARGET_HIT,,False,,,,,,,,,,2026-08-04T18:30:00,2026-09-04T12:45:05.653573,EQUITY,NSE,,,,,,,,,,,,,,,,,2026-09-04T12:45:07.064844,,,,,0,,,,,,,,SYSTEM,1.0,1.0,1.0,1.0,,,PENDING
recon_HEROMOTOCO_20260805_2,2026-08-04T18:30:00,HEROMOTOCO,LONG,EQUITY,,,,,,,5690.0,6259.000000000001,5462.4,v2.2,NIFTY_200_AUG2026,TradeMind-Quant-V2,,,,,,,,,,,,,,,LEGACY_UNVERIFIED,TARGET_HIT,,False,,,,,,,,,,2026-08-04T18:30:00,2026-09-04T12:45:05.569621,EQUITY,NSE,,,,,,,,,,,,,,,,,2026-09-04T12:45:07.063844,,,,,0,,,,,,,,SYSTEM,1.0,1.0,1.0,1.0,,,PENDING
cloud_hist_JSWSTEEL_20260805_4,2026-08-04T18:30:00,JSWSTEEL,LONG,EQUITY,,,,,,,1330.0,1463.0000000000002,1276.8,v2.2,NIFTY_200_AUG2026,TradeMind Core v2.2-CloudBackfill,,,,,,,,,,,,,,,LEGACY_UNVERIFIED,TARGET_HIT,,False,,,,,,,,,,2026-08-04T18:30:00,2026-09-04T12:45:05.659570,EQUITY,NSE,,,,,,,,,,,,,,,,,2026-09-04T12:45:07.064844,,,,,0,,,,,,,,SYSTEM,1.0,1.0,1.0,1.0,,,PENDING
recon_LT_20260805_2,2026-08-04T18:30:00,LT,LONG,EQUITY,,,,,,,4057.0,4462.700000000001,3894.72,v2.2,NIFTY_200_AUG2026,TradeMind-Quant-V2,,,,,,,,,,,,,,,LEGACY_UNVERIFIED,TARGET_HIT,,False,,,,,,,,,,2026-08-04T18:30:00,2026-09-04T12:45:05.578607,EQUITY,NSE,,,,,,,,,,,,,,,,,2026-09-04T12:45:07.063844,,,,,0,,,,,,,,SYSTEM,1.0,1.0,1.0,1.0,,,PENDING
recon_JSWSTEEL_20260805_2,2026-08-04T18:30:00,JSWSTEEL,LONG,EQUITY,,,,,,,1330.0,1463.0000000000002,1276.8,v2.2,NIFTY_200_AUG2026,TradeMind-Quant-V2,,,,,,,,,,,,,,,LEGACY_UNVERIFIED,TARGET_HIT,,False,,,,,,,,,,2026-08-04T18:30:00,2026-09-04T12:45:05.576608,EQUITY,NSE,,,,,,,,,,,,,,,,,2026-09-04T12:45:07.063844,,,,,0,,,,,,,,SYSTEM,1.0,1.0,1.0,1.0,,,PENDING
cloud_hist_SONACOMS_20260805_4,2026-08-04T18:30:00,SONACOMS,LONG,EQUITY,,,,,,,814.5999755859375,896.0599731445313,782.0159765625,v2.2,NIFTY_200_AUG2026,TradeMind Core v2.2-CloudBackfill,,,,,,,,,,,,,,,LEGACY_UNVERIFIED,TARGET_HIT,,False,,,,,,,,,,2026-08-04T18:30:00,2026-09-04T12:45:05.693552,EQUITY,NSE,,,,,,,,,,,,,,,,,2026-09-04T12:45:07.065843,,,,,0,,,,,,,,SYSTEM,1.0,1.0,1.0,1.0,,,PENDING
recon_SONACOMS_20260805_2,2026-08-04T18:30:00,SONACOMS,LONG,EQUITY,,,,,,,814.5999755859375,896.0599731445313,782.0159765625,v2.2,NIFTY_200_AUG2026,TradeMind-Quant-V2,,,,,,,,,,,,,,,LEGACY_UNVERIFIED,TARGET_HIT,,False,,,,,,,,,,2026-08-04T18:30:00,2026-09-04T12:45:05.598605,EQUITY,NSE,,,,,,,,,,,,,,,,,2026-09-04T12:45:07.063844,,,,,0,,,,,,,,SYSTEM,1.0,1.0,1.0,1.0,,,PENDING
cloud_hist_LT_20260805_4,2026-08-04T18:30:00,LT,LONG,EQUITY,,,,,,,4057.0,4462.700000000001,3894.72,v2.2,NIFTY_200_AUG2026,TradeMind Core v2.2-CloudBackfill,,,,,,,,,,,,,,,LEGACY_UNVERIFIED,TARGET_HIT,,False,,,,,,,,,,2026-08-04T18:30:00,2026-09-04T12:45:05.667567,EQUITY,NSE,,,,,,,,,,,,,,,,,2026-09-04T12:45:07.064844,,,,,0,,,,,,,,SYSTEM,1.0,1.0,1.0,1.0,,,PENDING
prod_HDFCBANK_202608040000,2026-08-04T00:00:00,HDFCBANK,LONG,EQUITY,,,,,,,2022.0,2203.98,1860.24,v2.2,NIFTY_200_AUG2026,TradeMind Core v2.2,,,,,,,,,,,,,,,LEGACY_UNVERIFIED,TARGET_HIT,,False,,,,,,,,,,2026-08-04T00:00:00,2026-09-04T12:45:05.547634,EQUITY,NSE,,,,,,,,,,,,,,,,,2026-09-04T12:45:07.063844,,,,,0,,,,,,,,SYSTEM,1.0,1.0,1.0,1.0,,,PENDING
cloud_hist_APOLLOHOSP_20260804_3,2026-08-03T18:30:00,APOLLOHOSP,LONG,EQUITY,,,,,,,9039.4765625,9943.42421875,8677.8975,v2.2,NIFTY_200_AUG2026,TradeMind Core v2.2-CloudBackfill,,,,,,,,,,,,,,,LEGACY_UNVERIFIED,STOP_LOSS,,False,,,,,,,,,,2026-08-03T18:30:00,2026-09-04T12:45:05.622591,EQUITY,NSE,,,,,,,,,,,,,,,,,2026-09-04T12:45:07.064844,,,,,0,,,,,,,,SYSTEM,1.0,1.0,1.0,1.0,,,PENDING
recon_HINDALCO_20260804_1,2026-08-03T18:30:00,HINDALCO,LONG,EQUITY,,,,,,,1020.0,1122.0,979.1999999999999,v2.2,NIFTY_200_AUG2026,TradeMind-Quant-V2,,,,,,,,,,,,,,,LEGACY_UNVERIFIED,STOP_LOSS,,False,,,,,,,,,,2026-08-03T18:30:00,2026-09-04T12:45:05.569621,EQUITY,NSE,,,,,,,,,,,,,,,,,2026-09-04T12:45:07.063844,,,,,0,,,,,,,,SYSTEM,1.0,1.0,1.0,1.0,,,PENDING
recon_LICI_20260804_2,2026-08-03T18:30:00,LICI,SHORT,EQUITY,,,,,,,391.29998779296875,352.1699890136719,406.9519873046875,v2.2,NIFTY_200_AUG2026,TradeMind-Quant-V2,,,,,,,,,,,,,,,LEGACY_UNVERIFIED,TARGET_HIT,,False,,,,,,,,,,2026-08-03T18:30:00,2026-09-04T12:45:05.579606,EQUITY,NSE,,,,,,,,,,,,,,,,,2026-09-04T12:45:07.063844,,,,,0,,,,,,,,SYSTEM,1.0,1.0,1.0,1.0,,,PENDING
cloud_hist_HINDALCO_20260804_3,2026-08-03T18:30:00,HINDALCO,LONG,EQUITY,,,,,,,1020.0,1122.0,979.1999999999999,v2.2,NIFTY_200_AUG2026,TradeMind Core v2.2-CloudBackfill,,,,,,,,,,,,,,,LEGACY_UNVERIFIED,STOP_LOSS,,False,,,,,,,,,,2026-08-03T18:30:00,2026-09-04T12:45:05.653573,EQUITY,NSE,,,,,,,,,,,,,,,,,2026-09-04T12:45:07.064844,,,,,0,,,,,,,,SYSTEM,1.0,1.0,1.0,1.0,,,PENDING
cloud_hist_TRENT_20260804_4,2026-08-03T18:30:00,TRENT,LONG,EQUITY,,,,,,,3107.699951171875,3418.4699462890626,2983.391953125,v2.2,NIFTY_200_AUG2026,TradeMind Core v2.2-CloudBackfill,,,,,,,,,,,,,,,LEGACY_UNVERIFIED,TARGET_HIT,,False,,,,,,,,,,2026-08-03T18:30:00,2026-09-04T12:45:05.701546,EQUITY,NSE,,,,,,,,,,,,,,,,,2026-09-04T12:45:07.065843,,,,,0,,,,,,,,SYSTEM,1.0,1.0,1.0,1.0,,,PENDING
cloud_hist_LICI_20260804_4,2026-08-03T18:30:00,LICI,SHORT,EQUITY,,,,,,,391.29998779296875,352.1699890136719,406.9519873046875,v2.2,NIFTY_200_AUG2026,TradeMind Core v2.2-CloudBackfill,,,,,,,,,,,,,,,LEGACY_UNVERIFIED,TARGET_HIT,,False,,,,,,,,,,2026-08-03T18:30:00,2026-09-04T12:45:05.669564,EQUITY,NSE,,,,,,,,,,,,,,,,,2026-09-04T12:45:07.064844,,,,,0,,,,,,,,SYSTEM,1.0,1.0,1.0,1.0,,,PENDING
recon_TRENT_20260804_2,2026-08-03T18:30:00,TRENT,LONG,EQUITY,,,,,,,3107.699951171875,3418.4699462890626,2983.391953125,v2.2,NIFTY_200_AUG2026,TradeMind-Quant-V2,,,,,,,,,,,,,,,LEGACY_UNVERIFIED,TARGET_HIT,,False,,,,,,,,,,2026-08-03T18:30:00,2026-09-04T12:45:05.604602,EQUITY,NSE,,,,,,,,,,,,,,,,,2026-09-04T12:45:07.063844,,,,,0,,,,,,,,SYSTEM,1.0,1.0,1.0,1.0,,,PENDING
recon_DABUR_20260804_2,2026-08-03T18:30:00,DABUR,SHORT,EQUITY,,,,,,,409.6499938964844,368.68499450683595,426.0359936523438,v2.2,NIFTY_200_AUG2026,TradeMind-Quant-V2,,,,,,,,,,,,,,,LEGACY_UNVERIFIED,TARGET_HIT,,False,,,,,,,,,,2026-08-03T18:30:00,2026-09-04T12:45:05.538639,EQUITY,NSE,,,,,,,,,,,,,,,,,2026-09-04T12:45:07.062845,,,,,0,,,,,,,,SYSTEM,1.0,1.0,1.0,1.0,,,PENDING
recon_APOLLOHOSP_20260804_1,2026-08-03T18:30:00,APOLLOHOSP,LONG,EQUITY,,,,,,,9039.4765625,9943.42421875,8677.8975,v2.2,NIFTY_200_AUG2026,TradeMind-Quant-V2,,,,,,,,,,,,,,,LEGACY_UNVERIFIED,STOP_LOSS,,False,,,,,,,,,,2026-08-03T18:30:00,2026-09-04T12:45:05.711540,EQUITY,NSE,,,,,,,,,,,,,,,,,2026-09-04T12:45:07.065843,,,,,0,,,,,,,,SYSTEM,1.0,1.0,1.0,1.0,,,PENDING
cloud_hist_DABUR_20260804_4,2026-08-03T18:30:00,DABUR,SHORT,EQUITY,,,,,,,409.6499938964844,368.68499450683595,426.0359936523438,v2.2,NIFTY_200_AUG2026,TradeMind Core v2.2-CloudBackfill,,,,,,,,,,,,,,,LEGACY_UNVERIFIED,TARGET_HIT,,False,,,,,,,,,,2026-08-03T18:30:00,2026-09-04T12:45:05.642579,EQUITY,NSE,,,,,,,,,,,,,,,,,2026-09-04T12:45:07.064844,,,,,0,,,,,,,,SYSTEM,1.0,1.0,1.0,1.0,,,PENDING
prod_RELIANCE_202608030000,2026-08-03T00:00:00,RELIANCE,LONG,EQUITY,,,,,,,3453.0,3867.3600000000006,3280.35,v2.2,NIFTY_200_AUG2026,TradeMind Core v2.2,,,,,,,,,,,,,,,LEGACY_UNVERIFIED,STOP_LOSS,,False,,,,,,,,,,2026-08-03T00:00:00,2026-09-04T12:45:05.542638,EQUITY,NSE,,,,,,,,,,,,,,,,,2026-09-04T12:45:07.062845,,,,,0,,,,,,,,SYSTEM,1.0,1.0,1.0,1.0,,,PENDING
prod_TCS_202608030000,2026-08-03T00:00:00,TCS,LONG,EQUITY,,,,,,,2083.0,2270.4700000000003,1916.3600000000001,v2.2,NIFTY_200_AUG2026,TradeMind Core v2.2,,,,,,,,,,,,,,,LEGACY_UNVERIFIED,TARGET_HIT,,False,,,,,,,,,,2026-08-03T00:00:00,2026-09-04T12:45:05.545636,EQUITY,NSE,,,,,,,,,,,,,,,,,2026-09-04T12:45:07.062845,,,,,0,,,,,,,,SYSTEM,1.0,1.0,1.0,1.0,,,PENDING
prod_INFY_202608030000,2026-08-03T00:00:00,INFY,LONG,EQUITY,,,,,,,1974.0,2210.88,1875.3,v2.2,NIFTY_200_AUG2026,TradeMind Core v2.2,,,,,,,,,,,,,,,LEGACY_UNVERIFIED,STOP_LOSS,,False,,,,,,,,,,2026-08-03T00:00:00,2026-09-04T12:45:05.549633,EQUITY,NSE,,,,,,,,,,,,,,,,,2026-09-04T12:45:07.063844,,,,,0,,,,,,,,SYSTEM,1.0,1.0,1.0,1.0,,,PENDING
recon_BRITANNIA_20260803_2,2026-08-02T18:30:00,BRITANNIA,LONG,EQUITY,,,,,,,5531.0,6084.1,5309.76,v2.2,NIFTY_200_AUG2026,TradeMind-Quant-V2,,,,,,,,,,,,,,,LEGACY_UNVERIFIED,TARGET_HIT,,False,,,,,,,,,,2026-08-02T18:30:00,2026-09-04T12:45:05.533642,EQUITY,NSE,,,,,,,,,,,,,,,,,2026-09-04T12:45:07.062845,,,,,0,,,,,,,,SYSTEM,1.0,1.0,1.0,1.0,,,PENDING
cloud_hist_PAYTM_20260803_3,2026-08-02T18:30:00,PAYTM,LONG,EQUITY,,,,,,,1410.0,1551.0000000000002,1353.6,v2.2,NIFTY_200_AUG2026,TradeMind Core v2.2-CloudBackfill,,,,,,,,,,,,,,,LEGACY_UNVERIFIED,STOP_LOSS,,False,,,,,,,,,,2026-08-02T18:30:00,2026-09-04T12:45:05.679559,EQUITY,NSE,,,,,,,,,,,,,,,,,2026-09-04T12:45:07.064844,,,,,0,,,,,,,,SYSTEM,1.0,1.0,1.0,1.0,,,PENDING
cloud_hist_NYKAA_20260803_4,2026-08-02T18:30:00,NYKAA,LONG,EQUITY,,,,,,,344.8999938964844,379.38999328613284,331.103994140625,v2.2,NIFTY_200_AUG2026,TradeMind Core v2.2-CloudBackfill,,,,,,,,,,,,,,,LEGACY_UNVERIFIED,TARGET_HIT,,False,,,,,,,,,,2026-08-02T18:30:00,2026-09-04T12:45:05.678561,EQUITY,NSE,,,,,,,,,,,,,,,,,2026-09-04T12:45:07.064844,,,,,0,,,,,,,,SYSTEM,1.0,1.0,1.0,1.0,,,PENDING
recon_CHOLAFIN_20260803_2,2026-08-02T18:30:00,CHOLAFIN,LONG,EQUITY,,,,,,,1888.199951171875,2077.019946289063,1812.6719531249998,v2.2,NIFTY_200_AUG2026,TradeMind-Quant-V2,,,,,,,,,,,,,,,LEGACY_UNVERIFIED,TARGET_HIT,,False,,,,,,,,,,2026-08-02T18:30:00,2026-09-04T12:45:05.534642,EQUITY,NSE,,,,,,,,,,,,,,,,,2026-09-04T12:45:07.062845,,,,,0,,,,,,,,SYSTEM,1.0,1.0,1.0,1.0,,,PENDING
cloud_hist_SIEMENS_20260803_4,2026-08-02T18:30:00,SIEMENS,LONG,EQUITY,,,,,,,3900.0,4290.0,3744.0,v2.2,NIFTY_200_AUG2026,TradeMind Core v2.2-CloudBackfill,,,,,,,,,,,,,,,LEGACY_UNVERIFIED,TARGET_HIT,,False,,,,,,,,,,2026-08-02T18:30:00,2026-09-04T12:45:05.692552,EQUITY,NSE,,,,,,,,,,,,,,,,,2026-09-04T12:45:07.065843,,,,,0,,,,,,,,SYSTEM,1.0,1.0,1.0,1.0,,,PENDING
cloud_hist_KOTAKBANK_20260803_4,2026-08-02T18:30:00,KOTAKBANK,LONG,EQUITY,,,,,,,397.5,437.25000000000006,381.59999999999997,v2.2,NIFTY_200_AUG2026,TradeMind Core v2.2-CloudBackfill,,,,,,,,,,,,,,,LEGACY_UNVERIFIED,TARGET_HIT,,False,,,,,,,,,,2026-08-02T18:30:00,2026-09-04T12:45:05.667567,EQUITY,NSE,,,,,,,,,,,,,,,,,2026-09-04T12:45:07.064844,,,,,0,,,,,,,,SYSTEM,1.0,1.0,1.0,1.0,,,PENDING
cloud_hist_JUBLFOOD_20260803_4,2026-08-02T18:30:00,JUBLFOOD,LONG,EQUITY,,,,,,,470.0,517.0,451.2,v2.2,NIFTY_200_AUG2026,TradeMind Core v2.2-CloudBackfill,,,,,,,,,,,,,,,LEGACY_UNVERIFIED,TARGET_HIT,,False,,,,,,,,,,2026-08-02T18:30:00,2026-09-04T12:45:05.666566,EQUITY,NSE,,,,,,,,,,,,,,,,,2026-09-04T12:45:07.064844,,,,,0,,,,,,,,SYSTEM,1.0,1.0,1.0,1.0,,,PENDING
cloud_hist_TITAN_20260803_3,2026-08-02T18:30:00,TITAN,LONG,EQUITY,,,,,,,5000.0,5500.0,4800.0,v2.2,NIFTY_200_AUG2026,TradeMind Core v2.2-CloudBackfill,,,,,,,,,,,,,,,LEGACY_UNVERIFIED,STOP_LOSS,,False,,,,,,,,,,2026-08-02T18:30:00,2026-09-04T12:45:05.699547,EQUITY,NSE,,,,,,,,,,,,,,,,,2026-09-04T12:45:07.065843,,,,,0,,,,,,,,SYSTEM,1.0,1.0,1.0,1.0,,,PENDING
cloud_hist_IRCTC_20260803_4,2026-08-02T18:30:00,IRCTC,LONG,EQUITY,,,,,,,513.5,564.85,492.96,v2.2,NIFTY_200_AUG2026,TradeMind Core v2.2-CloudBackfill,,,,,,,,,,,,,,,LEGACY_UNVERIFIED,TARGET_HIT,,False,,,,,,,,,,2026-08-02T18:30:00,2026-09-04T12:45:05.665566,EQUITY,NSE,,,,,,,,,,,,,,,,,2026-09-04T12:45:07.064844,,,,,0,,,,,,,,SYSTEM,1.0,1.0,1.0,1.0,,,PENDING
cloud_hist_HCLTECH_20260803_4,2026-08-02T18:30:00,HCLTECH,LONG,EQUITY,,,,,,,1377.0,1514.7,1321.9199999999998,v2.2,NIFTY_200_AUG2026,TradeMind Core v2.2-CloudBackfill,,,,,,,,,,,,,,,LEGACY_UNVERIFIED,TARGET_HIT,,False,,,,,,,,,,2026-08-02T18:30:00,2026-09-04T12:45:05.650575,EQUITY,NSE,,,,,,,,,,,,,,,,,2026-09-04T12:45:07.064844,,,,,0,,,,,,,,SYSTEM,1.0,1.0,1.0,1.0,,,PENDING
recon_BAJAJ-AUTO_20260803_2,2026-08-02T18:30:00,BAJAJ-AUTO,LONG,EQUITY,,,0.75,0.75,0.5,1.0,11856.0,13041.6,11381.76,v2.2,NIFTY_200_AUG2026,TradeMind-Quant-V2,v1.0.0,,,2026-08-17T18:30:00,13041.6,10.0,,,,,9.8,,,,LIVE_SHADOW_VERIFIED,TARGET_HIT,,True,,,,,10.0,,9.8,,,2026-09-02T10:54:35.460921,2026-09-02T10:54:35.460921,,,,,,,,,,,,,,,,,,,,,,TERMINAL,,4,,,,,,,,,,,,,,,
cloud_hist_GRASIM_20260803_3,2026-08-02T18:30:00,GRASIM,LONG,EQUITY,,,,,,,3249.875732421875,3574.863305664063,3119.880703125,v2.2,NIFTY_200_AUG2026,TradeMind Core v2.2-CloudBackfill,,,,,,,,,,,,,,,LEGACY_UNVERIFIED,STOP_LOSS,,False,,,,,,,,,,2026-08-02T18:30:00,2026-09-04T12:45:05.648576,EQUITY,NSE,,,,,,,,,,,,,,,,,2026-09-04T12:45:07.064844,,,,,0,,,,,,,,SYSTEM,1.0,1.0,1.0,1.0,,,PENDING
cloud_hist_EICHERMOT_20260803_4,2026-08-02T18:30:00,EICHERMOT,LONG,EQUITY,,,,,,,8050.0,8855.0,7728.0,v2.2,NIFTY_200_AUG2026,TradeMind Core v2.2-CloudBackfill,,,,,,,,,,,,,,,LEGACY_UNVERIFIED,TARGET_HIT,,False,,,,,,,,,,2026-08-02T18:30:00,2026-09-04T12:45:05.644579,EQUITY,NSE,,,,,,,,,,,,,,,,,2026-09-04T12:45:07.064844,,,,,0,,,,,,,,SYSTEM,1.0,1.0,1.0,1.0,,,PENDING
cloud_hist_CHOLAFIN_20260803_4,2026-08-02T18:30:00,CHOLAFIN,LONG,EQUITY,,,,,,,1888.199951171875,2077.019946289063,1812.6719531249998,v2.2,NIFTY_200_AUG2026,TradeMind Core v2.2-CloudBackfill,,,,,,,,,,,,,,,LEGACY_UNVERIFIED,TARGET_HIT,,False,,,,,,,,,,2026-08-02T18:30:00,2026-09-04T12:45:05.637583,EQUITY,NSE,,,,,,,,,,,,,,,,,2026-09-04T12:45:07.064844,,,,,0,,,,,,,,SYSTEM,1.0,1.0,1.0,1.0,,,PENDING
cloud_hist_ULTRACEMCO_20260803_4,2026-08-02T18:30:00,ULTRACEMCO,LONG,EQUITY,,,,,,,12054.0,13259.400000000001,11571.84,v2.2,NIFTY_200_AUG2026,TradeMind Core v2.2-CloudBackfill,,,,,,,,,,,,,,,LEGACY_UNVERIFIED,TARGET_HIT,,False,,,,,,,,,,2026-08-02T18:30:00,2026-09-04T12:45:05.705544,EQUITY,NSE,,,,,,,,,,,,,,,,,2026-09-04T12:45:07.065843,,,,,0,,,,,,,,SYSTEM,1.0,1.0,1.0,1.0,,,PENDING
cloud_hist_BPCL_20260803_4,2026-08-02T18:30:00,BPCL,LONG,EQUITY,,,,,,,329.95001220703125,362.9450134277344,316.75201171875,v2.2,NIFTY_200_AUG2026,TradeMind Core v2.2-CloudBackfill,,,,,,,,,,,,,,,LEGACY_UNVERIFIED,TARGET_HIT,,False,,,,,,,,,,2026-08-02T18:30:00,2026-09-04T12:45:05.632585,EQUITY,NSE,,,,,,,,,,,,,,,,,2026-09-04T12:45:07.064844,,,,,0,,,,,,,,SYSTEM,1.0,1.0,1.0,1.0,,,PENDING
cloud_hist_BAJAJFINSV_20260803_4,2026-08-02T18:30:00,BAJAJFINSV,LONG,EQUITY,,,,,,,2096.0,2305.6000000000004,2012.1599999999999,v2.2,NIFTY_200_AUG2026,TradeMind Core v2.2-CloudBackfill,,,,,,,,,,,,,,,LEGACY_UNVERIFIED,TARGET_HIT,,False,,,,,,,,,,2026-08-02T18:30:00,2026-09-04T12:45:05.626589,EQUITY,NSE,,,,,,,,,,,,,,,,,2026-09-04T12:45:07.064844,,,,,0,,,,,,,,SYSTEM,1.0,1.0,1.0,1.0,,,PENDING
cloud_hist_BAJAJ-AUTO_20260803_4,2026-08-02T18:30:00,BAJAJ-AUTO,LONG,EQUITY,,,,,,,11856.0,13041.6,11381.76,v2.2,NIFTY_200_AUG2026,TradeMind Core v2.2-CloudBackfill,,,,,,,,,,,,,,,LEGACY_UNVERIFIED,TARGET_HIT,,False,,,,,,,,,,2026-08-02T18:30:00,2026-09-04T12:45:05.624590,EQUITY,NSE,,,,,,,,,,,,,,,,,2026-09-04T12:45:07.064844,,,,,0,,,,,,,,SYSTEM,1.0,1.0,1.0,1.0,,,PENDING
cloud_hist_PIDILITIND_20260803_3,2026-08-02T18:30:00,PIDILITIND,LONG,EQUITY,,,,,,,1642.5,1806.7500000000002,1576.8,v2.2,NIFTY_200_AUG2026,TradeMind Core v2.2-CloudBackfill,,,,,,,,,,,,,,,LEGACY_UNVERIFIED,STOP_LOSS,,False,,,,,,,,,,2026-08-02T18:30:00,2026-09-04T12:45:05.615595,EQUITY,NSE,,,,,,,,,,,,,,,,,2026-09-04T12:45:07.063844,,,,,0,,,,,,,,SYSTEM,1.0,1.0,1.0,1.0,,,PENDING
recon_BAJAJFINSV_20260803_2,2026-08-02T18:30:00,BAJAJFINSV,LONG,EQUITY,,,0.75,0.75,0.5,1.0,2096.0,2305.6000000000004,2012.1599999999999,v2.2,NIFTY_200_AUG2026,TradeMind-Quant-V2,v1.0.0,,,2026-08-17T18:30:00,2305.6000000000004,10.0,,,,,9.8,,,,LIVE_SHADOW_VERIFIED,TARGET_HIT,,True,,,,,10.0,,9.8,,,2026-09-04T05:00:24.578272,2026-09-04T05:00:24.578272,,,,,,,,,,,,,,,,,,,,,,TERMINAL,,4,,,,,,,,,,,,,,,
cloud_hist_BRITANNIA_20260803_4,2026-08-02T18:30:00,BRITANNIA,LONG,EQUITY,,,,,,,5531.0,6084.1,5309.76,v2.2,NIFTY_200_AUG2026,TradeMind Core v2.2-CloudBackfill,,,,,,,,,,,,,,,LEGACY_UNVERIFIED,TARGET_HIT,,False,,,,,,,,,,2026-08-02T18:30:00,2026-09-04T12:45:05.610598,EQUITY,NSE,,,,,,,,,,,,,,,,,2026-09-04T12:45:07.063844,,,,,0,,,,,,,,SYSTEM,1.0,1.0,1.0,1.0,,,PENDING
recon_ULTRACEMCO_20260803_2,2026-08-02T18:30:00,ULTRACEMCO,LONG,EQUITY,,,,,,,12054.0,13259.400000000001,11571.84,v2.2,NIFTY_200_AUG2026,TradeMind-Quant-V2,,,,,,,,,,,,,,,LEGACY_UNVERIFIED,TARGET_HIT,,False,,,,,,,,,,2026-08-02T18:30:00,2026-09-04T12:45:05.605601,EQUITY,NSE,,,,,,,,,,,,,,,,,2026-09-04T12:45:07.063844,,,,,0,,,,,,,,SYSTEM,1.0,1.0,1.0,1.0,,,PENDING
recon_TITAN_20260803_1,2026-08-02T18:30:00,TITAN,LONG,EQUITY,,,,,,,5000.0,5500.0,4800.0,v2.2,NIFTY_200_AUG2026,TradeMind-Quant-V2,,,,,,,,,,,,,,,LEGACY_UNVERIFIED,STOP_LOSS,,False,,,,,,,,,,2026-08-02T18:30:00,2026-09-04T12:45:05.602603,EQUITY,NSE,,,,,,,,,,,,,,,,,2026-09-04T12:45:07.063844,,,,,0,,,,,,,,SYSTEM,1.0,1.0,1.0,1.0,,,PENDING
recon_SIEMENS_20260803_2,2026-08-02T18:30:00,SIEMENS,LONG,EQUITY,,,,,,,3900.0,4290.0,3744.0,v2.2,NIFTY_200_AUG2026,TradeMind-Quant-V2,,,,,,,,,,,,,,,LEGACY_UNVERIFIED,TARGET_HIT,,False,,,,,,,,,,2026-08-02T18:30:00,2026-09-04T12:45:05.597605,EQUITY,NSE,,,,,,,,,,,,,,,,,2026-09-04T12:45:07.063844,,,,,0,,,,,,,,SYSTEM,1.0,1.0,1.0,1.0,,,PENDING
recon_SHRIRAMFIN_20260803_2,2026-08-02T18:30:00,SHRIRAMFIN,LONG,EQUITY,,,,,,,1090.199951171875,1199.2199462890626,1046.591953125,v2.2,NIFTY_200_AUG2026,TradeMind-Quant-V2,,,,,,,,,,,,,,,LEGACY_UNVERIFIED,TARGET_HIT,,False,,,,,,,,,,2026-08-02T18:30:00,2026-09-04T12:45:05.597605,EQUITY,NSE,,,,,,,,,,,,,,,,,2026-09-04T12:45:07.063844,,,,,0,,,,,,,,SYSTEM,1.0,1.0,1.0,1.0,,,PENDING
recon_ASHOKLEY_20260803_2,2026-08-02T18:30:00,ASHOKLEY,LONG,EQUITY,,,,,,,174.5500030517578,192.0050033569336,167.56800292968748,v2.2,NIFTY_200_AUG2026,TradeMind-Quant-V2,,,,,,,,,,,,,,,LEGACY_UNVERIFIED,TARGET_HIT,,False,,,,,,,,,,2026-08-02T18:30:00,2026-09-04T12:45:05.712539,EQUITY,NSE,,,,,,,,,,,,,,,,,2026-09-04T12:45:07.065843,,,,,0,,,,,,,,SYSTEM,1.0,1.0,1.0,1.0,,,PENDING
recon_HCLTECH_20260803_2,2026-08-02T18:30:00,HCLTECH,LONG,EQUITY,,,,,,,1377.0,1514.7,1321.9199999999998,v2.2,NIFTY_200_AUG2026,TradeMind-Quant-V2,,,,,,,,,,,,,,,LEGACY_UNVERIFIED,TARGET_HIT,,False,,,,,,,,,,2026-08-02T18:30:00,2026-09-04T12:45:05.567622,EQUITY,NSE,,,,,,,,,,,,,,,,,2026-09-04T12:45:07.063844,,,,,0,,,,,,,,SYSTEM,1.0,1.0,1.0,1.0,,,PENDING
cloud_hist_ASHOKLEY_20260803_4,2026-08-02T18:30:00,ASHOKLEY,LONG,EQUITY,,,,,,,174.5500030517578,192.0050033569336,167.56800292968748,v2.2,NIFTY_200_AUG2026,TradeMind Core v2.2-CloudBackfill,,,,,,,,,,,,,,,LEGACY_UNVERIFIED,TARGET_HIT,,False,,,,,,,,,,2026-08-02T18:30:00,2026-09-04T12:45:05.592608,EQUITY,NSE,,,,,,,,,,,,,,,,,2026-09-04T12:45:07.063844,,,,,0,,,,,,,,SYSTEM,1.0,1.0,1.0,1.0,,,PENDING
recon_GRASIM_20260803_1,2026-08-02T18:30:00,GRASIM,LONG,EQUITY,,,,,,,3249.875732421875,3574.863305664063,3119.880703125,v2.2,NIFTY_200_AUG2026,TradeMind-Quant-V2,,,,,,,,,,,,,,,LEGACY_UNVERIFIED,STOP_LOSS,,False,,,,,,,,,,2026-08-02T18:30:00,2026-09-04T12:45:05.566623,EQUITY,NSE,,,,,,,,,,,,,,,,,2026-09-04T12:45:07.063844,,,,,0,,,,,,,,SYSTEM,1.0,1.0,1.0,1.0,,,PENDING
recon_PIDILITIND_20260803_1,2026-08-02T18:30:00,PIDILITIND,LONG,EQUITY,,,,,,,1642.5,1806.7500000000002,1576.8,v2.2,NIFTY_200_AUG2026,TradeMind-Quant-V2,,,,,,,,,,,,,,,LEGACY_UNVERIFIED,STOP_LOSS,,False,,,,,,,,,,2026-08-02T18:30:00,2026-09-04T12:45:05.590600,EQUITY,NSE,,,,,,,,,,,,,,,,,2026-09-04T12:45:07.063844,,,,,0,,,,,,,,SYSTEM,1.0,1.0,1.0,1.0,,,PENDING
recon_PAYTM_20260803_1,2026-08-02T18:30:00,PAYTM,LONG,EQUITY,,,,,,,1410.0,1551.0000000000002,1353.6,v2.2,NIFTY_200_AUG2026,TradeMind-Quant-V2,,,,,,,,,,,,,,,LEGACY_UNVERIFIED,STOP_LOSS,,False,,,,,,,,,,2026-08-02T18:30:00,2026-09-04T12:45:05.586602,EQUITY,NSE,,,,,,,,,,,,,,,,,2026-09-04T12:45:07.063844,,,,,0,,,,,,,,SYSTEM,1.0,1.0,1.0,1.0,,,PENDING
recon_NYKAA_20260803_2,2026-08-02T18:30:00,NYKAA,LONG,EQUITY,,,,,,,344.8999938964844,379.38999328613284,331.103994140625,v2.2,NIFTY_200_AUG2026,TradeMind-Quant-V2,,,,,,,,,,,,,,,LEGACY_UNVERIFIED,TARGET_HIT,,False,,,,,,,,,,2026-08-02T18:30:00,2026-09-04T12:45:05.585603,EQUITY,NSE,,,,,,,,,,,,,,,,,2026-09-04T12:45:07.063844,,,,,0,,,,,,,,SYSTEM,1.0,1.0,1.0,1.0,,,PENDING
recon_KOTAKBANK_20260803_2,2026-08-02T18:30:00,KOTAKBANK,LONG,EQUITY,,,,,,,397.5,437.25000000000006,381.59999999999997,v2.2,NIFTY_200_AUG2026,TradeMind-Quant-V2,,,,,,,,,,,,,,,LEGACY_UNVERIFIED,TARGET_HIT,,False,,,,,,,,,,2026-08-02T18:30:00,2026-09-04T12:45:05.578607,EQUITY,NSE,,,,,,,,,,,,,,,,,2026-09-04T12:45:07.063844,,,,,0,,,,,,,,SYSTEM,1.0,1.0,1.0,1.0,,,PENDING
recon_EICHERMOT_20260803_2,2026-08-02T18:30:00,EICHERMOT,LONG,EQUITY,,,,,,,8050.0,8855.0,7728.0,v2.2,NIFTY_200_AUG2026,TradeMind-Quant-V2,,,,,,,,,,,,,,,LEGACY_UNVERIFIED,TARGET_HIT,,False,,,,,,,,,,2026-08-02T18:30:00,2026-09-04T12:45:05.563625,EQUITY,NSE,,,,,,,,,,,,,,,,,2026-09-04T12:45:07.063844,,,,,0,,,,,,,,SYSTEM,1.0,1.0,1.0,1.0,,,PENDING
recon_JUBLFOOD_20260803_2,2026-08-02T18:30:00,JUBLFOOD,LONG,EQUITY,,,,,,,470.0,517.0,451.2,v2.2,NIFTY_200_AUG2026,TradeMind-Quant-V2,,,,,,,,,,,,,,,LEGACY_UNVERIFIED,TARGET_HIT,,False,,,,,,,,,,2026-08-02T18:30:00,2026-09-04T12:45:05.577607,EQUITY,NSE,,,,,,,,,,,,,,,,,2026-09-04T12:45:07.063844,,,,,0,,,,,,,,SYSTEM,1.0,1.0,1.0,1.0,,,PENDING
recon_IRCTC_20260803_2,2026-08-02T18:30:00,IRCTC,LONG,EQUITY,,,,,,,513.5,564.85,492.96,v2.2,NIFTY_200_AUG2026,TradeMind-Quant-V2,,,,,,,,,,,,,,,LEGACY_UNVERIFIED,TARGET_HIT,,False,,,,,,,,,,2026-08-02T18:30:00,2026-09-04T12:45:05.575609,EQUITY,NSE,,,,,,,,,,,,,,,,,2026-09-04T12:45:07.063844,,,,,0,,,,,,,,SYSTEM,1.0,1.0,1.0,1.0,,,PENDING
cloud_hist_SHRIRAMFIN_20260803_4,2026-08-02T18:30:00,SHRIRAMFIN,LONG,EQUITY,,,,,,,1090.199951171875,1199.2199462890626,1046.591953125,v2.2,NIFTY_200_AUG2026,TradeMind Core v2.2-CloudBackfill,,,,,,,,,,,,,,,LEGACY_UNVERIFIED,TARGET_HIT,,False,,,,,,,,,,2026-08-02T18:30:00,2026-09-04T12:45:05.691551,EQUITY,NSE,,,,,,,,,,,,,,,,,2026-09-04T12:45:07.065843,,,,,0,,,,,,,,SYSTEM,1.0,1.0,1.0,1.0,,,PENDING
recon_BPCL_20260803_2,2026-08-02T18:30:00,BPCL,LONG,EQUITY,,,,,,,329.95001220703125,362.9450134277344,316.75201171875,v2.2,NIFTY_200_AUG2026,TradeMind-Quant-V2,,,,,,,,,,,,,,,LEGACY_UNVERIFIED,TARGET_HIT,,False,,,,,,,,,,2026-08-02T18:30:00,2026-09-04T12:45:05.531643,EQUITY,NSE,,,,,,,,,,,,,,,,,2026-09-04T12:45:07.062845,,,,,0,,,,,,,,SYSTEM,1.0,1.0,1.0,1.0,,,PENDING
prod_ICICIBANK_202608020000,2026-08-02T00:00:00,ICICIBANK,LONG,EQUITY,,,,,,,1888.0,2057.92,1736.96,v2.2,NIFTY_200_AUG2026,TradeMind Core v2.2,,,,,,,,,,,,,,,LEGACY_UNVERIFIED,TARGET_HIT,,False,,,,,,,,,,2026-08-02T00:00:00,2026-09-04T12:45:05.551632,EQUITY,NSE,,,,,,,,,,,,,,,,,2026-09-04T12:45:07.063844,,,,,0,,,,,,,,SYSTEM,1.0,1.0,1.0,1.0,,,PENDING
prod_SBIN_202608010000,2026-08-01T00:00:00,SBIN,LONG,EQUITY,,,,,,,3400.0,3706.0000000000005,3128.0,v2.2,NIFTY_200_AUG2026,TradeMind Core v2.2,,,,,,,,,,,,,,,LEGACY_UNVERIFIED,TARGET_HIT,,False,,,,,,,,,,2026-08-01T00:00:00,2026-09-04T12:45:05.554630,EQUITY,NSE,,,,,,,,,,,,,,,,,2026-09-04T12:45:07.063844,,,,,0,,,,,,,,SYSTEM,1.0,1.0,1.0,1.0,,,PENDING
prod_LT_202608010000,2026-08-01T00:00:00,LT,LONG,EQUITY,,,,,,,2455.0,2675.9500000000003,2258.6,v2.2,NIFTY_200_AUG2026,TradeMind Core v2.2,,,,,,,,,,,,,,,LEGACY_UNVERIFIED,TARGET_HIT,,False,,,,,,,,,,2026-08-01T00:00:00,2026-09-04T12:45:05.560627,EQUITY,NSE,,,,,,,,,,,,,,,,,2026-09-04T12:45:07.063844,,,,,0,,,,,,,,SYSTEM,1.0,1.0,1.0,1.0,,,PENDING
prod_INFY_202607310000,2026-07-31T00:00:00,INFY,LONG,EQUITY,,,,,,,2369.0,2653.28,2250.5499999999997,v2.2,NIFTY_200_AUG2026,TradeMind Core v2.2,,,,,,,,,,,,,,,LEGACY_UNVERIFIED,STOP_LOSS,,False,,,,,,,,,,2026-07-31T00:00:00,2026-09-04T12:45:05.549633,EQUITY,NSE,,,,,,,,,,,,,,,,,2026-09-04T12:45:07.063844,,,,,0,,,,,,,,SYSTEM,1.0,1.0,1.0,1.0,,,PENDING
prod_AXISBANK_202607310000,2026-07-31T00:00:00,AXISBANK,LONG,EQUITY,,,,,,,2126.0,2381.1200000000003,2019.6999999999998,v2.2,NIFTY_200_AUG2026,TradeMind Core v2.2,,,,,,,,,,,,,,,LEGACY_UNVERIFIED,STOP_LOSS,,False,,,,,,,,,,2026-07-31T00:00:00,2026-09-04T12:45:05.558627,EQUITY,NSE,,,,,,,,,,,,,,,,,2026-09-04T12:45:07.063844,,,,,0,,,,,,,,SYSTEM,1.0,1.0,1.0,1.0,,,PENDING
prod_BHARTIARTL_202607310000,2026-07-31T00:00:00,BHARTIARTL,LONG,EQUITY,,,,,,,1650.0,1798.5000000000002,1518.0,v2.2,NIFTY_200_AUG2026,TradeMind Core v2.2,,,,,,,,,,,,,,,LEGACY_UNVERIFIED,TARGET_HIT,,False,,,,,,,,,,2026-07-31T00:00:00,2026-09-04T12:45:05.556629,EQUITY,NSE,,,,,,,,,,,,,,,,,2026-09-04T12:45:07.063844,,,,,0,,,,,,,,SYSTEM,1.0,1.0,1.0,1.0,,,PENDING
cloud_hist_GAIL_20260731_4,2026-07-30T18:30:00,GAIL,LONG,EQUITY,,,,,,,181.44000244140625,199.5840026855469,174.18240234375,v2.2,NIFTY_200_AUG2026,TradeMind Core v2.2-CloudBackfill,,,,,,,,,,,,,,,LEGACY_UNVERIFIED,TARGET_HIT,,False,,,,,,,,,,2026-07-30T18:30:00,2026-09-04T12:45:05.612597,EQUITY,NSE,,,,,,,,,,,,,,,,,2026-09-04T12:45:07.063844,,,,,0,,,,,,,,SYSTEM,1.0,1.0,1.0,1.0,,,PENDING
recon_ESCORTS_20260731_2,2026-07-30T18:30:00,ESCORTS,LONG,EQUITY,,,,,,,3086.0,3394.6000000000004,2962.56,v2.2,NIFTY_200_AUG2026,TradeMind-Quant-V2,,,,,,,,,,,,,,,LEGACY_UNVERIFIED,TARGET_HIT,,False,,,,,,,,,,2026-07-30T18:30:00,2026-09-04T12:45:05.563625,EQUITY,NSE,,,,,,,,,,,,,,,,,2026-09-04T12:45:07.063844,,,,,0,,,,,,,,SYSTEM,1.0,1.0,1.0,1.0,,,PENDING
recon_GAIL_20260731_2,2026-07-30T18:30:00,GAIL,LONG,EQUITY,,,,,,,181.44000244140625,199.5840026855469,174.18240234375,v2.2,NIFTY_200_AUG2026,TradeMind-Quant-V2,,,,,,,,,,,,,,,LEGACY_UNVERIFIED,TARGET_HIT,,False,,,,,,,,,,2026-07-30T18:30:00,2026-09-04T12:45:05.564624,EQUITY,NSE,,,,,,,,,,,,,,,,,2026-09-04T12:45:07.063844,,,,,0,,,,,,,,SYSTEM,1.0,1.0,1.0,1.0,,,PENDING
recon_LICHSGFIN_20260731_1,2026-07-30T18:30:00,LICHSGFIN,SHORT,EQUITY,,,,,,,523.0999755859375,470.78997802734375,544.023974609375,v2.2,NIFTY_200_AUG2026,TradeMind-Quant-V2,,,,,,,,,,,,,,,LEGACY_UNVERIFIED,STOP_LOSS,,False,,,,,,,,,,2026-07-30T18:30:00,2026-09-04T12:45:05.579606,EQUITY,NSE,,,,,,,,,,,,,,,,,2026-09-04T12:45:07.063844,,,,,0,,,,,,,,SYSTEM,1.0,1.0,1.0,1.0,,,PENDING
cloud_hist_TORNTPHARM_20260731_4,2026-07-30T18:30:00,TORNTPHARM,LONG,EQUITY,,,,,,,5122.7998046875,5635.07978515625,4917.8878125,v2.2,NIFTY_200_AUG2026,TradeMind Core v2.2-CloudBackfill,,,,,,,,,,,,,,,LEGACY_UNVERIFIED,TARGET_HIT,,False,,,,,,,,,,2026-07-30T18:30:00,2026-09-04T12:45:05.700549,EQUITY,NSE,,,,,,,,,,,,,,,,,2026-09-04T12:45:07.065843,,,,,0,,,,,,,,SYSTEM,1.0,1.0,1.0,1.0,,,PENDING
cloud_hist_M&M_20260731_3,2026-07-30T18:30:00,M&M,LONG,EQUITY,,,,,,,3398.5,3738.3500000000004,3262.56,v2.2,NIFTY_200_AUG2026,TradeMind Core v2.2-CloudBackfill,,,,,,,,,,,,,,,LEGACY_UNVERIFIED,STOP_LOSS,,False,,,,,,,,,,2026-07-30T18:30:00,2026-09-04T12:45:05.670554,EQUITY,NSE,,,,,,,,,,,,,,,,,2026-09-04T12:45:07.064844,,,,,0,,,,,,,,SYSTEM,1.0,1.0,1.0,1.0,,,PENDING
cloud_hist_HAL_20260731_2,2026-07-30T18:30:00,HAL,LONG,EQUITY,,,,,,,4637.103515625,5100.8138671875,4451.619375,v2.2,NIFTY_200_AUG2026,TradeMind Core v2.2-CloudBackfill,,,,,,,,,,,,,,,LEGACY_UNVERIFIED,TARGET_HIT,,False,,,,,,,,,,2026-07-30T18:30:00,2026-09-04T12:45:05.649575,EQUITY,NSE,,,,,,,,,,,,,,,,,2026-09-04T12:45:07.064844,,,,,0,,,,,,,,SYSTEM,1.0,1.0,1.0,1.0,,,PENDING
recon_HAL_20260731_0,2026-07-30T18:30:00,HAL,LONG,EQUITY,,,,,,,4637.103515625,5100.8138671875,4451.619375,v2.2,NIFTY_200_AUG2026,TradeMind-Quant-V2,,,,,,,,,,,,,,,LEGACY_UNVERIFIED,TARGET_HIT,,False,,,,,,,,,,2026-07-30T18:30:00,2026-09-04T12:45:05.566623,EQUITY,NSE,,,,,,,,,,,,,,,,,2026-09-04T12:45:07.063844,,,,,0,,,,,,,,SYSTEM,1.0,1.0,1.0,1.0,,,PENDING
cloud_hist_LICHSGFIN_20260731_3,2026-07-30T18:30:00,LICHSGFIN,SHORT,EQUITY,,,,,,,523.0999755859375,470.78997802734375,544.023974609375,v2.2,NIFTY_200_AUG2026,TradeMind Core v2.2-CloudBackfill,,,,,,,,,,,,,,,LEGACY_UNVERIFIED,STOP_LOSS,,False,,,,,,,,,,2026-07-30T18:30:00,2026-09-04T12:45:05.668565,EQUITY,NSE,,,,,,,,,,,,,,,,,2026-09-04T12:45:07.064844,,,,,0,,,,,,,,SYSTEM,1.0,1.0,1.0,1.0,,,PENDING
cloud_hist_ESCORTS_20260731_4,2026-07-30T18:30:00,ESCORTS,LONG,EQUITY,,,,,,,3086.0,3394.6000000000004,2962.56,v2.2,NIFTY_200_AUG2026,TradeMind Core v2.2-CloudBackfill,,,,,,,,,,,,,,,LEGACY_UNVERIFIED,TARGET_HIT,,False,,,,,,,,,,2026-07-30T18:30:00,2026-09-04T12:45:05.645578,EQUITY,NSE,,,,,,,,,,,,,,,,,2026-09-04T12:45:07.064844,,,,,0,,,,,,,,SYSTEM,1.0,1.0,1.0,1.0,,,PENDING
recon_BAJFINANCE_20260731_2,2026-07-30T18:30:00,BAJFINANCE,LONG,EQUITY,,,0.75,0.75,0.5,1.0,1141.199951171875,1255.3199462890625,1095.551953125,v2.2,NIFTY_200_AUG2026,TradeMind-Quant-V2,v1.0.0,,,2026-08-14T18:30:00,1255.3199462890625,10.0,,,,,9.8,,,,LIVE_SHADOW_VERIFIED,TARGET_HIT,,True,,,,,10.0,,9.8,,,2026-09-02T10:54:35.460921,2026-09-02T10:54:35.460921,,,,,,,,,,,,,,,,,,,,,,TERMINAL,,4,,,,,,,,,,,,,,,
cloud_hist_BAJAJHLDNG_20260731_4,2026-07-30T18:30:00,BAJAJHLDNG,LONG,EQUITY,,,,,,,11343.0,12477.300000000001,10889.279999999999,v2.2,NIFTY_200_AUG2026,TradeMind Core v2.2-CloudBackfill,,,,,,,,,,,,,,,LEGACY_UNVERIFIED,TARGET_HIT,,False,,,,,,,,,,2026-07-30T18:30:00,2026-09-04T12:45:05.626589,EQUITY,NSE,,,,,,,,,,,,,,,,,2026-09-04T12:45:07.064844,,,,,0,,,,,,,,SYSTEM,1.0,1.0,1.0,1.0,,,PENDING
recon_TORNTPHARM_20260731_2,2026-07-30T18:30:00,TORNTPHARM,LONG,EQUITY,,,,,,,5122.7998046875,5635.07978515625,4917.8878125,v2.2,NIFTY_200_AUG2026,TradeMind-Quant-V2,,,,,,,,,,,,,,,LEGACY_UNVERIFIED,TARGET_HIT,,False,,,,,,,,,,2026-07-30T18:30:00,2026-09-04T12:45:05.603602,EQUITY,NSE,,,,,,,,,,,,,,,,,2026-09-04T12:45:07.063844,,,,,0,,,,,,,,SYSTEM,1.0,1.0,1.0,1.0,,,PENDING
recon_M&M_20260731_1,2026-07-30T18:30:00,M&M,LONG,EQUITY,,,,,,,3398.5,3738.3500000000004,3262.56,v2.2,NIFTY_200_AUG2026,TradeMind-Quant-V2,,,,,,,,,,,,,,,LEGACY_UNVERIFIED,STOP_LOSS,,False,,,,,,,,,,2026-07-30T18:30:00,2026-09-04T12:45:05.580606,EQUITY,NSE,,,,,,,,,,,,,,,,,2026-09-04T12:45:07.063844,,,,,0,,,,,,,,SYSTEM,1.0,1.0,1.0,1.0,,,PENDING
recon_BAJAJHLDNG_20260731_2,2026-07-30T18:30:00,BAJAJHLDNG,LONG,EQUITY,,,0.75,0.75,0.5,1.0,11343.0,12477.300000000001,10889.279999999999,v2.2,NIFTY_200_AUG2026,TradeMind-Quant-V2,v1.0.0,,,2026-08-14T18:30:00,12477.300000000001,10.0,,,,,9.8,,,,LIVE_SHADOW_VERIFIED,TARGET_HIT,,True,,,,,10.0,,9.8,,,2026-09-04T05:00:24.578272,2026-09-04T05:00:24.578272,,,,,,,,,,,,,,,,,,,,,,TERMINAL,,4,,,,,,,,,,,,,,,
cloud_hist_BAJFINANCE_20260731_4,2026-07-30T18:30:00,BAJFINANCE,LONG,EQUITY,,,,,,,1141.199951171875,1255.3199462890625,1095.551953125,v2.2,NIFTY_200_AUG2026,TradeMind Core v2.2-CloudBackfill,,,,,,,,,,,,,,,LEGACY_UNVERIFIED,TARGET_HIT,,False,,,,,,,,,,2026-07-30T18:30:00,2026-09-04T12:45:05.625589,EQUITY,NSE,,,,,,,,,,,,,,,,,2026-09-04T12:45:07.064844,,,,,0,,,,,,,,SYSTEM,1.0,1.0,1.0,1.0,,,PENDING
prod_ITC_202607300000,2026-07-30T00:00:00,ITC,LONG,EQUITY,,,,,,,2985.0,3343.2000000000003,2835.75,v2.2,NIFTY_200_AUG2026,TradeMind Core v2.2,,,,,,,,,,,,,,,LEGACY_UNVERIFIED,STOP_LOSS,,False,,,,,,,,,,2026-07-30T00:00:00,2026-09-04T12:45:05.562625,EQUITY,NSE,,,,,,,,,,,,,,,,,2026-09-04T12:45:07.063844,,,,,0,,,,,,,,SYSTEM,1.0,1.0,1.0,1.0,,,PENDING
recon_TIINDIA_20260730_2,2026-07-29T18:30:00,TIINDIA,SHORT,EQUITY,,,,,,,2687.33544921875,2418.601904296875,2794.8288671875002,v2.2,NIFTY_200_AUG2026,TradeMind-Quant-V2,,,,,,,,,,,,,,,LEGACY_UNVERIFIED,TARGET_HIT,,False,,,,,,,,,,2026-07-29T18:30:00,2026-09-04T12:45:05.604602,EQUITY,NSE,,,,,,,,,,,,,,,,,2026-09-04T12:45:07.063844,,,,,0,,,,,,,,SYSTEM,1.0,1.0,1.0,1.0,,,PENDING
recon_BALKRISIND_20260730_2,2026-07-29T18:30:00,BALKRISIND,LONG,EQUITY,,,0.75,0.75,0.5,1.0,2303.197265625,2533.5169921875004,2211.069375,v2.2,NIFTY_200_AUG2026,TradeMind-Quant-V2,v1.0.0,,,2026-08-13T18:30:00,2533.5169921875004,10.0,,,,,9.8,,,,LIVE_SHADOW_VERIFIED,TARGET_HIT,,True,,,,,10.0,,9.8,,,2026-09-04T05:00:24.578272,2026-09-04T05:00:24.578272,,,,,,,,,,,,,,,,,,,,,,TERMINAL,,4,,,,,,,,,,,,,,,
cloud_hist_SONACOMS_20260730_3,2026-07-29T18:30:00,SONACOMS,LONG,EQUITY,,,,,,,763.75,840.1250000000001,733.1999999999999,v2.2,NIFTY_200_AUG2026,TradeMind Core v2.2-CloudBackfill,,,,,,,,,,,,,,,LEGACY_UNVERIFIED,STOP_LOSS,,False,,,,,,,,,,2026-07-29T18:30:00,2026-09-04T12:45:05.693552,EQUITY,NSE,,,,,,,,,,,,,,,,,2026-09-04T12:45:07.065843,,,,,0,,,,,,,,SYSTEM,1.0,1.0,1.0,1.0,,,PENDING
recon_HEROMOTOCO_20260730_1,2026-07-29T18:30:00,HEROMOTOCO,LONG,EQUITY,,,,,,,5325.0,5857.500000000001,5112.0,v2.2,NIFTY_200_AUG2026,TradeMind-Quant-V2,,,,,,,,,,,,,,,LEGACY_UNVERIFIED,STOP_LOSS,,False,,,,,,,,,,2026-07-29T18:30:00,2026-09-04T12:45:05.568622,EQUITY,NSE,,,,,,,,,,,,,,,,,2026-09-04T12:45:07.063844,,,,,0,,,,,,,,SYSTEM,1.0,1.0,1.0,1.0,,,PENDING
recon_HAVELLS_20260730_2,2026-07-29T18:30:00,HAVELLS,LONG,EQUITY,,,,,,,1261.699951171875,1387.8699462890627,1211.231953125,v2.2,NIFTY_200_AUG2026,TradeMind-Quant-V2,,,,,,,,,,,,,,,LEGACY_UNVERIFIED,TARGET_HIT,,False,,,,,,,,,,2026-07-29T18:30:00,2026-09-04T12:45:05.568622,EQUITY,NSE,,,,,,,,,,,,,,,,,2026-09-04T12:45:07.063844,,,,,0,,,,,,,,SYSTEM,1.0,1.0,1.0,1.0,,,PENDING
recon_SONACOMS_20260730_1,2026-07-29T18:30:00,SONACOMS,LONG,EQUITY,,,,,,,763.75,840.1250000000001,733.1999999999999,v2.2,NIFTY_200_AUG2026,TradeMind-Quant-V2,,,,,,,,,,,,,,,LEGACY_UNVERIFIED,STOP_LOSS,,False,,,,,,,,,,2026-07-29T18:30:00,2026-09-04T12:45:05.597605,EQUITY,NSE,,,,,,,,,,,,,,,,,2026-09-04T12:45:07.063844,,,,,0,,,,,,,,SYSTEM,1.0,1.0,1.0,1.0,,,PENDING
cloud_hist_BALKRISIND_20260730_4,2026-07-29T18:30:00,BALKRISIND,LONG,EQUITY,,,,,,,2303.197265625,2533.5169921875004,2211.069375,v2.2,NIFTY_200_AUG2026,TradeMind Core v2.2-CloudBackfill,,,,,,,,,,,,,,,LEGACY_UNVERIFIED,TARGET_HIT,,False,,,,,,,,,,2026-07-29T18:30:00,2026-09-04T12:45:05.627588,EQUITY,NSE,,,,,,,,,,,,,,,,,2026-09-04T12:45:07.064844,,,,,0,,,,,,,,SYSTEM,1.0,1.0,1.0,1.0,,,PENDING
recon_SRF_20260730_1,2026-07-29T18:30:00,SRF,SHORT,EQUITY,,,,,,,2604.800048828125,2344.3200439453126,2708.99205078125,v2.2,NIFTY_200_AUG2026,TradeMind-Quant-V2,,,,,,,,,,,,,,,LEGACY_UNVERIFIED,STOP_LOSS,,False,,,,,,,,,,2026-07-29T18:30:00,2026-09-04T12:45:05.596606,EQUITY,NSE,,,,,,,,,,,,,,,,,2026-09-04T12:45:07.063844,,,,,0,,,,,,,,SYSTEM,1.0,1.0,1.0,1.0,,,PENDING
cloud_hist_PIIND_20260730_3,2026-07-29T18:30:00,PIIND,LONG,EQUITY,,,,,,,2767.366943359375,3044.103637695313,2656.672265625,v2.2,NIFTY_200_AUG2026,TradeMind Core v2.2-CloudBackfill,,,,,,,,,,,,,,,LEGACY_UNVERIFIED,STOP_LOSS,,False,,,,,,,,,,2026-07-29T18:30:00,2026-09-04T12:45:05.680558,EQUITY,NSE,,,,,,,,,,,,,,,,,2026-09-04T12:45:07.064844,,,,,0,,,,,,,,SYSTEM,1.0,1.0,1.0,1.0,,,PENDING
recon_HDFCLIFE_20260730_2,2026-07-29T18:30:00,HDFCLIFE,SHORT,EQUITY,,,,,,,545.4000244140625,490.8600219726563,567.216025390625,v2.2,NIFTY_200_AUG2026,TradeMind-Quant-V2,,,,,,,,,,,,,,,LEGACY_UNVERIFIED,TARGET_HIT,,False,,,,,,,,,,2026-07-29T18:30:00,2026-09-04T12:45:05.568622,EQUITY,NSE,,,,,,,,,,,,,,,,,2026-09-04T12:45:07.063844,,,,,0,,,,,,,,SYSTEM,1.0,1.0,1.0,1.0,,,PENDING
recon_PIIND_20260730_1,2026-07-29T18:30:00,PIIND,LONG,EQUITY,,,,,,,2767.366943359375,3044.103637695313,2656.672265625,v2.2,NIFTY_200_AUG2026,TradeMind-Quant-V2,,,,,,,,,,,,,,,LEGACY_UNVERIFIED,STOP_LOSS,,False,,,,,,,,,,2026-07-29T18:30:00,2026-09-04T12:45:05.586602,EQUITY,NSE,,,,,,,,,,,,,,,,,2026-09-04T12:45:07.063844,,,,,0,,,,,,,,SYSTEM,1.0,1.0,1.0,1.0,,,PENDING
cloud_hist_TIINDIA_20260730_4,2026-07-29T18:30:00,TIINDIA,SHORT,EQUITY,,,,,,,2687.33544921875,2418.601904296875,2794.8288671875002,v2.2,NIFTY_200_AUG2026,TradeMind Core v2.2-CloudBackfill,,,,,,,,,,,,,,,LEGACY_UNVERIFIED,TARGET_HIT,,False,,,,,,,,,,2026-07-29T18:30:00,2026-09-04T12:45:05.704544,EQUITY,NSE,,,,,,,,,,,,,,,,,2026-09-04T12:45:07.065843,,,,,0,,,,,,,,SYSTEM,1.0,1.0,1.0,1.0,,,PENDING
recon_NESTLEIND_20260730_1,2026-07-29T18:30:00,NESTLEIND,LONG,EQUITY,,,,,,,1520.699951171875,1672.7699462890625,1459.871953125,v2.2,NIFTY_200_AUG2026,TradeMind-Quant-V2,,,,,,,,,,,,,,,LEGACY_UNVERIFIED,STOP_LOSS,,False,,,,,,,,,,2026-07-29T18:30:00,2026-09-04T12:45:05.584603,EQUITY,NSE,,,,,,,,,,,,,,,,,2026-09-04T12:45:07.063844,,,,,0,,,,,,,,SYSTEM,1.0,1.0,1.0,1.0,,,PENDING
cloud_hist_HDFCLIFE_20260730_4,2026-07-29T18:30:00,HDFCLIFE,SHORT,EQUITY,,,,,,,545.4000244140625,490.8600219726563,567.216025390625,v2.2,NIFTY_200_AUG2026,TradeMind Core v2.2-CloudBackfill,,,,,,,,,,,,,,,LEGACY_UNVERIFIED,TARGET_HIT,,False,,,,,,,,,,2026-07-29T18:30:00,2026-09-04T12:45:05.651575,EQUITY,NSE,,,,,,,,,,,,,,,,,2026-09-04T12:45:07.064844,,,,,0,,,,,,,,SYSTEM,1.0,1.0,1.0,1.0,,,PENDING
cloud_hist_HAVELLS_20260730_4,2026-07-29T18:30:00,HAVELLS,LONG,EQUITY,,,,,,,1261.699951171875,1387.8699462890627,1211.231953125,v2.2,NIFTY_200_AUG2026,TradeMind Core v2.2-CloudBackfill,,,,,,,,,,,,,,,LEGACY_UNVERIFIED,TARGET_HIT,,False,,,,,,,,,,2026-07-29T18:30:00,2026-09-04T12:45:05.652574,EQUITY,NSE,,,,,,,,,,,,,,,,,2026-09-04T12:45:07.064844,,,,,0,,,,,,,,SYSTEM,1.0,1.0,1.0,1.0,,,PENDING
cloud_hist_HEROMOTOCO_20260730_3,2026-07-29T18:30:00,HEROMOTOCO,LONG,EQUITY,,,,,,,5325.0,5857.500000000001,5112.0,v2.2,NIFTY_200_AUG2026,TradeMind Core v2.2-CloudBackfill,,,,,,,,,,,,,,,LEGACY_UNVERIFIED,STOP_LOSS,,False,,,,,,,,,,2026-07-29T18:30:00,2026-09-04T12:45:05.653573,EQUITY,NSE,,,,,,,,,,,,,,,,,2026-09-04T12:45:07.064844,,,,,0,,,,,,,,SYSTEM,1.0,1.0,1.0,1.0,,,PENDING
cloud_hist_SRF_20260730_3,2026-07-29T18:30:00,SRF,SHORT,EQUITY,,,,,,,2604.800048828125,2344.3200439453126,2708.99205078125,v2.2,NIFTY_200_AUG2026,TradeMind Core v2.2-CloudBackfill,,,,,,,,,,,,,,,LEGACY_UNVERIFIED,STOP_LOSS,,False,,,,,,,,,,2026-07-29T18:30:00,2026-09-04T12:45:05.692552,EQUITY,NSE,,,,,,,,,,,,,,,,,2026-09-04T12:45:07.065843,,,,,0,,,,,,,,SYSTEM,1.0,1.0,1.0,1.0,,,PENDING
cloud_hist_NESTLEIND_20260730_3,2026-07-29T18:30:00,NESTLEIND,LONG,EQUITY,,,,,,,1520.699951171875,1672.7699462890625,1459.871953125,v2.2,NIFTY_200_AUG2026,TradeMind Core v2.2-CloudBackfill,,,,,,,,,,,,,,,LEGACY_UNVERIFIED,STOP_LOSS,,False,,,,,,,,,,2026-07-29T18:30:00,2026-09-04T12:45:05.677562,EQUITY,NSE,,,,,,,,,,,,,,,,,2026-09-04T12:45:07.064844,,,,,0,,,,,,,,SYSTEM,1.0,1.0,1.0,1.0,,,PENDING
recon_ADANIPORTS_20260730_2,2026-07-29T18:30:00,ADANIPORTS,SHORT,EQUITY,,,,,,,1664.0999755859375,1497.6899780273438,1730.6639746093751,v2.2,NIFTY_200_AUG2026,TradeMind-Quant-V2,,,,,,,,,,,,,,,LEGACY_UNVERIFIED,TARGET_HIT,,False,,,,,,,,,,2026-07-29T18:30:00,2026-09-04T12:45:05.710541,EQUITY,NSE,,,,,,,,,,,,,,,,,2026-09-04T12:45:07.065843,,,,,0,,,,,,,,SYSTEM,1.0,1.0,1.0,1.0,,,PENDING
recon_YESBANK_20260730_2,2026-07-29T18:30:00,YESBANK,SHORT,EQUITY,,,,,,,22.540000915527344,20.28600082397461,23.441600952148438,v2.2,NIFTY_200_AUG2026,TradeMind-Quant-V2,,,,,,,,,,,,,,,LEGACY_UNVERIFIED,TARGET_HIT,,False,,,,,,,,,,2026-07-29T18:30:00,2026-09-04T12:45:05.609598,EQUITY,NSE,,,,,,,,,,,,,,,,,2026-09-04T12:45:07.063844,,,,,0,,,,,,,,SYSTEM,1.0,1.0,1.0,1.0,,,PENDING
cloud_hist_YESBANK_20260730_4,2026-07-29T18:30:00,YESBANK,SHORT,EQUITY,,,,,,,22.540000915527344,20.28600082397461,23.441600952148438,v2.2,NIFTY_200_AUG2026,TradeMind Core v2.2-CloudBackfill,,,,,,,,,,,,,,,LEGACY_UNVERIFIED,TARGET_HIT,,False,,,,,,,,,,2026-07-29T18:30:00,2026-09-04T12:45:05.617594,EQUITY,NSE,,,,,,,,,,,,,,,,,2026-09-04T12:45:07.063844,,,,,0,,,,,,,,SYSTEM,1.0,1.0,1.0,1.0,,,PENDING
cloud_hist_ADANIPORTS_20260730_4,2026-07-29T18:30:00,ADANIPORTS,SHORT,EQUITY,,,,,,,1664.0999755859375,1497.6899780273438,1730.6639746093751,v2.2,NIFTY_200_AUG2026,TradeMind Core v2.2-CloudBackfill,,,,,,,,,,,,,,,LEGACY_UNVERIFIED,TARGET_HIT,,False,,,,,,,,,,2026-07-29T18:30:00,2026-09-04T12:45:05.619593,EQUITY,NSE,,,,,,,,,,,,,,,,,2026-09-04T12:45:07.064844,,,,,0,,,,,,,,SYSTEM,1.0,1.0,1.0,1.0,,,PENDING
prod_ICICIBANK_202607290000,2026-07-29T00:00:00,ICICIBANK,LONG,EQUITY,,,,,,,3242.0,3631.0400000000004,3079.8999999999996,v2.2,NIFTY_200_AUG2026,TradeMind Core v2.2,,,,,,,,,,,,,,,LEGACY_UNVERIFIED,STOP_LOSS,,False,,,,,,,,,,2026-07-29T00:00:00,2026-09-04T12:45:05.551632,EQUITY,NSE,,,,,,,,,,,,,,,,,2026-09-04T12:45:07.063844,,,,,0,,,,,,,,SYSTEM,1.0,1.0,1.0,1.0,,,PENDING
prod_TCS_202607290000,2026-07-29T00:00:00,TCS,LONG,EQUITY,,,,,,,3029.0,3392.4800000000005,2877.5499999999997,v2.2,NIFTY_200_AUG2026,TradeMind Core v2.2,,,,,,,,,,,,,,,LEGACY_UNVERIFIED,STOP_LOSS,,False,,,,,,,,,,2026-07-29T00:00:00,2026-09-04T12:45:05.545636,EQUITY,NSE,,,,,,,,,,,,,,,,,2026-09-04T12:45:07.062845,,,,,0,,,,,,,,SYSTEM,1.0,1.0,1.0,1.0,,,PENDING
recon_SBILIFE_20260729_1,2026-07-28T18:30:00,SBILIFE,LONG,EQUITY,,,,,,,1894.9000244140625,2084.390026855469,1819.1040234375,v2.2,NIFTY_200_AUG2026,TradeMind-Quant-V2,,,,,,,,,,,,,,,LEGACY_UNVERIFIED,STOP_LOSS,,False,,,,,,,,,,2026-07-28T18:30:00,2026-09-04T12:45:05.595607,EQUITY,NSE,,,,,,,,,,,,,,,,,2026-09-04T12:45:07.063844,,,,,0,,,,,,,,SYSTEM,1.0,1.0,1.0,1.0,,,PENDING
recon_INFY_20260729_2,2026-07-28T18:30:00,INFY,LONG,EQUITY,,,,,,,1155.5999755859375,1271.1599731445312,1109.3759765625,v2.2,NIFTY_200_AUG2026,TradeMind-Quant-V2,,,,,,,,,,,,,,,LEGACY_UNVERIFIED,TARGET_HIT,,False,,,,,,,,,,2026-07-28T18:30:00,2026-09-04T12:45:05.574618,EQUITY,NSE,,,,,,,,,,,,,,,,,2026-09-04T12:45:07.063844,,,,,0,,,,,,,,SYSTEM,1.0,1.0,1.0,1.0,,,PENDING
cloud_hist_SBILIFE_20260729_3,2026-07-28T18:30:00,SBILIFE,LONG,EQUITY,,,,,,,1894.9000244140625,2084.390026855469,1819.1040234375,v2.2,NIFTY_200_AUG2026,TradeMind Core v2.2-CloudBackfill,,,,,,,,,,,,,,,LEGACY_UNVERIFIED,STOP_LOSS,,False,,,,,,,,,,2026-07-28T18:30:00,2026-09-04T12:45:05.687556,EQUITY,NSE,,,,,,,,,,,,,,,,,2026-09-04T12:45:07.064844,,,,,0,,,,,,,,SYSTEM,1.0,1.0,1.0,1.0,,,PENDING
recon_JINDALSTEL_20260729_2,2026-07-28T18:30:00,JINDALSTEL,LONG,EQUITY,,,,,,,1088.699951171875,1197.5699462890625,1045.1519531249999,v2.2,NIFTY_200_AUG2026,TradeMind-Quant-V2,,,,,,,,,,,,,,,LEGACY_UNVERIFIED,TARGET_HIT,,False,,,,,,,,,,2026-07-28T18:30:00,2026-09-04T12:45:05.577607,EQUITY,NSE,,,,,,,,,,,,,,,,,2026-09-04T12:45:07.063844,,,,,0,,,,,,,,SYSTEM,1.0,1.0,1.0,1.0,,,PENDING
recon_BHARTIARTL_20260729_2,2026-07-28T18:30:00,BHARTIARTL,LONG,EQUITY,,,,,,,1950.199951171875,2145.2199462890626,1872.1919531249998,v2.2,NIFTY_200_AUG2026,TradeMind-Quant-V2,,,,,,,,,,,,,,,LEGACY_UNVERIFIED,TARGET_HIT,,False,,,,,,,,,,2026-07-28T18:30:00,2026-09-04T12:45:05.531643,EQUITY,NSE,,,,,,,,,,,,,,,,,2026-09-04T12:45:07.062845,,,,,0,,,,,,,,SYSTEM,1.0,1.0,1.0,1.0,,,PENDING
cloud_hist_CGPOWER_20260729_4,2026-07-28T18:30:00,CGPOWER,SHORT,EQUITY,,,,,,,829.5,746.5500000000001,862.6800000000001,v2.2,NIFTY_200_AUG2026,TradeMind Core v2.2-CloudBackfill,,,,,,,,,,,,,,,LEGACY_UNVERIFIED,TARGET_HIT,,False,,,,,,,,,,2026-07-28T18:30:00,2026-09-04T12:45:05.636583,EQUITY,NSE,,,,,,,,,,,,,,,,,2026-09-04T12:45:07.064844,,,,,0,,,,,,,,SYSTEM,1.0,1.0,1.0,1.0,,,PENDING
recon_RECLTD_20260729_1,2026-07-28T18:30:00,RECLTD,LONG,EQUITY,,,,,,,368.35223388671875,405.18745727539067,353.61814453125,v2.2,NIFTY_200_AUG2026,TradeMind-Quant-V2,,,,,,,,,,,,,,,LEGACY_UNVERIFIED,STOP_LOSS,,False,,,,,,,,,,2026-07-28T18:30:00,2026-09-04T12:45:05.593608,EQUITY,NSE,,,,,,,,,,,,,,,,,2026-09-04T12:45:07.063844,,,,,0,,,,,,,,SYSTEM,1.0,1.0,1.0,1.0,,,PENDING
cloud_hist_BHARTIARTL_20260729_4,2026-07-28T18:30:00,BHARTIARTL,LONG,EQUITY,,,,,,,1950.199951171875,2145.2199462890626,1872.1919531249998,v2.2,NIFTY_200_AUG2026,TradeMind Core v2.2-CloudBackfill,,,,,,,,,,,,,,,LEGACY_UNVERIFIED,TARGET_HIT,,False,,,,,,,,,,2026-07-28T18:30:00,2026-09-04T12:45:05.632585,EQUITY,NSE,,,,,,,,,,,,,,,,,2026-09-04T12:45:07.064844,,,,,0,,,,,,,,SYSTEM,1.0,1.0,1.0,1.0,,,PENDING
cloud_hist_JINDALSTEL_20260729_4,2026-07-28T18:30:00,JINDALSTEL,LONG,EQUITY,,,,,,,1088.699951171875,1197.5699462890625,1045.1519531249999,v2.2,NIFTY_200_AUG2026,TradeMind Core v2.2-CloudBackfill,,,,,,,,,,,,,,,LEGACY_UNVERIFIED,TARGET_HIT,,False,,,,,,,,,,2026-07-28T18:30:00,2026-09-04T12:45:05.660569,EQUITY,NSE,,,,,,,,,,,,,,,,,2026-09-04T12:45:07.064844,,,,,0,,,,,,,,SYSTEM,1.0,1.0,1.0,1.0,,,PENDING
cloud_hist_RECLTD_20260729_3,2026-07-28T18:30:00,RECLTD,LONG,EQUITY,,,,,,,368.35223388671875,405.18745727539067,353.61814453125,v2.2,NIFTY_200_AUG2026,TradeMind Core v2.2-CloudBackfill,,,,,,,,,,,,,,,LEGACY_UNVERIFIED,STOP_LOSS,,False,,,,,,,,,,2026-07-28T18:30:00,2026-09-04T12:45:05.685557,EQUITY,NSE,,,,,,,,,,,,,,,,,2026-09-04T12:45:07.064844,,,,,0,,,,,,,,SYSTEM,1.0,1.0,1.0,1.0,,,PENDING
recon_CGPOWER_20260729_2,2026-07-28T18:30:00,CGPOWER,SHORT,EQUITY,,,,,,,829.5,746.5500000000001,862.6800000000001,v2.2,NIFTY_200_AUG2026,TradeMind-Quant-V2,,,,,,,,,,,,,,,LEGACY_UNVERIFIED,TARGET_HIT,,False,,,,,,,,,,2026-07-28T18:30:00,2026-09-04T12:45:05.534642,EQUITY,NSE,,,,,,,,,,,,,,,,,2026-09-04T12:45:07.062845,,,,,0,,,,,,,,SYSTEM,1.0,1.0,1.0,1.0,,,PENDING
cloud_hist_INFY_20260729_4,2026-07-28T18:30:00,INFY,LONG,EQUITY,,,,,,,1155.5999755859375,1271.1599731445312,1109.3759765625,v2.2,NIFTY_200_AUG2026,TradeMind Core v2.2-CloudBackfill,,,,,,,,,,,,,,,LEGACY_UNVERIFIED,TARGET_HIT,,False,,,,,,,,,,2026-07-28T18:30:00,2026-09-04T12:45:05.664567,EQUITY,NSE,,,,,,,,,,,,,,,,,2026-09-04T12:45:07.064844,,,,,0,,,,,,,,SYSTEM,1.0,1.0,1.0,1.0,,,PENDING
prod_HDFCBANK_202607280000,2026-07-28T00:00:00,HDFCBANK,LONG,EQUITY,,,,,,,3535.0,3959.2000000000003,3358.25,v2.2,NIFTY_200_AUG2026,TradeMind Core v2.2,,,,,,,,,,,,,,,LEGACY_UNVERIFIED,STOP_LOSS,,False,,,,,,,,,,2026-07-28T00:00:00,2026-09-04T12:45:05.547634,EQUITY,NSE,,,,,,,,,,,,,,,,,2026-09-04T12:45:07.063844,,,,,0,,,,,,,,SYSTEM,1.0,1.0,1.0,1.0,,,PENDING
prod_SBIN_202607280000,2026-07-28T00:00:00,SBIN,LONG,EQUITY,,,,,,,2699.0,3022.88,2564.0499999999997,v2.2,NIFTY_200_AUG2026,TradeMind Core v2.2,,,,,,,,,,,,,,,LEGACY_UNVERIFIED,STOP_LOSS,,False,,,,,,,,,,2026-07-28T00:00:00,2026-09-04T12:45:05.554630,EQUITY,NSE,,,,,,,,,,,,,,,,,2026-09-04T12:45:07.063844,,,,,0,,,,,,,,SYSTEM,1.0,1.0,1.0,1.0,,,PENDING
recon_ADANIPOWER_20260728_2,2026-07-27T18:30:00,ADANIPOWER,SHORT,EQUITY,,,,,,,208.25,187.425,216.58,v2.2,NIFTY_200_AUG2026,TradeMind-Quant-V2,,,,,,,,,,,,,,,LEGACY_UNVERIFIED,TARGET_HIT,,False,,,,,,,,,,2026-07-27T18:30:00,2026-09-04T12:45:05.710541,EQUITY,NSE,,,,,,,,,,,,,,,,,2026-09-04T12:45:07.065843,,,,,0,,,,,,,,SYSTEM,1.0,1.0,1.0,1.0,,,PENDING
recon_BAJAJ-AUTO_20260728_1,2026-07-27T18:30:00,BAJAJ-AUTO,LONG,EQUITY,,,0.75,0.75,0.5,1.0,11374.0,12511.400000000001,10919.039999999999,v2.2,NIFTY_200_AUG2026,TradeMind-Quant-V2,v1.0.0,,,2026-08-11T18:30:00,10919.039999999999,-4.0,,,,,-4.2,,,,LIVE_SHADOW_VERIFIED,STOP_LOSS,,True,,,,,-4.0,,-4.2,,,2026-09-02T10:54:35.460921,2026-09-02T10:54:35.460921,,,,,,,,,,,,,,,,,,,,,,TERMINAL,,4,,,,,,,,,,,,,,,
recon_TECHM_20260728_2,2026-07-27T18:30:00,TECHM,LONG,EQUITY,,,,,,,1635.199951171875,1798.7199462890626,1569.791953125,v2.2,NIFTY_200_AUG2026,TradeMind-Quant-V2,,,,,,,,,,,,,,,LEGACY_UNVERIFIED,TARGET_HIT,,False,,,,,,,,,,2026-07-27T18:30:00,2026-09-04T12:45:05.602603,EQUITY,NSE,,,,,,,,,,,,,,,,,2026-09-04T12:45:07.063844,,,,,0,,,,,,,,SYSTEM,1.0,1.0,1.0,1.0,,,PENDING
cloud_hist_COALINDIA_20260728_4,2026-07-27T18:30:00,COALINDIA,SHORT,EQUITY,,,,,,,404.7429504394531,364.26865539550784,420.93266845703124,v2.2,NIFTY_200_AUG2026,TradeMind Core v2.2-CloudBackfill,,,,,,,,,,,,,,,LEGACY_UNVERIFIED,TARGET_HIT,,False,,,,,,,,,,2026-07-27T18:30:00,2026-09-04T12:45:05.636583,EQUITY,NSE,,,,,,,,,,,,,,,,,2026-09-04T12:45:07.064844,,,,,0,,,,,,,,SYSTEM,1.0,1.0,1.0,1.0,,,PENDING
cloud_hist_VBL_20260728_4,2026-07-27T18:30:00,VBL,SHORT,EQUITY,,,,,,,429.5236511230469,386.5712860107422,446.70459716796876,v2.2,NIFTY_200_AUG2026,TradeMind Core v2.2-CloudBackfill,,,,,,,,,,,,,,,LEGACY_UNVERIFIED,TARGET_HIT,,False,,,,,,,,,,2026-07-27T18:30:00,2026-09-04T12:45:05.706543,EQUITY,NSE,,,,,,,,,,,,,,,,,2026-09-04T12:45:07.065843,,,,,0,,,,,,,,SYSTEM,1.0,1.0,1.0,1.0,,,PENDING
recon_COALINDIA_20260728_2,2026-07-27T18:30:00,COALINDIA,SHORT,EQUITY,,,,,,,404.7429504394531,364.26865539550784,420.93266845703124,v2.2,NIFTY_200_AUG2026,TradeMind-Quant-V2,,,,,,,,,,,,,,,LEGACY_UNVERIFIED,TARGET_HIT,,False,,,,,,,,,,2026-07-27T18:30:00,2026-09-04T12:45:05.535641,EQUITY,NSE,,,,,,,,,,,,,,,,,2026-09-04T12:45:07.062845,,,,,0,,,,,,,,SYSTEM,1.0,1.0,1.0,1.0,,,PENDING
cloud_hist_ATGL_20260728_4,2026-07-27T18:30:00,ATGL,SHORT,EQUITY,,,,,,,645.5499877929688,580.9949890136719,671.3719873046875,v2.2,NIFTY_200_AUG2026,TradeMind Core v2.2-CloudBackfill,,,,,,,,,,,,,,,LEGACY_UNVERIFIED,TARGET_HIT,,False,,,,,,,,,,2026-07-27T18:30:00,2026-09-04T12:45:05.621592,EQUITY,NSE,,,,,,,,,,,,,,,,,2026-09-04T12:45:07.064844,,,,,0,,,,,,,,SYSTEM,1.0,1.0,1.0,1.0,,,PENDING
cloud_hist_TECHM_20260728_4,2026-07-27T18:30:00,TECHM,LONG,EQUITY,,,,,,,1635.199951171875,1798.7199462890626,1569.791953125,v2.2,NIFTY_200_AUG2026,TradeMind Core v2.2-CloudBackfill,,,,,,,,,,,,,,,LEGACY_UNVERIFIED,TARGET_HIT,,False,,,,,,,,,,2026-07-27T18:30:00,2026-09-04T12:45:05.703545,EQUITY,NSE,,,,,,,,,,,,,,,,,2026-09-04T12:45:07.065843,,,,,0,,,,,,,,SYSTEM,1.0,1.0,1.0,1.0,,,PENDING
cloud_hist_HDFCBANK_20260728_3,2026-07-27T18:30:00,HDFCBANK,SHORT,EQUITY,,,,,,,735.4000244140625,661.8600219726562,764.816025390625,v2.2,NIFTY_200_AUG2026,TradeMind Core v2.2-CloudBackfill,,,,,,,,,,,,,,,LEGACY_UNVERIFIED,STOP_LOSS,,False,,,,,,,,,,2026-07-27T18:30:00,2026-09-04T12:45:05.650575,EQUITY,NSE,,,,,,,,,,,,,,,,,2026-09-04T12:45:07.064844,,,,,0,,,,,,,,SYSTEM,1.0,1.0,1.0,1.0,,,PENDING
recon_HDFCBANK_20260728_1,2026-07-27T18:30:00,HDFCBANK,SHORT,EQUITY,,,,,,,735.4000244140625,661.8600219726562,764.816025390625,v2.2,NIFTY_200_AUG2026,TradeMind-Quant-V2,,,,,,,,,,,,,,,LEGACY_UNVERIFIED,STOP_LOSS,,False,,,,,,,,,,2026-07-27T18:30:00,2026-09-04T12:45:05.567622,EQUITY,NSE,,,,,,,,,,,,,,,,,2026-09-04T12:45:07.063844,,,,,0,,,,,,,,SYSTEM,1.0,1.0,1.0,1.0,,,PENDING
recon_MARICO_20260728_2,2026-07-27T18:30:00,MARICO,LONG,EQUITY,,,,,,,879.2293090820312,967.1522399902344,844.06013671875,v2.2,NIFTY_200_AUG2026,TradeMind-Quant-V2,,,,,,,,,,,,,,,LEGACY_UNVERIFIED,TARGET_HIT,,False,,,,,,,,,,2026-07-27T18:30:00,2026-09-04T12:45:05.581605,EQUITY,NSE,,,,,,,,,,,,,,,,,2026-09-04T12:45:07.063844,,,,,0,,,,,,,,SYSTEM,1.0,1.0,1.0,1.0,,,PENDING
cloud_hist_BEL_20260728_4,2026-07-27T18:30:00,BEL,SHORT,EQUITY,,,,,,,388.4726257324219,349.6253631591797,404.01153076171875,v2.2,NIFTY_200_AUG2026,TradeMind Core v2.2-CloudBackfill,,,,,,,,,,,,,,,LEGACY_UNVERIFIED,TARGET_HIT,,False,,,,,,,,,,2026-07-27T18:30:00,2026-09-04T12:45:05.630586,EQUITY,NSE,,,,,,,,,,,,,,,,,2026-09-04T12:45:07.064844,,,,,0,,,,,,,,SYSTEM,1.0,1.0,1.0,1.0,,,PENDING
recon_IRCTC_20260728_1,2026-07-27T18:30:00,IRCTC,SHORT,EQUITY,,,,,,,485.95001220703125,437.3550109863281,505.3880126953125,v2.2,NIFTY_200_AUG2026,TradeMind-Quant-V2,,,,,,,,,,,,,,,LEGACY_UNVERIFIED,STOP_LOSS,,False,,,,,,,,,,2026-07-27T18:30:00,2026-09-04T12:45:05.575609,EQUITY,NSE,,,,,,,,,,,,,,,,,2026-09-04T12:45:07.063844,,,,,0,,,,,,,,SYSTEM,1.0,1.0,1.0,1.0,,,PENDING
cloud_hist_BAJAJ-AUTO_20260728_3,2026-07-27T18:30:00,BAJAJ-AUTO,LONG,EQUITY,,,,,,,11374.0,12511.400000000001,10919.039999999999,v2.2,NIFTY_200_AUG2026,TradeMind Core v2.2-CloudBackfill,,,,,,,,,,,,,,,LEGACY_UNVERIFIED,STOP_LOSS,,False,,,,,,,,,,2026-07-27T18:30:00,2026-09-04T12:45:05.624590,EQUITY,NSE,,,,,,,,,,,,,,,,,2026-09-04T12:45:07.064844,,,,,0,,,,,,,,SYSTEM,1.0,1.0,1.0,1.0,,,PENDING
cloud_hist_HINDUNILVR_20260728_4,2026-07-27T18:30:00,HINDUNILVR,SHORT,EQUITY,,,,,,,2022.699951171875,1820.4299560546876,2103.60794921875,v2.2,NIFTY_200_AUG2026,TradeMind Core v2.2-CloudBackfill,,,,,,,,,,,,,,,LEGACY_UNVERIFIED,TARGET_HIT,,False,,,,,,,,,,2026-07-27T18:30:00,2026-09-04T12:45:05.654573,EQUITY,NSE,,,,,,,,,,,,,,,,,2026-09-04T12:45:07.064844,,,,,0,,,,,,,,SYSTEM,1.0,1.0,1.0,1.0,,,PENDING
recon_BEL_20260728_2,2026-07-27T18:30:00,BEL,SHORT,EQUITY,,,,,,,388.4726257324219,349.6253631591797,404.01153076171875,v2.2,NIFTY_200_AUG2026,TradeMind-Quant-V2,,,,,,,,,,,,,,,LEGACY_UNVERIFIED,TARGET_HIT,,False,,,,,,,,,,2026-07-27T18:30:00,2026-09-04T12:45:05.530643,EQUITY,NSE,,,,,,,,,,,,,,,,,2026-09-04T12:45:07.062845,,,,,0,,,,,,,,SYSTEM,1.0,1.0,1.0,1.0,,,PENDING
cloud_hist_ADANIPOWER_20260728_4,2026-07-27T18:30:00,ADANIPOWER,SHORT,EQUITY,,,,,,,208.25,187.425,216.58,v2.2,NIFTY_200_AUG2026,TradeMind Core v2.2-CloudBackfill,,,,,,,,,,,,,,,LEGACY_UNVERIFIED,TARGET_HIT,,False,,,,,,,,,,2026-07-27T18:30:00,2026-09-04T12:45:05.620592,EQUITY,NSE,,,,,,,,,,,,,,,,,2026-09-04T12:45:07.064844,,,,,0,,,,,,,,SYSTEM,1.0,1.0,1.0,1.0,,,PENDING
cloud_hist_MARICO_20260728_4,2026-07-27T18:30:00,MARICO,LONG,EQUITY,,,,,,,879.2293090820312,967.1522399902344,844.06013671875,v2.2,NIFTY_200_AUG2026,TradeMind Core v2.2-CloudBackfill,,,,,,,,,,,,,,,LEGACY_UNVERIFIED,TARGET_HIT,,False,,,,,,,,,,2026-07-27T18:30:00,2026-09-04T12:45:05.671553,EQUITY,NSE,,,,,,,,,,,,,,,,,2026-09-04T12:45:07.064844,,,,,0,,,,,,,,SYSTEM,1.0,1.0,1.0,1.0,,,PENDING
cloud_hist_IRCTC_20260728_3,2026-07-27T18:30:00,IRCTC,SHORT,EQUITY,,,,,,,485.95001220703125,437.3550109863281,505.3880126953125,v2.2,NIFTY_200_AUG2026,TradeMind Core v2.2-CloudBackfill,,,,,,,,,,,,,,,LEGACY_UNVERIFIED,STOP_LOSS,,False,,,,,,,,,,2026-07-27T18:30:00,2026-09-04T12:45:05.665566,EQUITY,NSE,,,,,,,,,,,,,,,,,2026-09-04T12:45:07.064844,,,,,0,,,,,,,,SYSTEM,1.0,1.0,1.0,1.0,,,PENDING
cloud_hist_BAJAJFINSV_20260728_3,2026-07-27T18:30:00,BAJAJFINSV,LONG,EQUITY,,,,,,,1927.9000244140625,2120.690026855469,1850.7840234374999,v2.2,NIFTY_200_AUG2026,TradeMind Core v2.2-CloudBackfill,,,,,,,,,,,,,,,LEGACY_UNVERIFIED,STOP_LOSS,,False,,,,,,,,,,2026-07-27T18:30:00,2026-09-04T12:45:05.626589,EQUITY,NSE,,,,,,,,,,,,,,,,,2026-09-04T12:45:07.064844,,,,,0,,,,,,,,SYSTEM,1.0,1.0,1.0,1.0,,,PENDING
recon_ATGL_20260728_2,2026-07-27T18:30:00,ATGL,SHORT,EQUITY,,,,,,,645.5499877929688,580.9949890136719,671.3719873046875,v2.2,NIFTY_200_AUG2026,TradeMind-Quant-V2,,,,,,,,,,,,,,,LEGACY_UNVERIFIED,TARGET_HIT,,False,,,,,,,,,,2026-07-27T18:30:00,2026-09-04T12:45:05.711540,EQUITY,NSE,,,,,,,,,,,,,,,,,2026-09-04T12:45:07.065843,,,,,0,,,,,,,,SYSTEM,1.0,1.0,1.0,1.0,,,PENDING
recon_VBL_20260728_2,2026-07-27T18:30:00,VBL,SHORT,EQUITY,,,,,,,429.5236511230469,386.5712860107422,446.70459716796876,v2.2,NIFTY_200_AUG2026,TradeMind-Quant-V2,,,,,,,,,,,,,,,LEGACY_UNVERIFIED,TARGET_HIT,,False,,,,,,,,,,2026-07-27T18:30:00,2026-09-04T12:45:05.606600,EQUITY,NSE,,,,,,,,,,,,,,,,,2026-09-04T12:45:07.063844,,,,,0,,,,,,,,SYSTEM,1.0,1.0,1.0,1.0,,,PENDING
recon_HINDUNILVR_20260728_2,2026-07-27T18:30:00,HINDUNILVR,SHORT,EQUITY,,,,,,,2022.699951171875,1820.4299560546876,2103.60794921875,v2.2,NIFTY_200_AUG2026,TradeMind-Quant-V2,,,,,,,,,,,,,,,LEGACY_UNVERIFIED,TARGET_HIT,,False,,,,,,,,,,2026-07-27T18:30:00,2026-09-04T12:45:05.569621,EQUITY,NSE,,,,,,,,,,,,,,,,,2026-09-04T12:45:07.063844,,,,,0,,,,,,,,SYSTEM,1.0,1.0,1.0,1.0,,,PENDING
recon_BAJAJFINSV_20260728_1,2026-07-27T18:30:00,BAJAJFINSV,LONG,EQUITY,,,0.75,0.75,0.5,1.0,1927.9000244140625,2120.690026855469,1850.7840234374999,v2.2,NIFTY_200_AUG2026,TradeMind-Quant-V2,v1.0.0,,,2026-08-11T18:30:00,1850.7840234374999,-4.0,,,,,-4.2,,,,LIVE_SHADOW_VERIFIED,STOP_LOSS,,True,,,,,-4.0,,-4.2,,,2026-09-04T05:00:24.578272,2026-09-04T05:00:24.578272,,,,,,,,,,,,,,,,,,,,,,TERMINAL,,4,,,,,,,,,,,,,,,
prod_RELIANCE_202607270000,2026-07-27T00:00:00,RELIANCE,LONG,EQUITY,,,,,,,2651.0,2969.1200000000003,2518.45,v2.2,NIFTY_200_AUG2026,TradeMind Core v2.2,,,,,,,,,,,,,,,LEGACY_UNVERIFIED,STOP_LOSS,,False,,,,,,,,,,2026-07-27T00:00:00,2026-09-04T12:45:05.542638,EQUITY,NSE,,,,,,,,,,,,,,,,,2026-09-04T12:45:07.062845,,,,,0,,,,,,,,SYSTEM,1.0,1.0,1.0,1.0,,,PENDING
prod_INFY_202607270000,2026-07-27T00:00:00,INFY,LONG,EQUITY,,,,,,,2294.0,2500.46,2110.48,v2.2,NIFTY_200_AUG2026,TradeMind Core v2.2,,,,,,,,,,,,,,,LEGACY_UNVERIFIED,TARGET_HIT,,False,,,,,,,,,,2026-07-27T00:00:00,2026-09-04T12:45:05.549633,EQUITY,NSE,,,,,,,,,,,,,,,,,2026-09-04T12:45:07.063844,,,,,0,,,,,,,,SYSTEM,1.0,1.0,1.0,1.0,,,PENDING
cloud_hist_WIPRO_20260727_4,2026-07-26T18:30:00,WIPRO,LONG,EQUITY,,,,,,,178.52999877929688,196.38299865722658,171.388798828125,v2.2,NIFTY_200_AUG2026,TradeMind Core v2.2-CloudBackfill,,,,,,,,,,,,,,,LEGACY_UNVERIFIED,TARGET_HIT,,False,,,,,,,,,,2026-07-26T18:30:00,2026-09-04T12:45:05.617594,EQUITY,NSE,,,,,,,,,,,,,,,,,2026-09-04T12:45:07.063844,,,,,0,,,,,,,,SYSTEM,1.0,1.0,1.0,1.0,,,PENDING
recon_COLPAL_20260727_2,2026-07-26T18:30:00,COLPAL,LONG,EQUITY,,,,,,,2136.60009765625,2350.260107421875,2051.13609375,v2.2,NIFTY_200_AUG2026,TradeMind-Quant-V2,,,,,,,,,,,,,,,LEGACY_UNVERIFIED,TARGET_HIT,,False,,,,,,,,,,2026-07-26T18:30:00,2026-09-04T12:45:05.536640,EQUITY,NSE,,,,,,,,,,,,,,,,,2026-09-04T12:45:07.062845,,,,,0,,,,,,,,SYSTEM,1.0,1.0,1.0,1.0,,,PENDING
recon_CONCOR_20260727_1,2026-07-26T18:30:00,CONCOR,LONG,EQUITY,,,,,,,508.9441833496094,559.8386016845703,488.586416015625,v2.2,NIFTY_200_AUG2026,TradeMind-Quant-V2,,,,,,,,,,,,,,,LEGACY_UNVERIFIED,STOP_LOSS,,False,,,,,,,,,,2026-07-26T18:30:00,2026-09-04T12:45:05.536640,EQUITY,NSE,,,,,,,,,,,,,,,,,2026-09-04T12:45:07.062845,,,,,0,,,,,,,,SYSTEM,1.0,1.0,1.0,1.0,,,PENDING
recon_HCLTECH_20260727_1,2026-07-26T18:30:00,HCLTECH,LONG,EQUITY,,,,,,,1295.9000244140625,1425.4900268554688,1244.0640234375,v2.2,NIFTY_200_AUG2026,TradeMind-Quant-V2,,,,,,,,,,,,,,,LEGACY_UNVERIFIED,STOP_LOSS,,False,,,,,,,,,,2026-07-26T18:30:00,2026-09-04T12:45:05.567622,EQUITY,NSE,,,,,,,,,,,,,,,,,2026-09-04T12:45:07.063844,,,,,0,,,,,,,,SYSTEM,1.0,1.0,1.0,1.0,,,PENDING
recon_IDFCFIRSTB_20260727_2,2026-07-26T18:30:00,IDFCFIRSTB,LONG,EQUITY,,,,,,,84.63137817382812,93.09451599121094,81.246123046875,v2.2,NIFTY_200_AUG2026,TradeMind-Quant-V2,,,,,,,,,,,,,,,LEGACY_UNVERIFIED,TARGET_HIT,,False,,,,,,,,,,2026-07-26T18:30:00,2026-09-04T12:45:05.571620,EQUITY,NSE,,,,,,,,,,,,,,,,,2026-09-04T12:45:07.063844,,,,,0,,,,,,,,SYSTEM,1.0,1.0,1.0,1.0,,,PENDING
recon_SUNPHARMA_20260727_2,2026-07-26T18:30:00,SUNPHARMA,LONG,EQUITY,,,,,,,1973.699951171875,2171.0699462890625,1894.751953125,v2.2,NIFTY_200_AUG2026,TradeMind-Quant-V2,,,,,,,,,,,,,,,LEGACY_UNVERIFIED,TARGET_HIT,,False,,,,,,,,,,2026-07-26T18:30:00,2026-09-04T12:45:05.598605,EQUITY,NSE,,,,,,,,,,,,,,,,,2026-09-04T12:45:07.063844,,,,,0,,,,,,,,SYSTEM,1.0,1.0,1.0,1.0,,,PENDING
recon_TCS_20260727_2,2026-07-26T18:30:00,TCS,LONG,EQUITY,,,,,,,2295.60009765625,2525.160107421875,2203.7760937499997,v2.2,NIFTY_200_AUG2026,TradeMind-Quant-V2,,,,,,,,,,,,,,,LEGACY_UNVERIFIED,TARGET_HIT,,False,,,,,,,,,,2026-07-26T18:30:00,2026-09-04T12:45:05.602603,EQUITY,NSE,,,,,,,,,,,,,,,,,2026-09-04T12:45:07.063844,,,,,0,,,,,,,,SYSTEM,1.0,1.0,1.0,1.0,,,PENDING
recon_TITAN_20260727_0,2026-07-26T18:30:00,TITAN,LONG,EQUITY,,,,,,,4740.10009765625,5214.110107421875,4550.49609375,v2.2,NIFTY_200_AUG2026,TradeMind-Quant-V2,,,,,,,,,,,,,,,LEGACY_UNVERIFIED,TARGET_HIT,,False,,,,,,,,,,2026-07-26T18:30:00,2026-09-04T12:45:05.602603,EQUITY,NSE,,,,,,,,,,,,,,,,,2026-09-04T12:45:07.063844,,,,,0,,,,,,,,SYSTEM,1.0,1.0,1.0,1.0,,,PENDING
recon_WIPRO_20260727_2,2026-07-26T18:30:00,WIPRO,LONG,EQUITY,,,,,,,178.52999877929688,196.38299865722658,171.388798828125,v2.2,NIFTY_200_AUG2026,TradeMind-Quant-V2,,,,,,,,,,,,,,,LEGACY_UNVERIFIED,TARGET_HIT,,False,,,,,,,,,,2026-07-26T18:30:00,2026-09-04T12:45:05.607601,EQUITY,NSE,,,,,,,,,,,,,,,,,2026-09-04T12:45:07.063844,,,,,0,,,,,,,,SYSTEM,1.0,1.0,1.0,1.0,,,PENDING
cloud_hist_COLPAL_20260727_4,2026-07-26T18:30:00,COLPAL,LONG,EQUITY,,,,,,,2136.60009765625,2350.260107421875,2051.13609375,v2.2,NIFTY_200_AUG2026,TradeMind Core v2.2-CloudBackfill,,,,,,,,,,,,,,,LEGACY_UNVERIFIED,TARGET_HIT,,False,,,,,,,,,,2026-07-26T18:30:00,2026-09-04T12:45:05.637583,EQUITY,NSE,,,,,,,,,,,,,,,,,2026-09-04T12:45:07.064844,,,,,0,,,,,,,,SYSTEM,1.0,1.0,1.0,1.0,,,PENDING
cloud_hist_CONCOR_20260727_3,2026-07-26T18:30:00,CONCOR,LONG,EQUITY,,,,,,,508.9441833496094,559.8386016845703,488.586416015625,v2.2,NIFTY_200_AUG2026,TradeMind Core v2.2-CloudBackfill,,,,,,,,,,,,,,,LEGACY_UNVERIFIED,STOP_LOSS,,False,,,,,,,,,,2026-07-26T18:30:00,2026-09-04T12:45:05.640581,EQUITY,NSE,,,,,,,,,,,,,,,,,2026-09-04T12:45:07.064844,,,,,0,,,,,,,,SYSTEM,1.0,1.0,1.0,1.0,,,PENDING
cloud_hist_HCLTECH_20260727_3,2026-07-26T18:30:00,HCLTECH,LONG,EQUITY,,,,,,,1295.9000244140625,1425.4900268554688,1244.0640234375,v2.2,NIFTY_200_AUG2026,TradeMind Core v2.2-CloudBackfill,,,,,,,,,,,,,,,LEGACY_UNVERIFIED,STOP_LOSS,,False,,,,,,,,,,2026-07-26T18:30:00,2026-09-04T12:45:05.650575,EQUITY,NSE,,,,,,,,,,,,,,,,,2026-09-04T12:45:07.064844,,,,,0,,,,,,,,SYSTEM,1.0,1.0,1.0,1.0,,,PENDING
cloud_hist_IDFCFIRSTB_20260727_4,2026-07-26T18:30:00,IDFCFIRSTB,LONG,EQUITY,,,,,,,84.63137817382812,93.09451599121094,81.246123046875,v2.2,NIFTY_200_AUG2026,TradeMind Core v2.2-CloudBackfill,,,,,,,,,,,,,,,LEGACY_UNVERIFIED,TARGET_HIT,,False,,,,,,,,,,2026-07-26T18:30:00,2026-09-04T12:45:05.656572,EQUITY,NSE,,,,,,,,,,,,,,,,,2026-09-04T12:45:07.064844,,,,,0,,,,,,,,SYSTEM,1.0,1.0,1.0,1.0,,,PENDING
cloud_hist_SUNPHARMA_20260727_4,2026-07-26T18:30:00,SUNPHARMA,LONG,EQUITY,,,,,,,1973.699951171875,2171.0699462890625,1894.751953125,v2.2,NIFTY_200_AUG2026,TradeMind Core v2.2-CloudBackfill,,,,,,,,,,,,,,,LEGACY_UNVERIFIED,TARGET_HIT,,False,,,,,,,,,,2026-07-26T18:30:00,2026-09-04T12:45:05.694552,EQUITY,NSE,,,,,,,,,,,,,,,,,2026-09-04T12:45:07.065843,,,,,0,,,,,,,,SYSTEM,1.0,1.0,1.0,1.0,,,PENDING
cloud_hist_TITAN_20260727_2,2026-07-26T18:30:00,TITAN,LONG,EQUITY,,,,,,,4740.10009765625,5214.110107421875,4550.49609375,v2.2,NIFTY_200_AUG2026,TradeMind Core v2.2-CloudBackfill,,,,,,,,,,,,,,,LEGACY_UNVERIFIED,TARGET_HIT,,False,,,,,,,,,,2026-07-26T18:30:00,2026-09-04T12:45:05.699547,EQUITY,NSE,,,,,,,,,,,,,,,,,2026-09-04T12:45:07.065843,,,,,0,,,,,,,,SYSTEM,1.0,1.0,1.0,1.0,,,PENDING
cloud_hist_TCS_20260727_4,2026-07-26T18:30:00,TCS,LONG,EQUITY,,,,,,,2295.60009765625,2525.160107421875,2203.7760937499997,v2.2,NIFTY_200_AUG2026,TradeMind Core v2.2-CloudBackfill,,,,,,,,,,,,,,,LEGACY_UNVERIFIED,TARGET_HIT,,False,,,,,,,,,,2026-07-26T18:30:00,2026-09-04T12:45:05.702545,EQUITY,NSE,,,,,,,,,,,,,,,,,2026-09-04T12:45:07.065843,,,,,0,,,,,,,,SYSTEM,1.0,1.0,1.0,1.0,,,PENDING
prod_LT_202607260000,2026-07-26T00:00:00,LT,LONG,EQUITY,,,,,,,2105.0,2294.4500000000003,1936.6000000000001,v2.2,NIFTY_200_AUG2026,TradeMind Core v2.2,,,,,,,,,,,,,,,LEGACY_UNVERIFIED,TARGET_HIT,,False,,,,,,,,,,2026-07-26T00:00:00,2026-09-04T12:45:05.560627,EQUITY,NSE,,,,,,,,,,,,,,,,,2026-09-04T12:45:07.063844,,,,,0,,,,,,,,SYSTEM,1.0,1.0,1.0,1.0,,,PENDING
prod_BHARTIARTL_202607250000,2026-07-25T00:00:00,BHARTIARTL,LONG,EQUITY,,,,,,,1838.0,2058.5600000000004,1746.1,v2.2,NIFTY_200_AUG2026,TradeMind Core v2.2,,,,,,,,,,,,,,,LEGACY_UNVERIFIED,STOP_LOSS,,False,,,,,,,,,,2026-07-25T00:00:00,2026-09-04T12:45:05.555630,EQUITY,NSE,,,,,,,,,,,,,,,,,2026-09-04T12:45:07.063844,,,,,0,,,,,,,,SYSTEM,1.0,1.0,1.0,1.0,,,PENDING
prod_TCS_202607250000,2026-07-25T00:00:00,TCS,LONG,EQUITY,,,,,,,3049.0,3323.4100000000003,2805.08,v2.2,NIFTY_200_AUG2026,TradeMind Core v2.2,,,,,,,,,,,,,,,LEGACY_UNVERIFIED,TARGET_HIT,,False,,,,,,,,,,2026-07-25T00:00:00,2026-09-04T12:45:05.544636,EQUITY,NSE,,,,,,,,,,,,,,,,,2026-09-04T12:45:07.062845,,,,,0,,,,,,,,SYSTEM,1.0,1.0,1.0,1.0,,,PENDING
prod_ITC_202607250000,2026-07-25T00:00:00,ITC,LONG,EQUITY,,,,,,,1353.0,1515.3600000000001,1244.76,v2.2,NIFTY_200_AUG2026,TradeMind Core v2.2,,,,,,,,,,,,,,,LEGACY_UNVERIFIED,EXPIRED,,False,,,,,,,,,,2026-07-25T00:00:00,2026-09-04T12:45:05.562625,EQUITY,NSE,,,,,,,,,,,,,,,,,2026-09-04T12:45:07.063844,,,,,0,,,,,,,,SYSTEM,1.0,1.0,1.0,1.0,,,PENDING
prod_AXISBANK_202607240000,2026-07-24T00:00:00,AXISBANK,LONG,EQUITY,,,,,,,2564.0,2871.6800000000003,2435.7999999999997,v2.2,NIFTY_200_AUG2026,TradeMind Core v2.2,,,,,,,,,,,,,,,LEGACY_UNVERIFIED,STOP_LOSS,,False,,,,,,,,,,2026-07-24T00:00:00,2026-09-04T12:45:05.558627,EQUITY,NSE,,,,,,,,,,,,,,,,,2026-09-04T12:45:07.063844,,,,,0,,,,,,,,SYSTEM,1.0,1.0,1.0,1.0,,,PENDING
cloud_hist_TATASTEEL_20260724_4,2026-07-23T18:30:00,TATASTEEL,SHORT,EQUITY,,,,,,,182.6699981689453,164.4029983520508,189.97679809570315,v2.2,NIFTY_200_AUG2026,TradeMind Core v2.2-CloudBackfill,,,,,,,,,,,,,,,LEGACY_UNVERIFIED,TARGET_HIT,,False,,,,,,,,,,2026-07-23T18:30:00,2026-09-04T12:45:05.699547,EQUITY,NSE,,,,,,,,,,,,,,,,,2026-09-04T12:45:07.065843,,,,,0,,,,,,,,SYSTEM,1.0,1.0,1.0,1.0,,,PENDING
cloud_hist_TIINDIA_20260724_3,2026-07-23T18:30:00,TIINDIA,SHORT,EQUITY,,,,,,,2765.49267578125,2488.9434082031253,2876.1123828125,v2.2,NIFTY_200_AUG2026,TradeMind Core v2.2-CloudBackfill,,,,,,,,,,,,,,,LEGACY_UNVERIFIED,STOP_LOSS,,False,,,,,,,,,,2026-07-23T18:30:00,2026-09-04T12:45:05.703545,EQUITY,NSE,,,,,,,,,,,,,,,,,2026-09-04T12:45:07.065843,,,,,0,,,,,,,,SYSTEM,1.0,1.0,1.0,1.0,,,PENDING
recon_ADANIPORTS_20260724_1,2026-07-23T18:30:00,ADANIPORTS,SHORT,EQUITY,,,,,,,1768.300048828125,1591.4700439453125,1839.03205078125,v2.2,NIFTY_200_AUG2026,TradeMind-Quant-V2,,,,,,,,,,,,,,,LEGACY_UNVERIFIED,STOP_LOSS,,False,,,,,,,,,,2026-07-23T18:30:00,2026-09-04T12:45:05.710541,EQUITY,NSE,,,,,,,,,,,,,,,,,2026-09-04T12:45:07.065843,,,,,0,,,,,,,,SYSTEM,1.0,1.0,1.0,1.0,,,PENDING
recon_TIINDIA_20260724_1,2026-07-23T18:30:00,TIINDIA,SHORT,EQUITY,,,,,,,2765.49267578125,2488.9434082031253,2876.1123828125,v2.2,NIFTY_200_AUG2026,TradeMind-Quant-V2,,,,,,,,,,,,,,,LEGACY_UNVERIFIED,STOP_LOSS,,False,,,,,,,,,,2026-07-23T18:30:00,2026-09-04T12:45:05.604602,EQUITY,NSE,,,,,,,,,,,,,,,,,2026-09-04T12:45:07.063844,,,,,0,,,,,,,,SYSTEM,1.0,1.0,1.0,1.0,,,PENDING
cloud_hist_ADANIPORTS_20260724_3,2026-07-23T18:30:00,ADANIPORTS,SHORT,EQUITY,,,,,,,1768.300048828125,1591.4700439453125,1839.03205078125,v2.2,NIFTY_200_AUG2026,TradeMind Core v2.2-CloudBackfill,,,,,,,,,,,,,,,LEGACY_UNVERIFIED,STOP_LOSS,,False,,,,,,,,,,2026-07-23T18:30:00,2026-09-04T12:45:05.619593,EQUITY,NSE,,,,,,,,,,,,,,,,,2026-09-04T12:45:07.064844,,,,,0,,,,,,,,SYSTEM,1.0,1.0,1.0,1.0,,,PENDING
recon_SUNTV_20260724_1,2026-07-23T18:30:00,SUNTV,SHORT,EQUITY,,,,,,,486.8999938964844,438.2099945068359,506.37599365234377,v2.2,NIFTY_200_AUG2026,TradeMind-Quant-V2,,,,,,,,,,,,,,,LEGACY_UNVERIFIED,STOP_LOSS,,False,,,,,,,,,,2026-07-23T18:30:00,2026-09-04T12:45:05.598605,EQUITY,NSE,,,,,,,,,,,,,,,,,2026-09-04T12:45:07.063844,,,,,0,,,,,,,,SYSTEM,1.0,1.0,1.0,1.0,,,PENDING
cloud_hist_SUNTV_20260724_3,2026-07-23T18:30:00,SUNTV,SHORT,EQUITY,,,,,,,486.8999938964844,438.2099945068359,506.37599365234377,v2.2,NIFTY_200_AUG2026,TradeMind Core v2.2-CloudBackfill,,,,,,,,,,,,,,,LEGACY_UNVERIFIED,STOP_LOSS,,False,,,,,,,,,,2026-07-23T18:30:00,2026-09-04T12:45:05.695550,EQUITY,NSE,,,,,,,,,,,,,,,,,2026-09-04T12:45:07.065843,,,,,0,,,,,,,,SYSTEM,1.0,1.0,1.0,1.0,,,PENDING
recon_TATASTEEL_20260724_2,2026-07-23T18:30:00,TATASTEEL,SHORT,EQUITY,,,,,,,182.6699981689453,164.4029983520508,189.97679809570315,v2.2,NIFTY_200_AUG2026,TradeMind-Quant-V2,,,,,,,,,,,,,,,LEGACY_UNVERIFIED,TARGET_HIT,,False,,,,,,,,,,2026-07-23T18:30:00,2026-09-04T12:45:05.601603,EQUITY,NSE,,,,,,,,,,,,,,,,,2026-09-04T12:45:07.063844,,,,,0,,,,,,,,SYSTEM,1.0,1.0,1.0,1.0,,,PENDING
recon_UNITDSPR_20260724_1,2026-07-23T18:30:00,UNITDSPR,LONG,EQUITY,,,,,,,1467.199951171875,1613.9199462890626,1408.511953125,v2.2,NIFTY_200_AUG2026,TradeMind-Quant-V2,,,,,,,,,,,,,,,LEGACY_UNVERIFIED,STOP_LOSS,,False,,,,,,,,,,2026-07-23T18:30:00,2026-09-04T12:45:05.605601,EQUITY,NSE,,,,,,,,,,,,,,,,,2026-09-04T12:45:07.063844,,,,,0,,,,,,,,SYSTEM,1.0,1.0,1.0,1.0,,,PENDING
cloud_hist_UNITDSPR_20260724_3,2026-07-23T18:30:00,UNITDSPR,LONG,EQUITY,,,,,,,1467.199951171875,1613.9199462890626,1408.511953125,v2.2,NIFTY_200_AUG2026,TradeMind Core v2.2-CloudBackfill,,,,,,,,,,,,,,,LEGACY_UNVERIFIED,STOP_LOSS,,False,,,,,,,,,,2026-07-23T18:30:00,2026-09-04T12:45:05.706543,EQUITY,NSE,,,,,,,,,,,,,,,,,2026-09-04T12:45:07.065843,,,,,0,,,,,,,,SYSTEM,1.0,1.0,1.0,1.0,,,PENDING
prod_ICICIBANK_202607230000,2026-07-23T00:00:00,ICICIBANK,LONG,EQUITY,,,,,,,2017.0,2259.0400000000004,1916.1499999999999,v2.2,NIFTY_200_AUG2026,TradeMind Core v2.2,,,,,,,,,,,,,,,LEGACY_UNVERIFIED,STOP_LOSS,,False,,,,,,,,,,2026-07-23T00:00:00,2026-09-04T12:45:05.551632,EQUITY,NSE,,,,,,,,,,,,,,,,,2026-09-04T12:45:07.063844,,,,,0,,,,,,,,SYSTEM,1.0,1.0,1.0,1.0,,,PENDING
recon_HEROMOTOCO_20260723_0,2026-07-22T18:30:00,HEROMOTOCO,LONG,EQUITY,,,,,,,5098.7998046875,5608.679785156251,4894.8478125,v2.2,NIFTY_200_AUG2026,TradeMind-Quant-V2,,,,,,,,,,,,,,,LEGACY_UNVERIFIED,TARGET_HIT,,False,,,,,,,,,,2026-07-22T18:30:00,2026-09-04T12:45:05.568622,EQUITY,NSE,,,,,,,,,,,,,,,,,2026-09-04T12:45:07.063844,,,,,0,,,,,,,,SYSTEM,1.0,1.0,1.0,1.0,,,PENDING
recon_CGPOWER_20260723_1,2026-07-22T18:30:00,CGPOWER,SHORT,EQUITY,,,,,,,883.7999877929688,795.4199890136719,919.1519873046875,v2.2,NIFTY_200_AUG2026,TradeMind-Quant-V2,,,,,,,,,,,,,,,LEGACY_UNVERIFIED,STOP_LOSS,,False,,,,,,,,,,2026-07-22T18:30:00,2026-09-04T12:45:05.534642,EQUITY,NSE,,,,,,,,,,,,,,,,,2026-09-04T12:45:07.062845,,,,,0,,,,,,,,SYSTEM,1.0,1.0,1.0,1.0,,,PENDING
recon_ADANIGREEN_20260723_1,2026-07-22T18:30:00,ADANIGREEN,SHORT,EQUITY,,,,,,,1379.9000244140625,1241.9100219726563,1435.096025390625,v2.2,NIFTY_200_AUG2026,TradeMind-Quant-V2,,,,,,,,,,,,,,,LEGACY_UNVERIFIED,STOP_LOSS,,False,,,,,,,,,,2026-07-22T18:30:00,2026-09-04T12:45:05.709542,EQUITY,NSE,,,,,,,,,,,,,,,,,2026-09-04T12:45:07.065843,,,,,0,,,,,,,,SYSTEM,1.0,1.0,1.0,1.0,,,PENDING
recon_SYNGENE_20260723_2,2026-07-22T18:30:00,SYNGENE,SHORT,EQUITY,,,,,,,403.25,362.925,419.38,v2.2,NIFTY_200_AUG2026,TradeMind-Quant-V2,,,,,,,,,,,,,,,LEGACY_UNVERIFIED,TARGET_HIT,,False,,,,,,,,,,2026-07-22T18:30:00,2026-09-04T12:45:05.599604,EQUITY,NSE,,,,,,,,,,,,,,,,,2026-09-04T12:45:07.063844,,,,,0,,,,,,,,SYSTEM,1.0,1.0,1.0,1.0,,,PENDING
cloud_hist_CHOLAFIN_20260723_3,2026-07-22T18:30:00,CHOLAFIN,SHORT,EQUITY,,,,,,,1717.300048828125,1545.5700439453126,1785.99205078125,v2.2,NIFTY_200_AUG2026,TradeMind Core v2.2-CloudBackfill,,,,,,,,,,,,,,,LEGACY_UNVERIFIED,STOP_LOSS,,False,,,,,,,,,,2026-07-22T18:30:00,2026-09-04T12:45:05.637583,EQUITY,NSE,,,,,,,,,,,,,,,,,2026-09-04T12:45:07.064844,,,,,0,,,,,,,,SYSTEM,1.0,1.0,1.0,1.0,,,PENDING
cloud_hist_M&M_20260723_2,2026-07-22T18:30:00,M&M,LONG,EQUITY,,,,,,,3229.699951171875,3552.669946289063,3100.5119531249998,v2.2,NIFTY_200_AUG2026,TradeMind Core v2.2-CloudBackfill,,,,,,,,,,,,,,,LEGACY_UNVERIFIED,TARGET_HIT,,False,,,,,,,,,,2026-07-22T18:30:00,2026-09-04T12:45:05.670554,EQUITY,NSE,,,,,,,,,,,,,,,,,2026-09-04T12:45:07.064844,,,,,0,,,,,,,,SYSTEM,1.0,1.0,1.0,1.0,,,PENDING
cloud_hist_CIPLA_20260723_4,2026-07-22T18:30:00,CIPLA,SHORT,EQUITY,,,,,,,1393.0,1253.7,1448.72,v2.2,NIFTY_200_AUG2026,TradeMind Core v2.2-CloudBackfill,,,,,,,,,,,,,,,LEGACY_UNVERIFIED,TARGET_HIT,,False,,,,,,,,,,2026-07-22T18:30:00,2026-09-04T12:45:05.638582,EQUITY,NSE,,,,,,,,,,,,,,,,,2026-09-04T12:45:07.064844,,,,,0,,,,,,,,SYSTEM,1.0,1.0,1.0,1.0,,,PENDING
recon_SRF_20260723_0,2026-07-22T18:30:00,SRF,SHORT,EQUITY,,,,,,,2617.72607421875,2355.953466796875,2722.4351171875,v2.2,NIFTY_200_AUG2026,TradeMind-Quant-V2,,,,,,,,,,,,,,,LEGACY_UNVERIFIED,TARGET_HIT,,False,,,,,,,,,,2026-07-22T18:30:00,2026-09-04T12:45:05.595607,EQUITY,NSE,,,,,,,,,,,,,,,,,2026-09-04T12:45:07.063844,,,,,0,,,,,,,,SYSTEM,1.0,1.0,1.0,1.0,,,PENDING
cloud_hist_JUBLFOOD_20260723_3,2026-07-22T18:30:00,JUBLFOOD,SHORT,EQUITY,,,,,,,412.29998779296875,371.0699890136719,428.7919873046875,v2.2,NIFTY_200_AUG2026,TradeMind Core v2.2-CloudBackfill,,,,,,,,,,,,,,,LEGACY_UNVERIFIED,STOP_LOSS,,False,,,,,,,,,,2026-07-22T18:30:00,2026-09-04T12:45:05.666566,EQUITY,NSE,,,,,,,,,,,,,,,,,2026-09-04T12:45:07.064844,,,,,0,,,,,,,,SYSTEM,1.0,1.0,1.0,1.0,,,PENDING
cloud_hist_NMDC_20260723_4,2026-07-22T18:30:00,NMDC,SHORT,EQUITY,,,,,,,82.63999938964844,74.3759994506836,85.94559936523437,v2.2,NIFTY_200_AUG2026,TradeMind Core v2.2-CloudBackfill,,,,,,,,,,,,,,,LEGACY_UNVERIFIED,TARGET_HIT,,False,,,,,,,,,,2026-07-22T18:30:00,2026-09-04T12:45:05.675560,EQUITY,NSE,,,,,,,,,,,,,,,,,2026-09-04T12:45:07.064844,,,,,0,,,,,,,,SYSTEM,1.0,1.0,1.0,1.0,,,PENDING
recon_JUBLFOOD_20260723_1,2026-07-22T18:30:00,JUBLFOOD,SHORT,EQUITY,,,,,,,412.29998779296875,371.0699890136719,428.7919873046875,v2.2,NIFTY_200_AUG2026,TradeMind-Quant-V2,,,,,,,,,,,,,,,LEGACY_UNVERIFIED,STOP_LOSS,,False,,,,,,,,,,2026-07-22T18:30:00,2026-09-04T12:45:05.577607,EQUITY,NSE,,,,,,,,,,,,,,,,,2026-09-04T12:45:07.063844,,,,,0,,,,,,,,SYSTEM,1.0,1.0,1.0,1.0,,,PENDING
cloud_hist_ASHOKLEY_20260723_3,2026-07-22T18:30:00,ASHOKLEY,SHORT,EQUITY,,,,,,,150.64999389648438,135.58499450683595,156.67599365234375,v2.2,NIFTY_200_AUG2026,TradeMind Core v2.2-CloudBackfill,,,,,,,,,,,,,,,LEGACY_UNVERIFIED,STOP_LOSS,,False,,,,,,,,,,2026-07-22T18:30:00,2026-09-04T12:45:05.592608,EQUITY,NSE,,,,,,,,,,,,,,,,,2026-09-04T12:45:07.063844,,,,,0,,,,,,,,SYSTEM,1.0,1.0,1.0,1.0,,,PENDING
cloud_hist_DRREDDY_20260723_4,2026-07-22T18:30:00,DRREDDY,SHORT,EQUITY,,,,,,,1166.300048828125,1049.6700439453125,1212.9520507812501,v2.2,NIFTY_200_AUG2026,TradeMind Core v2.2-CloudBackfill,,,,,,,,,,,,,,,LEGACY_UNVERIFIED,TARGET_HIT,,False,,,,,,,,,,2026-07-22T18:30:00,2026-09-04T12:45:05.644579,EQUITY,NSE,,,,,,,,,,,,,,,,,2026-09-04T12:45:07.064844,,,,,0,,,,,,,,SYSTEM,1.0,1.0,1.0,1.0,,,PENDING
recon_DRREDDY_20260723_2,2026-07-22T18:30:00,DRREDDY,SHORT,EQUITY,,,,,,,1166.300048828125,1049.6700439453125,1212.9520507812501,v2.2,NIFTY_200_AUG2026,TradeMind-Quant-V2,,,,,,,,,,,,,,,LEGACY_UNVERIFIED,TARGET_HIT,,False,,,,,,,,,,2026-07-22T18:30:00,2026-09-04T12:45:05.562625,EQUITY,NSE,,,,,,,,,,,,,,,,,2026-09-04T12:45:07.063844,,,,,0,,,,,,,,SYSTEM,1.0,1.0,1.0,1.0,,,PENDING
recon_M&M_20260723_0,2026-07-22T18:30:00,M&M,LONG,EQUITY,,,,,,,3229.699951171875,3552.669946289063,3100.5119531249998,v2.2,NIFTY_200_AUG2026,TradeMind-Quant-V2,,,,,,,,,,,,,,,LEGACY_UNVERIFIED,TARGET_HIT,,False,,,,,,,,,,2026-07-22T18:30:00,2026-09-04T12:45:05.580606,EQUITY,NSE,,,,,,,,,,,,,,,,,2026-09-04T12:45:07.063844,,,,,0,,,,,,,,SYSTEM,1.0,1.0,1.0,1.0,,,PENDING
cloud_hist_SRF_20260723_2,2026-07-22T18:30:00,SRF,SHORT,EQUITY,,,,,,,2617.72607421875,2355.953466796875,2722.4351171875,v2.2,NIFTY_200_AUG2026,TradeMind Core v2.2-CloudBackfill,,,,,,,,,,,,,,,LEGACY_UNVERIFIED,TARGET_HIT,,False,,,,,,,,,,2026-07-22T18:30:00,2026-09-04T12:45:05.692552,EQUITY,NSE,,,,,,,,,,,,,,,,,2026-09-04T12:45:07.065843,,,,,0,,,,,,,,SYSTEM,1.0,1.0,1.0,1.0,,,PENDING
recon_CHOLAFIN_20260723_1,2026-07-22T18:30:00,CHOLAFIN,SHORT,EQUITY,,,,,,,1717.300048828125,1545.5700439453126,1785.99205078125,v2.2,NIFTY_200_AUG2026,TradeMind-Quant-V2,,,,,,,,,,,,,,,LEGACY_UNVERIFIED,STOP_LOSS,,False,,,,,,,,,,2026-07-22T18:30:00,2026-09-04T12:45:05.534642,EQUITY,NSE,,,,,,,,,,,,,,,,,2026-09-04T12:45:07.062845,,,,,0,,,,,,,,SYSTEM,1.0,1.0,1.0,1.0,,,PENDING
cloud_hist_MAHABANK_20260723_4,2026-07-22T18:30:00,MAHABANK,SHORT,EQUITY,,,,,,,78.4800033569336,70.63200302124024,81.61920349121094,v2.2,NIFTY_200_AUG2026,TradeMind Core v2.2-CloudBackfill,,,,,,,,,,,,,,,LEGACY_UNVERIFIED,TARGET_HIT,,False,,,,,,,,,,2026-07-22T18:30:00,2026-09-04T12:45:05.673563,EQUITY,NSE,,,,,,,,,,,,,,,,,2026-09-04T12:45:07.064844,,,,,0,,,,,,,,SYSTEM,1.0,1.0,1.0,1.0,,,PENDING
recon_CIPLA_20260723_2,2026-07-22T18:30:00,CIPLA,SHORT,EQUITY,,,,,,,1393.0,1253.7,1448.72,v2.2,NIFTY_200_AUG2026,TradeMind-Quant-V2,,,,,,,,,,,,,,,LEGACY_UNVERIFIED,TARGET_HIT,,False,,,,,,,,,,2026-07-22T18:30:00,2026-09-04T12:45:05.535641,EQUITY,NSE,,,,,,,,,,,,,,,,,2026-09-04T12:45:07.062845,,,,,0,,,,,,,,SYSTEM,1.0,1.0,1.0,1.0,,,PENDING
recon_MAHABANK_20260723_2,2026-07-22T18:30:00,MAHABANK,SHORT,EQUITY,,,,,,,78.4800033569336,70.63200302124024,81.61920349121094,v2.2,NIFTY_200_AUG2026,TradeMind-Quant-V2,,,,,,,,,,,,,,,LEGACY_UNVERIFIED,TARGET_HIT,,False,,,,,,,,,,2026-07-22T18:30:00,2026-09-04T12:45:05.582604,EQUITY,NSE,,,,,,,,,,,,,,,,,2026-09-04T12:45:07.063844,,,,,0,,,,,,,,SYSTEM,1.0,1.0,1.0,1.0,,,PENDING
cloud_hist_CGPOWER_20260723_3,2026-07-22T18:30:00,CGPOWER,SHORT,EQUITY,,,,,,,883.7999877929688,795.4199890136719,919.1519873046875,v2.2,NIFTY_200_AUG2026,TradeMind Core v2.2-CloudBackfill,,,,,,,,,,,,,,,LEGACY_UNVERIFIED,STOP_LOSS,,False,,,,,,,,,,2026-07-22T18:30:00,2026-09-04T12:45:05.635583,EQUITY,NSE,,,,,,,,,,,,,,,,,2026-09-04T12:45:07.064844,,,,,0,,,,,,,,SYSTEM,1.0,1.0,1.0,1.0,,,PENDING
cloud_hist_ADANIGREEN_20260723_3,2026-07-22T18:30:00,ADANIGREEN,SHORT,EQUITY,,,,,,,1379.9000244140625,1241.9100219726563,1435.096025390625,v2.2,NIFTY_200_AUG2026,TradeMind Core v2.2-CloudBackfill,,,,,,,,,,,,,,,LEGACY_UNVERIFIED,STOP_LOSS,,False,,,,,,,,,,2026-07-22T18:30:00,2026-09-04T12:45:05.618593,EQUITY,NSE,,,,,,,,,,,,,,,,,2026-09-04T12:45:07.064844,,,,,0,,,,,,,,SYSTEM,1.0,1.0,1.0,1.0,,,PENDING
cloud_hist_SYNGENE_20260723_4,2026-07-22T18:30:00,SYNGENE,SHORT,EQUITY,,,,,,,403.25,362.925,419.38,v2.2,NIFTY_200_AUG2026,TradeMind Core v2.2-CloudBackfill,,,,,,,,,,,,,,,LEGACY_UNVERIFIED,TARGET_HIT,,False,,,,,,,,,,2026-07-22T18:30:00,2026-09-04T12:45:05.696549,EQUITY,NSE,,,,,,,,,,,,,,,,,2026-09-04T12:45:07.065843,,,,,0,,,,,,,,SYSTEM,1.0,1.0,1.0,1.0,,,PENDING
cloud_hist_HEROMOTOCO_20260723_2,2026-07-22T18:30:00,HEROMOTOCO,LONG,EQUITY,,,,,,,5098.7998046875,5608.679785156251,4894.8478125,v2.2,NIFTY_200_AUG2026,TradeMind Core v2.2-CloudBackfill,,,,,,,,,,,,,,,LEGACY_UNVERIFIED,TARGET_HIT,,False,,,,,,,,,,2026-07-22T18:30:00,2026-09-04T12:45:05.652574,EQUITY,NSE,,,,,,,,,,,,,,,,,2026-09-04T12:45:07.064844,,,,,0,,,,,,,,SYSTEM,1.0,1.0,1.0,1.0,,,PENDING
recon_NMDC_20260723_2,2026-07-22T18:30:00,NMDC,SHORT,EQUITY,,,,,,,82.63999938964844,74.3759994506836,85.94559936523437,v2.2,NIFTY_200_AUG2026,TradeMind-Quant-V2,,,,,,,,,,,,,,,LEGACY_UNVERIFIED,TARGET_HIT,,False,,,,,,,,,,2026-07-22T18:30:00,2026-09-04T12:45:05.584603,EQUITY,NSE,,,,,,,,,,,,,,,,,2026-09-04T12:45:07.063844,,,,,0,,,,,,,,SYSTEM,1.0,1.0,1.0,1.0,,,PENDING
recon_ASHOKLEY_20260723_1,2026-07-22T18:30:00,ASHOKLEY,SHORT,EQUITY,,,,,,,150.64999389648438,135.58499450683595,156.67599365234375,v2.2,NIFTY_200_AUG2026,TradeMind-Quant-V2,,,,,,,,,,,,,,,LEGACY_UNVERIFIED,STOP_LOSS,,False,,,,,,,,,,2026-07-22T18:30:00,2026-09-04T12:45:05.712539,EQUITY,NSE,,,,,,,,,,,,,,,,,2026-09-04T12:45:07.065843,,,,,0,,,,,,,,SYSTEM,1.0,1.0,1.0,1.0,,,PENDING
prod_TCS_202607220000,2026-07-22T00:00:00,TCS,LONG,EQUITY,,,,,,,1588.0,1730.92,1460.96,v2.2,NIFTY_200_AUG2026,TradeMind Core v2.2,,,,,,,,,,,,,,,LEGACY_UNVERIFIED,TARGET_HIT,,False,,,,,,,,,,2026-07-22T00:00:00,2026-09-04T12:45:05.544636,EQUITY,NSE,,,,,,,,,,,,,,,,,2026-09-04T12:45:07.062845,,,,,0,,,,,,,,SYSTEM,1.0,1.0,1.0,1.0,,,PENDING
prod_SBIN_202607220000,2026-07-22T00:00:00,SBIN,LONG,EQUITY,,,,,,,3604.0,3928.36,3315.6800000000003,v2.2,NIFTY_200_AUG2026,TradeMind Core v2.2,,,,,,,,,,,,,,,LEGACY_UNVERIFIED,TARGET_HIT,,False,,,,,,,,,,2026-07-22T00:00:00,2026-09-04T12:45:05.553631,EQUITY,NSE,,,,,,,,,,,,,,,,,2026-09-04T12:45:07.063844,,,,,0,,,,,,,,SYSTEM,1.0,1.0,1.0,1.0,,,PENDING
recon_BANDHANBNK_20260722_2,2026-07-21T18:30:00,BANDHANBNK,SHORT,EQUITY,,,,,,,173.5,156.15,180.44,v2.2,NIFTY_200_AUG2026,TradeMind-Quant-V2,,,,,,,,,,,,,,,LEGACY_UNVERIFIED,TARGET_HIT,,False,,,,,,,,,,2026-07-21T18:30:00,2026-09-04T12:45:05.474682,EQUITY,NSE,,,,,,,,,,,,,,,,,2026-09-04T12:45:07.062845,,,,,0,,,,,,,,SYSTEM,1.0,1.0,1.0,1.0,,,PENDING
recon_IRCTC_20260722_0,2026-07-21T18:30:00,IRCTC,SHORT,EQUITY,,,,,,,494.04998779296875,444.6449890136719,513.8119873046875,v2.2,NIFTY_200_AUG2026,TradeMind-Quant-V2,,,,,,,,,,,,,,,LEGACY_UNVERIFIED,TARGET_HIT,,False,,,,,,,,,,2026-07-21T18:30:00,2026-09-04T12:45:05.575609,EQUITY,NSE,,,,,,,,,,,,,,,,,2026-09-04T12:45:07.063844,,,,,0,,,,,,,,SYSTEM,1.0,1.0,1.0,1.0,,,PENDING
cloud_hist_IRCTC_20260722_2,2026-07-21T18:30:00,IRCTC,SHORT,EQUITY,,,,,,,494.04998779296875,444.6449890136719,513.8119873046875,v2.2,NIFTY_200_AUG2026,TradeMind Core v2.2-CloudBackfill,,,,,,,,,,,,,,,LEGACY_UNVERIFIED,TARGET_HIT,,False,,,,,,,,,,2026-07-21T18:30:00,2026-09-04T12:45:05.665566,EQUITY,NSE,,,,,,,,,,,,,,,,,2026-09-04T12:45:07.064844,,,,,0,,,,,,,,SYSTEM,1.0,1.0,1.0,1.0,,,PENDING
cloud_hist_VBL_20260722_3,2026-07-21T18:30:00,VBL,SHORT,EQUITY,,,,,,,457.7423400878906,411.9681060791016,476.0520336914063,v2.2,NIFTY_200_AUG2026,TradeMind Core v2.2-CloudBackfill,,,,,,,,,,,,,,,LEGACY_UNVERIFIED,STOP_LOSS,,False,,,,,,,,,,2026-07-21T18:30:00,2026-09-04T12:45:05.706543,EQUITY,NSE,,,,,,,,,,,,,,,,,2026-09-04T12:45:07.065843,,,,,0,,,,,,,,SYSTEM,1.0,1.0,1.0,1.0,,,PENDING
recon_ATGL_20260722_1,2026-07-21T18:30:00,ATGL,SHORT,EQUITY,,,,,,,681.5999755859375,613.4399780273437,708.8639746093751,v2.2,NIFTY_200_AUG2026,TradeMind-Quant-V2,,,,,,,,,,,,,,,LEGACY_UNVERIFIED,STOP_LOSS,,False,,,,,,,,,,2026-07-21T18:30:00,2026-09-04T12:45:05.710541,EQUITY,NSE,,,,,,,,,,,,,,,,,2026-09-04T12:45:07.065843,,,,,0,,,,,,,,SYSTEM,1.0,1.0,1.0,1.0,,,PENDING
recon_VBL_20260722_1,2026-07-21T18:30:00,VBL,SHORT,EQUITY,,,,,,,457.7423400878906,411.9681060791016,476.0520336914063,v2.2,NIFTY_200_AUG2026,TradeMind-Quant-V2,,,,,,,,,,,,,,,LEGACY_UNVERIFIED,STOP_LOSS,,False,,,,,,,,,,2026-07-21T18:30:00,2026-09-04T12:45:05.606600,EQUITY,NSE,,,,,,,,,,,,,,,,,2026-09-04T12:45:07.063844,,,,,0,,,,,,,,SYSTEM,1.0,1.0,1.0,1.0,,,PENDING
recon_NESTLEIND_20260722_0,2026-07-21T18:30:00,NESTLEIND,LONG,EQUITY,,,,,,,1493.5999755859375,1642.9599731445314,1433.8559765625,v2.2,NIFTY_200_AUG2026,TradeMind-Quant-V2,,,,,,,,,,,,,,,LEGACY_UNVERIFIED,TARGET_HIT,,False,,,,,,,,,,2026-07-21T18:30:00,2026-09-04T12:45:05.584603,EQUITY,NSE,,,,,,,,,,,,,,,,,2026-09-04T12:45:07.063844,,,,,0,,,,,,,,SYSTEM,1.0,1.0,1.0,1.0,,,PENDING
cloud_hist_NESTLEIND_20260722_2,2026-07-21T18:30:00,NESTLEIND,LONG,EQUITY,,,,,,,1493.5999755859375,1642.9599731445314,1433.8559765625,v2.2,NIFTY_200_AUG2026,TradeMind Core v2.2-CloudBackfill,,,,,,,,,,,,,,,LEGACY_UNVERIFIED,TARGET_HIT,,False,,,,,,,,,,2026-07-21T18:30:00,2026-09-04T12:45:05.677562,EQUITY,NSE,,,,,,,,,,,,,,,,,2026-09-04T12:45:07.064844,,,,,0,,,,,,,,SYSTEM,1.0,1.0,1.0,1.0,,,PENDING
cloud_hist_RVNL_20260722_4,2026-07-21T18:30:00,RVNL,SHORT,EQUITY,,,,,,,223.11000061035156,200.79900054931642,232.03440063476563,v2.2,NIFTY_200_AUG2026,TradeMind Core v2.2-CloudBackfill,,,,,,,,,,,,,,,LEGACY_UNVERIFIED,TARGET_HIT,,False,,,,,,,,,,2026-07-21T18:30:00,2026-09-04T12:45:05.684559,EQUITY,NSE,,,,,,,,,,,,,,,,,2026-09-04T12:45:07.064844,,,,,0,,,,,,,,SYSTEM,1.0,1.0,1.0,1.0,,,PENDING
cloud_hist_BANDHANBNK_20260722_4,2026-07-21T18:30:00,BANDHANBNK,SHORT,EQUITY,,,,,,,173.5,156.15,180.44,v2.2,NIFTY_200_AUG2026,TradeMind Core v2.2-CloudBackfill,,,,,,,,,,,,,,,LEGACY_UNVERIFIED,TARGET_HIT,,False,,,,,,,,,,2026-07-21T18:30:00,2026-09-04T12:45:05.628588,EQUITY,NSE,,,,,,,,,,,,,,,,,2026-09-04T12:45:07.064844,,,,,0,,,,,,,,SYSTEM,1.0,1.0,1.0,1.0,,,PENDING
recon_RVNL_20260722_2,2026-07-21T18:30:00,RVNL,SHORT,EQUITY,,,,,,,223.11000061035156,200.79900054931642,232.03440063476563,v2.2,NIFTY_200_AUG2026,TradeMind-Quant-V2,,,,,,,,,,,,,,,LEGACY_UNVERIFIED,TARGET_HIT,,False,,,,,,,,,,2026-07-21T18:30:00,2026-09-04T12:45:05.593608,EQUITY,NSE,,,,,,,,,,,,,,,,,2026-09-04T12:45:07.063844,,,,,0,,,,,,,,SYSTEM,1.0,1.0,1.0,1.0,,,PENDING
cloud_hist_ATGL_20260722_3,2026-07-21T18:30:00,ATGL,SHORT,EQUITY,,,,,,,681.5999755859375,613.4399780273437,708.8639746093751,v2.2,NIFTY_200_AUG2026,TradeMind Core v2.2-CloudBackfill,,,,,,,,,,,,,,,LEGACY_UNVERIFIED,STOP_LOSS,,False,,,,,,,,,,2026-07-21T18:30:00,2026-09-04T12:45:05.621592,EQUITY,NSE,,,,,,,,,,,,,,,,,2026-09-04T12:45:07.064844,,,,,0,,,,,,,,SYSTEM,1.0,1.0,1.0,1.0,,,PENDING
prod_HDFCBANK_202607210000,2026-07-21T00:00:00,HDFCBANK,LONG,EQUITY,,,,,,,1433.0,1604.9600000000003,1361.35,v2.2,NIFTY_200_AUG2026,TradeMind Core v2.2,,,,,,,,,,,,,,,LEGACY_UNVERIFIED,STOP_LOSS,,False,,,,,,,,,,2026-07-21T00:00:00,2026-09-04T12:45:05.546634,EQUITY,NSE,,,,,,,,,,,,,,,,,2026-09-04T12:45:07.063844,,,,,0,,,,,,,,SYSTEM,1.0,1.0,1.0,1.0,,,PENDING
prod_AXISBANK_202607210000,2026-07-21T00:00:00,AXISBANK,LONG,EQUITY,,,,,,,2804.0,3056.36,2579.6800000000003,v2.2,NIFTY_200_AUG2026,TradeMind Core v2.2,,,,,,,,,,,,,,,LEGACY_UNVERIFIED,TARGET_HIT,,False,,,,,,,,,,2026-07-21T00:00:00,2026-09-04T12:45:05.558627,EQUITY,NSE,,,,,,,,,,,,,,,,,2026-09-04T12:45:07.063844,,,,,0,,,,,,,,SYSTEM,1.0,1.0,1.0,1.0,,,PENDING
prod_INFY_202607210000,2026-07-21T00:00:00,INFY,LONG,EQUITY,,,,,,,2838.0,3178.5600000000004,2696.1,v2.2,NIFTY_200_AUG2026,TradeMind Core v2.2,,,,,,,,,,,,,,,LEGACY_UNVERIFIED,STOP_LOSS,,False,,,,,,,,,,2026-07-21T00:00:00,2026-09-04T12:45:05.548633,EQUITY,NSE,,,,,,,,,,,,,,,,,2026-09-04T12:45:07.063844,,,,,0,,,,,,,,SYSTEM,1.0,1.0,1.0,1.0,,,PENDING
cloud_hist_TITAN_20260721_1,2026-07-20T18:30:00,TITAN,LONG,EQUITY,,,,,,,4688.7001953125,5157.57021484375,4501.1521875,v2.2,NIFTY_200_AUG2026,TradeMind Core v2.2-CloudBackfill,,,,,,,,,,,,,,,LEGACY_UNVERIFIED,STOP_LOSS,,False,,,,,,,,,,2026-07-20T18:30:00,2026-09-04T12:45:05.699547,EQUITY,NSE,,,,,,,,,,,,,,,,,2026-09-04T12:45:07.065843,,,,,0,,,,,,,,SYSTEM,1.0,1.0,1.0,1.0,,,PENDING
cloud_hist_INDUSINDBK_20260721_4,2026-07-20T18:30:00,INDUSINDBK,LONG,EQUITY,,,,,,,1063.449951171875,1169.7949462890626,1020.911953125,v2.2,NIFTY_200_AUG2026,TradeMind Core v2.2-CloudBackfill,,,,,,,,,,,,,,,LEGACY_UNVERIFIED,TARGET_HIT,,False,,,,,,,,,,2026-07-20T18:30:00,2026-09-04T12:45:05.662568,EQUITY,NSE,,,,,,,,,,,,,,,,,2026-09-04T12:45:07.064844,,,,,0,,,,,,,,SYSTEM,1.0,1.0,1.0,1.0,,,PENDING
recon_HCLTECH_20260721_0,2026-07-20T18:30:00,HCLTECH,LONG,EQUITY,,,,,,,1239.5,1363.45,1189.9199999999998,v2.2,NIFTY_200_AUG2026,TradeMind-Quant-V2,,,,,,,,,,,,,,,LEGACY_UNVERIFIED,TARGET_HIT,,False,,,,,,,,,,2026-07-20T18:30:00,2026-09-04T12:45:05.566623,EQUITY,NSE,,,,,,,,,,,,,,,,,2026-09-04T12:45:07.063844,,,,,0,,,,,,,,SYSTEM,1.0,1.0,1.0,1.0,,,PENDING
recon_DALBHARAT_20260721_2,2026-07-20T18:30:00,DALBHARAT,LONG,EQUITY,,,,,,,1864.199951171875,2050.6199462890627,1789.6319531249999,v2.2,NIFTY_200_AUG2026,TradeMind-Quant-V2,,,,,,,,,,,,,,,LEGACY_UNVERIFIED,TARGET_HIT,,False,,,,,,,,,,2026-07-20T18:30:00,2026-09-04T12:45:05.538639,EQUITY,NSE,,,,,,,,,,,,,,,,,2026-09-04T12:45:07.062845,,,,,0,,,,,,,,SYSTEM,1.0,1.0,1.0,1.0,,,PENDING
cloud_hist_HCLTECH_20260721_2,2026-07-20T18:30:00,HCLTECH,LONG,EQUITY,,,,,,,1239.5,1363.45,1189.9199999999998,v2.2,NIFTY_200_AUG2026,TradeMind Core v2.2-CloudBackfill,,,,,,,,,,,,,,,LEGACY_UNVERIFIED,TARGET_HIT,,False,,,,,,,,,,2026-07-20T18:30:00,2026-09-04T12:45:05.649575,EQUITY,NSE,,,,,,,,,,,,,,,,,2026-09-04T12:45:07.064844,,,,,0,,,,,,,,SYSTEM,1.0,1.0,1.0,1.0,,,PENDING
cloud_hist_SHREECEM_20260721_3,2026-07-20T18:30:00,SHREECEM,LONG,EQUITY,,,,,,,27245.0,29969.500000000004,26155.2,v2.2,NIFTY_200_AUG2026,TradeMind Core v2.2-CloudBackfill,,,,,,,,,,,,,,,LEGACY_UNVERIFIED,STOP_LOSS,,False,,,,,,,,,,2026-07-20T18:30:00,2026-09-04T12:45:05.690554,EQUITY,NSE,,,,,,,,,,,,,,,,,2026-09-04T12:45:07.065843,,,,,0,,,,,,,,SYSTEM,1.0,1.0,1.0,1.0,,,PENDING
recon_BALKRISIND_20260721_1,2026-07-20T18:30:00,BALKRISIND,SHORT,EQUITY,,,0.75,0.75,0.5,1.0,2034.32958984375,1830.8966308593751,2115.7027734375,v2.2,NIFTY_200_AUG2026,TradeMind-Quant-V2,v1.0.0,,,2026-08-04T18:30:00,2115.7027734375,-4.0,,,,,-4.2,,,,LIVE_SHADOW_VERIFIED,STOP_LOSS,,True,,,,,-4.0,,-4.2,,,2026-09-04T05:00:24.578272,2026-09-04T05:00:24.578272,,,,,,,,,,,,,,,,,,,,,,TERMINAL,,4,,,,,,,,,,,,,,,
cloud_hist_HDFCBANK_20260721_2,2026-07-20T18:30:00,HDFCBANK,SHORT,EQUITY,,,,,,,761.4500122070312,685.3050109863282,791.9080126953126,v2.2,NIFTY_200_AUG2026,TradeMind Core v2.2-CloudBackfill,,,,,,,,,,,,,,,LEGACY_UNVERIFIED,TARGET_HIT,,False,,,,,,,,,,2026-07-20T18:30:00,2026-09-04T12:45:05.650575,EQUITY,NSE,,,,,,,,,,,,,,,,,2026-09-04T12:45:07.064844,,,,,0,,,,,,,,SYSTEM,1.0,1.0,1.0,1.0,,,PENDING
recon_HDFCBANK_20260721_0,2026-07-20T18:30:00,HDFCBANK,SHORT,EQUITY,,,,,,,761.4500122070312,685.3050109863282,791.9080126953126,v2.2,NIFTY_200_AUG2026,TradeMind-Quant-V2,,,,,,,,,,,,,,,LEGACY_UNVERIFIED,TARGET_HIT,,False,,,,,,,,,,2026-07-20T18:30:00,2026-09-04T12:45:05.567622,EQUITY,NSE,,,,,,,,,,,,,,,,,2026-09-04T12:45:07.063844,,,,,0,,,,,,,,SYSTEM,1.0,1.0,1.0,1.0,,,PENDING
cloud_hist_HAL_20260721_1,2026-07-20T18:30:00,HAL,LONG,EQUITY,,,,,,,4572.4345703125,5029.678027343751,4389.5371875,v2.2,NIFTY_200_AUG2026,TradeMind Core v2.2-CloudBackfill,,,,,,,,,,,,,,,LEGACY_UNVERIFIED,STOP_LOSS,,False,,,,,,,,,,2026-07-20T18:30:00,2026-09-04T12:45:05.649575,EQUITY,NSE,,,,,,,,,,,,,,,,,2026-09-04T12:45:07.064844,,,,,0,,,,,,,,SYSTEM,1.0,1.0,1.0,1.0,,,PENDING
cloud_hist_ULTRACEMCO_20260721_3,2026-07-20T18:30:00,ULTRACEMCO,LONG,EQUITY,,,,,,,11852.080078125,13037.288085937502,11377.996874999999,v2.2,NIFTY_200_AUG2026,TradeMind Core v2.2-CloudBackfill,,,,,,,,,,,,,,,LEGACY_UNVERIFIED,STOP_LOSS,,False,,,,,,,,,,2026-07-20T18:30:00,2026-09-04T12:45:05.705544,EQUITY,NSE,,,,,,,,,,,,,,,,,2026-09-04T12:45:07.065843,,,,,0,,,,,,,,SYSTEM,1.0,1.0,1.0,1.0,,,PENDING
recon_ULTRACEMCO_20260721_1,2026-07-20T18:30:00,ULTRACEMCO,LONG,EQUITY,,,,,,,11852.080078125,13037.288085937502,11377.996874999999,v2.2,NIFTY_200_AUG2026,TradeMind-Quant-V2,,,,,,,,,,,,,,,LEGACY_UNVERIFIED,STOP_LOSS,,False,,,,,,,,,,2026-07-20T18:30:00,2026-09-04T12:45:05.605601,EQUITY,NSE,,,,,,,,,,,,,,,,,2026-09-04T12:45:07.063844,,,,,0,,,,,,,,SYSTEM,1.0,1.0,1.0,1.0,,,PENDING
cloud_hist_DALBHARAT_20260721_4,2026-07-20T18:30:00,DALBHARAT,LONG,EQUITY,,,,,,,1864.199951171875,2050.6199462890627,1789.6319531249999,v2.2,NIFTY_200_AUG2026,TradeMind Core v2.2-CloudBackfill,,,,,,,,,,,,,,,LEGACY_UNVERIFIED,TARGET_HIT,,False,,,,,,,,,,2026-07-20T18:30:00,2026-09-04T12:45:05.640581,EQUITY,NSE,,,,,,,,,,,,,,,,,2026-09-04T12:45:07.064844,,,,,0,,,,,,,,SYSTEM,1.0,1.0,1.0,1.0,,,PENDING
recon_INDUSINDBK_20260721_2,2026-07-20T18:30:00,INDUSINDBK,LONG,EQUITY,,,,,,,1063.449951171875,1169.7949462890626,1020.911953125,v2.2,NIFTY_200_AUG2026,TradeMind-Quant-V2,,,,,,,,,,,,,,,LEGACY_UNVERIFIED,TARGET_HIT,,False,,,,,,,,,,2026-07-20T18:30:00,2026-09-04T12:45:05.573619,EQUITY,NSE,,,,,,,,,,,,,,,,,2026-09-04T12:45:07.063844,,,,,0,,,,,,,,SYSTEM,1.0,1.0,1.0,1.0,,,PENDING
cloud_hist_BALKRISIND_20260721_3,2026-07-20T18:30:00,BALKRISIND,SHORT,EQUITY,,,,,,,2034.32958984375,1830.8966308593751,2115.7027734375,v2.2,NIFTY_200_AUG2026,TradeMind Core v2.2-CloudBackfill,,,,,,,,,,,,,,,LEGACY_UNVERIFIED,STOP_LOSS,,False,,,,,,,,,,2026-07-20T18:30:00,2026-09-04T12:45:05.627588,EQUITY,NSE,,,,,,,,,,,,,,,,,2026-09-04T12:45:07.064844,,,,,0,,,,,,,,SYSTEM,1.0,1.0,1.0,1.0,,,PENDING
recon_SHREECEM_20260721_1,2026-07-20T18:30:00,SHREECEM,LONG,EQUITY,,,,,,,27245.0,29969.500000000004,26155.2,v2.2,NIFTY_200_AUG2026,TradeMind-Quant-V2,,,,,,,,,,,,,,,LEGACY_UNVERIFIED,STOP_LOSS,,False,,,,,,,,,,2026-07-20T18:30:00,2026-09-04T12:45:05.596606,EQUITY,NSE,,,,,,,,,,,,,,,,,2026-09-04T12:45:07.063844,,,,,0,,,,,,,,SYSTEM,1.0,1.0,1.0,1.0,,,PENDING
prod_BHARTIARTL_202607200000,2026-07-20T00:00:00,BHARTIARTL,LONG,EQUITY,,,,,,,1480.0,1657.6000000000001,1361.6000000000001,v2.2,NIFTY_200_AUG2026,TradeMind Core v2.2,,,,,,,,,,,,,,,LEGACY_UNVERIFIED,EXPIRED,,False,,,,,,,,,,2026-07-20T00:00:00,2026-09-04T12:45:05.555630,EQUITY,NSE,,,,,,,,,,,,,,,,,2026-09-04T12:45:07.063844,,,,,0,,,,,,,,SYSTEM,1.0,1.0,1.0,1.0,,,PENDING
prod_ITC_202607200000,2026-07-20T00:00:00,ITC,LONG,EQUITY,,,,,,,3610.0,3934.9,3321.2000000000003,v2.2,NIFTY_200_AUG2026,TradeMind Core v2.2,,,,,,,,,,,,,,,LEGACY_UNVERIFIED,TARGET_HIT,,False,,,,,,,,,,2026-07-20T00:00:00,2026-09-04T12:45:05.561626,EQUITY,NSE,,,,,,,,,,,,,,,,,2026-09-04T12:45:07.063844,,,,,0,,,,,,,,SYSTEM,1.0,1.0,1.0,1.0,,,PENDING
prod_LT_202607200000,2026-07-20T00:00:00,LT,LONG,EQUITY,,,,,,,1814.0,2031.6800000000003,1723.3,v2.2,NIFTY_200_AUG2026,TradeMind Core v2.2,,,,,,,,,,,,,,,LEGACY_UNVERIFIED,STOP_LOSS,,False,,,,,,,,,,2026-07-20T00:00:00,2026-09-04T12:45:05.560627,EQUITY,NSE,,,,,,,,,,,,,,,,,2026-09-04T12:45:07.063844,,,,,0,,,,,,,,SYSTEM,1.0,1.0,1.0,1.0,,,PENDING
prod_RELIANCE_202607200000,2026-07-20T00:00:00,RELIANCE,LONG,EQUITY,,,,,,,3180.0,3466.2000000000003,2925.6,v2.2,NIFTY_200_AUG2026,TradeMind Core v2.2,,,,,,,,,,,,,,,LEGACY_UNVERIFIED,TARGET_HIT,,False,,,,,,,,,,2026-07-20T00:00:00,2026-09-04T12:45:05.542638,EQUITY,NSE,,,,,,,,,,,,,,,,,2026-09-04T12:45:07.062845,,,,,0,,,,,,,,SYSTEM,1.0,1.0,1.0,1.0,,,PENDING
cloud_hist_SBIN_20260720_3,2026-07-19T18:30:00,SBIN,LONG,EQUITY,,,,,,,1060.0,1166.0,1017.5999999999999,v2.2,NIFTY_200_AUG2026,TradeMind Core v2.2-CloudBackfill,,,,,,,,,,,,,,,LEGACY_UNVERIFIED,STOP_LOSS,,False,,,,,,,,,,2026-07-19T18:30:00,2026-09-04T12:45:05.688555,EQUITY,NSE,,,,,,,,,,,,,,,,,2026-09-04T12:45:07.064844,,,,,0,,,,,,,,SYSTEM,1.0,1.0,1.0,1.0,,,PENDING
recon_PNB_20260720_1,2026-07-19T18:30:00,PNB,LONG,EQUITY,,,,,,,111.76000213623047,122.93600234985352,107.28960205078124,v2.2,NIFTY_200_AUG2026,TradeMind-Quant-V2,,,,,,,,,,,,,,,LEGACY_UNVERIFIED,STOP_LOSS,,False,,,,,,,,,,2026-07-19T18:30:00,2026-09-04T12:45:05.587602,EQUITY,NSE,,,,,,,,,,,,,,,,,2026-09-04T12:45:07.063844,,,,,0,,,,,,,,SYSTEM,1.0,1.0,1.0,1.0,,,PENDING
recon_YESBANK_20260720_1,2026-07-19T18:30:00,YESBANK,SHORT,EQUITY,,,,,,,22.93000030517578,20.637000274658202,23.847200317382814,v2.2,NIFTY_200_AUG2026,TradeMind-Quant-V2,,,,,,,,,,,,,,,LEGACY_UNVERIFIED,STOP_LOSS,,False,,,,,,,,,,2026-07-19T18:30:00,2026-09-04T12:45:05.607601,EQUITY,NSE,,,,,,,,,,,,,,,,,2026-09-04T12:45:07.063844,,,,,0,,,,,,,,SYSTEM,1.0,1.0,1.0,1.0,,,PENDING
cloud_hist_PNB_20260720_3,2026-07-19T18:30:00,PNB,LONG,EQUITY,,,,,,,111.76000213623047,122.93600234985352,107.28960205078124,v2.2,NIFTY_200_AUG2026,TradeMind Core v2.2-CloudBackfill,,,,,,,,,,,,,,,LEGACY_UNVERIFIED,STOP_LOSS,,False,,,,,,,,,,2026-07-19T18:30:00,2026-09-04T12:45:05.681557,EQUITY,NSE,,,,,,,,,,,,,,,,,2026-09-04T12:45:07.064844,,,,,0,,,,,,,,SYSTEM,1.0,1.0,1.0,1.0,,,PENDING
recon_SBIN_20260720_1,2026-07-19T18:30:00,SBIN,LONG,EQUITY,,,,,,,1060.0,1166.0,1017.5999999999999,v2.2,NIFTY_200_AUG2026,TradeMind-Quant-V2,,,,,,,,,,,,,,,LEGACY_UNVERIFIED,STOP_LOSS,,False,,,,,,,,,,2026-07-19T18:30:00,2026-09-04T12:45:05.595607,EQUITY,NSE,,,,,,,,,,,,,,,,,2026-09-04T12:45:07.063844,,,,,0,,,,,,,,SYSTEM,1.0,1.0,1.0,1.0,,,PENDING
recon_IDFCFIRSTB_20260720_1,2026-07-19T18:30:00,IDFCFIRSTB,LONG,EQUITY,,,,,,,81.54045867919922,89.69450454711915,78.27884033203125,v2.2,NIFTY_200_AUG2026,TradeMind-Quant-V2,,,,,,,,,,,,,,,LEGACY_UNVERIFIED,STOP_LOSS,,False,,,,,,,,,,2026-07-19T18:30:00,2026-09-04T12:45:05.571620,EQUITY,NSE,,,,,,,,,,,,,,,,,2026-09-04T12:45:07.063844,,,,,0,,,,,,,,SYSTEM,1.0,1.0,1.0,1.0,,,PENDING
recon_AXISBANK_20260720_2,2026-07-19T18:30:00,AXISBANK,SHORT,EQUITY,,,0.75,0.75,0.5,1.0,1256.0,1130.4,1306.24,v2.2,NIFTY_200_AUG2026,TradeMind-Quant-V2,v1.0.0,,,2026-08-03T18:30:00,1130.4,10.0,,,,,9.8,,,,LIVE_SHADOW_VERIFIED,TARGET_HIT,,True,,,,,10.0,,9.8,,,2026-09-02T10:54:35.460921,2026-09-02T10:54:35.460921,,,,,,,,,,,,,,,,,,,,,,TERMINAL,,4,,,,,,,,,,,,,,,
cloud_hist_AXISBANK_20260720_4,2026-07-19T18:30:00,AXISBANK,SHORT,EQUITY,,,,,,,1256.0,1130.4,1306.24,v2.2,NIFTY_200_AUG2026,TradeMind Core v2.2-CloudBackfill,,,,,,,,,,,,,,,LEGACY_UNVERIFIED,TARGET_HIT,,False,,,,,,,,,,2026-07-19T18:30:00,2026-09-04T12:45:05.623591,EQUITY,NSE,,,,,,,,,,,,,,,,,2026-09-04T12:45:07.064844,,,,,0,,,,,,,,SYSTEM,1.0,1.0,1.0,1.0,,,PENDING
recon_COLPAL_20260720_1,2026-07-19T18:30:00,COLPAL,LONG,EQUITY,,,,,,,2113.10009765625,2324.410107421875,2028.57609375,v2.2,NIFTY_200_AUG2026,TradeMind-Quant-V2,,,,,,,,,,,,,,,LEGACY_UNVERIFIED,STOP_LOSS,,False,,,,,,,,,,2026-07-19T18:30:00,2026-09-04T12:45:05.535641,EQUITY,NSE,,,,,,,,,,,,,,,,,2026-09-04T12:45:07.062845,,,,,0,,,,,,,,SYSTEM,1.0,1.0,1.0,1.0,,,PENDING
cloud_hist_IDFCFIRSTB_20260720_3,2026-07-19T18:30:00,IDFCFIRSTB,LONG,EQUITY,,,,,,,81.54045867919922,89.69450454711915,78.27884033203125,v2.2,NIFTY_200_AUG2026,TradeMind Core v2.2-CloudBackfill,,,,,,,,,,,,,,,LEGACY_UNVERIFIED,STOP_LOSS,,False,,,,,,,,,,2026-07-19T18:30:00,2026-09-04T12:45:05.656572,EQUITY,NSE,,,,,,,,,,,,,,,,,2026-09-04T12:45:07.064844,,,,,0,,,,,,,,SYSTEM,1.0,1.0,1.0,1.0,,,PENDING
cloud_hist_CONCOR_20260720_2,2026-07-19T18:30:00,CONCOR,LONG,EQUITY,,,,,,,497.4792175292969,547.2271392822266,477.580048828125,v2.2,NIFTY_200_AUG2026,TradeMind Core v2.2-CloudBackfill,,,,,,,,,,,,,,,LEGACY_UNVERIFIED,TARGET_HIT,,False,,,,,,,,,,2026-07-19T18:30:00,2026-09-04T12:45:05.640581,EQUITY,NSE,,,,,,,,,,,,,,,,,2026-09-04T12:45:07.064844,,,,,0,,,,,,,,SYSTEM,1.0,1.0,1.0,1.0,,,PENDING
cloud_hist_BAJAJ-AUTO_20260720_2,2026-07-19T18:30:00,BAJAJ-AUTO,LONG,EQUITY,,,,,,,10522.5,11574.750000000002,10101.6,v2.2,NIFTY_200_AUG2026,TradeMind Core v2.2-CloudBackfill,,,,,,,,,,,,,,,LEGACY_UNVERIFIED,TARGET_HIT,,False,,,,,,,,,,2026-07-19T18:30:00,2026-09-04T12:45:05.624590,EQUITY,NSE,,,,,,,,,,,,,,,,,2026-09-04T12:45:07.064844,,,,,0,,,,,,,,SYSTEM,1.0,1.0,1.0,1.0,,,PENDING
cloud_hist_COLPAL_20260720_3,2026-07-19T18:30:00,COLPAL,LONG,EQUITY,,,,,,,2113.10009765625,2324.410107421875,2028.57609375,v2.2,NIFTY_200_AUG2026,TradeMind Core v2.2-CloudBackfill,,,,,,,,,,,,,,,LEGACY_UNVERIFIED,STOP_LOSS,,False,,,,,,,,,,2026-07-19T18:30:00,2026-09-04T12:45:05.637583,EQUITY,NSE,,,,,,,,,,,,,,,,,2026-09-04T12:45:07.064844,,,,,0,,,,,,,,SYSTEM,1.0,1.0,1.0,1.0,,,PENDING
recon_BAJAJ-AUTO_20260720_0,2026-07-19T18:30:00,BAJAJ-AUTO,LONG,EQUITY,,,0.75,0.75,0.5,1.0,10522.5,11574.750000000002,10101.6,v2.2,NIFTY_200_AUG2026,TradeMind-Quant-V2,v1.0.0,,,2026-08-03T18:30:00,11574.750000000002,10.0,,,,,9.8,,,,LIVE_SHADOW_VERIFIED,TARGET_HIT,,True,,,,,10.0,,9.8,,,2026-09-02T10:54:35.460921,2026-09-02T10:54:35.460921,,,,,,,,,,,,,,,,,,,,,,TERMINAL,,4,,,,,,,,,,,,,,,
recon_CONCOR_20260720_0,2026-07-19T18:30:00,CONCOR,LONG,EQUITY,,,,,,,497.4792175292969,547.2271392822266,477.580048828125,v2.2,NIFTY_200_AUG2026,TradeMind-Quant-V2,,,,,,,,,,,,,,,LEGACY_UNVERIFIED,TARGET_HIT,,False,,,,,,,,,,2026-07-19T18:30:00,2026-09-04T12:45:05.536640,EQUITY,NSE,,,,,,,,,,,,,,,,,2026-09-04T12:45:07.062845,,,,,0,,,,,,,,SYSTEM,1.0,1.0,1.0,1.0,,,PENDING
cloud_hist_YESBANK_20260720_3,2026-07-19T18:30:00,YESBANK,SHORT,EQUITY,,,,,,,22.93000030517578,20.637000274658202,23.847200317382814,v2.2,NIFTY_200_AUG2026,TradeMind Core v2.2-CloudBackfill,,,,,,,,,,,,,,,LEGACY_UNVERIFIED,STOP_LOSS,,False,,,,,,,,,,2026-07-19T18:30:00,2026-09-04T12:45:05.701546,EQUITY,NSE,,,,,,,,,,,,,,,,,2026-09-04T12:45:07.065843,,,,,0,,,,,,,,SYSTEM,1.0,1.0,1.0,1.0,,,PENDING
prod_SBIN_202607190000,2026-07-19T00:00:00,SBIN,LONG,EQUITY,,,,,,,2366.0,2578.94,2176.7200000000003,v2.2,NIFTY_200_AUG2026,TradeMind Core v2.2,,,,,,,,,,,,,,,LEGACY_UNVERIFIED,TARGET_HIT,,False,,,,,,,,,,2026-07-19T00:00:00,2026-09-04T12:45:05.553631,EQUITY,NSE,,,,,,,,,,,,,,,,,2026-09-04T12:45:07.063844,,,,,0,,,,,,,,SYSTEM,1.0,1.0,1.0,1.0,,,PENDING
prod_TCS_202607190000,2026-07-19T00:00:00,TCS,LONG,EQUITY,,,,,,,1779.0,1939.1100000000001,1636.68,v2.2,NIFTY_200_AUG2026,TradeMind Core v2.2,,,,,,,,,,,,,,,LEGACY_UNVERIFIED,TARGET_HIT,,False,,,,,,,,,,2026-07-19T00:00:00,2026-09-04T12:45:05.544636,EQUITY,NSE,,,,,,,,,,,,,,,,,2026-09-04T12:45:07.062845,,,,,0,,,,,,,,SYSTEM,1.0,1.0,1.0,1.0,,,PENDING
prod_HDFCBANK_202607170000,2026-07-17T00:00:00,HDFCBANK,LONG,EQUITY,,,,,,,2717.0,3043.0400000000004,2581.15,v2.2,NIFTY_200_AUG2026,TradeMind Core v2.2,,,,,,,,,,,,,,,LEGACY_UNVERIFIED,STOP_LOSS,,False,,,,,,,,,,2026-07-17T00:00:00,2026-09-04T12:45:05.546634,EQUITY,NSE,,,,,,,,,,,,,,,,,2026-09-04T12:45:07.063844,,,,,0,,,,,,,,SYSTEM,1.0,1.0,1.0,1.0,,,PENDING
prod_ICICIBANK_202607170000,2026-07-17T00:00:00,ICICIBANK,LONG,EQUITY,,,,,,,3258.0,3648.9600000000005,3095.1,v2.2,NIFTY_200_AUG2026,TradeMind Core v2.2,,,,,,,,,,,,,,,LEGACY_UNVERIFIED,STOP_LOSS,,False,,,,,,,,,,2026-07-17T00:00:00,2026-09-04T12:45:05.551632,EQUITY,NSE,,,,,,,,,,,,,,,,,2026-09-04T12:45:07.063844,,,,,0,,,,,,,,SYSTEM,1.0,1.0,1.0,1.0,,,PENDING
recon_TCS_20260717_1,2026-07-16T18:30:00,TCS,LONG,EQUITY,,,,,,,2269.0,2495.9,2178.24,v2.2,NIFTY_200_AUG2026,TradeMind-Quant-V2,,,,,,,,,,,,,,,LEGACY_UNVERIFIED,STOP_LOSS,,False,,,,,,,,,,2026-07-16T18:30:00,2026-09-04T12:45:05.601603,EQUITY,NSE,,,,,,,,,,,,,,,,,2026-09-04T12:45:07.063844,,,,,0,,,,,,,,SYSTEM,1.0,1.0,1.0,1.0,,,PENDING
recon_TRENT_20260717_1,2026-07-16T18:30:00,TRENT,SHORT,EQUITY,,,,,,,2842.39990234375,2558.159912109375,2956.0958984375,v2.2,NIFTY_200_AUG2026,TradeMind-Quant-V2,,,,,,,,,,,,,,,LEGACY_UNVERIFIED,STOP_LOSS,,False,,,,,,,,,,2026-07-16T18:30:00,2026-09-04T12:45:05.604602,EQUITY,NSE,,,,,,,,,,,,,,,,,2026-09-04T12:45:07.063844,,,,,0,,,,,,,,SYSTEM,1.0,1.0,1.0,1.0,,,PENDING
cloud_hist_BAJFINANCE_20260717_3,2026-07-16T18:30:00,BAJFINANCE,LONG,EQUITY,,,,,,,1056.300048828125,1161.9300537109375,1014.048046875,v2.2,NIFTY_200_AUG2026,TradeMind Core v2.2-CloudBackfill,,,,,,,,,,,,,,,LEGACY_UNVERIFIED,STOP_LOSS,,False,,,,,,,,,,2026-07-16T18:30:00,2026-09-04T12:45:05.625589,EQUITY,NSE,,,,,,,,,,,,,,,,,2026-09-04T12:45:07.064844,,,,,0,,,,,,,,SYSTEM,1.0,1.0,1.0,1.0,,,PENDING
cloud_hist_DRREDDY_20260717_3,2026-07-16T18:30:00,DRREDDY,SHORT,EQUITY,,,,,,,1211.199951171875,1090.0799560546875,1259.64794921875,v2.2,NIFTY_200_AUG2026,TradeMind Core v2.2-CloudBackfill,,,,,,,,,,,,,,,LEGACY_UNVERIFIED,STOP_LOSS,,False,,,,,,,,,,2026-07-16T18:30:00,2026-09-04T12:45:05.643579,EQUITY,NSE,,,,,,,,,,,,,,,,,2026-09-04T12:45:07.064844,,,,,0,,,,,,,,SYSTEM,1.0,1.0,1.0,1.0,,,PENDING
cloud_hist_TCS_20260717_3,2026-07-16T18:30:00,TCS,LONG,EQUITY,,,,,,,2269.0,2495.9,2178.24,v2.2,NIFTY_200_AUG2026,TradeMind Core v2.2-CloudBackfill,,,,,,,,,,,,,,,LEGACY_UNVERIFIED,STOP_LOSS,,False,,,,,,,,,,2026-07-16T18:30:00,2026-09-04T12:45:05.702545,EQUITY,NSE,,,,,,,,,,,,,,,,,2026-09-04T12:45:07.065843,,,,,0,,,,,,,,SYSTEM,1.0,1.0,1.0,1.0,,,PENDING
recon_BAJFINANCE_20260717_1,2026-07-16T18:30:00,BAJFINANCE,LONG,EQUITY,,,0.75,0.75,0.5,1.0,1056.300048828125,1161.9300537109375,1014.048046875,v2.2,NIFTY_200_AUG2026,TradeMind-Quant-V2,v1.0.0,,,2026-07-31T18:30:00,1014.048046875,-4.0,,,,,-4.2,,,,LIVE_SHADOW_VERIFIED,STOP_LOSS,,True,,,,,-4.0,,-4.2,,,2026-09-02T10:54:35.460921,2026-09-02T10:54:35.460921,,,,,,,,,,,,,,,,,,,,,,TERMINAL,,4,,,,,,,,,,,,,,,
cloud_hist_TRENT_20260717_3,2026-07-16T18:30:00,TRENT,SHORT,EQUITY,,,,,,,2842.39990234375,2558.159912109375,2956.0958984375,v2.2,NIFTY_200_AUG2026,TradeMind Core v2.2-CloudBackfill,,,,,,,,,,,,,,,LEGACY_UNVERIFIED,STOP_LOSS,,False,,,,,,,,,,2026-07-16T18:30:00,2026-09-04T12:45:05.701546,EQUITY,NSE,,,,,,,,,,,,,,,,,2026-09-04T12:45:07.065843,,,,,0,,,,,,,,SYSTEM,1.0,1.0,1.0,1.0,,,PENDING
recon_ICICIBANK_20260717_2,2026-07-16T18:30:00,ICICIBANK,LONG,EQUITY,,,,,,,1432.2257080078125,1575.4482788085938,1374.9366796875,v2.2,NIFTY_200_AUG2026,TradeMind-Quant-V2,,,,,,,,,,,,,,,LEGACY_UNVERIFIED,TARGET_HIT,,False,,,,,,,,,,2026-07-16T18:30:00,2026-09-04T12:45:05.570621,EQUITY,NSE,,,,,,,,,,,,,,,,,2026-09-04T12:45:07.063844,,,,,0,,,,,,,,SYSTEM,1.0,1.0,1.0,1.0,,,PENDING
cloud_hist_ADANIPOWER_20260717_3,2026-07-16T18:30:00,ADANIPOWER,SHORT,EQUITY,,,,,,,214.4499969482422,193.00499725341797,223.0279968261719,v2.2,NIFTY_200_AUG2026,TradeMind Core v2.2-CloudBackfill,,,,,,,,,,,,,,,LEGACY_UNVERIFIED,STOP_LOSS,,False,,,,,,,,,,2026-07-16T18:30:00,2026-09-04T12:45:05.620592,EQUITY,NSE,,,,,,,,,,,,,,,,,2026-09-04T12:45:07.064844,,,,,0,,,,,,,,SYSTEM,1.0,1.0,1.0,1.0,,,PENDING
recon_DRREDDY_20260717_1,2026-07-16T18:30:00,DRREDDY,SHORT,EQUITY,,,,,,,1211.199951171875,1090.0799560546875,1259.64794921875,v2.2,NIFTY_200_AUG2026,TradeMind-Quant-V2,,,,,,,,,,,,,,,LEGACY_UNVERIFIED,STOP_LOSS,,False,,,,,,,,,,2026-07-16T18:30:00,2026-09-04T12:45:05.539638,EQUITY,NSE,,,,,,,,,,,,,,,,,2026-09-04T12:45:07.062845,,,,,0,,,,,,,,SYSTEM,1.0,1.0,1.0,1.0,,,PENDING
cloud_hist_ICICIBANK_20260717_4,2026-07-16T18:30:00,ICICIBANK,LONG,EQUITY,,,,,,,1432.2257080078125,1575.4482788085938,1374.9366796875,v2.2,NIFTY_200_AUG2026,TradeMind Core v2.2-CloudBackfill,,,,,,,,,,,,,,,LEGACY_UNVERIFIED,TARGET_HIT,,False,,,,,,,,,,2026-07-16T18:30:00,2026-09-04T12:45:05.655572,EQUITY,NSE,,,,,,,,,,,,,,,,,2026-09-04T12:45:07.064844,,,,,0,,,,,,,,SYSTEM,1.0,1.0,1.0,1.0,,,PENDING
recon_POLYCAB_20260717_2,2026-07-16T18:30:00,POLYCAB,SHORT,EQUITY,,,,,,,8862.0,7975.8,9216.48,v2.2,NIFTY_200_AUG2026,TradeMind-Quant-V2,,,,,,,,,,,,,,,LEGACY_UNVERIFIED,TARGET_HIT,,False,,,,,,,,,,2026-07-16T18:30:00,2026-09-04T12:45:05.591609,EQUITY,NSE,,,,,,,,,,,,,,,,,2026-09-04T12:45:07.063844,,,,,0,,,,,,,,SYSTEM,1.0,1.0,1.0,1.0,,,PENDING
recon_ADANIPOWER_20260717_1,2026-07-16T18:30:00,ADANIPOWER,SHORT,EQUITY,,,,,,,214.4499969482422,193.00499725341797,223.0279968261719,v2.2,NIFTY_200_AUG2026,TradeMind-Quant-V2,,,,,,,,,,,,,,,LEGACY_UNVERIFIED,STOP_LOSS,,False,,,,,,,,,,2026-07-16T18:30:00,2026-09-04T12:45:05.710541,EQUITY,NSE,,,,,,,,,,,,,,,,,2026-09-04T12:45:07.065843,,,,,0,,,,,,,,SYSTEM,1.0,1.0,1.0,1.0,,,PENDING
cloud_hist_TATACOMM_20260717_4,2026-07-16T18:30:00,TATACOMM,SHORT,EQUITY,,,,,,,1817.0999755859375,1635.389978027344,1889.783974609375,v2.2,NIFTY_200_AUG2026,TradeMind Core v2.2-CloudBackfill,,,,,,,,,,,,,,,LEGACY_UNVERIFIED,TARGET_HIT,,False,,,,,,,,,,2026-07-16T18:30:00,2026-09-04T12:45:05.615595,EQUITY,NSE,,,,,,,,,,,,,,,,,2026-09-04T12:45:07.063844,,,,,0,,,,,,,,SYSTEM,1.0,1.0,1.0,1.0,,,PENDING
cloud_hist_POLYCAB_20260717_4,2026-07-16T18:30:00,POLYCAB,SHORT,EQUITY,,,,,,,8862.0,7975.8,9216.48,v2.2,NIFTY_200_AUG2026,TradeMind Core v2.2-CloudBackfill,,,,,,,,,,,,,,,LEGACY_UNVERIFIED,TARGET_HIT,,False,,,,,,,,,,2026-07-16T18:30:00,2026-09-04T12:45:05.689555,EQUITY,NSE,,,,,,,,,,,,,,,,,2026-09-04T12:45:07.064844,,,,,0,,,,,,,,SYSTEM,1.0,1.0,1.0,1.0,,,PENDING
recon_TATACOMM_20260717_2,2026-07-16T18:30:00,TATACOMM,SHORT,EQUITY,,,,,,,1817.0999755859375,1635.389978027344,1889.783974609375,v2.2,NIFTY_200_AUG2026,TradeMind-Quant-V2,,,,,,,,,,,,,,,LEGACY_UNVERIFIED,TARGET_HIT,,False,,,,,,,,,,2026-07-16T18:30:00,2026-09-04T12:45:05.600604,EQUITY,NSE,,,,,,,,,,,,,,,,,2026-09-04T12:45:07.063844,,,,,0,,,,,,,,SYSTEM,1.0,1.0,1.0,1.0,,,PENDING
prod_LT_202607160000,2026-07-16T00:00:00,LT,LONG,EQUITY,,,,,,,1457.0,1588.13,1340.44,v2.2,NIFTY_200_AUG2026,TradeMind Core v2.2,,,,,,,,,,,,,,,LEGACY_UNVERIFIED,TARGET_HIT,,False,,,,,,,,,,2026-07-16T00:00:00,2026-09-04T12:45:05.559627,EQUITY,NSE,,,,,,,,,,,,,,,,,2026-09-04T12:45:07.063844,,,,,0,,,,,,,,SYSTEM,1.0,1.0,1.0,1.0,,,PENDING
cloud_hist_DEEPAKNTR_20260716_4,2026-07-15T18:30:00,DEEPAKNTR,LONG,EQUITY,,,,,,,1733.880859375,1907.2689453125001,1664.525625,v2.2,NIFTY_200_AUG2026,TradeMind Core v2.2-CloudBackfill,,,,,,,,,,,,,,,LEGACY_UNVERIFIED,TARGET_HIT,,False,,,,,,,,,,2026-07-15T18:30:00,2026-09-04T12:45:05.643579,EQUITY,NSE,,,,,,,,,,,,,,,,,2026-09-04T12:45:07.064844,,,,,0,,,,,,,,SYSTEM,1.0,1.0,1.0,1.0,,,PENDING
cloud_hist_NTPC_20260716_4,2026-07-15T18:30:00,NTPC,SHORT,EQUITY,,,,,,,342.45001220703125,308.20501098632815,356.1480126953125,v2.2,NIFTY_200_AUG2026,TradeMind Core v2.2-CloudBackfill,,,,,,,,,,,,,,,LEGACY_UNVERIFIED,TARGET_HIT,,False,,,,,,,,,,2026-07-15T18:30:00,2026-09-04T12:45:05.676560,EQUITY,NSE,,,,,,,,,,,,,,,,,2026-09-04T12:45:07.064844,,,,,0,,,,,,,,SYSTEM,1.0,1.0,1.0,1.0,,,PENDING
recon_BHEL_20260716_2,2026-07-15T18:30:00,BHEL,LONG,EQUITY,,,,,,,434.0,477.40000000000003,416.64,v2.2,NIFTY_200_AUG2026,TradeMind-Quant-V2,,,,,,,,,,,,,,,LEGACY_UNVERIFIED,TARGET_HIT,,False,,,,,,,,,,2026-07-15T18:30:00,2026-09-04T12:45:05.530643,EQUITY,NSE,,,,,,,,,,,,,,,,,2026-09-04T12:45:07.062845,,,,,0,,,,,,,,SYSTEM,1.0,1.0,1.0,1.0,,,PENDING
cloud_hist_SRF_20260716_1,2026-07-15T18:30:00,SRF,LONG,EQUITY,,,,,,,2883.820556640625,3172.2026123046876,2768.467734375,v2.2,NIFTY_200_AUG2026,TradeMind Core v2.2-CloudBackfill,,,,,,,,,,,,,,,LEGACY_UNVERIFIED,STOP_LOSS,,False,,,,,,,,,,2026-07-15T18:30:00,2026-09-04T12:45:05.691551,EQUITY,NSE,,,,,,,,,,,,,,,,,2026-09-04T12:45:07.065843,,,,,0,,,,,,,,SYSTEM,1.0,1.0,1.0,1.0,,,PENDING
cloud_hist_UPL_20260716_2,2026-07-15T18:30:00,UPL,LONG,EQUITY,,,,,,,619.8499755859375,681.8349731445313,595.0559765625,v2.2,NIFTY_200_AUG2026,TradeMind Core v2.2-CloudBackfill,,,,,,,,,,,,,,,LEGACY_UNVERIFIED,TARGET_HIT,,False,,,,,,,,,,2026-07-15T18:30:00,2026-09-04T12:45:05.704544,EQUITY,NSE,,,,,,,,,,,,,,,,,2026-09-04T12:45:07.065843,,,,,0,,,,,,,,SYSTEM,1.0,1.0,1.0,1.0,,,PENDING
cloud_hist_ABB_20260716_4,2026-07-15T18:30:00,ABB,LONG,EQUITY,,,,,,,7578.28515625,8336.113671875,7275.1537499999995,v2.2,NIFTY_200_AUG2026,TradeMind Core v2.2-CloudBackfill,,,,,,,,,,,,,,,LEGACY_UNVERIFIED,TARGET_HIT,,False,,,,,,,,,,2026-07-15T18:30:00,2026-09-04T12:45:05.588601,EQUITY,NSE,,,,,,,,,,,,,,,,,2026-09-04T12:45:07.063844,,,,,0,,,,,,,,SYSTEM,1.0,1.0,1.0,1.0,,,PENDING
cloud_hist_BHEL_20260716_4,2026-07-15T18:30:00,BHEL,LONG,EQUITY,,,,,,,434.0,477.40000000000003,416.64,v2.2,NIFTY_200_AUG2026,TradeMind Core v2.2-CloudBackfill,,,,,,,,,,,,,,,LEGACY_UNVERIFIED,TARGET_HIT,,False,,,,,,,,,,2026-07-15T18:30:00,2026-09-04T12:45:05.631586,EQUITY,NSE,,,,,,,,,,,,,,,,,2026-09-04T12:45:07.064844,,,,,0,,,,,,,,SYSTEM,1.0,1.0,1.0,1.0,,,PENDING
recon_ABB_20260716_2,2026-07-15T18:30:00,ABB,LONG,EQUITY,,,,,,,7578.28515625,8336.113671875,7275.1537499999995,v2.2,NIFTY_200_AUG2026,TradeMind-Quant-V2,,,,,,,,,,,,,,,LEGACY_UNVERIFIED,TARGET_HIT,,False,,,,,,,,,,2026-07-15T18:30:00,2026-09-04T12:45:05.708541,EQUITY,NSE,,,,,,,,,,,,,,,,,2026-09-04T12:45:07.065843,,,,,0,,,,,,,,SYSTEM,1.0,1.0,1.0,1.0,,,PENDING
cloud_hist_ICICIGI_20260716_4,2026-07-15T18:30:00,ICICIGI,SHORT,EQUITY,,,,,,,1623.800048828125,1461.4200439453125,1688.75205078125,v2.2,NIFTY_200_AUG2026,TradeMind Core v2.2-CloudBackfill,,,,,,,,,,,,,,,LEGACY_UNVERIFIED,TARGET_HIT,,False,,,,,,,,,,2026-07-15T18:30:00,2026-09-04T12:45:05.613596,EQUITY,NSE,,,,,,,,,,,,,,,,,2026-09-04T12:45:07.063844,,,,,0,,,,,,,,SYSTEM,1.0,1.0,1.0,1.0,,,PENDING
recon_SONACOMS_20260716_0,2026-07-15T18:30:00,SONACOMS,LONG,EQUITY,,,,,,,683.4000244140625,751.7400268554688,656.0640234374999,v2.2,NIFTY_200_AUG2026,TradeMind-Quant-V2,,,,,,,,,,,,,,,LEGACY_UNVERIFIED,TARGET_HIT,,False,,,,,,,,,,2026-07-15T18:30:00,2026-09-04T12:45:05.597605,EQUITY,NSE,,,,,,,,,,,,,,,,,2026-09-04T12:45:07.063844,,,,,0,,,,,,,,SYSTEM,1.0,1.0,1.0,1.0,,,PENDING
recon_DEEPAKNTR_20260716_2,2026-07-15T18:30:00,DEEPAKNTR,LONG,EQUITY,,,,,,,1733.880859375,1907.2689453125001,1664.525625,v2.2,NIFTY_200_AUG2026,TradeMind-Quant-V2,,,,,,,,,,,,,,,LEGACY_UNVERIFIED,TARGET_HIT,,False,,,,,,,,,,2026-07-15T18:30:00,2026-09-04T12:45:05.539638,EQUITY,NSE,,,,,,,,,,,,,,,,,2026-09-04T12:45:07.062845,,,,,0,,,,,,,,SYSTEM,1.0,1.0,1.0,1.0,,,PENDING
recon_NTPC_20260716_2,2026-07-15T18:30:00,NTPC,SHORT,EQUITY,,,,,,,342.45001220703125,308.20501098632815,356.1480126953125,v2.2,NIFTY_200_AUG2026,TradeMind-Quant-V2,,,,,,,,,,,,,,,LEGACY_UNVERIFIED,TARGET_HIT,,False,,,,,,,,,,2026-07-15T18:30:00,2026-09-04T12:45:05.584603,EQUITY,NSE,,,,,,,,,,,,,,,,,2026-09-04T12:45:07.063844,,,,,0,,,,,,,,SYSTEM,1.0,1.0,1.0,1.0,,,PENDING
recon_UPL_20260716_0,2026-07-15T18:30:00,UPL,LONG,EQUITY,,,,,,,619.8499755859375,681.8349731445313,595.0559765625,v2.2,NIFTY_200_AUG2026,TradeMind-Quant-V2,,,,,,,,,,,,,,,LEGACY_UNVERIFIED,TARGET_HIT,,False,,,,,,,,,,2026-07-15T18:30:00,2026-09-04T12:45:05.604602,EQUITY,NSE,,,,,,,,,,,,,,,,,2026-09-04T12:45:07.063844,,,,,0,,,,,,,,SYSTEM,1.0,1.0,1.0,1.0,,,PENDING
recon_ICICIGI_20260716_2,2026-07-15T18:30:00,ICICIGI,SHORT,EQUITY,,,,,,,1623.800048828125,1461.4200439453125,1688.75205078125,v2.2,NIFTY_200_AUG2026,TradeMind-Quant-V2,,,,,,,,,,,,,,,LEGACY_UNVERIFIED,TARGET_HIT,,False,,,,,,,,,,2026-07-15T18:30:00,2026-09-04T12:45:05.570621,EQUITY,NSE,,,,,,,,,,,,,,,,,2026-09-04T12:45:07.063844,,,,,0,,,,,,,,SYSTEM,1.0,1.0,1.0,1.0,,,PENDING
cloud_hist_SONACOMS_20260716_2,2026-07-15T18:30:00,SONACOMS,LONG,EQUITY,,,,,,,683.4000244140625,751.7400268554688,656.0640234374999,v2.2,NIFTY_200_AUG2026,TradeMind Core v2.2-CloudBackfill,,,,,,,,,,,,,,,LEGACY_UNVERIFIED,TARGET_HIT,,False,,,,,,,,,,2026-07-15T18:30:00,2026-09-04T12:45:05.693552,EQUITY,NSE,,,,,,,,,,,,,,,,,2026-09-04T12:45:07.065843,,,,,0,,,,,,,,SYSTEM,1.0,1.0,1.0,1.0,,,PENDING
prod_AXISBANK_202607150000,2026-07-15T00:00:00,AXISBANK,LONG,EQUITY,,,,,,,2737.0,3065.4400000000005,2600.15,v2.2,NIFTY_200_AUG2026,TradeMind Core v2.2,,,,,,,,,,,,,,,LEGACY_UNVERIFIED,STOP_LOSS,,False,,,,,,,,,,2026-07-15T00:00:00,2026-09-04T12:45:05.557628,EQUITY,NSE,,,,,,,,,,,,,,,,,2026-09-04T12:45:07.063844,,,,,0,,,,,,,,SYSTEM,1.0,1.0,1.0,1.0,,,PENDING
prod_ITC_202607150000,2026-07-15T00:00:00,ITC,LONG,EQUITY,,,,,,,2375.0,2588.75,2185.0,v2.2,NIFTY_200_AUG2026,TradeMind Core v2.2,,,,,,,,,,,,,,,LEGACY_UNVERIFIED,TARGET_HIT,,False,,,,,,,,,,2026-07-15T00:00:00,2026-09-04T12:45:05.561626,EQUITY,NSE,,,,,,,,,,,,,,,,,2026-09-04T12:45:07.063844,,,,,0,,,,,,,,SYSTEM,1.0,1.0,1.0,1.0,,,PENDING
prod_INFY_202607150000,2026-07-15T00:00:00,INFY,LONG,EQUITY,,,,,,,3408.0,3714.7200000000003,3135.36,v2.2,NIFTY_200_AUG2026,TradeMind Core v2.2,,,,,,,,,,,,,,,LEGACY_UNVERIFIED,TARGET_HIT,,False,,,,,,,,,,2026-07-15T00:00:00,2026-09-04T12:45:05.548633,EQUITY,NSE,,,,,,,,,,,,,,,,,2026-09-04T12:45:07.063844,,,,,0,,,,,,,,SYSTEM,1.0,1.0,1.0,1.0,,,PENDING
cloud_hist_SBILIFE_20260715_2,2026-07-14T18:30:00,SBILIFE,LONG,EQUITY,,,,,,,1866.4000244140625,2053.040026855469,1791.7440234375,v2.2,NIFTY_200_AUG2026,TradeMind Core v2.2-CloudBackfill,,,,,,,,,,,,,,,LEGACY_UNVERIFIED,TARGET_HIT,,False,,,,,,,,,,2026-07-14T18:30:00,2026-09-04T12:45:05.687556,EQUITY,NSE,,,,,,,,,,,,,,,,,2026-09-04T12:45:07.064844,,,,,0,,,,,,,,SYSTEM,1.0,1.0,1.0,1.0,,,PENDING
recon_SBILIFE_20260715_0,2026-07-14T18:30:00,SBILIFE,LONG,EQUITY,,,,,,,1866.4000244140625,2053.040026855469,1791.7440234375,v2.2,NIFTY_200_AUG2026,TradeMind-Quant-V2,,,,,,,,,,,,,,,LEGACY_UNVERIFIED,TARGET_HIT,,False,,,,,,,,,,2026-07-14T18:30:00,2026-09-04T12:45:05.595607,EQUITY,NSE,,,,,,,,,,,,,,,,,2026-09-04T12:45:07.063844,,,,,0,,,,,,,,SYSTEM,1.0,1.0,1.0,1.0,,,PENDING
cloud_hist_ULTRACEMCO_20260715_2,2026-07-14T18:30:00,ULTRACEMCO,LONG,EQUITY,,,,,,,11575.720703125,12733.2927734375,11112.691875,v2.2,NIFTY_200_AUG2026,TradeMind Core v2.2-CloudBackfill,,,,,,,,,,,,,,,LEGACY_UNVERIFIED,TARGET_HIT,,False,,,,,,,,,,2026-07-14T18:30:00,2026-09-04T12:45:05.705544,EQUITY,NSE,,,,,,,,,,,,,,,,,2026-09-04T12:45:07.065843,,,,,0,,,,,,,,SYSTEM,1.0,1.0,1.0,1.0,,,PENDING
cloud_hist_HINDUNILVR_20260715_3,2026-07-14T18:30:00,HINDUNILVR,SHORT,EQUITY,,,,,,,2102.60009765625,1892.340087890625,2186.7041015625,v2.2,NIFTY_200_AUG2026,TradeMind Core v2.2-CloudBackfill,,,,,,,,,,,,,,,LEGACY_UNVERIFIED,STOP_LOSS,,False,,,,,,,,,,2026-07-14T18:30:00,2026-09-04T12:45:05.654573,EQUITY,NSE,,,,,,,,,,,,,,,,,2026-09-04T12:45:07.064844,,,,,0,,,,,,,,SYSTEM,1.0,1.0,1.0,1.0,,,PENDING
recon_PATANJALI_20260715_2,2026-07-14T18:30:00,PATANJALI,SHORT,EQUITY,,,,,,,347.8999938964844,313.10999450683596,361.81599365234376,v2.2,NIFTY_200_AUG2026,TradeMind-Quant-V2,,,,,,,,,,,,,,,LEGACY_UNVERIFIED,TARGET_HIT,,False,,,,,,,,,,2026-07-14T18:30:00,2026-09-04T12:45:05.590600,EQUITY,NSE,,,,,,,,,,,,,,,,,2026-09-04T12:45:07.063844,,,,,0,,,,,,,,SYSTEM,1.0,1.0,1.0,1.0,,,PENDING
recon_BALKRISIND_20260715_0,2026-07-14T18:30:00,BALKRISIND,SHORT,EQUITY,,,0.75,0.75,0.5,1.0,2123.512451171875,1911.1612060546875,2208.4529492187503,v2.2,NIFTY_200_AUG2026,TradeMind-Quant-V2,v1.0.0,,,2026-07-29T18:30:00,1911.1612060546875,10.0,,,,,9.8,,,,LIVE_SHADOW_VERIFIED,TARGET_HIT,,True,,,,,10.0,,9.8,,,2026-09-04T05:00:24.578272,2026-09-04T05:00:24.578272,,,,,,,,,,,,,,,,,,,,,,TERMINAL,,4,,,,,,,,,,,,,,,
cloud_hist_DALBHARAT_20260715_3,2026-07-14T18:30:00,DALBHARAT,LONG,EQUITY,,,,,,,1824.699951171875,2007.1699462890626,1751.711953125,v2.2,NIFTY_200_AUG2026,TradeMind Core v2.2-CloudBackfill,,,,,,,,,,,,,,,LEGACY_UNVERIFIED,STOP_LOSS,,False,,,,,,,,,,2026-07-14T18:30:00,2026-09-04T12:45:05.640581,EQUITY,NSE,,,,,,,,,,,,,,,,,2026-09-04T12:45:07.064844,,,,,0,,,,,,,,SYSTEM,1.0,1.0,1.0,1.0,,,PENDING
recon_DALBHARAT_20260715_1,2026-07-14T18:30:00,DALBHARAT,LONG,EQUITY,,,,,,,1824.699951171875,2007.1699462890626,1751.711953125,v2.2,NIFTY_200_AUG2026,TradeMind-Quant-V2,,,,,,,,,,,,,,,LEGACY_UNVERIFIED,STOP_LOSS,,False,,,,,,,,,,2026-07-14T18:30:00,2026-09-04T12:45:05.538639,EQUITY,NSE,,,,,,,,,,,,,,,,,2026-09-04T12:45:07.062845,,,,,0,,,,,,,,SYSTEM,1.0,1.0,1.0,1.0,,,PENDING
recon_ULTRACEMCO_20260715_0,2026-07-14T18:30:00,ULTRACEMCO,LONG,EQUITY,,,,,,,11575.720703125,12733.2927734375,11112.691875,v2.2,NIFTY_200_AUG2026,TradeMind-Quant-V2,,,,,,,,,,,,,,,LEGACY_UNVERIFIED,TARGET_HIT,,False,,,,,,,,,,2026-07-14T18:30:00,2026-09-04T12:45:05.605601,EQUITY,NSE,,,,,,,,,,,,,,,,,2026-09-04T12:45:07.063844,,,,,0,,,,,,,,SYSTEM,1.0,1.0,1.0,1.0,,,PENDING
cloud_hist_PATANJALI_20260715_4,2026-07-14T18:30:00,PATANJALI,SHORT,EQUITY,,,,,,,347.8999938964844,313.10999450683596,361.81599365234376,v2.2,NIFTY_200_AUG2026,TradeMind Core v2.2-CloudBackfill,,,,,,,,,,,,,,,LEGACY_UNVERIFIED,TARGET_HIT,,False,,,,,,,,,,2026-07-14T18:30:00,2026-09-04T12:45:05.615595,EQUITY,NSE,,,,,,,,,,,,,,,,,2026-09-04T12:45:07.063844,,,,,0,,,,,,,,SYSTEM,1.0,1.0,1.0,1.0,,,PENDING
recon_HINDUNILVR_20260715_1,2026-07-14T18:30:00,HINDUNILVR,SHORT,EQUITY,,,,,,,2102.60009765625,1892.340087890625,2186.7041015625,v2.2,NIFTY_200_AUG2026,TradeMind-Quant-V2,,,,,,,,,,,,,,,LEGACY_UNVERIFIED,STOP_LOSS,,False,,,,,,,,,,2026-07-14T18:30:00,2026-09-04T12:45:05.569621,EQUITY,NSE,,,,,,,,,,,,,,,,,2026-09-04T12:45:07.063844,,,,,0,,,,,,,,SYSTEM,1.0,1.0,1.0,1.0,,,PENDING
cloud_hist_BALKRISIND_20260715_2,2026-07-14T18:30:00,BALKRISIND,SHORT,EQUITY,,,,,,,2123.512451171875,1911.1612060546875,2208.4529492187503,v2.2,NIFTY_200_AUG2026,TradeMind Core v2.2-CloudBackfill,,,,,,,,,,,,,,,LEGACY_UNVERIFIED,TARGET_HIT,,False,,,,,,,,,,2026-07-14T18:30:00,2026-09-04T12:45:05.627588,EQUITY,NSE,,,,,,,,,,,,,,,,,2026-09-04T12:45:07.064844,,,,,0,,,,,,,,SYSTEM,1.0,1.0,1.0,1.0,,,PENDING
prod_ICICIBANK_202607140000,2026-07-14T00:00:00,ICICIBANK,LONG,EQUITY,,,,,,,2140.0,2396.8,1968.8000000000002,v2.2,NIFTY_200_AUG2026,TradeMind Core v2.2,,,,,,,,,,,,,,,LEGACY_UNVERIFIED,EXPIRED,,False,,,,,,,,,,2026-07-14T00:00:00,2026-09-04T12:45:05.551632,EQUITY,NSE,,,,,,,,,,,,,,,,,2026-09-04T12:45:07.063844,,,,,0,,,,,,,,SYSTEM,1.0,1.0,1.0,1.0,,,PENDING
prod_TCS_202607140000,2026-07-14T00:00:00,TCS,LONG,EQUITY,,,,,,,1824.0,1988.16,1678.0800000000002,v2.2,NIFTY_200_AUG2026,TradeMind Core v2.2,,,,,,,,,,,,,,,LEGACY_UNVERIFIED,TARGET_HIT,,False,,,,,,,,,,2026-07-14T00:00:00,2026-09-04T12:45:05.544636,EQUITY,NSE,,,,,,,,,,,,,,,,,2026-09-04T12:45:07.062845,,,,,0,,,,,,,,SYSTEM,1.0,1.0,1.0,1.0,,,PENDING
prod_HDFCBANK_202607140000,2026-07-14T00:00:00,HDFCBANK,LONG,EQUITY,,,,,,,3125.0,3406.2500000000005,2875.0,v2.2,NIFTY_200_AUG2026,TradeMind Core v2.2,,,,,,,,,,,,,,,LEGACY_UNVERIFIED,TARGET_HIT,,False,,,,,,,,,,2026-07-14T00:00:00,2026-09-04T12:45:05.546634,EQUITY,NSE,,,,,,,,,,,,,,,,,2026-09-04T12:45:07.063844,,,,,0,,,,,,,,SYSTEM,1.0,1.0,1.0,1.0,,,PENDING
cloud_hist_SBICARD_20260714_4,2026-07-13T18:30:00,SBICARD,LONG,EQUITY,,,,,,,638.8499755859375,702.7349731445313,613.2959765625,v2.2,NIFTY_200_AUG2026,TradeMind Core v2.2-CloudBackfill,,,,,,,,,,,,,,,LEGACY_UNVERIFIED,TARGET_HIT,,False,,,,,,,,,,2026-07-13T18:30:00,2026-09-04T12:45:05.687556,EQUITY,NSE,,,,,,,,,,,,,,,,,2026-09-04T12:45:07.064844,,,,,0,,,,,,,,SYSTEM,1.0,1.0,1.0,1.0,,,PENDING
recon_LT_20260714_1,2026-07-13T18:30:00,LT,SHORT,EQUITY,,,,,,,3848.699951171875,3463.8299560546875,4002.64794921875,v2.2,NIFTY_200_AUG2026,TradeMind-Quant-V2,,,,,,,,,,,,,,,LEGACY_UNVERIFIED,STOP_LOSS,,False,,,,,,,,,,2026-07-13T18:30:00,2026-09-04T12:45:05.578607,EQUITY,NSE,,,,,,,,,,,,,,,,,2026-09-04T12:45:07.063844,,,,,0,,,,,,,,SYSTEM,1.0,1.0,1.0,1.0,,,PENDING
cloud_hist_LT_20260714_3,2026-07-13T18:30:00,LT,SHORT,EQUITY,,,,,,,3848.699951171875,3463.8299560546875,4002.64794921875,v2.2,NIFTY_200_AUG2026,TradeMind Core v2.2-CloudBackfill,,,,,,,,,,,,,,,LEGACY_UNVERIFIED,STOP_LOSS,,False,,,,,,,,,,2026-07-13T18:30:00,2026-09-04T12:45:05.667567,EQUITY,NSE,,,,,,,,,,,,,,,,,2026-09-04T12:45:07.064844,,,,,0,,,,,,,,SYSTEM,1.0,1.0,1.0,1.0,,,PENDING
recon_PIIND_20260714_0,2026-07-13T18:30:00,PIIND,SHORT,EQUITY,,,,,,,2528.125732421875,2275.313159179688,2629.2507617187503,v2.2,NIFTY_200_AUG2026,TradeMind-Quant-V2,,,,,,,,,,,,,,,LEGACY_UNVERIFIED,TARGET_HIT,,False,,,,,,,,,,2026-07-13T18:30:00,2026-09-04T12:45:05.586602,EQUITY,NSE,,,,,,,,,,,,,,,,,2026-09-04T12:45:07.063844,,,,,0,,,,,,,,SYSTEM,1.0,1.0,1.0,1.0,,,PENDING
cloud_hist_ADANIGREEN_20260714_2,2026-07-13T18:30:00,ADANIGREEN,LONG,EQUITY,,,,,,,1604.5,1764.95,1540.32,v2.2,NIFTY_200_AUG2026,TradeMind Core v2.2-CloudBackfill,,,,,,,,,,,,,,,LEGACY_UNVERIFIED,TARGET_HIT,,False,,,,,,,,,,2026-07-13T18:30:00,2026-09-04T12:45:05.618593,EQUITY,NSE,,,,,,,,,,,,,,,,,2026-09-04T12:45:07.064844,,,,,0,,,,,,,,SYSTEM,1.0,1.0,1.0,1.0,,,PENDING
recon_MAHABANK_20260714_1,2026-07-13T18:30:00,MAHABANK,SHORT,EQUITY,,,,,,,79.47000122070312,71.52300109863282,82.64880126953125,v2.2,NIFTY_200_AUG2026,TradeMind-Quant-V2,,,,,,,,,,,,,,,LEGACY_UNVERIFIED,STOP_LOSS,,False,,,,,,,,,,2026-07-13T18:30:00,2026-09-04T12:45:05.582604,EQUITY,NSE,,,,,,,,,,,,,,,,,2026-09-04T12:45:07.063844,,,,,0,,,,,,,,SYSTEM,1.0,1.0,1.0,1.0,,,PENDING
cloud_hist_BIOCON_20260714_3,2026-07-13T18:30:00,BIOCON,LONG,EQUITY,,,,,,,437.29998779296875,481.02998657226567,419.80798828125,v2.2,NIFTY_200_AUG2026,TradeMind Core v2.2-CloudBackfill,,,,,,,,,,,,,,,LEGACY_UNVERIFIED,STOP_LOSS,,False,,,,,,,,,,2026-07-13T18:30:00,2026-09-04T12:45:05.633585,EQUITY,NSE,,,,,,,,,,,,,,,,,2026-09-04T12:45:07.064844,,,,,0,,,,,,,,SYSTEM,1.0,1.0,1.0,1.0,,,PENDING
recon_SBICARD_20260714_2,2026-07-13T18:30:00,SBICARD,LONG,EQUITY,,,,,,,638.8499755859375,702.7349731445313,613.2959765625,v2.2,NIFTY_200_AUG2026,TradeMind-Quant-V2,,,,,,,,,,,,,,,LEGACY_UNVERIFIED,TARGET_HIT,,False,,,,,,,,,,2026-07-13T18:30:00,2026-09-04T12:45:05.594608,EQUITY,NSE,,,,,,,,,,,,,,,,,2026-09-04T12:45:07.063844,,,,,0,,,,,,,,SYSTEM,1.0,1.0,1.0,1.0,,,PENDING
cloud_hist_MAHABANK_20260714_3,2026-07-13T18:30:00,MAHABANK,SHORT,EQUITY,,,,,,,79.47000122070312,71.52300109863282,82.64880126953125,v2.2,NIFTY_200_AUG2026,TradeMind Core v2.2-CloudBackfill,,,,,,,,,,,,,,,LEGACY_UNVERIFIED,STOP_LOSS,,False,,,,,,,,,,2026-07-13T18:30:00,2026-09-04T12:45:05.673563,EQUITY,NSE,,,,,,,,,,,,,,,,,2026-09-04T12:45:07.064844,,,,,0,,,,,,,,SYSTEM,1.0,1.0,1.0,1.0,,,PENDING
cloud_hist_PIIND_20260714_2,2026-07-13T18:30:00,PIIND,SHORT,EQUITY,,,,,,,2528.125732421875,2275.313159179688,2629.2507617187503,v2.2,NIFTY_200_AUG2026,TradeMind Core v2.2-CloudBackfill,,,,,,,,,,,,,,,LEGACY_UNVERIFIED,TARGET_HIT,,False,,,,,,,,,,2026-07-13T18:30:00,2026-09-04T12:45:05.680558,EQUITY,NSE,,,,,,,,,,,,,,,,,2026-09-04T12:45:07.064844,,,,,0,,,,,,,,SYSTEM,1.0,1.0,1.0,1.0,,,PENDING
recon_ADANIGREEN_20260714_0,2026-07-13T18:30:00,ADANIGREEN,LONG,EQUITY,,,,,,,1604.5,1764.95,1540.32,v2.2,NIFTY_200_AUG2026,TradeMind-Quant-V2,,,,,,,,,,,,,,,LEGACY_UNVERIFIED,TARGET_HIT,,False,,,,,,,,,,2026-07-13T18:30:00,2026-09-04T12:45:05.709542,EQUITY,NSE,,,,,,,,,,,,,,,,,2026-09-04T12:45:07.065843,,,,,0,,,,,,,,SYSTEM,1.0,1.0,1.0,1.0,,,PENDING
recon_BIOCON_20260714_1,2026-07-13T18:30:00,BIOCON,LONG,EQUITY,,,,,,,437.29998779296875,481.02998657226567,419.80798828125,v2.2,NIFTY_200_AUG2026,TradeMind-Quant-V2,,,,,,,,,,,,,,,LEGACY_UNVERIFIED,STOP_LOSS,,False,,,,,,,,,,2026-07-13T18:30:00,2026-09-04T12:45:05.532643,EQUITY,NSE,,,,,,,,,,,,,,,,,2026-09-04T12:45:07.062845,,,,,0,,,,,,,,SYSTEM,1.0,1.0,1.0,1.0,,,PENDING
cloud_hist_CONCOR_20260714_1,2026-07-13T18:30:00,CONCOR,LONG,EQUITY,,,,,,,491.64703369140625,540.8117370605469,471.98115234374995,v2.2,NIFTY_200_AUG2026,TradeMind Core v2.2-CloudBackfill,,,,,,,,,,,,,,,LEGACY_UNVERIFIED,STOP_LOSS,,False,,,,,,,,,,2026-07-13T18:30:00,2026-09-04T12:45:05.640581,EQUITY,NSE,,,,,,,,,,,,,,,,,2026-09-04T12:45:07.064844,,,,,0,,,,,,,,SYSTEM,1.0,1.0,1.0,1.0,,,PENDING
prod_BHARTIARTL_202607130000,2026-07-13T00:00:00,BHARTIARTL,LONG,EQUITY,,,,,,,3187.0,3569.4400000000005,3027.6499999999996,v2.2,NIFTY_200_AUG2026,TradeMind Core v2.2,,,,,,,,,,,,,,,LEGACY_UNVERIFIED,STOP_LOSS,,False,,,,,,,,,,2026-07-13T00:00:00,2026-09-04T12:45:05.555630,EQUITY,NSE,,,,,,,,,,,,,,,,,2026-09-04T12:45:07.063844,,,,,0,,,,,,,,SYSTEM,1.0,1.0,1.0,1.0,,,PENDING
prod_RELIANCE_202607130000,2026-07-13T00:00:00,RELIANCE,LONG,EQUITY,,,,,,,2916.0,3178.44,2682.7200000000003,v2.2,NIFTY_200_AUG2026,TradeMind Core v2.2,,,,,,,,,,,,,,,LEGACY_UNVERIFIED,TARGET_HIT,,False,,,,,,,,,,2026-07-13T00:00:00,2026-09-04T12:45:05.542638,EQUITY,NSE,,,,,,,,,,,,,,,,,2026-09-04T12:45:07.062845,,,,,0,,,,,,,,SYSTEM,1.0,1.0,1.0,1.0,,,PENDING
prod_SBIN_202607130000,2026-07-13T00:00:00,SBIN,LONG,EQUITY,,,,,,,1241.0,1389.92,1141.72,v2.2,NIFTY_200_AUG2026,TradeMind Core v2.2,,,,,,,,,,,,,,,LEGACY_UNVERIFIED,EXPIRED,,False,,,,,,,,,,2026-07-13T00:00:00,2026-09-04T12:45:05.553631,EQUITY,NSE,,,,,,,,,,,,,,,,,2026-09-04T12:45:07.063844,,,,,0,,,,,,,,SYSTEM,1.0,1.0,1.0,1.0,,,PENDING
recon_TORNTPHARM_20260713_1,2026-07-12T18:30:00,TORNTPHARM,LONG,EQUITY,,,,,,,4951.10009765625,5446.210107421875,4753.0560937499995,v2.2,NIFTY_200_AUG2026,TradeMind-Quant-V2,,,,,,,,,,,,,,,LEGACY_UNVERIFIED,STOP_LOSS,,False,,,,,,,,,,2026-07-12T18:30:00,2026-09-04T12:45:05.603602,EQUITY,NSE,,,,,,,,,,,,,,,,,2026-09-04T12:45:07.063844,,,,,0,,,,,,,,SYSTEM,1.0,1.0,1.0,1.0,,,PENDING
recon_ITC_20260713_2,2026-07-12T18:30:00,ITC,SHORT,EQUITY,,,,,,,279.6499938964844,251.68499450683595,290.83599365234375,v2.2,NIFTY_200_AUG2026,TradeMind-Quant-V2,,,,,,,,,,,,,,,LEGACY_UNVERIFIED,TARGET_HIT,,False,,,,,,,,,,2026-07-12T18:30:00,2026-09-04T12:45:05.572620,EQUITY,NSE,,,,,,,,,,,,,,,,,2026-09-04T12:45:07.063844,,,,,0,,,,,,,,SYSTEM,1.0,1.0,1.0,1.0,,,PENDING
recon_MPHASIS_20260713_1,2026-07-12T18:30:00,MPHASIS,LONG,EQUITY,,,,,,,2390.39990234375,2629.439892578125,2294.7839062499997,v2.2,NIFTY_200_AUG2026,TradeMind-Quant-V2,,,,,,,,,,,,,,,LEGACY_UNVERIFIED,STOP_LOSS,,False,,,,,,,,,,2026-07-12T18:30:00,2026-09-04T12:45:05.583604,EQUITY,NSE,,,,,,,,,,,,,,,,,2026-09-04T12:45:07.063844,,,,,0,,,,,,,,SYSTEM,1.0,1.0,1.0,1.0,,,PENDING
recon_PAYTM_20260713_0,2026-07-12T18:30:00,PAYTM,LONG,EQUITY,,,,,,,1386.5,1525.15,1331.04,v2.2,NIFTY_200_AUG2026,TradeMind-Quant-V2,,,,,,,,,,,,,,,LEGACY_UNVERIFIED,TARGET_HIT,,False,,,,,,,,,,2026-07-12T18:30:00,2026-09-04T12:45:05.586602,EQUITY,NSE,,,,,,,,,,,,,,,,,2026-09-04T12:45:07.063844,,,,,0,,,,,,,,SYSTEM,1.0,1.0,1.0,1.0,,,PENDING
cloud_hist_BAJAJ-AUTO_20260713_1,2026-07-12T18:30:00,BAJAJ-AUTO,LONG,EQUITY,,,,,,,10381.0,11419.1,9965.76,v2.2,NIFTY_200_AUG2026,TradeMind Core v2.2-CloudBackfill,,,,,,,,,,,,,,,LEGACY_UNVERIFIED,STOP_LOSS,,False,,,,,,,,,,2026-07-12T18:30:00,2026-09-04T12:45:05.624590,EQUITY,NSE,,,,,,,,,,,,,,,,,2026-09-04T12:45:07.064844,,,,,0,,,,,,,,SYSTEM,1.0,1.0,1.0,1.0,,,PENDING
cloud_hist_MPHASIS_20260713_3,2026-07-12T18:30:00,MPHASIS,LONG,EQUITY,,,,,,,2390.39990234375,2629.439892578125,2294.7839062499997,v2.2,NIFTY_200_AUG2026,TradeMind Core v2.2-CloudBackfill,,,,,,,,,,,,,,,LEGACY_UNVERIFIED,STOP_LOSS,,False,,,,,,,,,,2026-07-12T18:30:00,2026-09-04T12:45:05.674562,EQUITY,NSE,,,,,,,,,,,,,,,,,2026-09-04T12:45:07.064844,,,,,0,,,,,,,,SYSTEM,1.0,1.0,1.0,1.0,,,PENDING
cloud_hist_TECHM_20260713_3,2026-07-12T18:30:00,TECHM,LONG,EQUITY,,,,,,,1504.5,1654.95,1444.32,v2.2,NIFTY_200_AUG2026,TradeMind Core v2.2-CloudBackfill,,,,,,,,,,,,,,,LEGACY_UNVERIFIED,STOP_LOSS,,False,,,,,,,,,,2026-07-12T18:30:00,2026-09-04T12:45:05.703545,EQUITY,NSE,,,,,,,,,,,,,,,,,2026-09-04T12:45:07.065843,,,,,0,,,,,,,,SYSTEM,1.0,1.0,1.0,1.0,,,PENDING
recon_VEDL_20260713_1,2026-07-12T18:30:00,VEDL,SHORT,EQUITY,,,,,,,269.6499938964844,242.68499450683595,280.43599365234377,v2.2,NIFTY_200_AUG2026,TradeMind-Quant-V2,,,,,,,,,,,,,,,LEGACY_UNVERIFIED,STOP_LOSS,,False,,,,,,,,,,2026-07-12T18:30:00,2026-09-04T12:45:05.606600,EQUITY,NSE,,,,,,,,,,,,,,,,,2026-09-04T12:45:07.063844,,,,,0,,,,,,,,SYSTEM,1.0,1.0,1.0,1.0,,,PENDING
cloud_hist_TORNTPHARM_20260713_3,2026-07-12T18:30:00,TORNTPHARM,LONG,EQUITY,,,,,,,4951.10009765625,5446.210107421875,4753.0560937499995,v2.2,NIFTY_200_AUG2026,TradeMind Core v2.2-CloudBackfill,,,,,,,,,,,,,,,LEGACY_UNVERIFIED,STOP_LOSS,,False,,,,,,,,,,2026-07-12T18:30:00,2026-09-04T12:45:05.700549,EQUITY,NSE,,,,,,,,,,,,,,,,,2026-09-04T12:45:07.065843,,,,,0,,,,,,,,SYSTEM,1.0,1.0,1.0,1.0,,,PENDING
cloud_hist_ITC_20260713_4,2026-07-12T18:30:00,ITC,SHORT,EQUITY,,,,,,,279.6499938964844,251.68499450683595,290.83599365234375,v2.2,NIFTY_200_AUG2026,TradeMind Core v2.2-CloudBackfill,,,,,,,,,,,,,,,LEGACY_UNVERIFIED,TARGET_HIT,,False,,,,,,,,,,2026-07-12T18:30:00,2026-09-04T12:45:05.660569,EQUITY,NSE,,,,,,,,,,,,,,,,,2026-09-04T12:45:07.064844,,,,,0,,,,,,,,SYSTEM,1.0,1.0,1.0,1.0,,,PENDING
recon_TECHM_20260713_1,2026-07-12T18:30:00,TECHM,LONG,EQUITY,,,,,,,1504.5,1654.95,1444.32,v2.2,NIFTY_200_AUG2026,TradeMind-Quant-V2,,,,,,,,,,,,,,,LEGACY_UNVERIFIED,STOP_LOSS,,False,,,,,,,,,,2026-07-12T18:30:00,2026-09-04T12:45:05.602603,EQUITY,NSE,,,,,,,,,,,,,,,,,2026-09-04T12:45:07.063844,,,,,0,,,,,,,,SYSTEM,1.0,1.0,1.0,1.0,,,PENDING
cloud_hist_PAYTM_20260713_2,2026-07-12T18:30:00,PAYTM,LONG,EQUITY,,,,,,,1386.5,1525.15,1331.04,v2.2,NIFTY_200_AUG2026,TradeMind Core v2.2-CloudBackfill,,,,,,,,,,,,,,,LEGACY_UNVERIFIED,TARGET_HIT,,False,,,,,,,,,,2026-07-12T18:30:00,2026-09-04T12:45:05.679559,EQUITY,NSE,,,,,,,,,,,,,,,,,2026-09-04T12:45:07.064844,,,,,0,,,,,,,,SYSTEM,1.0,1.0,1.0,1.0,,,PENDING
recon_VBL_20260713_0,2026-07-12T18:30:00,VBL,SHORT,EQUITY,,,,,,,468.580322265625,421.7222900390625,487.32353515625,v2.2,NIFTY_200_AUG2026,TradeMind-Quant-V2,,,,,,,,,,,,,,,LEGACY_UNVERIFIED,TARGET_HIT,,False,,,,,,,,,,2026-07-12T18:30:00,2026-09-04T12:45:05.606600,EQUITY,NSE,,,,,,,,,,,,,,,,,2026-09-04T12:45:07.063844,,,,,0,,,,,,,,SYSTEM,1.0,1.0,1.0,1.0,,,PENDING
cloud_hist_HCLTECH_20260713_1,2026-07-12T18:30:00,HCLTECH,LONG,EQUITY,,,,,,,1208.8583984375,1329.74423828125,1160.5040625,v2.2,NIFTY_200_AUG2026,TradeMind Core v2.2-CloudBackfill,,,,,,,,,,,,,,,LEGACY_UNVERIFIED,STOP_LOSS,,False,,,,,,,,,,2026-07-12T18:30:00,2026-09-04T12:45:05.649575,EQUITY,NSE,,,,,,,,,,,,,,,,,2026-09-04T12:45:07.064844,,,,,0,,,,,,,,SYSTEM,1.0,1.0,1.0,1.0,,,PENDING
cloud_hist_VBL_20260713_2,2026-07-12T18:30:00,VBL,SHORT,EQUITY,,,,,,,468.580322265625,421.7222900390625,487.32353515625,v2.2,NIFTY_200_AUG2026,TradeMind Core v2.2-CloudBackfill,,,,,,,,,,,,,,,LEGACY_UNVERIFIED,TARGET_HIT,,False,,,,,,,,,,2026-07-12T18:30:00,2026-09-04T12:45:05.706543,EQUITY,NSE,,,,,,,,,,,,,,,,,2026-09-04T12:45:07.065843,,,,,0,,,,,,,,SYSTEM,1.0,1.0,1.0,1.0,,,PENDING
cloud_hist_VEDL_20260713_3,2026-07-12T18:30:00,VEDL,SHORT,EQUITY,,,,,,,269.6499938964844,242.68499450683595,280.43599365234377,v2.2,NIFTY_200_AUG2026,TradeMind Core v2.2-CloudBackfill,,,,,,,,,,,,,,,LEGACY_UNVERIFIED,STOP_LOSS,,False,,,,,,,,,,2026-07-12T18:30:00,2026-09-04T12:45:05.707542,EQUITY,NSE,,,,,,,,,,,,,,,,,2026-09-04T12:45:07.065843,,,,,0,,,,,,,,SYSTEM,1.0,1.0,1.0,1.0,,,PENDING
prod_INFY_202607120000,2026-07-12T00:00:00,INFY,LONG,EQUITY,,,,,,,1761.0,1919.4900000000002,1620.1200000000001,v2.2,NIFTY_200_AUG2026,TradeMind Core v2.2,,,,,,,,,,,,,,,LEGACY_UNVERIFIED,TARGET_HIT,,False,,,,,,,,,,2026-07-12T00:00:00,2026-09-04T12:45:05.548633,EQUITY,NSE,,,,,,,,,,,,,,,,,2026-09-04T12:45:07.063844,,,,,0,,,,,,,,SYSTEM,1.0,1.0,1.0,1.0,,,PENDING
prod_AXISBANK_202607100000,2026-07-10T00:00:00,AXISBANK,LONG,EQUITY,,,,,,,2370.0,2654.4,2251.5,v2.2,NIFTY_200_AUG2026,TradeMind Core v2.2,,,,,,,,,,,,,,,LEGACY_UNVERIFIED,STOP_LOSS,,False,,,,,,,,,,2026-07-10T00:00:00,2026-09-04T12:45:05.557628,EQUITY,NSE,,,,,,,,,,,,,,,,,2026-09-04T12:45:07.063844,,,,,0,,,,,,,,SYSTEM,1.0,1.0,1.0,1.0,,,PENDING
prod_ICICIBANK_202607100000,2026-07-10T00:00:00,ICICIBANK,LONG,EQUITY,,,,,,,3760.0,4211.200000000001,3572.0,v2.2,NIFTY_200_AUG2026,TradeMind Core v2.2,,,,,,,,,,,,,,,LEGACY_UNVERIFIED,STOP_LOSS,,False,,,,,,,,,,2026-07-10T00:00:00,2026-09-04T12:45:05.550632,EQUITY,NSE,,,,,,,,,,,,,,,,,2026-09-04T12:45:07.063844,,,,,0,,,,,,,,SYSTEM,1.0,1.0,1.0,1.0,,,PENDING
prod_SBIN_202607100000,2026-07-10T00:00:00,SBIN,LONG,EQUITY,,,,,,,2539.0,2843.6800000000003,2412.0499999999997,v2.2,NIFTY_200_AUG2026,TradeMind Core v2.2,,,,,,,,,,,,,,,LEGACY_UNVERIFIED,STOP_LOSS,,False,,,,,,,,,,2026-07-10T00:00:00,2026-09-04T12:45:05.553631,EQUITY,NSE,,,,,,,,,,,,,,,,,2026-09-04T12:45:07.063844,,,,,0,,,,,,,,SYSTEM,1.0,1.0,1.0,1.0,,,PENDING
recon_NYKAA_20260710_1,2026-07-09T18:30:00,NYKAA,LONG,EQUITY,,,,,,,330.1000061035156,363.1100067138672,316.896005859375,v2.2,NIFTY_200_AUG2026,TradeMind-Quant-V2,,,,,,,,,,,,,,,LEGACY_UNVERIFIED,STOP_LOSS,,False,,,,,,,,,,2026-07-09T18:30:00,2026-09-04T12:45:05.585603,EQUITY,NSE,,,,,,,,,,,,,,,,,2026-09-04T12:45:07.063844,,,,,0,,,,,,,,SYSTEM,1.0,1.0,1.0,1.0,,,PENDING
recon_DRREDDY_20260710_0,2026-07-09T18:30:00,DRREDDY,SHORT,EQUITY,,,,,,,1244.300048828125,1119.8700439453125,1294.07205078125,v2.2,NIFTY_200_AUG2026,TradeMind-Quant-V2,,,,,,,,,,,,,,,LEGACY_UNVERIFIED,TARGET_HIT,,False,,,,,,,,,,2026-07-09T18:30:00,2026-09-04T12:45:05.539638,EQUITY,NSE,,,,,,,,,,,,,,,,,2026-09-04T12:45:07.062845,,,,,0,,,,,,,,SYSTEM,1.0,1.0,1.0,1.0,,,PENDING
cloud_hist_TATACOMM_20260710_3,2026-07-09T18:30:00,TATACOMM,SHORT,EQUITY,,,,,,,1856.199951171875,1670.5799560546875,1930.44794921875,v2.2,NIFTY_200_AUG2026,TradeMind Core v2.2-CloudBackfill,,,,,,,,,,,,,,,LEGACY_UNVERIFIED,STOP_LOSS,,False,,,,,,,,,,2026-07-09T18:30:00,2026-09-04T12:45:05.697550,EQUITY,NSE,,,,,,,,,,,,,,,,,2026-09-04T12:45:07.065843,,,,,0,,,,,,,,SYSTEM,1.0,1.0,1.0,1.0,,,PENDING
cloud_hist_GODREJPROP_20260710_4,2026-07-09T18:30:00,GODREJPROP,LONG,EQUITY,,,,,,,2122.7392578125,2335.01318359375,2037.8296874999999,v2.2,NIFTY_200_AUG2026,TradeMind Core v2.2-CloudBackfill,,,,,,,,,,,,,,,LEGACY_UNVERIFIED,TARGET_HIT,,False,,,,,,,,,,2026-07-09T18:30:00,2026-09-04T12:45:05.648576,EQUITY,NSE,,,,,,,,,,,,,,,,,2026-09-04T12:45:07.064844,,,,,0,,,,,,,,SYSTEM,1.0,1.0,1.0,1.0,,,PENDING
recon_LICI_20260710_1,2026-07-09T18:30:00,LICI,LONG,EQUITY,,,,,,,443.04998779296875,487.35498657226566,425.32798828125,v2.2,NIFTY_200_AUG2026,TradeMind-Quant-V2,,,,,,,,,,,,,,,LEGACY_UNVERIFIED,STOP_LOSS,,False,,,,,,,,,,2026-07-09T18:30:00,2026-09-04T12:45:05.579606,EQUITY,NSE,,,,,,,,,,,,,,,,,2026-09-04T12:45:07.063844,,,,,0,,,,,,,,SYSTEM,1.0,1.0,1.0,1.0,,,PENDING
recon_PRESTIGE_20260710_2,2026-07-09T18:30:00,PRESTIGE,LONG,EQUITY,,,,,,,1731.020751953125,1904.1228271484376,1661.779921875,v2.2,NIFTY_200_AUG2026,TradeMind-Quant-V2,,,,,,,,,,,,,,,LEGACY_UNVERIFIED,TARGET_HIT,,False,,,,,,,,,,2026-07-09T18:30:00,2026-09-04T12:45:05.593608,EQUITY,NSE,,,,,,,,,,,,,,,,,2026-09-04T12:45:07.063844,,,,,0,,,,,,,,SYSTEM,1.0,1.0,1.0,1.0,,,PENDING
cloud_hist_PRESTIGE_20260710_4,2026-07-09T18:30:00,PRESTIGE,LONG,EQUITY,,,,,,,1731.020751953125,1904.1228271484376,1661.779921875,v2.2,NIFTY_200_AUG2026,TradeMind Core v2.2-CloudBackfill,,,,,,,,,,,,,,,LEGACY_UNVERIFIED,TARGET_HIT,,False,,,,,,,,,,2026-07-09T18:30:00,2026-09-04T12:45:05.690554,EQUITY,NSE,,,,,,,,,,,,,,,,,2026-09-04T12:45:07.064844,,,,,0,,,,,,,,SYSTEM,1.0,1.0,1.0,1.0,,,PENDING
cloud_hist_DRREDDY_20260710_2,2026-07-09T18:30:00,DRREDDY,SHORT,EQUITY,,,,,,,1244.300048828125,1119.8700439453125,1294.07205078125,v2.2,NIFTY_200_AUG2026,TradeMind Core v2.2-CloudBackfill,,,,,,,,,,,,,,,LEGACY_UNVERIFIED,TARGET_HIT,,False,,,,,,,,,,2026-07-09T18:30:00,2026-09-04T12:45:05.643579,EQUITY,NSE,,,,,,,,,,,,,,,,,2026-09-04T12:45:07.064844,,,,,0,,,,,,,,SYSTEM,1.0,1.0,1.0,1.0,,,PENDING
recon_DLF_20260710_2,2026-07-09T18:30:00,DLF,LONG,EQUITY,,,,,,,677.2471923828125,744.9719116210938,650.1573046875,v2.2,NIFTY_200_AUG2026,TradeMind-Quant-V2,,,,,,,,,,,,,,,LEGACY_UNVERIFIED,TARGET_HIT,,False,,,,,,,,,,2026-07-09T18:30:00,2026-09-04T12:45:05.537640,EQUITY,NSE,,,,,,,,,,,,,,,,,2026-09-04T12:45:07.062845,,,,,0,,,,,,,,SYSTEM,1.0,1.0,1.0,1.0,,,PENDING
cloud_hist_DLF_20260710_4,2026-07-09T18:30:00,DLF,LONG,EQUITY,,,,,,,677.2471923828125,744.9719116210938,650.1573046875,v2.2,NIFTY_200_AUG2026,TradeMind Core v2.2-CloudBackfill,,,,,,,,,,,,,,,LEGACY_UNVERIFIED,TARGET_HIT,,False,,,,,,,,,,2026-07-09T18:30:00,2026-09-04T12:45:05.641580,EQUITY,NSE,,,,,,,,,,,,,,,,,2026-09-04T12:45:07.064844,,,,,0,,,,,,,,SYSTEM,1.0,1.0,1.0,1.0,,,PENDING
cloud_hist_LICI_20260710_3,2026-07-09T18:30:00,LICI,LONG,EQUITY,,,,,,,443.04998779296875,487.35498657226566,425.32798828125,v2.2,NIFTY_200_AUG2026,TradeMind Core v2.2-CloudBackfill,,,,,,,,,,,,,,,LEGACY_UNVERIFIED,STOP_LOSS,,False,,,,,,,,,,2026-07-09T18:30:00,2026-09-04T12:45:05.669564,EQUITY,NSE,,,,,,,,,,,,,,,,,2026-09-04T12:45:07.064844,,,,,0,,,,,,,,SYSTEM,1.0,1.0,1.0,1.0,,,PENDING
recon_TATACOMM_20260710_1,2026-07-09T18:30:00,TATACOMM,SHORT,EQUITY,,,,,,,1856.199951171875,1670.5799560546875,1930.44794921875,v2.2,NIFTY_200_AUG2026,TradeMind-Quant-V2,,,,,,,,,,,,,,,LEGACY_UNVERIFIED,STOP_LOSS,,False,,,,,,,,,,2026-07-09T18:30:00,2026-09-04T12:45:05.600604,EQUITY,NSE,,,,,,,,,,,,,,,,,2026-09-04T12:45:07.063844,,,,,0,,,,,,,,SYSTEM,1.0,1.0,1.0,1.0,,,PENDING
cloud_hist_NYKAA_20260710_3,2026-07-09T18:30:00,NYKAA,LONG,EQUITY,,,,,,,330.1000061035156,363.1100067138672,316.896005859375,v2.2,NIFTY_200_AUG2026,TradeMind Core v2.2-CloudBackfill,,,,,,,,,,,,,,,LEGACY_UNVERIFIED,STOP_LOSS,,False,,,,,,,,,,2026-07-09T18:30:00,2026-09-04T12:45:05.677562,EQUITY,NSE,,,,,,,,,,,,,,,,,2026-09-04T12:45:07.064844,,,,,0,,,,,,,,SYSTEM,1.0,1.0,1.0,1.0,,,PENDING
recon_GODREJPROP_20260710_2,2026-07-09T18:30:00,GODREJPROP,LONG,EQUITY,,,,,,,2122.7392578125,2335.01318359375,2037.8296874999999,v2.2,NIFTY_200_AUG2026,TradeMind-Quant-V2,,,,,,,,,,,,,,,LEGACY_UNVERIFIED,TARGET_HIT,,False,,,,,,,,,,2026-07-09T18:30:00,2026-09-04T12:45:05.565624,EQUITY,NSE,,,,,,,,,,,,,,,,,2026-09-04T12:45:07.063844,,,,,0,,,,,,,,SYSTEM,1.0,1.0,1.0,1.0,,,PENDING
prod_INFY_202607090000,2026-07-09T00:00:00,INFY,LONG,EQUITY,,,,,,,3043.0,3408.1600000000003,2890.85,v2.2,NIFTY_200_AUG2026,TradeMind Core v2.2,,,,,,,,,,,,,,,LEGACY_UNVERIFIED,STOP_LOSS,,False,,,,,,,,,,2026-07-09T00:00:00,2026-09-04T12:45:05.548633,EQUITY,NSE,,,,,,,,,,,,,,,,,2026-09-04T12:45:07.063844,,,,,0,,,,,,,,SYSTEM,1.0,1.0,1.0,1.0,,,PENDING
prod_TCS_202607090000,2026-07-09T00:00:00,TCS,LONG,EQUITY,,,,,,,2814.0,3067.26,2588.88,v2.2,NIFTY_200_AUG2026,TradeMind Core v2.2,,,,,,,,,,,,,,,LEGACY_UNVERIFIED,TARGET_HIT,,False,,,,,,,,,,2026-07-09T00:00:00,2026-09-04T12:45:05.544636,EQUITY,NSE,,,,,,,,,,,,,,,,,2026-09-04T12:45:07.062845,,,,,0,,,,,,,,SYSTEM,1.0,1.0,1.0,1.0,,,PENDING
prod_LT_202607090000,2026-07-09T00:00:00,LT,LONG,EQUITY,,,,,,,2130.0,2385.6000000000004,2023.5,v2.2,NIFTY_200_AUG2026,TradeMind Core v2.2,,,,,,,,,,,,,,,LEGACY_UNVERIFIED,STOP_LOSS,,False,,,,,,,,,,2026-07-09T00:00:00,2026-09-04T12:45:05.559627,EQUITY,NSE,,,,,,,,,,,,,,,,,2026-09-04T12:45:07.063844,,,,,0,,,,,,,,SYSTEM,1.0,1.0,1.0,1.0,,,PENDING
cloud_hist_NTPC_20260709_3,2026-07-08T18:30:00,NTPC,SHORT,EQUITY,,,,,,,343.70001220703125,309.33001098632815,357.4480126953125,v2.2,NIFTY_200_AUG2026,TradeMind Core v2.2-CloudBackfill,,,,,,,,,,,,,,,LEGACY_UNVERIFIED,STOP_LOSS,,False,,,,,,,,,,2026-07-08T18:30:00,2026-09-04T12:45:05.676560,EQUITY,NSE,,,,,,,,,,,,,,,,,2026-09-04T12:45:07.064844,,,,,0,,,,,,,,SYSTEM,1.0,1.0,1.0,1.0,,,PENDING
cloud_hist_ASTRAL_20260709_3,2026-07-08T18:30:00,ASTRAL,SHORT,EQUITY,,,,,,,1315.0316162109375,1183.5284545898437,1367.632880859375,v2.2,NIFTY_200_AUG2026,TradeMind Core v2.2-CloudBackfill,,,,,,,,,,,,,,,LEGACY_UNVERIFIED,STOP_LOSS,,False,,,,,,,,,,2026-07-08T18:30:00,2026-09-04T12:45:05.609598,EQUITY,NSE,,,,,,,,,,,,,,,,,2026-09-04T12:45:07.063844,,,,,0,,,,,,,,SYSTEM,1.0,1.0,1.0,1.0,,,PENDING
cloud_hist_AXISBANK_20260709_3,2026-07-08T18:30:00,AXISBANK,SHORT,EQUITY,,,,,,,1296.5999755859375,1166.9399780273438,1348.463974609375,v2.2,NIFTY_200_AUG2026,TradeMind Core v2.2-CloudBackfill,,,,,,,,,,,,,,,LEGACY_UNVERIFIED,STOP_LOSS,,False,,,,,,,,,,2026-07-08T18:30:00,2026-09-04T12:45:05.623591,EQUITY,NSE,,,,,,,,,,,,,,,,,2026-09-04T12:45:07.064844,,,,,0,,,,,,,,SYSTEM,1.0,1.0,1.0,1.0,,,PENDING
cloud_hist_SUNPHARMA_20260709_3,2026-07-08T18:30:00,SUNPHARMA,LONG,EQUITY,,,,,,,1938.699951171875,2132.5699462890625,1861.1519531249999,v2.2,NIFTY_200_AUG2026,TradeMind Core v2.2-CloudBackfill,,,,,,,,,,,,,,,LEGACY_UNVERIFIED,STOP_LOSS,,False,,,,,,,,,,2026-07-08T18:30:00,2026-09-04T12:45:05.694552,EQUITY,NSE,,,,,,,,,,,,,,,,,2026-09-04T12:45:07.065843,,,,,0,,,,,,,,SYSTEM,1.0,1.0,1.0,1.0,,,PENDING
recon_ASTRAL_20260709_1,2026-07-08T18:30:00,ASTRAL,SHORT,EQUITY,,,0.75,0.75,0.5,1.0,1315.0316162109375,1183.5284545898437,1367.632880859375,v2.2,NIFTY_200_AUG2026,TradeMind-Quant-V2,v1.0.0,,,2026-07-23T18:30:00,1367.632880859375,-4.0,,,,,-4.2,,,,LIVE_SHADOW_VERIFIED,STOP_LOSS,,True,,,,,-4.0,,-4.2,,,2026-08-28T11:33:03.146592,2026-08-28T11:33:03.146592,,,,,,,,,,,,,,,,,,,,,,TERMINAL,,4,,,,,,,,,,,,,,,
recon_NTPC_20260709_1,2026-07-08T18:30:00,NTPC,SHORT,EQUITY,,,,,,,343.70001220703125,309.33001098632815,357.4480126953125,v2.2,NIFTY_200_AUG2026,TradeMind-Quant-V2,,,,,,,,,,,,,,,LEGACY_UNVERIFIED,STOP_LOSS,,False,,,,,,,,,,2026-07-08T18:30:00,2026-09-04T12:45:05.584603,EQUITY,NSE,,,,,,,,,,,,,,,,,2026-09-04T12:45:07.063844,,,,,0,,,,,,,,SYSTEM,1.0,1.0,1.0,1.0,,,PENDING
recon_AXISBANK_20260709_1,2026-07-08T18:30:00,AXISBANK,SHORT,EQUITY,,,0.75,0.75,0.5,1.0,1296.5999755859375,1166.9399780273438,1348.463974609375,v2.2,NIFTY_200_AUG2026,TradeMind-Quant-V2,v1.0.0,,,2026-07-23T18:30:00,1348.463974609375,-4.0,,,,,-4.2,,,,LIVE_SHADOW_VERIFIED,STOP_LOSS,,True,,,,,-4.0,,-4.2,,,2026-09-02T10:54:35.460921,2026-09-02T10:54:35.460921,,,,,,,,,,,,,,,,,,,,,,TERMINAL,,4,,,,,,,,,,,,,,,
recon_SUNPHARMA_20260709_1,2026-07-08T18:30:00,SUNPHARMA,LONG,EQUITY,,,,,,,1938.699951171875,2132.5699462890625,1861.1519531249999,v2.2,NIFTY_200_AUG2026,TradeMind-Quant-V2,,,,,,,,,,,,,,,LEGACY_UNVERIFIED,STOP_LOSS,,False,,,,,,,,,,2026-07-08T18:30:00,2026-09-04T12:45:05.598605,EQUITY,NSE,,,,,,,,,,,,,,,,,2026-09-04T12:45:07.063844,,,,,0,,,,,,,,SYSTEM,1.0,1.0,1.0,1.0,,,PENDING
prod_ITC_202607080000,2026-07-08T00:00:00,ITC,LONG,EQUITY,,,,,,,1258.0,1408.96,1195.1,v2.2,NIFTY_200_AUG2026,TradeMind Core v2.2,,,,,,,,,,,,,,,LEGACY_UNVERIFIED,STOP_LOSS,,False,,,,,,,,,,2026-07-08T00:00:00,2026-09-04T12:45:05.561626,EQUITY,NSE,,,,,,,,,,,,,,,,,2026-09-04T12:45:07.063844,,,,,0,,,,,,,,SYSTEM,1.0,1.0,1.0,1.0,,,PENDING
prod_HDFCBANK_202607080000,2026-07-08T00:00:00,HDFCBANK,LONG,EQUITY,,,,,,,3523.0,3840.07,3241.1600000000003,v2.2,NIFTY_200_AUG2026,TradeMind Core v2.2,,,,,,,,,,,,,,,LEGACY_UNVERIFIED,TARGET_HIT,,False,,,,,,,,,,2026-07-08T00:00:00,2026-09-04T12:45:05.546634,EQUITY,NSE,,,,,,,,,,,,,,,,,2026-09-04T12:45:07.063844,,,,,0,,,,,,,,SYSTEM,1.0,1.0,1.0,1.0,,,PENDING
prod_RELIANCE_202607080000,2026-07-08T00:00:00,RELIANCE,LONG,EQUITY,,,,,,,2453.0,2673.77,2256.76,v2.2,NIFTY_200_AUG2026,TradeMind Core v2.2,,,,,,,,,,,,,,,LEGACY_UNVERIFIED,TARGET_HIT,,False,,,,,,,,,,2026-07-08T00:00:00,2026-09-04T12:45:05.542638,EQUITY,NSE,,,,,,,,,,,,,,,,,2026-09-04T12:45:07.062845,,,,,0,,,,,,,,SYSTEM,1.0,1.0,1.0,1.0,,,PENDING
cloud_hist_IRFC_20260708_4,2026-07-07T18:30:00,IRFC,SHORT,EQUITY,,,,,,,87.5,78.75,91.0,v2.2,NIFTY_200_AUG2026,TradeMind Core v2.2-CloudBackfill,,,,,,,,,,,,,,,LEGACY_UNVERIFIED,TARGET_HIT,,False,,,,,,,,,,2026-07-07T18:30:00,2026-09-04T12:45:05.657571,EQUITY,NSE,,,,,,,,,,,,,,,,,2026-09-04T12:45:07.064844,,,,,0,,,,,,,,SYSTEM,1.0,1.0,1.0,1.0,,,PENDING
cloud_hist_BIOCON_20260708_2,2026-07-07T18:30:00,BIOCON,SHORT,EQUITY,,,,,,,397.04998779296875,357.34498901367186,412.93198730468754,v2.2,NIFTY_200_AUG2026,TradeMind Core v2.2-CloudBackfill,,,,,,,,,,,,,,,LEGACY_UNVERIFIED,TARGET_HIT,,False,,,,,,,,,,2026-07-07T18:30:00,2026-09-04T12:45:05.633585,EQUITY,NSE,,,,,,,,,,,,,,,,,2026-09-04T12:45:07.064844,,,,,0,,,,,,,,SYSTEM,1.0,1.0,1.0,1.0,,,PENDING
recon_IRFC_20260708_2,2026-07-07T18:30:00,IRFC,SHORT,EQUITY,,,,,,,87.5,78.75,91.0,v2.2,NIFTY_200_AUG2026,TradeMind-Quant-V2,,,,,,,,,,,,,,,LEGACY_UNVERIFIED,TARGET_HIT,,False,,,,,,,,,,2026-07-07T18:30:00,2026-09-04T12:45:05.575609,EQUITY,NSE,,,,,,,,,,,,,,,,,2026-09-04T12:45:07.063844,,,,,0,,,,,,,,SYSTEM,1.0,1.0,1.0,1.0,,,PENDING
recon_JINDALSTEL_20260708_1,2026-07-07T18:30:00,JINDALSTEL,SHORT,EQUITY,,,,,,,1021.5,919.35,1062.3600000000001,v2.2,NIFTY_200_AUG2026,TradeMind-Quant-V2,,,,,,,,,,,,,,,LEGACY_UNVERIFIED,STOP_LOSS,,False,,,,,,,,,,2026-07-07T18:30:00,2026-09-04T12:45:05.577607,EQUITY,NSE,,,,,,,,,,,,,,,,,2026-09-04T12:45:07.063844,,,,,0,,,,,,,,SYSTEM,1.0,1.0,1.0,1.0,,,PENDING
recon_KOTAKBANK_20260708_1,2026-07-07T18:30:00,KOTAKBANK,SHORT,EQUITY,,,,,,,369.462158203125,332.5159423828125,384.24064453125004,v2.2,NIFTY_200_AUG2026,TradeMind-Quant-V2,,,,,,,,,,,,,,,LEGACY_UNVERIFIED,STOP_LOSS,,False,,,,,,,,,,2026-07-07T18:30:00,2026-09-04T12:45:05.578607,EQUITY,NSE,,,,,,,,,,,,,,,,,2026-09-04T12:45:07.063844,,,,,0,,,,,,,,SYSTEM,1.0,1.0,1.0,1.0,,,PENDING
cloud_hist_TIINDIA_20260708_2,2026-07-07T18:30:00,TIINDIA,SHORT,EQUITY,,,,,,,2897.820556640625,2608.038500976563,3013.73337890625,v2.2,NIFTY_200_AUG2026,TradeMind Core v2.2-CloudBackfill,,,,,,,,,,,,,,,LEGACY_UNVERIFIED,TARGET_HIT,,False,,,,,,,,,,2026-07-07T18:30:00,2026-09-04T12:45:05.703545,EQUITY,NSE,,,,,,,,,,,,,,,,,2026-09-04T12:45:07.065843,,,,,0,,,,,,,,SYSTEM,1.0,1.0,1.0,1.0,,,PENDING
recon_LICHSGFIN_20260708_0,2026-07-07T18:30:00,LICHSGFIN,SHORT,EQUITY,,,,,,,530.5999755859375,477.53997802734375,551.823974609375,v2.2,NIFTY_200_AUG2026,TradeMind-Quant-V2,,,,,,,,,,,,,,,LEGACY_UNVERIFIED,TARGET_HIT,,False,,,,,,,,,,2026-07-07T18:30:00,2026-09-04T12:45:05.579606,EQUITY,NSE,,,,,,,,,,,,,,,,,2026-09-04T12:45:07.063844,,,,,0,,,,,,,,SYSTEM,1.0,1.0,1.0,1.0,,,PENDING
recon_MAHABANK_20260708_0,2026-07-07T18:30:00,MAHABANK,SHORT,EQUITY,,,,,,,80.5999984741211,72.539998626709,83.82399841308595,v2.2,NIFTY_200_AUG2026,TradeMind-Quant-V2,,,,,,,,,,,,,,,LEGACY_UNVERIFIED,TARGET_HIT,,False,,,,,,,,,,2026-07-07T18:30:00,2026-09-04T12:45:05.582604,EQUITY,NSE,,,,,,,,,,,,,,,,,2026-09-04T12:45:07.063844,,,,,0,,,,,,,,SYSTEM,1.0,1.0,1.0,1.0,,,PENDING
recon_PNB_20260708_0,2026-07-07T18:30:00,PNB,SHORT,EQUITY,,,,,,,100.94999694824219,90.85499725341798,104.98799682617188,v2.2,NIFTY_200_AUG2026,TradeMind-Quant-V2,,,,,,,,,,,,,,,LEGACY_UNVERIFIED,TARGET_HIT,,False,,,,,,,,,,2026-07-07T18:30:00,2026-09-04T12:45:05.586602,EQUITY,NSE,,,,,,,,,,,,,,,,,2026-09-04T12:45:07.063844,,,,,0,,,,,,,,SYSTEM,1.0,1.0,1.0,1.0,,,PENDING
cloud_hist_TATAPOWER_20260708_4,2026-07-07T18:30:00,TATAPOWER,SHORT,EQUITY,,,,,,,372.1000061035156,334.8900054931641,386.98400634765625,v2.2,NIFTY_200_AUG2026,TradeMind Core v2.2-CloudBackfill,,,,,,,,,,,,,,,LEGACY_UNVERIFIED,TARGET_HIT,,False,,,,,,,,,,2026-07-07T18:30:00,2026-09-04T12:45:05.698548,EQUITY,NSE,,,,,,,,,,,,,,,,,2026-09-04T12:45:07.065843,,,,,0,,,,,,,,SYSTEM,1.0,1.0,1.0,1.0,,,PENDING
cloud_hist_SUNTV_20260708_2,2026-07-07T18:30:00,SUNTV,SHORT,EQUITY,,,,,,,496.6000061035156,446.94000549316405,516.4640063476563,v2.2,NIFTY_200_AUG2026,TradeMind Core v2.2-CloudBackfill,,,,,,,,,,,,,,,LEGACY_UNVERIFIED,TARGET_HIT,,False,,,,,,,,,,2026-07-07T18:30:00,2026-09-04T12:45:05.694552,EQUITY,NSE,,,,,,,,,,,,,,,,,2026-09-04T12:45:07.065843,,,,,0,,,,,,,,SYSTEM,1.0,1.0,1.0,1.0,,,PENDING
recon_PFC_20260708_1,2026-07-07T18:30:00,PFC,SHORT,EQUITY,,,,,,,399.8598937988281,359.8739044189453,415.8542895507813,v2.2,NIFTY_200_AUG2026,TradeMind-Quant-V2,,,,,,,,,,,,,,,LEGACY_UNVERIFIED,STOP_LOSS,,False,,,,,,,,,,2026-07-07T18:30:00,2026-09-04T12:45:05.589600,EQUITY,NSE,,,,,,,,,,,,,,,,,2026-09-04T12:45:07.063844,,,,,0,,,,,,,,SYSTEM,1.0,1.0,1.0,1.0,,,PENDING
recon_BANKINDIA_20260708_2,2026-07-07T18:30:00,BANKINDIA,SHORT,EQUITY,,,,,,,135.1199951171875,121.60799560546876,140.524794921875,v2.2,NIFTY_200_AUG2026,TradeMind-Quant-V2,,,,,,,,,,,,,,,LEGACY_UNVERIFIED,TARGET_HIT,,False,,,,,,,,,,2026-07-07T18:30:00,2026-09-04T12:45:05.529645,EQUITY,NSE,,,,,,,,,,,,,,,,,2026-09-04T12:45:07.062845,,,,,0,,,,,,,,SYSTEM,1.0,1.0,1.0,1.0,,,PENDING
recon_POLYCAB_20260708_1,2026-07-07T18:30:00,POLYCAB,SHORT,EQUITY,,,,,,,9234.0,8310.6,9603.36,v2.2,NIFTY_200_AUG2026,TradeMind-Quant-V2,,,,,,,,,,,,,,,LEGACY_UNVERIFIED,STOP_LOSS,,False,,,,,,,,,,2026-07-07T18:30:00,2026-09-04T12:45:05.591609,EQUITY,NSE,,,,,,,,,,,,,,,,,2026-09-04T12:45:07.063844,,,,,0,,,,,,,,SYSTEM,1.0,1.0,1.0,1.0,,,PENDING
recon_POWERGRID_20260708_1,2026-07-07T18:30:00,POWERGRID,SHORT,EQUITY,,,,,,,279.70001220703125,251.73001098632812,290.8880126953125,v2.2,NIFTY_200_AUG2026,TradeMind-Quant-V2,,,,,,,,,,,,,,,LEGACY_UNVERIFIED,STOP_LOSS,,False,,,,,,,,,,2026-07-07T18:30:00,2026-09-04T12:45:05.591609,EQUITY,NSE,,,,,,,,,,,,,,,,,2026-09-04T12:45:07.063844,,,,,0,,,,,,,,SYSTEM,1.0,1.0,1.0,1.0,,,PENDING
cloud_hist_POLYCAB_20260708_3,2026-07-07T18:30:00,POLYCAB,SHORT,EQUITY,,,,,,,9234.0,8310.6,9603.36,v2.2,NIFTY_200_AUG2026,TradeMind Core v2.2-CloudBackfill,,,,,,,,,,,,,,,LEGACY_UNVERIFIED,STOP_LOSS,,False,,,,,,,,,,2026-07-07T18:30:00,2026-09-04T12:45:05.689555,EQUITY,NSE,,,,,,,,,,,,,,,,,2026-09-04T12:45:07.064844,,,,,0,,,,,,,,SYSTEM,1.0,1.0,1.0,1.0,,,PENDING
cloud_hist_POWERGRID_20260708_3,2026-07-07T18:30:00,POWERGRID,SHORT,EQUITY,,,,,,,279.70001220703125,251.73001098632812,290.8880126953125,v2.2,NIFTY_200_AUG2026,TradeMind Core v2.2-CloudBackfill,,,,,,,,,,,,,,,LEGACY_UNVERIFIED,STOP_LOSS,,False,,,,,,,,,,2026-07-07T18:30:00,2026-09-04T12:45:05.684559,EQUITY,NSE,,,,,,,,,,,,,,,,,2026-09-04T12:45:07.064844,,,,,0,,,,,,,,SYSTEM,1.0,1.0,1.0,1.0,,,PENDING
recon_BIOCON_20260708_0,2026-07-07T18:30:00,BIOCON,SHORT,EQUITY,,,,,,,397.04998779296875,357.34498901367186,412.93198730468754,v2.2,NIFTY_200_AUG2026,TradeMind-Quant-V2,,,,,,,,,,,,,,,LEGACY_UNVERIFIED,TARGET_HIT,,False,,,,,,,,,,2026-07-07T18:30:00,2026-09-04T12:45:05.532643,EQUITY,NSE,,,,,,,,,,,,,,,,,2026-09-04T12:45:07.062845,,,,,0,,,,,,,,SYSTEM,1.0,1.0,1.0,1.0,,,PENDING
recon_SUNTV_20260708_0,2026-07-07T18:30:00,SUNTV,SHORT,EQUITY,,,,,,,496.6000061035156,446.94000549316405,516.4640063476563,v2.2,NIFTY_200_AUG2026,TradeMind-Quant-V2,,,,,,,,,,,,,,,LEGACY_UNVERIFIED,TARGET_HIT,,False,,,,,,,,,,2026-07-07T18:30:00,2026-09-04T12:45:05.598605,EQUITY,NSE,,,,,,,,,,,,,,,,,2026-09-04T12:45:07.063844,,,,,0,,,,,,,,SYSTEM,1.0,1.0,1.0,1.0,,,PENDING
cloud_hist_PFC_20260708_3,2026-07-07T18:30:00,PFC,SHORT,EQUITY,,,,,,,399.8598937988281,359.8739044189453,415.8542895507813,v2.2,NIFTY_200_AUG2026,TradeMind Core v2.2-CloudBackfill,,,,,,,,,,,,,,,LEGACY_UNVERIFIED,STOP_LOSS,,False,,,,,,,,,,2026-07-07T18:30:00,2026-09-04T12:45:05.682563,EQUITY,NSE,,,,,,,,,,,,,,,,,2026-09-04T12:45:07.064844,,,,,0,,,,,,,,SYSTEM,1.0,1.0,1.0,1.0,,,PENDING
cloud_hist_PNB_20260708_2,2026-07-07T18:30:00,PNB,SHORT,EQUITY,,,,,,,100.94999694824219,90.85499725341798,104.98799682617188,v2.2,NIFTY_200_AUG2026,TradeMind Core v2.2-CloudBackfill,,,,,,,,,,,,,,,LEGACY_UNVERIFIED,TARGET_HIT,,False,,,,,,,,,,2026-07-07T18:30:00,2026-09-04T12:45:05.680558,EQUITY,NSE,,,,,,,,,,,,,,,,,2026-09-04T12:45:07.064844,,,,,0,,,,,,,,SYSTEM,1.0,1.0,1.0,1.0,,,PENDING
recon_TATAPOWER_20260708_2,2026-07-07T18:30:00,TATAPOWER,SHORT,EQUITY,,,,,,,372.1000061035156,334.8900054931641,386.98400634765625,v2.2,NIFTY_200_AUG2026,TradeMind-Quant-V2,,,,,,,,,,,,,,,LEGACY_UNVERIFIED,TARGET_HIT,,False,,,,,,,,,,2026-07-07T18:30:00,2026-09-04T12:45:05.601603,EQUITY,NSE,,,,,,,,,,,,,,,,,2026-09-04T12:45:07.063844,,,,,0,,,,,,,,SYSTEM,1.0,1.0,1.0,1.0,,,PENDING
recon_CANBK_20260708_1,2026-07-07T18:30:00,CANBK,SHORT,EQUITY,,,,,,,121.1500015258789,109.03500137329102,125.99600158691406,v2.2,NIFTY_200_AUG2026,TradeMind-Quant-V2,,,,,,,,,,,,,,,LEGACY_UNVERIFIED,STOP_LOSS,,False,,,,,,,,,,2026-07-07T18:30:00,2026-09-04T12:45:05.533642,EQUITY,NSE,,,,,,,,,,,,,,,,,2026-09-04T12:45:07.062845,,,,,0,,,,,,,,SYSTEM,1.0,1.0,1.0,1.0,,,PENDING
recon_TIINDIA_20260708_0,2026-07-07T18:30:00,TIINDIA,SHORT,EQUITY,,,,,,,2897.820556640625,2608.038500976563,3013.73337890625,v2.2,NIFTY_200_AUG2026,TradeMind-Quant-V2,,,,,,,,,,,,,,,LEGACY_UNVERIFIED,TARGET_HIT,,False,,,,,,,,,,2026-07-07T18:30:00,2026-09-04T12:45:05.604602,EQUITY,NSE,,,,,,,,,,,,,,,,,2026-09-04T12:45:07.063844,,,,,0,,,,,,,,SYSTEM,1.0,1.0,1.0,1.0,,,PENDING
cloud_hist_MAHABANK_20260708_2,2026-07-07T18:30:00,MAHABANK,SHORT,EQUITY,,,,,,,80.5999984741211,72.539998626709,83.82399841308595,v2.2,NIFTY_200_AUG2026,TradeMind Core v2.2-CloudBackfill,,,,,,,,,,,,,,,LEGACY_UNVERIFIED,TARGET_HIT,,False,,,,,,,,,,2026-07-07T18:30:00,2026-09-04T12:45:05.673563,EQUITY,NSE,,,,,,,,,,,,,,,,,2026-09-04T12:45:07.064844,,,,,0,,,,,,,,SYSTEM,1.0,1.0,1.0,1.0,,,PENDING
cloud_hist_LICHSGFIN_20260708_2,2026-07-07T18:30:00,LICHSGFIN,SHORT,EQUITY,,,,,,,530.5999755859375,477.53997802734375,551.823974609375,v2.2,NIFTY_200_AUG2026,TradeMind Core v2.2-CloudBackfill,,,,,,,,,,,,,,,LEGACY_UNVERIFIED,TARGET_HIT,,False,,,,,,,,,,2026-07-07T18:30:00,2026-09-04T12:45:05.668565,EQUITY,NSE,,,,,,,,,,,,,,,,,2026-09-04T12:45:07.064844,,,,,0,,,,,,,,SYSTEM,1.0,1.0,1.0,1.0,,,PENDING
cloud_hist_KOTAKBANK_20260708_3,2026-07-07T18:30:00,KOTAKBANK,SHORT,EQUITY,,,,,,,369.462158203125,332.5159423828125,384.24064453125004,v2.2,NIFTY_200_AUG2026,TradeMind Core v2.2-CloudBackfill,,,,,,,,,,,,,,,LEGACY_UNVERIFIED,STOP_LOSS,,False,,,,,,,,,,2026-07-07T18:30:00,2026-09-04T12:45:05.666566,EQUITY,NSE,,,,,,,,,,,,,,,,,2026-09-04T12:45:07.064844,,,,,0,,,,,,,,SYSTEM,1.0,1.0,1.0,1.0,,,PENDING
cloud_hist_JINDALSTEL_20260708_3,2026-07-07T18:30:00,JINDALSTEL,SHORT,EQUITY,,,,,,,1021.5,919.35,1062.3600000000001,v2.2,NIFTY_200_AUG2026,TradeMind Core v2.2-CloudBackfill,,,,,,,,,,,,,,,LEGACY_UNVERIFIED,STOP_LOSS,,False,,,,,,,,,,2026-07-07T18:30:00,2026-09-04T12:45:05.660569,EQUITY,NSE,,,,,,,,,,,,,,,,,2026-09-04T12:45:07.064844,,,,,0,,,,,,,,SYSTEM,1.0,1.0,1.0,1.0,,,PENDING
cloud_hist_BANKINDIA_20260708_4,2026-07-07T18:30:00,BANKINDIA,SHORT,EQUITY,,,,,,,135.1199951171875,121.60799560546876,140.524794921875,v2.2,NIFTY_200_AUG2026,TradeMind Core v2.2-CloudBackfill,,,,,,,,,,,,,,,LEGACY_UNVERIFIED,TARGET_HIT,,False,,,,,,,,,,2026-07-07T18:30:00,2026-09-04T12:45:05.630586,EQUITY,NSE,,,,,,,,,,,,,,,,,2026-09-04T12:45:07.064844,,,,,0,,,,,,,,SYSTEM,1.0,1.0,1.0,1.0,,,PENDING
cloud_hist_CANBK_20260708_3,2026-07-07T18:30:00,CANBK,SHORT,EQUITY,,,,,,,121.1500015258789,109.03500137329102,125.99600158691406,v2.2,NIFTY_200_AUG2026,TradeMind Core v2.2-CloudBackfill,,,,,,,,,,,,,,,LEGACY_UNVERIFIED,STOP_LOSS,,False,,,,,,,,,,2026-07-07T18:30:00,2026-09-04T12:45:05.635583,EQUITY,NSE,,,,,,,,,,,,,,,,,2026-09-04T12:45:07.064844,,,,,0,,,,,,,,SYSTEM,1.0,1.0,1.0,1.0,,,PENDING
prod_BHARTIARTL_202607070000,2026-07-07T00:00:00,BHARTIARTL,LONG,EQUITY,,,,,,,3444.0,3753.9600000000005,3168.48,v2.2,NIFTY_200_AUG2026,TradeMind Core v2.2,,,,,,,,,,,,,,,LEGACY_UNVERIFIED,TARGET_HIT,,False,,,,,,,,,,2026-07-07T00:00:00,2026-09-04T12:45:05.555630,EQUITY,NSE,,,,,,,,,,,,,,,,,2026-09-04T12:45:07.063844,,,,,0,,,,,,,,SYSTEM,1.0,1.0,1.0,1.0,,,PENDING
prod_SBIN_202607070000,2026-07-07T00:00:00,SBIN,LONG,EQUITY,,,,,,,1327.0,1486.2400000000002,1220.8400000000001,v2.2,NIFTY_200_AUG2026,TradeMind Core v2.2,,,,,,,,,,,,,,,LEGACY_UNVERIFIED,EXPIRED,,False,,,,,,,,,,2026-07-07T00:00:00,2026-09-04T12:45:05.553631,EQUITY,NSE,,,,,,,,,,,,,,,,,2026-09-04T12:45:07.063844,,,,,0,,,,,,,,SYSTEM,1.0,1.0,1.0,1.0,,,PENDING
cloud_hist_SBILIFE_20260707_1,2026-07-06T18:30:00,SBILIFE,LONG,EQUITY,,,,,,,1832.300048828125,2015.5300537109376,1759.008046875,v2.2,NIFTY_200_AUG2026,TradeMind Core v2.2-CloudBackfill,,,,,,,,,,,,,,,LEGACY_UNVERIFIED,STOP_LOSS,,False,,,,,,,,,,2026-07-06T18:30:00,2026-09-04T12:45:05.687556,EQUITY,NSE,,,,,,,,,,,,,,,,,2026-09-04T12:45:07.064844,,,,,0,,,,,,,,SYSTEM,1.0,1.0,1.0,1.0,,,PENDING
cloud_hist_DABUR_20260707_3,2026-07-06T18:30:00,DABUR,LONG,EQUITY,,,,,,,447.6919860839844,492.46118469238286,429.784306640625,v2.2,NIFTY_200_AUG2026,TradeMind Core v2.2-CloudBackfill,,,,,,,,,,,,,,,LEGACY_UNVERIFIED,STOP_LOSS,,False,,,,,,,,,,2026-07-06T18:30:00,2026-09-04T12:45:05.642579,EQUITY,NSE,,,,,,,,,,,,,,,,,2026-09-04T12:45:07.064844,,,,,0,,,,,,,,SYSTEM,1.0,1.0,1.0,1.0,,,PENDING
cloud_hist_SYNGENE_20260707_3,2026-07-06T18:30:00,SYNGENE,SHORT,EQUITY,,,,,,,422.70001220703125,380.4300109863281,439.60801269531254,v2.2,NIFTY_200_AUG2026,TradeMind Core v2.2-CloudBackfill,,,,,,,,,,,,,,,LEGACY_UNVERIFIED,STOP_LOSS,,False,,,,,,,,,,2026-07-06T18:30:00,2026-09-04T12:45:05.696549,EQUITY,NSE,,,,,,,,,,,,,,,,,2026-09-04T12:45:07.065843,,,,,0,,,,,,,,SYSTEM,1.0,1.0,1.0,1.0,,,PENDING
cloud_hist_COALINDIA_20260707_3,2026-07-06T18:30:00,COALINDIA,SHORT,EQUITY,,,,,,,423.29510498046875,380.96559448242186,440.22690917968754,v2.2,NIFTY_200_AUG2026,TradeMind Core v2.2-CloudBackfill,,,,,,,,,,,,,,,LEGACY_UNVERIFIED,STOP_LOSS,,False,,,,,,,,,,2026-07-06T18:30:00,2026-09-04T12:45:05.636583,EQUITY,NSE,,,,,,,,,,,,,,,,,2026-09-04T12:45:07.064844,,,,,0,,,,,,,,SYSTEM,1.0,1.0,1.0,1.0,,,PENDING
recon_HAVELLS_20260707_1,2026-07-06T18:30:00,HAVELLS,LONG,EQUITY,,,,,,,1225.0,1347.5,1176.0,v2.2,NIFTY_200_AUG2026,TradeMind-Quant-V2,,,,,,,,,,,,,,,LEGACY_UNVERIFIED,STOP_LOSS,,False,,,,,,,,,,2026-07-06T18:30:00,2026-09-04T12:45:05.568622,EQUITY,NSE,,,,,,,,,,,,,,,,,2026-09-04T12:45:07.063844,,,,,0,,,,,,,,SYSTEM,1.0,1.0,1.0,1.0,,,PENDING
cloud_hist_GLAND_20260707_3,2026-07-06T18:30:00,GLAND,LONG,EQUITY,,,,,,,2530.879638671875,2783.9676025390627,2429.644453125,v2.2,NIFTY_200_AUG2026,TradeMind Core v2.2-CloudBackfill,,,,,,,,,,,,,,,LEGACY_UNVERIFIED,STOP_LOSS,,False,,,,,,,,,,2026-07-06T18:30:00,2026-09-04T12:45:05.646577,EQUITY,NSE,,,,,,,,,,,,,,,,,2026-09-04T12:45:07.064844,,,,,0,,,,,,,,SYSTEM,1.0,1.0,1.0,1.0,,,PENDING
cloud_hist_SIEMENS_20260707_3,2026-07-06T18:30:00,SIEMENS,SHORT,EQUITY,,,,,,,3477.90966796875,3130.1187011718753,3617.0260546875,v2.2,NIFTY_200_AUG2026,TradeMind Core v2.2-CloudBackfill,,,,,,,,,,,,,,,LEGACY_UNVERIFIED,STOP_LOSS,,False,,,,,,,,,,2026-07-06T18:30:00,2026-09-04T12:45:05.692552,EQUITY,NSE,,,,,,,,,,,,,,,,,2026-09-04T12:45:07.065843,,,,,0,,,,,,,,SYSTEM,1.0,1.0,1.0,1.0,,,PENDING
cloud_hist_BAJFINANCE_20260707_2,2026-07-06T18:30:00,BAJFINANCE,LONG,EQUITY,,,,,,,1042.5,1146.75,1000.8,v2.2,NIFTY_200_AUG2026,TradeMind Core v2.2-CloudBackfill,,,,,,,,,,,,,,,LEGACY_UNVERIFIED,TARGET_HIT,,False,,,,,,,,,,2026-07-06T18:30:00,2026-09-04T12:45:05.625589,EQUITY,NSE,,,,,,,,,,,,,,,,,2026-09-04T12:45:07.064844,,,,,0,,,,,,,,SYSTEM,1.0,1.0,1.0,1.0,,,PENDING
recon_JUBLFOOD_20260707_0,2026-07-06T18:30:00,JUBLFOOD,LONG,EQUITY,,,,,,,453.6598205566406,499.02580261230474,435.513427734375,v2.2,NIFTY_200_AUG2026,TradeMind-Quant-V2,,,,,,,,,,,,,,,LEGACY_UNVERIFIED,TARGET_HIT,,False,,,,,,,,,,2026-07-06T18:30:00,2026-09-04T12:45:05.577607,EQUITY,NSE,,,,,,,,,,,,,,,,,2026-09-04T12:45:07.063844,,,,,0,,,,,,,,SYSTEM,1.0,1.0,1.0,1.0,,,PENDING
recon_BAJFINANCE_20260707_0,2026-07-06T18:30:00,BAJFINANCE,LONG,EQUITY,,,0.75,0.75,0.5,1.0,1042.5,1146.75,1000.8,v2.2,NIFTY_200_AUG2026,TradeMind-Quant-V2,v1.0.0,,,2026-07-21T18:30:00,1146.75,10.0,,,,,9.8,,,,LIVE_SHADOW_VERIFIED,TARGET_HIT,,True,,,,,10.0,,9.8,,,2026-09-02T10:54:35.460921,2026-09-02T10:54:35.460921,,,,,,,,,,,,,,,,,,,,,,TERMINAL,,4,,,,,,,,,,,,,,,
recon_GLAND_20260707_1,2026-07-06T18:30:00,GLAND,LONG,EQUITY,,,,,,,2530.879638671875,2783.9676025390627,2429.644453125,v2.2,NIFTY_200_AUG2026,TradeMind-Quant-V2,,,,,,,,,,,,,,,LEGACY_UNVERIFIED,STOP_LOSS,,False,,,,,,,,,,2026-07-06T18:30:00,2026-09-04T12:45:05.564624,EQUITY,NSE,,,,,,,,,,,,,,,,,2026-09-04T12:45:07.063844,,,,,0,,,,,,,,SYSTEM,1.0,1.0,1.0,1.0,,,PENDING
recon_COALINDIA_20260707_1,2026-07-06T18:30:00,COALINDIA,SHORT,EQUITY,,,,,,,423.29510498046875,380.96559448242186,440.22690917968754,v2.2,NIFTY_200_AUG2026,TradeMind-Quant-V2,,,,,,,,,,,,,,,LEGACY_UNVERIFIED,STOP_LOSS,,False,,,,,,,,,,2026-07-06T18:30:00,2026-09-04T12:45:05.535641,EQUITY,NSE,,,,,,,,,,,,,,,,,2026-09-04T12:45:07.062845,,,,,0,,,,,,,,SYSTEM,1.0,1.0,1.0,1.0,,,PENDING
cloud_hist_MPHASIS_20260707_2,2026-07-06T18:30:00,MPHASIS,LONG,EQUITY,,,,,,,2312.60009765625,2543.860107421875,2220.09609375,v2.2,NIFTY_200_AUG2026,TradeMind Core v2.2-CloudBackfill,,,,,,,,,,,,,,,LEGACY_UNVERIFIED,TARGET_HIT,,False,,,,,,,,,,2026-07-06T18:30:00,2026-09-04T12:45:05.674562,EQUITY,NSE,,,,,,,,,,,,,,,,,2026-09-04T12:45:07.064844,,,,,0,,,,,,,,SYSTEM,1.0,1.0,1.0,1.0,,,PENDING
recon_SYNGENE_20260707_1,2026-07-06T18:30:00,SYNGENE,SHORT,EQUITY,,,,,,,422.70001220703125,380.4300109863281,439.60801269531254,v2.2,NIFTY_200_AUG2026,TradeMind-Quant-V2,,,,,,,,,,,,,,,LEGACY_UNVERIFIED,STOP_LOSS,,False,,,,,,,,,,2026-07-06T18:30:00,2026-09-04T12:45:05.599604,EQUITY,NSE,,,,,,,,,,,,,,,,,2026-09-04T12:45:07.063844,,,,,0,,,,,,,,SYSTEM,1.0,1.0,1.0,1.0,,,PENDING
recon_DABUR_20260707_1,2026-07-06T18:30:00,DABUR,LONG,EQUITY,,,,,,,447.6919860839844,492.46118469238286,429.784306640625,v2.2,NIFTY_200_AUG2026,TradeMind-Quant-V2,,,,,,,,,,,,,,,LEGACY_UNVERIFIED,STOP_LOSS,,False,,,,,,,,,,2026-07-06T18:30:00,2026-09-04T12:45:05.538639,EQUITY,NSE,,,,,,,,,,,,,,,,,2026-09-04T12:45:07.062845,,,,,0,,,,,,,,SYSTEM,1.0,1.0,1.0,1.0,,,PENDING
cloud_hist_JUBLFOOD_20260707_2,2026-07-06T18:30:00,JUBLFOOD,LONG,EQUITY,,,,,,,453.6598205566406,499.02580261230474,435.513427734375,v2.2,NIFTY_200_AUG2026,TradeMind Core v2.2-CloudBackfill,,,,,,,,,,,,,,,LEGACY_UNVERIFIED,TARGET_HIT,,False,,,,,,,,,,2026-07-06T18:30:00,2026-09-04T12:45:05.614596,EQUITY,NSE,,,,,,,,,,,,,,,,,2026-09-04T12:45:07.063844,,,,,0,,,,,,,,SYSTEM,1.0,1.0,1.0,1.0,,,PENDING
recon_SIEMENS_20260707_1,2026-07-06T18:30:00,SIEMENS,SHORT,EQUITY,,,,,,,3477.90966796875,3130.1187011718753,3617.0260546875,v2.2,NIFTY_200_AUG2026,TradeMind-Quant-V2,,,,,,,,,,,,,,,LEGACY_UNVERIFIED,STOP_LOSS,,False,,,,,,,,,,2026-07-06T18:30:00,2026-09-04T12:45:05.597605,EQUITY,NSE,,,,,,,,,,,,,,,,,2026-09-04T12:45:07.063844,,,,,0,,,,,,,,SYSTEM,1.0,1.0,1.0,1.0,,,PENDING
cloud_hist_IRCTC_20260707_1,2026-07-06T18:30:00,IRCTC,SHORT,EQUITY,,,,,,,500.70001220703125,450.63001098632816,520.7280126953125,v2.2,NIFTY_200_AUG2026,TradeMind Core v2.2-CloudBackfill,,,,,,,,,,,,,,,LEGACY_UNVERIFIED,STOP_LOSS,,False,,,,,,,,,,2026-07-06T18:30:00,2026-09-04T12:45:05.665566,EQUITY,NSE,,,,,,,,,,,,,,,,,2026-09-04T12:45:07.064844,,,,,0,,,,,,,,SYSTEM,1.0,1.0,1.0,1.0,,,PENDING
cloud_hist_PAYTM_20260707_1,2026-07-06T18:30:00,PAYTM,LONG,EQUITY,,,,,,,1246.0,1370.6000000000001,1196.1599999999999,v2.2,NIFTY_200_AUG2026,TradeMind Core v2.2-CloudBackfill,,,,,,,,,,,,,,,LEGACY_UNVERIFIED,STOP_LOSS,,False,,,,,,,,,,2026-07-06T18:30:00,2026-09-04T12:45:05.679559,EQUITY,NSE,,,,,,,,,,,,,,,,,2026-09-04T12:45:07.064844,,,,,0,,,,,,,,SYSTEM,1.0,1.0,1.0,1.0,,,PENDING
cloud_hist_TITAN_20260707_0,2026-07-06T18:30:00,TITAN,LONG,EQUITY,,,,,,,4589.14208984375,5048.056298828125,4405.57640625,v2.2,NIFTY_200_AUG2026,TradeMind Core v2.2-CloudBackfill,,,,,,,,,,,,,,,LEGACY_UNVERIFIED,TARGET_HIT,,False,,,,,,,,,,2026-07-06T18:30:00,2026-09-04T12:45:05.699547,EQUITY,NSE,,,,,,,,,,,,,,,,,2026-09-04T12:45:07.065843,,,,,0,,,,,,,,SYSTEM,1.0,1.0,1.0,1.0,,,PENDING
recon_MPHASIS_20260707_0,2026-07-06T18:30:00,MPHASIS,LONG,EQUITY,,,,,,,2312.60009765625,2543.860107421875,2220.09609375,v2.2,NIFTY_200_AUG2026,TradeMind-Quant-V2,,,,,,,,,,,,,,,LEGACY_UNVERIFIED,TARGET_HIT,,False,,,,,,,,,,2026-07-06T18:30:00,2026-09-04T12:45:05.582604,EQUITY,NSE,,,,,,,,,,,,,,,,,2026-09-04T12:45:07.063844,,,,,0,,,,,,,,SYSTEM,1.0,1.0,1.0,1.0,,,PENDING
cloud_hist_HAVELLS_20260707_3,2026-07-06T18:30:00,HAVELLS,LONG,EQUITY,,,,,,,1225.0,1347.5,1176.0,v2.2,NIFTY_200_AUG2026,TradeMind Core v2.2-CloudBackfill,,,,,,,,,,,,,,,LEGACY_UNVERIFIED,STOP_LOSS,,False,,,,,,,,,,2026-07-06T18:30:00,2026-09-04T12:45:05.652574,EQUITY,NSE,,,,,,,,,,,,,,,,,2026-09-04T12:45:07.064844,,,,,0,,,,,,,,SYSTEM,1.0,1.0,1.0,1.0,,,PENDING
prod_INFY_202607060000,2026-07-06T00:00:00,INFY,LONG,EQUITY,,,,,,,1433.0,1561.97,1318.3600000000001,v2.2,NIFTY_200_AUG2026,TradeMind Core v2.2,,,,,,,,,,,,,,,LEGACY_UNVERIFIED,TARGET_HIT,,False,,,,,,,,,,2026-07-06T00:00:00,2026-09-04T12:45:05.548633,EQUITY,NSE,,,,,,,,,,,,,,,,,2026-09-04T12:45:07.063844,,,,,0,,,,,,,,SYSTEM,1.0,1.0,1.0,1.0,,,PENDING
cloud_hist_INDHOTEL_20260706_4,2026-07-05T18:30:00,INDHOTEL,LONG,EQUITY,,,,,,,738.1500244140625,811.9650268554689,708.6240234375,v2.2,NIFTY_200_AUG2026,TradeMind Core v2.2-CloudBackfill,,,,,,,,,,,,,,,LEGACY_UNVERIFIED,TARGET_HIT,,False,,,,,,,,,,2026-07-05T18:30:00,2026-09-04T12:45:05.661568,EQUITY,NSE,,,,,,,,,,,,,,,,,2026-09-04T12:45:07.064844,,,,,0,,,,,,,,SYSTEM,1.0,1.0,1.0,1.0,,,PENDING
cloud_hist_JSWENERGY_20260706_3,2026-07-05T18:30:00,JSWENERGY,SHORT,EQUITY,,,,,,,547.4000244140625,492.66002197265624,569.296025390625,v2.2,NIFTY_200_AUG2026,TradeMind Core v2.2-CloudBackfill,,,,,,,,,,,,,,,LEGACY_UNVERIFIED,STOP_LOSS,,False,,,,,,,,,,2026-07-05T18:30:00,2026-09-04T12:45:05.658570,EQUITY,NSE,,,,,,,,,,,,,,,,,2026-09-04T12:45:07.064844,,,,,0,,,,,,,,SYSTEM,1.0,1.0,1.0,1.0,,,PENDING
recon_UNITDSPR_20260706_0,2026-07-05T18:30:00,UNITDSPR,LONG,EQUITY,,,,,,,1416.3924560546875,1558.0317016601564,1359.7367578125,v2.2,NIFTY_200_AUG2026,TradeMind-Quant-V2,,,,,,,,,,,,,,,LEGACY_UNVERIFIED,TARGET_HIT,,False,,,,,,,,,,2026-07-05T18:30:00,2026-09-04T12:45:05.605601,EQUITY,NSE,,,,,,,,,,,,,,,,,2026-09-04T12:45:07.063844,,,,,0,,,,,,,,SYSTEM,1.0,1.0,1.0,1.0,,,PENDING
recon_JSWENERGY_20260706_1,2026-07-05T18:30:00,JSWENERGY,SHORT,EQUITY,,,,,,,547.4000244140625,492.66002197265624,569.296025390625,v2.2,NIFTY_200_AUG2026,TradeMind-Quant-V2,,,,,,,,,,,,,,,LEGACY_UNVERIFIED,STOP_LOSS,,False,,,,,,,,,,2026-07-05T18:30:00,2026-09-04T12:45:05.576608,EQUITY,NSE,,,,,,,,,,,,,,,,,2026-09-04T12:45:07.063844,,,,,0,,,,,,,,SYSTEM,1.0,1.0,1.0,1.0,,,PENDING
cloud_hist_VBL_20260706_1,2026-07-05T18:30:00,VBL,SHORT,EQUITY,,,,,,,494.30181884765625,444.87163696289065,514.0738916015625,v2.2,NIFTY_200_AUG2026,TradeMind Core v2.2-CloudBackfill,,,,,,,,,,,,,,,LEGACY_UNVERIFIED,STOP_LOSS,,False,,,,,,,,,,2026-07-05T18:30:00,2026-09-04T12:45:05.706543,EQUITY,NSE,,,,,,,,,,,,,,,,,2026-09-04T12:45:07.065843,,,,,0,,,,,,,,SYSTEM,1.0,1.0,1.0,1.0,,,PENDING
cloud_hist_NESTLEIND_20260706_1,2026-07-05T18:30:00,NESTLEIND,LONG,EQUITY,,,,,,,1466.649658203125,1613.3146240234375,1407.983671875,v2.2,NIFTY_200_AUG2026,TradeMind Core v2.2-CloudBackfill,,,,,,,,,,,,,,,LEGACY_UNVERIFIED,STOP_LOSS,,False,,,,,,,,,,2026-07-05T18:30:00,2026-09-04T12:45:05.676560,EQUITY,NSE,,,,,,,,,,,,,,,,,2026-09-04T12:45:07.064844,,,,,0,,,,,,,,SYSTEM,1.0,1.0,1.0,1.0,,,PENDING
cloud_hist_UNITDSPR_20260706_2,2026-07-05T18:30:00,UNITDSPR,LONG,EQUITY,,,,,,,1416.3924560546875,1558.0317016601564,1359.7367578125,v2.2,NIFTY_200_AUG2026,TradeMind Core v2.2-CloudBackfill,,,,,,,,,,,,,,,LEGACY_UNVERIFIED,TARGET_HIT,,False,,,,,,,,,,2026-07-05T18:30:00,2026-09-04T12:45:05.705544,EQUITY,NSE,,,,,,,,,,,,,,,,,2026-09-04T12:45:07.065843,,,,,0,,,,,,,,SYSTEM,1.0,1.0,1.0,1.0,,,PENDING
recon_INDHOTEL_20260706_2,2026-07-05T18:30:00,INDHOTEL,LONG,EQUITY,,,,,,,738.1500244140625,811.9650268554689,708.6240234375,v2.2,NIFTY_200_AUG2026,TradeMind-Quant-V2,,,,,,,,,,,,,,,LEGACY_UNVERIFIED,TARGET_HIT,,False,,,,,,,,,,2026-07-05T18:30:00,2026-09-04T12:45:05.572620,EQUITY,NSE,,,,,,,,,,,,,,,,,2026-09-04T12:45:07.063844,,,,,0,,,,,,,,SYSTEM,1.0,1.0,1.0,1.0,,,PENDING
cloud_hist_CHOLAFIN_20260706_2,2026-07-05T18:30:00,CHOLAFIN,LONG,EQUITY,,,,,,,1849.7734375,2034.7507812500003,1775.7825,v2.2,NIFTY_200_AUG2026,TradeMind Core v2.2-CloudBackfill,,,,,,,,,,,,,,,LEGACY_UNVERIFIED,TARGET_HIT,,False,,,,,,,,,,2026-07-05T18:30:00,2026-09-04T12:45:05.637583,EQUITY,NSE,,,,,,,,,,,,,,,,,2026-09-04T12:45:07.064844,,,,,0,,,,,,,,SYSTEM,1.0,1.0,1.0,1.0,,,PENDING
recon_ADANIENSOL_20260706_1,2026-07-05T18:30:00,ADANIENSOL,LONG,EQUITY,,,,,,,1622.800048828125,1785.0800537109376,1557.8880468749999,v2.2,NIFTY_200_AUG2026,TradeMind-Quant-V2,,,,,,,,,,,,,,,LEGACY_UNVERIFIED,STOP_LOSS,,False,,,,,,,,,,2026-07-05T18:30:00,2026-09-04T12:45:05.708541,EQUITY,NSE,,,,,,,,,,,,,,,,,2026-09-04T12:45:07.065843,,,,,0,,,,,,,,SYSTEM,1.0,1.0,1.0,1.0,,,PENDING
cloud_hist_M&M_20260706_1,2026-07-05T18:30:00,M&M,LONG,EQUITY,,,,,,,3201.199951171875,3521.319946289063,3073.151953125,v2.2,NIFTY_200_AUG2026,TradeMind Core v2.2-CloudBackfill,,,,,,,,,,,,,,,LEGACY_UNVERIFIED,STOP_LOSS,,False,,,,,,,,,,2026-07-05T18:30:00,2026-09-04T12:45:05.670554,EQUITY,NSE,,,,,,,,,,,,,,,,,2026-09-04T12:45:07.064844,,,,,0,,,,,,,,SYSTEM,1.0,1.0,1.0,1.0,,,PENDING
cloud_hist_HDFCBANK_20260706_1,2026-07-05T18:30:00,HDFCBANK,LONG,EQUITY,,,,,,,829.8499755859375,912.8349731445313,796.6559765625,v2.2,NIFTY_200_AUG2026,TradeMind Core v2.2-CloudBackfill,,,,,,,,,,,,,,,LEGACY_UNVERIFIED,STOP_LOSS,,False,,,,,,,,,,2026-07-05T18:30:00,2026-09-04T12:45:05.650575,EQUITY,NSE,,,,,,,,,,,,,,,,,2026-09-04T12:45:07.064844,,,,,0,,,,,,,,SYSTEM,1.0,1.0,1.0,1.0,,,PENDING
cloud_hist_ADANIENSOL_20260706_3,2026-07-05T18:30:00,ADANIENSOL,LONG,EQUITY,,,,,,,1622.800048828125,1785.0800537109376,1557.8880468749999,v2.2,NIFTY_200_AUG2026,TradeMind Core v2.2-CloudBackfill,,,,,,,,,,,,,,,LEGACY_UNVERIFIED,STOP_LOSS,,False,,,,,,,,,,2026-07-05T18:30:00,2026-09-04T12:45:05.577607,EQUITY,NSE,,,,,,,,,,,,,,,,,2026-09-04T12:45:07.063844,,,,,0,,,,,,,,SYSTEM,1.0,1.0,1.0,1.0,,,PENDING
recon_CHOLAFIN_20260706_0,2026-07-05T18:30:00,CHOLAFIN,LONG,EQUITY,,,,,,,1849.7734375,2034.7507812500003,1775.7825,v2.2,NIFTY_200_AUG2026,TradeMind-Quant-V2,,,,,,,,,,,,,,,LEGACY_UNVERIFIED,TARGET_HIT,,False,,,,,,,,,,2026-07-05T18:30:00,2026-09-04T12:45:05.534642,EQUITY,NSE,,,,,,,,,,,,,,,,,2026-09-04T12:45:07.062845,,,,,0,,,,,,,,SYSTEM,1.0,1.0,1.0,1.0,,,PENDING
prod_AXISBANK_202607050000,2026-07-05T00:00:00,AXISBANK,LONG,EQUITY,,,,,,,3621.0,4055.5200000000004,3439.95,v2.2,NIFTY_200_AUG2026,TradeMind Core v2.2,,,,,,,,,,,,,,,LEGACY_UNVERIFIED,STOP_LOSS,,False,,,,,,,,,,2026-07-05T00:00:00,2026-09-04T12:45:05.557628,EQUITY,NSE,,,,,,,,,,,,,,,,,2026-09-04T12:45:07.063844,,,,,0,,,,,,,,SYSTEM,1.0,1.0,1.0,1.0,,,PENDING
prod_ICICIBANK_202607040000,2026-07-04T00:00:00,ICICIBANK,LONG,EQUITY,,,,,,,3189.0,3571.6800000000003,3029.5499999999997,v2.2,NIFTY_200_AUG2026,TradeMind Core v2.2,,,,,,,,,,,,,,,LEGACY_UNVERIFIED,STOP_LOSS,,False,,,,,,,,,,2026-07-04T00:00:00,2026-09-04T12:45:05.550632,EQUITY,NSE,,,,,,,,,,,,,,,,,2026-09-04T12:45:07.063844,,,,,0,,,,,,,,SYSTEM,1.0,1.0,1.0,1.0,,,PENDING
prod_TCS_202607030000,2026-07-03T00:00:00,TCS,LONG,EQUITY,,,,,,,3201.0,3585.1200000000003,3040.95,v2.2,NIFTY_200_AUG2026,TradeMind Core v2.2,,,,,,,,,,,,,,,LEGACY_UNVERIFIED,STOP_LOSS,,False,,,,,,,,,,2026-07-03T00:00:00,2026-09-04T12:45:05.543636,EQUITY,NSE,,,,,,,,,,,,,,,,,2026-09-04T12:45:07.062845,,,,,0,,,,,,,,SYSTEM,1.0,1.0,1.0,1.0,,,PENDING
prod_SBIN_202607030000,2026-07-03T00:00:00,SBIN,LONG,EQUITY,,,,,,,2424.0,2714.88,2302.7999999999997,v2.2,NIFTY_200_AUG2026,TradeMind Core v2.2,,,,,,,,,,,,,,,LEGACY_UNVERIFIED,STOP_LOSS,,False,,,,,,,,,,2026-07-03T00:00:00,2026-09-04T12:45:05.553631,EQUITY,NSE,,,,,,,,,,,,,,,,,2026-09-04T12:45:07.063844,,,,,0,,,,,,,,SYSTEM,1.0,1.0,1.0,1.0,,,PENDING
prod_HDFCBANK_202607030000,2026-07-03T00:00:00,HDFCBANK,LONG,EQUITY,,,,,,,2596.0,2907.5200000000004,2466.2,v2.2,NIFTY_200_AUG2026,TradeMind Core v2.2,,,,,,,,,,,,,,,LEGACY_UNVERIFIED,STOP_LOSS,,False,,,,,,,,,,2026-07-03T00:00:00,2026-09-04T12:45:05.546634,EQUITY,NSE,,,,,,,,,,,,,,,,,2026-09-04T12:45:07.063844,,,,,0,,,,,,,,SYSTEM,1.0,1.0,1.0,1.0,,,PENDING
recon_SHREECEM_20260703_0,2026-07-02T18:30:00,SHREECEM,LONG,EQUITY,,,,,,,26695.609375,29365.170312500002,25627.785,v2.2,NIFTY_200_AUG2026,TradeMind-Quant-V2,,,,,,,,,,,,,,,LEGACY_UNVERIFIED,TARGET_HIT,,False,,,,,,,,,,2026-07-02T18:30:00,2026-09-04T12:45:05.596606,EQUITY,NSE,,,,,,,,,,,,,,,,,2026-09-04T12:45:07.063844,,,,,0,,,,,,,,SYSTEM,1.0,1.0,1.0,1.0,,,PENDING
cloud_hist_INDIANB_20260703_3,2026-07-02T18:30:00,INDIANB,SHORT,EQUITY,,,,,,,798.9500122070312,719.0550109863282,830.9080126953126,v2.2,NIFTY_200_AUG2026,TradeMind Core v2.2-CloudBackfill,,,,,,,,,,,,,,,LEGACY_UNVERIFIED,STOP_LOSS,,False,,,,,,,,,,2026-07-02T18:30:00,2026-09-04T12:45:05.661568,EQUITY,NSE,,,,,,,,,,,,,,,,,2026-09-04T12:45:07.064844,,,,,0,,,,,,,,SYSTEM,1.0,1.0,1.0,1.0,,,PENDING
recon_SUNPHARMA_20260703_0,2026-07-02T18:30:00,SUNPHARMA,LONG,EQUITY,,,,,,,1899.8209228515625,2089.803015136719,1823.8280859375,v2.2,NIFTY_200_AUG2026,TradeMind-Quant-V2,,,,,,,,,,,,,,,LEGACY_UNVERIFIED,TARGET_HIT,,False,,,,,,,,,,2026-07-02T18:30:00,2026-09-04T12:45:05.598605,EQUITY,NSE,,,,,,,,,,,,,,,,,2026-09-04T12:45:07.063844,,,,,0,,,,,,,,SYSTEM,1.0,1.0,1.0,1.0,,,PENDING
cloud_hist_MRF_20260703_4,2026-07-02T18:30:00,MRF,LONG,EQUITY,,,,,,,134420.375,147862.4125,129043.56,v2.2,NIFTY_200_AUG2026,TradeMind Core v2.2-CloudBackfill,,,,,,,,,,,,,,,LEGACY_UNVERIFIED,TARGET_HIT,,False,,,,,,,,,,2026-07-02T18:30:00,2026-09-04T12:45:05.670554,EQUITY,NSE,,,,,,,,,,,,,,,,,2026-09-04T12:45:07.064844,,,,,0,,,,,,,,SYSTEM,1.0,1.0,1.0,1.0,,,PENDING
recon_AMBUJACEM_20260703_2,2026-07-02T18:30:00,AMBUJACEM,LONG,EQUITY,,,,,,,443.3999938964844,487.73999328613286,425.663994140625,v2.2,NIFTY_200_AUG2026,TradeMind-Quant-V2,,,,,,,,,,,,,,,LEGACY_UNVERIFIED,TARGET_HIT,,False,,,,,,,,,,2026-07-02T18:30:00,2026-09-04T12:45:05.711540,EQUITY,NSE,,,,,,,,,,,,,,,,,2026-09-04T12:45:07.065843,,,,,0,,,,,,,,SYSTEM,1.0,1.0,1.0,1.0,,,PENDING
cloud_hist_SHREECEM_20260703_2,2026-07-02T18:30:00,SHREECEM,LONG,EQUITY,,,,,,,26695.609375,29365.170312500002,25627.785,v2.2,NIFTY_200_AUG2026,TradeMind Core v2.2-CloudBackfill,,,,,,,,,,,,,,,LEGACY_UNVERIFIED,TARGET_HIT,,False,,,,,,,,,,2026-07-02T18:30:00,2026-09-04T12:45:05.690554,EQUITY,NSE,,,,,,,,,,,,,,,,,2026-09-04T12:45:07.064844,,,,,0,,,,,,,,SYSTEM,1.0,1.0,1.0,1.0,,,PENDING
recon_MRF_20260703_2,2026-07-02T18:30:00,MRF,LONG,EQUITY,,,,,,,134420.375,147862.4125,129043.56,v2.2,NIFTY_200_AUG2026,TradeMind-Quant-V2,,,,,,,,,,,,,,,LEGACY_UNVERIFIED,TARGET_HIT,,False,,,,,,,,,,2026-07-02T18:30:00,2026-09-04T12:45:05.580606,EQUITY,NSE,,,,,,,,,,,,,,,,,2026-09-04T12:45:07.063844,,,,,0,,,,,,,,SYSTEM,1.0,1.0,1.0,1.0,,,PENDING
cloud_hist_ICICIBANK_20260703_3,2026-07-02T18:30:00,ICICIBANK,LONG,EQUITY,,,,,,,1399.6007080078125,1539.5607788085938,1343.6166796875,v2.2,NIFTY_200_AUG2026,TradeMind Core v2.2-CloudBackfill,,,,,,,,,,,,,,,LEGACY_UNVERIFIED,STOP_LOSS,,False,,,,,,,,,,2026-07-02T18:30:00,2026-09-04T12:45:05.655572,EQUITY,NSE,,,,,,,,,,,,,,,,,2026-09-04T12:45:07.064844,,,,,0,,,,,,,,SYSTEM,1.0,1.0,1.0,1.0,,,PENDING
recon_BANKBARODA_20260703_2,2026-07-02T18:30:00,BANKBARODA,SHORT,EQUITY,,,,,,,252.1999969482422,226.97999725341796,262.2879968261719,v2.2,NIFTY_200_AUG2026,TradeMind-Quant-V2,,,,,,,,,,,,,,,LEGACY_UNVERIFIED,TARGET_HIT,,False,,,,,,,,,,2026-07-02T18:30:00,2026-09-04T12:45:05.529645,EQUITY,NSE,,,,,,,,,,,,,,,,,2026-09-04T12:45:07.062845,,,,,0,,,,,,,,SYSTEM,1.0,1.0,1.0,1.0,,,PENDING
cloud_hist_ULTRACEMCO_20260703_1,2026-07-02T18:30:00,ULTRACEMCO,LONG,EQUITY,,,,,,,11488.5009765625,12637.351074218752,11028.9609375,v2.2,NIFTY_200_AUG2026,TradeMind Core v2.2-CloudBackfill,,,,,,,,,,,,,,,LEGACY_UNVERIFIED,STOP_LOSS,,False,,,,,,,,,,2026-07-02T18:30:00,2026-09-04T12:45:05.705544,EQUITY,NSE,,,,,,,,,,,,,,,,,2026-09-04T12:45:07.065843,,,,,0,,,,,,,,SYSTEM,1.0,1.0,1.0,1.0,,,PENDING
cloud_hist_ZYDUSLIFE_20260703_3,2026-07-02T18:30:00,ZYDUSLIFE,LONG,EQUITY,,,,,,,1139.575927734375,1253.5335205078127,1093.992890625,v2.2,NIFTY_200_AUG2026,TradeMind Core v2.2-CloudBackfill,,,,,,,,,,,,,,,LEGACY_UNVERIFIED,STOP_LOSS,,False,,,,,,,,,,2026-07-02T18:30:00,2026-09-04T12:45:05.617594,EQUITY,NSE,,,,,,,,,,,,,,,,,2026-09-04T12:45:07.064844,,,,,0,,,,,,,,SYSTEM,1.0,1.0,1.0,1.0,,,PENDING
cloud_hist_SUNPHARMA_20260703_2,2026-07-02T18:30:00,SUNPHARMA,LONG,EQUITY,,,,,,,1899.8209228515625,2089.803015136719,1823.8280859375,v2.2,NIFTY_200_AUG2026,TradeMind Core v2.2-CloudBackfill,,,,,,,,,,,,,,,LEGACY_UNVERIFIED,TARGET_HIT,,False,,,,,,,,,,2026-07-02T18:30:00,2026-09-04T12:45:05.694552,EQUITY,NSE,,,,,,,,,,,,,,,,,2026-09-04T12:45:07.065843,,,,,0,,,,,,,,SYSTEM,1.0,1.0,1.0,1.0,,,PENDING
cloud_hist_CONCOR_20260703_0,2026-07-02T18:30:00,CONCOR,LONG,EQUITY,,,,,,,486.712158203125,535.3833740234376,467.24367187499996,v2.2,NIFTY_200_AUG2026,TradeMind Core v2.2-CloudBackfill,,,,,,,,,,,,,,,LEGACY_UNVERIFIED,TARGET_HIT,,False,,,,,,,,,,2026-07-02T18:30:00,2026-09-04T12:45:05.640581,EQUITY,NSE,,,,,,,,,,,,,,,,,2026-09-04T12:45:07.064844,,,,,0,,,,,,,,SYSTEM,1.0,1.0,1.0,1.0,,,PENDING
recon_BAJAJHLDNG_20260703_1,2026-07-02T18:30:00,BAJAJHLDNG,LONG,EQUITY,,,0.75,0.75,0.5,1.0,11079.0,12186.900000000001,10635.84,v2.2,NIFTY_200_AUG2026,TradeMind-Quant-V2,v1.0.0,,,2026-07-17T18:30:00,10635.84,-4.0,,,,,-4.2,,,,LIVE_SHADOW_VERIFIED,STOP_LOSS,,True,,,,,-4.0,,-4.2,,,2026-09-04T05:00:24.578272,2026-09-04T05:00:24.578272,,,,,,,,,,,,,,,,,,,,,,TERMINAL,,4,,,,,,,,,,,,,,,
cloud_hist_ACC_20260703_4,2026-07-02T18:30:00,ACC,LONG,EQUITY,,,,,,,1393.800048828125,1533.1800537109377,1338.048046875,v2.2,NIFTY_200_AUG2026,TradeMind Core v2.2-CloudBackfill,,,,,,,,,,,,,,,LEGACY_UNVERIFIED,TARGET_HIT,,False,,,,,,,,,,2026-07-02T18:30:00,2026-09-04T12:45:05.588601,EQUITY,NSE,,,,,,,,,,,,,,,,,2026-09-04T12:45:07.063844,,,,,0,,,,,,,,SYSTEM,1.0,1.0,1.0,1.0,,,PENDING
recon_ICICIBANK_20260703_1,2026-07-02T18:30:00,ICICIBANK,LONG,EQUITY,,,,,,,1399.6007080078125,1539.5607788085938,1343.6166796875,v2.2,NIFTY_200_AUG2026,TradeMind-Quant-V2,,,,,,,,,,,,,,,LEGACY_UNVERIFIED,STOP_LOSS,,False,,,,,,,,,,2026-07-02T18:30:00,2026-09-04T12:45:05.570621,EQUITY,NSE,,,,,,,,,,,,,,,,,2026-09-04T12:45:07.063844,,,,,0,,,,,,,,SYSTEM,1.0,1.0,1.0,1.0,,,PENDING
recon_INDUSINDBK_20260703_1,2026-07-02T18:30:00,INDUSINDBK,LONG,EQUITY,,,,,,,974.3499755859375,1071.7849731445312,935.3759765625,v2.2,NIFTY_200_AUG2026,TradeMind-Quant-V2,,,,,,,,,,,,,,,LEGACY_UNVERIFIED,STOP_LOSS,,False,,,,,,,,,,2026-07-02T18:30:00,2026-09-04T12:45:05.573619,EQUITY,NSE,,,,,,,,,,,,,,,,,2026-09-04T12:45:07.063844,,,,,0,,,,,,,,SYSTEM,1.0,1.0,1.0,1.0,,,PENDING
recon_ACC_20260703_2,2026-07-02T18:30:00,ACC,LONG,EQUITY,,,,,,,1393.800048828125,1533.1800537109377,1338.048046875,v2.2,NIFTY_200_AUG2026,TradeMind-Quant-V2,,,,,,,,,,,,,,,LEGACY_UNVERIFIED,TARGET_HIT,,False,,,,,,,,,,2026-07-02T18:30:00,2026-09-04T12:45:05.708541,EQUITY,NSE,,,,,,,,,,,,,,,,,2026-09-04T12:45:07.065843,,,,,0,,,,,,,,SYSTEM,1.0,1.0,1.0,1.0,,,PENDING
recon_APOLLOHOSP_20260703_0,2026-07-02T18:30:00,APOLLOHOSP,LONG,EQUITY,,,,,,,8883.1591796875,9771.47509765625,8527.832812499999,v2.2,NIFTY_200_AUG2026,TradeMind-Quant-V2,,,,,,,,,,,,,,,LEGACY_UNVERIFIED,TARGET_HIT,,False,,,,,,,,,,2026-07-02T18:30:00,2026-09-04T12:45:05.711540,EQUITY,NSE,,,,,,,,,,,,,,,,,2026-09-04T12:45:07.065843,,,,,0,,,,,,,,SYSTEM,1.0,1.0,1.0,1.0,,,PENDING
recon_ZYDUSLIFE_20260703_1,2026-07-02T18:30:00,ZYDUSLIFE,LONG,EQUITY,,,,,,,1139.575927734375,1253.5335205078127,1093.992890625,v2.2,NIFTY_200_AUG2026,TradeMind-Quant-V2,,,,,,,,,,,,,,,LEGACY_UNVERIFIED,STOP_LOSS,,False,,,,,,,,,,2026-07-02T18:30:00,2026-09-04T12:45:05.609598,EQUITY,NSE,,,,,,,,,,,,,,,,,2026-09-04T12:45:07.063844,,,,,0,,,,,,,,SYSTEM,1.0,1.0,1.0,1.0,,,PENDING
cloud_hist_APOLLOHOSP_20260703_2,2026-07-02T18:30:00,APOLLOHOSP,LONG,EQUITY,,,,,,,8883.1591796875,9771.47509765625,8527.832812499999,v2.2,NIFTY_200_AUG2026,TradeMind Core v2.2-CloudBackfill,,,,,,,,,,,,,,,LEGACY_UNVERIFIED,TARGET_HIT,,False,,,,,,,,,,2026-07-02T18:30:00,2026-09-04T12:45:05.622591,EQUITY,NSE,,,,,,,,,,,,,,,,,2026-09-04T12:45:07.064844,,,,,0,,,,,,,,SYSTEM,1.0,1.0,1.0,1.0,,,PENDING
cloud_hist_AMBUJACEM_20260703_4,2026-07-02T18:30:00,AMBUJACEM,LONG,EQUITY,,,,,,,443.3999938964844,487.73999328613286,425.663994140625,v2.2,NIFTY_200_AUG2026,TradeMind Core v2.2-CloudBackfill,,,,,,,,,,,,,,,LEGACY_UNVERIFIED,TARGET_HIT,,False,,,,,,,,,,2026-07-02T18:30:00,2026-09-04T12:45:05.622591,EQUITY,NSE,,,,,,,,,,,,,,,,,2026-09-04T12:45:07.064844,,,,,0,,,,,,,,SYSTEM,1.0,1.0,1.0,1.0,,,PENDING
cloud_hist_BAJAJHLDNG_20260703_3,2026-07-02T18:30:00,BAJAJHLDNG,LONG,EQUITY,,,,,,,11079.0,12186.900000000001,10635.84,v2.2,NIFTY_200_AUG2026,TradeMind Core v2.2-CloudBackfill,,,,,,,,,,,,,,,LEGACY_UNVERIFIED,STOP_LOSS,,False,,,,,,,,,,2026-07-02T18:30:00,2026-09-04T12:45:05.626589,EQUITY,NSE,,,,,,,,,,,,,,,,,2026-09-04T12:45:07.064844,,,,,0,,,,,,,,SYSTEM,1.0,1.0,1.0,1.0,,,PENDING
recon_CUMMINSIND_20260703_2,2026-07-02T18:30:00,CUMMINSIND,SHORT,EQUITY,,,,,,,5432.93798828125,4889.644189453125,5650.255507812501,v2.2,NIFTY_200_AUG2026,TradeMind-Quant-V2,,,,,,,,,,,,,,,LEGACY_UNVERIFIED,TARGET_HIT,,False,,,,,,,,,,2026-07-02T18:30:00,2026-09-04T12:45:05.537640,EQUITY,NSE,,,,,,,,,,,,,,,,,2026-09-04T12:45:07.062845,,,,,0,,,,,,,,SYSTEM,1.0,1.0,1.0,1.0,,,PENDING
recon_INDIANB_20260703_1,2026-07-02T18:30:00,INDIANB,SHORT,EQUITY,,,,,,,798.9500122070312,719.0550109863282,830.9080126953126,v2.2,NIFTY_200_AUG2026,TradeMind-Quant-V2,,,,,,,,,,,,,,,LEGACY_UNVERIFIED,STOP_LOSS,,False,,,,,,,,,,2026-07-02T18:30:00,2026-09-04T12:45:05.572620,EQUITY,NSE,,,,,,,,,,,,,,,,,2026-09-04T12:45:07.063844,,,,,0,,,,,,,,SYSTEM,1.0,1.0,1.0,1.0,,,PENDING
cloud_hist_BANKBARODA_20260703_4,2026-07-02T18:30:00,BANKBARODA,SHORT,EQUITY,,,,,,,252.1999969482422,226.97999725341796,262.2879968261719,v2.2,NIFTY_200_AUG2026,TradeMind Core v2.2-CloudBackfill,,,,,,,,,,,,,,,LEGACY_UNVERIFIED,TARGET_HIT,,False,,,,,,,,,,2026-07-02T18:30:00,2026-09-04T12:45:05.629587,EQUITY,NSE,,,,,,,,,,,,,,,,,2026-09-04T12:45:07.064844,,,,,0,,,,,,,,SYSTEM,1.0,1.0,1.0,1.0,,,PENDING
cloud_hist_TORNTPHARM_20260703_2,2026-07-02T18:30:00,TORNTPHARM,LONG,EQUITY,,,,,,,4768.2998046875,5245.12978515625,4577.5678124999995,v2.2,NIFTY_200_AUG2026,TradeMind Core v2.2-CloudBackfill,,,,,,,,,,,,,,,LEGACY_UNVERIFIED,TARGET_HIT,,False,,,,,,,,,,2026-07-02T18:30:00,2026-09-04T12:45:05.700549,EQUITY,NSE,,,,,,,,,,,,,,,,,2026-09-04T12:45:07.065843,,,,,0,,,,,,,,SYSTEM,1.0,1.0,1.0,1.0,,,PENDING
cloud_hist_CUMMINSIND_20260703_4,2026-07-02T18:30:00,CUMMINSIND,SHORT,EQUITY,,,,,,,5432.93798828125,4889.644189453125,5650.255507812501,v2.2,NIFTY_200_AUG2026,TradeMind Core v2.2-CloudBackfill,,,,,,,,,,,,,,,LEGACY_UNVERIFIED,TARGET_HIT,,False,,,,,,,,,,2026-07-02T18:30:00,2026-09-04T12:45:05.639582,EQUITY,NSE,,,,,,,,,,,,,,,,,2026-09-04T12:45:07.064844,,,,,0,,,,,,,,SYSTEM,1.0,1.0,1.0,1.0,,,PENDING
cloud_hist_INDUSINDBK_20260703_3,2026-07-02T18:30:00,INDUSINDBK,LONG,EQUITY,,,,,,,974.3499755859375,1071.7849731445312,935.3759765625,v2.2,NIFTY_200_AUG2026,TradeMind Core v2.2-CloudBackfill,,,,,,,,,,,,,,,LEGACY_UNVERIFIED,STOP_LOSS,,False,,,,,,,,,,2026-07-02T18:30:00,2026-09-04T12:45:05.662568,EQUITY,NSE,,,,,,,,,,,,,,,,,2026-09-04T12:45:07.064844,,,,,0,,,,,,,,SYSTEM,1.0,1.0,1.0,1.0,,,PENDING
recon_TORNTPHARM_20260703_0,2026-07-02T18:30:00,TORNTPHARM,LONG,EQUITY,,,,,,,4768.2998046875,5245.12978515625,4577.5678124999995,v2.2,NIFTY_200_AUG2026,TradeMind-Quant-V2,,,,,,,,,,,,,,,LEGACY_UNVERIFIED,TARGET_HIT,,False,,,,,,,,,,2026-07-02T18:30:00,2026-09-04T12:45:05.603602,EQUITY,NSE,,,,,,,,,,,,,,,,,2026-09-04T12:45:07.063844,,,,,0,,,,,,,,SYSTEM,1.0,1.0,1.0,1.0,,,PENDING
prod_ITC_202607020000,2026-07-02T00:00:00,ITC,LONG,EQUITY,,,,,,,1907.0,2135.84,1754.44,v2.2,NIFTY_200_AUG2026,TradeMind Core v2.2,,,,,,,,,,,,,,,LEGACY_UNVERIFIED,EXPIRED,,False,,,,,,,,,,2026-07-02T00:00:00,2026-09-04T12:45:05.561626,EQUITY,NSE,,,,,,,,,,,,,,,,,2026-09-04T12:45:07.063844,,,,,0,,,,,,,,SYSTEM,1.0,1.0,1.0,1.0,,,PENDING
prod_AXISBANK_202607020000,2026-07-02T00:00:00,AXISBANK,LONG,EQUITY,,,,,,,2360.0,2572.4,2171.2000000000003,v2.2,NIFTY_200_AUG2026,TradeMind Core v2.2,,,,,,,,,,,,,,,LEGACY_UNVERIFIED,TARGET_HIT,,False,,,,,,,,,,2026-07-02T00:00:00,2026-09-04T12:45:05.557628,EQUITY,NSE,,,,,,,,,,,,,,,,,2026-09-04T12:45:07.063844,,,,,0,,,,,,,,SYSTEM,1.0,1.0,1.0,1.0,,,PENDING
prod_RELIANCE_202607020000,2026-07-02T00:00:00,RELIANCE,LONG,EQUITY,,,,,,,1710.0,1863.9,1573.2,v2.2,NIFTY_200_AUG2026,TradeMind Core v2.2,,,,,,,,,,,,,,,LEGACY_UNVERIFIED,TARGET_HIT,,False,,,,,,,,,,2026-07-02T00:00:00,2026-09-04T12:45:05.542638,EQUITY,NSE,,,,,,,,,,,,,,,,,2026-09-04T12:45:07.062845,,,,,0,,,,,,,,SYSTEM,1.0,1.0,1.0,1.0,,,PENDING
prod_LT_202607020000,2026-07-02T00:00:00,LT,LONG,EQUITY,,,,,,,3620.0,4054.4000000000005,3439.0,v2.2,NIFTY_200_AUG2026,TradeMind Core v2.2,,,,,,,,,,,,,,,LEGACY_UNVERIFIED,STOP_LOSS,,False,,,,,,,,,,2026-07-02T00:00:00,2026-09-04T12:45:05.559627,EQUITY,NSE,,,,,,,,,,,,,,,,,2026-09-04T12:45:07.063844,,,,,0,,,,,,,,SYSTEM,1.0,1.0,1.0,1.0,,,PENDING
prod_BHARTIARTL_202607020000,2026-07-02T00:00:00,BHARTIARTL,LONG,EQUITY,,,,,,,2013.0,2194.17,1851.96,v2.2,NIFTY_200_AUG2026,TradeMind Core v2.2,,,,,,,,,,,,,,,LEGACY_UNVERIFIED,TARGET_HIT,,False,,,,,,,,,,2026-07-02T00:00:00,2026-09-04T12:45:05.555630,EQUITY,NSE,,,,,,,,,,,,,,,,,2026-09-04T12:45:07.063844,,,,,0,,,,,,,,SYSTEM,1.0,1.0,1.0,1.0,,,PENDING
cloud_hist_SRF_20260702_0,2026-07-01T18:30:00,SRF,LONG,EQUITY,,,,,,,2794.091064453125,3073.500170898438,2682.327421875,v2.2,NIFTY_200_AUG2026,TradeMind Core v2.2-CloudBackfill,,,,,,,,,,,,,,,LEGACY_UNVERIFIED,TARGET_HIT,,False,,,,,,,,,,2026-07-01T18:30:00,2026-09-04T12:45:05.688555,EQUITY,NSE,,,,,,,,,,,,,,,,,2026-09-04T12:45:07.064844,,,,,0,,,,,,,,SYSTEM,1.0,1.0,1.0,1.0,,,PENDING
cloud_hist_BOSCHLTD_20260702_2,2026-07-01T18:30:00,BOSCHLTD,LONG,EQUITY,,,,,,,41243.59375,45367.95312500001,39593.85,v2.2,NIFTY_200_AUG2026,TradeMind Core v2.2-CloudBackfill,,,,,,,,,,,,,,,LEGACY_UNVERIFIED,TARGET_HIT,,False,,,,,,,,,,2026-07-01T18:30:00,2026-09-04T12:45:05.634584,EQUITY,NSE,,,,,,,,,,,,,,,,,2026-09-04T12:45:07.064844,,,,,0,,,,,,,,SYSTEM,1.0,1.0,1.0,1.0,,,PENDING
cloud_hist_HINDUNILVR_20260702_2,2026-07-01T18:30:00,HINDUNILVR,LONG,EQUITY,,,,,,,2210.60009765625,2431.660107421875,2122.17609375,v2.2,NIFTY_200_AUG2026,TradeMind Core v2.2-CloudBackfill,,,,,,,,,,,,,,,LEGACY_UNVERIFIED,TARGET_HIT,,False,,,,,,,,,,2026-07-01T18:30:00,2026-09-04T12:45:05.654573,EQUITY,NSE,,,,,,,,,,,,,,,,,2026-09-04T12:45:07.064844,,,,,0,,,,,,,,SYSTEM,1.0,1.0,1.0,1.0,,,PENDING
cloud_hist_BAJAJFINSV_20260702_2,2026-07-01T18:30:00,BAJAJFINSV,LONG,EQUITY,,,,,,,1855.699951171875,2041.2699462890628,1781.471953125,v2.2,NIFTY_200_AUG2026,TradeMind Core v2.2-CloudBackfill,,,,,,,,,,,,,,,LEGACY_UNVERIFIED,TARGET_HIT,,False,,,,,,,,,,2026-07-01T18:30:00,2026-09-04T12:45:05.625589,EQUITY,NSE,,,,,,,,,,,,,,,,,2026-09-04T12:45:07.064844,,,,,0,,,,,,,,SYSTEM,1.0,1.0,1.0,1.0,,,PENDING
recon_BOSCHLTD_20260702_0,2026-07-01T18:30:00,BOSCHLTD,LONG,EQUITY,,,,,,,41243.59375,45367.95312500001,39593.85,v2.2,NIFTY_200_AUG2026,TradeMind-Quant-V2,,,,,,,,,,,,,,,LEGACY_UNVERIFIED,TARGET_HIT,,False,,,,,,,,,,2026-07-01T18:30:00,2026-09-04T12:45:05.532643,EQUITY,NSE,,,,,,,,,,,,,,,,,2026-09-04T12:45:07.062845,,,,,0,,,,,,,,SYSTEM,1.0,1.0,1.0,1.0,,,PENDING
recon_HINDUNILVR_20260702_0,2026-07-01T18:30:00,HINDUNILVR,LONG,EQUITY,,,,,,,2210.60009765625,2431.660107421875,2122.17609375,v2.2,NIFTY_200_AUG2026,TradeMind-Quant-V2,,,,,,,,,,,,,,,LEGACY_UNVERIFIED,TARGET_HIT,,False,,,,,,,,,,2026-07-01T18:30:00,2026-09-04T12:45:05.569621,EQUITY,NSE,,,,,,,,,,,,,,,,,2026-09-04T12:45:07.063844,,,,,0,,,,,,,,SYSTEM,1.0,1.0,1.0,1.0,,,PENDING
cloud_hist_BRITANNIA_20260702_3,2026-07-01T18:30:00,BRITANNIA,LONG,EQUITY,,,,,,,5285.96533203125,5814.561865234376,5074.526718749999,v2.2,NIFTY_200_AUG2026,TradeMind Core v2.2-CloudBackfill,,,,,,,,,,,,,,,LEGACY_UNVERIFIED,STOP_LOSS,,False,,,,,,,,,,2026-07-01T18:30:00,2026-09-04T12:45:05.610598,EQUITY,NSE,,,,,,,,,,,,,,,,,2026-09-04T12:45:07.063844,,,,,0,,,,,,,,SYSTEM,1.0,1.0,1.0,1.0,,,PENDING
recon_ADANIPORTS_20260702_0,2026-07-01T18:30:00,ADANIPORTS,LONG,EQUITY,,,,,,,1883.199951171875,2071.519946289063,1807.871953125,v2.2,NIFTY_200_AUG2026,TradeMind-Quant-V2,,,,,,,,,,,,,,,LEGACY_UNVERIFIED,TARGET_HIT,,False,,,,,,,,,,2026-07-01T18:30:00,2026-09-04T12:45:05.709542,EQUITY,NSE,,,,,,,,,,,,,,,,,2026-09-04T12:45:07.065843,,,,,0,,,,,,,,SYSTEM,1.0,1.0,1.0,1.0,,,PENDING
recon_BRITANNIA_20260702_1,2026-07-01T18:30:00,BRITANNIA,LONG,EQUITY,,,,,,,5285.96533203125,5814.561865234376,5074.526718749999,v2.2,NIFTY_200_AUG2026,TradeMind-Quant-V2,,,,,,,,,,,,,,,LEGACY_UNVERIFIED,STOP_LOSS,,False,,,,,,,,,,2026-07-01T18:30:00,2026-09-04T12:45:05.533642,EQUITY,NSE,,,,,,,,,,,,,,,,,2026-09-04T12:45:07.062845,,,,,0,,,,,,,,SYSTEM,1.0,1.0,1.0,1.0,,,PENDING
cloud_hist_ADANIPORTS_20260702_2,2026-07-01T18:30:00,ADANIPORTS,LONG,EQUITY,,,,,,,1883.199951171875,2071.519946289063,1807.871953125,v2.2,NIFTY_200_AUG2026,TradeMind Core v2.2-CloudBackfill,,,,,,,,,,,,,,,LEGACY_UNVERIFIED,TARGET_HIT,,False,,,,,,,,,,2026-07-01T18:30:00,2026-09-04T12:45:05.619593,EQUITY,NSE,,,,,,,,,,,,,,,,,2026-09-04T12:45:07.064844,,,,,0,,,,,,,,SYSTEM,1.0,1.0,1.0,1.0,,,PENDING
recon_GODREJCP_20260702_1,2026-07-01T18:30:00,GODREJCP,LONG,EQUITY,,,,,,,1071.28125,1178.4093750000002,1028.43,v2.2,NIFTY_200_AUG2026,TradeMind-Quant-V2,,,,,,,,,,,,,,,LEGACY_UNVERIFIED,STOP_LOSS,,False,,,,,,,,,,2026-07-01T18:30:00,2026-09-04T12:45:05.565624,EQUITY,NSE,,,,,,,,,,,,,,,,,2026-09-04T12:45:07.063844,,,,,0,,,,,,,,SYSTEM,1.0,1.0,1.0,1.0,,,PENDING
recon_BAJAJFINSV_20260702_0,2026-07-01T18:30:00,BAJAJFINSV,LONG,EQUITY,,,0.75,0.75,0.5,1.0,1855.699951171875,2041.2699462890628,1781.471953125,v2.2,NIFTY_200_AUG2026,TradeMind-Quant-V2,v1.0.0,,,2026-07-16T18:30:00,2041.2699462890628,10.0,,,,,9.8,,,,LIVE_SHADOW_VERIFIED,TARGET_HIT,,True,,,,,10.0,,9.8,,,2026-09-02T10:54:35.460921,2026-09-02T10:54:35.460921,,,,,,,,,,,,,,,,,,,,,,TERMINAL,,4,,,,,,,,,,,,,,,
recon_TRENT_20260702_0,2026-07-01T18:30:00,TRENT,LONG,EQUITY,,,,,,,3317.800048828125,3649.5800537109376,3185.0880468749997,v2.2,NIFTY_200_AUG2026,TradeMind-Quant-V2,,,,,,,,,,,,,,,LEGACY_UNVERIFIED,TARGET_HIT,,False,,,,,,,,,,2026-07-01T18:30:00,2026-09-04T12:45:05.604602,EQUITY,NSE,,,,,,,,,,,,,,,,,2026-09-04T12:45:07.063844,,,,,0,,,,,,,,SYSTEM,1.0,1.0,1.0,1.0,,,PENDING
cloud_hist_SHRIRAMFIN_20260702_3,2026-07-01T18:30:00,SHRIRAMFIN,LONG,EQUITY,,,,,,,1060.699951171875,1166.7699462890625,1018.271953125,v2.2,NIFTY_200_AUG2026,TradeMind Core v2.2-CloudBackfill,,,,,,,,,,,,,,,LEGACY_UNVERIFIED,STOP_LOSS,,False,,,,,,,,,,2026-07-01T18:30:00,2026-09-04T12:45:05.691551,EQUITY,NSE,,,,,,,,,,,,,,,,,2026-09-04T12:45:07.065843,,,,,0,,,,,,,,SYSTEM,1.0,1.0,1.0,1.0,,,PENDING
recon_SHRIRAMFIN_20260702_1,2026-07-01T18:30:00,SHRIRAMFIN,LONG,EQUITY,,,,,,,1060.699951171875,1166.7699462890625,1018.271953125,v2.2,NIFTY_200_AUG2026,TradeMind-Quant-V2,,,,,,,,,,,,,,,LEGACY_UNVERIFIED,STOP_LOSS,,False,,,,,,,,,,2026-07-01T18:30:00,2026-09-04T12:45:05.596606,EQUITY,NSE,,,,,,,,,,,,,,,,,2026-09-04T12:45:07.063844,,,,,0,,,,,,,,SYSTEM,1.0,1.0,1.0,1.0,,,PENDING
cloud_hist_GODREJCP_20260702_3,2026-07-01T18:30:00,GODREJCP,LONG,EQUITY,,,,,,,1071.28125,1178.4093750000002,1028.43,v2.2,NIFTY_200_AUG2026,TradeMind Core v2.2-CloudBackfill,,,,,,,,,,,,,,,LEGACY_UNVERIFIED,STOP_LOSS,,False,,,,,,,,,,2026-07-01T18:30:00,2026-09-04T12:45:05.647577,EQUITY,NSE,,,,,,,,,,,,,,,,,2026-09-04T12:45:07.064844,,,,,0,,,,,,,,SYSTEM,1.0,1.0,1.0,1.0,,,PENDING
cloud_hist_TRENT_20260702_2,2026-07-01T18:30:00,TRENT,LONG,EQUITY,,,,,,,3317.800048828125,3649.5800537109376,3185.0880468749997,v2.2,NIFTY_200_AUG2026,TradeMind Core v2.2-CloudBackfill,,,,,,,,,,,,,,,LEGACY_UNVERIFIED,TARGET_HIT,,False,,,,,,,,,,2026-07-01T18:30:00,2026-09-04T12:45:05.701546,EQUITY,NSE,,,,,,,,,,,,,,,,,2026-09-04T12:45:07.065843,,,,,0,,,,,,,,SYSTEM,1.0,1.0,1.0,1.0,,,PENDING
cloud_hist_SONACOMS_20260702_1,2026-07-01T18:30:00,SONACOMS,LONG,EQUITY,,,,,,,662.2999877929688,728.5299865722657,635.80798828125,v2.2,NIFTY_200_AUG2026,TradeMind Core v2.2-CloudBackfill,,,,,,,,,,,,,,,LEGACY_UNVERIFIED,STOP_LOSS,,False,,,,,,,,,,2026-07-01T18:30:00,2026-09-04T12:45:05.693552,EQUITY,NSE,,,,,,,,,,,,,,,,,2026-09-04T12:45:07.065843,,,,,0,,,,,,,,SYSTEM,1.0,1.0,1.0,1.0,,,PENDING
cloud_hist_JSWSTEEL_20260701_3,2026-06-30T18:30:00,JSWSTEEL,SHORT,EQUITY,,,,,,,1209.254150390625,1088.3287353515625,1257.62431640625,v2.2,NIFTY_200_AUG2026,TradeMind Core v2.2-CloudBackfill,,,,,,,,,,,,,,,LEGACY_UNVERIFIED,STOP_LOSS,,False,,,,,,,,,,2026-06-30T18:30:00,2026-09-04T12:45:05.659570,EQUITY,NSE,,,,,,,,,,,,,,,,,2026-09-04T12:45:07.064844,,,,,0,,,,,,,,SYSTEM,1.0,1.0,1.0,1.0,,,PENDING
recon_CGPOWER_20260701_0,2026-06-30T18:30:00,CGPOWER,LONG,EQUITY,,,,,,,976.5,1074.15,937.4399999999999,v2.2,NIFTY_200_AUG2026,TradeMind-Quant-V2,,,,,,,,,,,,,,,LEGACY_UNVERIFIED,TARGET_HIT,,False,,,,,,,,,,2026-06-30T18:30:00,2026-09-04T12:45:05.533642,EQUITY,NSE,,,,,,,,,,,,,,,,,2026-09-04T12:45:07.062845,,,,,0,,,,,,,,SYSTEM,1.0,1.0,1.0,1.0,,,PENDING
cloud_hist_PAYTM_20260701_0,2026-06-30T18:30:00,PAYTM,LONG,EQUITY,,,,,,,1203.699951171875,1324.0699462890625,1155.551953125,v2.2,NIFTY_200_AUG2026,TradeMind Core v2.2-CloudBackfill,,,,,,,,,,,,,,,LEGACY_UNVERIFIED,TARGET_HIT,,False,,,,,,,,,,2026-06-30T18:30:00,2026-09-04T12:45:05.679559,EQUITY,NSE,,,,,,,,,,,,,,,,,2026-09-04T12:45:07.064844,,,,,0,,,,,,,,SYSTEM,1.0,1.0,1.0,1.0,,,PENDING
recon_TATASTEEL_20260701_1,2026-06-30T18:30:00,TATASTEEL,SHORT,EQUITY,,,,,,,185.1699981689453,166.6529983520508,192.57679809570314,v2.2,NIFTY_200_AUG2026,TradeMind-Quant-V2,,,,,,,,,,,,,,,LEGACY_UNVERIFIED,STOP_LOSS,,False,,,,,,,,,,2026-06-30T18:30:00,2026-09-04T12:45:05.601603,EQUITY,NSE,,,,,,,,,,,,,,,,,2026-09-04T12:45:07.063844,,,,,0,,,,,,,,SYSTEM,1.0,1.0,1.0,1.0,,,PENDING
cloud_hist_MPHASIS_20260701_1,2026-06-30T18:30:00,MPHASIS,SHORT,EQUITY,,,,,,,2071.27001953125,1864.143017578125,2154.1208203125,v2.2,NIFTY_200_AUG2026,TradeMind Core v2.2-CloudBackfill,,,,,,,,,,,,,,,LEGACY_UNVERIFIED,STOP_LOSS,,False,,,,,,,,,,2026-06-30T18:30:00,2026-09-04T12:45:05.674562,EQUITY,NSE,,,,,,,,,,,,,,,,,2026-09-04T12:45:07.064844,,,,,0,,,,,,,,SYSTEM,1.0,1.0,1.0,1.0,,,PENDING
recon_TATAPOWER_20260701_1,2026-06-30T18:30:00,TATAPOWER,SHORT,EQUITY,,,,,,,375.45001220703125,337.90501098632814,390.4680126953125,v2.2,NIFTY_200_AUG2026,TradeMind-Quant-V2,,,,,,,,,,,,,,,LEGACY_UNVERIFIED,STOP_LOSS,,False,,,,,,,,,,2026-06-30T18:30:00,2026-09-04T12:45:05.601603,EQUITY,NSE,,,,,,,,,,,,,,,,,2026-09-04T12:45:07.063844,,,,,0,,,,,,,,SYSTEM,1.0,1.0,1.0,1.0,,,PENDING
recon_GODREJPROP_20260701_1,2026-06-30T18:30:00,GODREJPROP,LONG,EQUITY,,,,,,,1950.1734619140625,2145.190808105469,1872.1665234375,v2.2,NIFTY_200_AUG2026,TradeMind-Quant-V2,,,,,,,,,,,,,,,LEGACY_UNVERIFIED,STOP_LOSS,,False,,,,,,,,,,2026-06-30T18:30:00,2026-09-04T12:45:05.565624,EQUITY,NSE,,,,,,,,,,,,,,,,,2026-09-04T12:45:07.063844,,,,,0,,,,,,,,SYSTEM,1.0,1.0,1.0,1.0,,,PENDING
cloud_hist_PAGEIND_20260701_3,2026-06-30T18:30:00,PAGEIND,LONG,EQUITY,,,,,,,43610.0,47971.00000000001,41865.6,v2.2,NIFTY_200_AUG2026,TradeMind Core v2.2-CloudBackfill,,,,,,,,,,,,,,,LEGACY_UNVERIFIED,STOP_LOSS,,False,,,,,,,,,,2026-06-30T18:30:00,2026-09-04T12:45:05.683560,EQUITY,NSE,,,,,,,,,,,,,,,,,2026-09-04T12:45:07.064844,,,,,0,,,,,,,,SYSTEM,1.0,1.0,1.0,1.0,,,PENDING
recon_DLF_20260701_1,2026-06-30T18:30:00,DLF,LONG,EQUITY,,,,,,,640.6566162109375,704.7222778320313,615.0303515625,v2.2,NIFTY_200_AUG2026,TradeMind-Quant-V2,,,,,,,,,,,,,,,LEGACY_UNVERIFIED,STOP_LOSS,,False,,,,,,,,,,2026-06-30T18:30:00,2026-09-04T12:45:05.537640,EQUITY,NSE,,,,,,,,,,,,,,,,,2026-09-04T12:45:07.062845,,,,,0,,,,,,,,SYSTEM,1.0,1.0,1.0,1.0,,,PENDING
recon_DABUR_20260701_0,2026-06-30T18:30:00,DABUR,LONG,EQUITY,,,,,,,439.0540466308594,482.95945129394534,421.491884765625,v2.2,NIFTY_200_AUG2026,TradeMind-Quant-V2,,,,,,,,,,,,,,,LEGACY_UNVERIFIED,TARGET_HIT,,False,,,,,,,,,,2026-06-30T18:30:00,2026-09-04T12:45:05.538639,EQUITY,NSE,,,,,,,,,,,,,,,,,2026-09-04T12:45:07.062845,,,,,0,,,,,,,,SYSTEM,1.0,1.0,1.0,1.0,,,PENDING
cloud_hist_PRESTIGE_20260701_3,2026-06-30T18:30:00,PRESTIGE,LONG,EQUITY,,,,,,,1623.256591796875,1785.5822509765626,1558.326328125,v2.2,NIFTY_200_AUG2026,TradeMind Core v2.2-CloudBackfill,,,,,,,,,,,,,,,LEGACY_UNVERIFIED,STOP_LOSS,,False,,,,,,,,,,2026-06-30T18:30:00,2026-09-04T12:45:05.690554,EQUITY,NSE,,,,,,,,,,,,,,,,,2026-09-04T12:45:07.064844,,,,,0,,,,,,,,SYSTEM,1.0,1.0,1.0,1.0,,,PENDING
recon_HINDALCO_20260701_0,2026-06-30T18:30:00,HINDALCO,SHORT,EQUITY,,,,,,,934.8233032226562,841.3409729003906,972.2162353515625,v2.2,NIFTY_200_AUG2026,TradeMind-Quant-V2,,,,,,,,,,,,,,,LEGACY_UNVERIFIED,TARGET_HIT,,False,,,,,,,,,,2026-06-30T18:30:00,2026-09-04T12:45:05.569621,EQUITY,NSE,,,,,,,,,,,,,,,,,2026-09-04T12:45:07.063844,,,,,0,,,,,,,,SYSTEM,1.0,1.0,1.0,1.0,,,PENDING
cloud_hist_JINDALSTEL_20260701_2,2026-06-30T18:30:00,JINDALSTEL,SHORT,EQUITY,,,,,,,1028.800048828125,925.9200439453125,1069.9520507812501,v2.2,NIFTY_200_AUG2026,TradeMind Core v2.2-CloudBackfill,,,,,,,,,,,,,,,LEGACY_UNVERIFIED,TARGET_HIT,,False,,,,,,,,,,2026-06-30T18:30:00,2026-09-04T12:45:05.660569,EQUITY,NSE,,,,,,,,,,,,,,,,,2026-09-04T12:45:07.064844,,,,,0,,,,,,,,SYSTEM,1.0,1.0,1.0,1.0,,,PENDING
cloud_hist_ASHOKLEY_20260701_2,2026-06-30T18:30:00,ASHOKLEY,LONG,EQUITY,,,,,,,162.32000732421875,178.55200805664063,155.82720703125,v2.2,NIFTY_200_AUG2026,TradeMind Core v2.2-CloudBackfill,,,,,,,,,,,,,,,LEGACY_UNVERIFIED,TARGET_HIT,,False,,,,,,,,,,2026-06-30T18:30:00,2026-09-04T12:45:05.592608,EQUITY,NSE,,,,,,,,,,,,,,,,,2026-09-04T12:45:07.063844,,,,,0,,,,,,,,SYSTEM,1.0,1.0,1.0,1.0,,,PENDING
recon_PRESTIGE_20260701_1,2026-06-30T18:30:00,PRESTIGE,LONG,EQUITY,,,,,,,1623.256591796875,1785.5822509765626,1558.326328125,v2.2,NIFTY_200_AUG2026,TradeMind-Quant-V2,,,,,,,,,,,,,,,LEGACY_UNVERIFIED,STOP_LOSS,,False,,,,,,,,,,2026-06-30T18:30:00,2026-09-04T12:45:05.592608,EQUITY,NSE,,,,,,,,,,,,,,,,,2026-09-04T12:45:07.063844,,,,,0,,,,,,,,SYSTEM,1.0,1.0,1.0,1.0,,,PENDING
recon_PAGEIND_20260701_1,2026-06-30T18:30:00,PAGEIND,LONG,EQUITY,,,,,,,43610.0,47971.00000000001,41865.6,v2.2,NIFTY_200_AUG2026,TradeMind-Quant-V2,,,,,,,,,,,,,,,LEGACY_UNVERIFIED,STOP_LOSS,,False,,,,,,,,,,2026-06-30T18:30:00,2026-09-04T12:45:05.589600,EQUITY,NSE,,,,,,,,,,,,,,,,,2026-09-04T12:45:07.063844,,,,,0,,,,,,,,SYSTEM,1.0,1.0,1.0,1.0,,,PENDING
cloud_hist_ADANIENT_20260701_4,2026-06-30T18:30:00,ADANIENT,LONG,EQUITY,,,,,,,3143.60009765625,3457.9601074218754,3017.8560937499997,v2.2,NIFTY_200_AUG2026,TradeMind Core v2.2-CloudBackfill,,,,,,,,,,,,,,,LEGACY_UNVERIFIED,TARGET_HIT,,False,,,,,,,,,,2026-06-30T18:30:00,2026-09-04T12:45:05.618593,EQUITY,NSE,,,,,,,,,,,,,,,,,2026-09-04T12:45:07.064844,,,,,0,,,,,,,,SYSTEM,1.0,1.0,1.0,1.0,,,PENDING
cloud_hist_HINDALCO_20260701_2,2026-06-30T18:30:00,HINDALCO,SHORT,EQUITY,,,,,,,934.8233032226562,841.3409729003906,972.2162353515625,v2.2,NIFTY_200_AUG2026,TradeMind Core v2.2-CloudBackfill,,,,,,,,,,,,,,,LEGACY_UNVERIFIED,TARGET_HIT,,False,,,,,,,,,,2026-06-30T18:30:00,2026-09-04T12:45:05.653573,EQUITY,NSE,,,,,,,,,,,,,,,,,2026-09-04T12:45:07.064844,,,,,0,,,,,,,,SYSTEM,1.0,1.0,1.0,1.0,,,PENDING
recon_ASHOKLEY_20260701_0,2026-06-30T18:30:00,ASHOKLEY,LONG,EQUITY,,,,,,,162.32000732421875,178.55200805664063,155.82720703125,v2.2,NIFTY_200_AUG2026,TradeMind-Quant-V2,,,,,,,,,,,,,,,LEGACY_UNVERIFIED,TARGET_HIT,,False,,,,,,,,,,2026-06-30T18:30:00,2026-09-04T12:45:05.712539,EQUITY,NSE,,,,,,,,,,,,,,,,,2026-09-04T12:45:07.065843,,,,,0,,,,,,,,SYSTEM,1.0,1.0,1.0,1.0,,,PENDING
cloud_hist_TATAPOWER_20260701_3,2026-06-30T18:30:00,TATAPOWER,SHORT,EQUITY,,,,,,,375.45001220703125,337.90501098632814,390.4680126953125,v2.2,NIFTY_200_AUG2026,TradeMind Core v2.2-CloudBackfill,,,,,,,,,,,,,,,LEGACY_UNVERIFIED,STOP_LOSS,,False,,,,,,,,,,2026-06-30T18:30:00,2026-09-04T12:45:05.698548,EQUITY,NSE,,,,,,,,,,,,,,,,,2026-09-04T12:45:07.065843,,,,,0,,,,,,,,SYSTEM,1.0,1.0,1.0,1.0,,,PENDING
cloud_hist_TATASTEEL_20260701_3,2026-06-30T18:30:00,TATASTEEL,SHORT,EQUITY,,,,,,,185.1699981689453,166.6529983520508,192.57679809570314,v2.2,NIFTY_200_AUG2026,TradeMind Core v2.2-CloudBackfill,,,,,,,,,,,,,,,LEGACY_UNVERIFIED,STOP_LOSS,,False,,,,,,,,,,2026-06-30T18:30:00,2026-09-04T12:45:05.699547,EQUITY,NSE,,,,,,,,,,,,,,,,,2026-09-04T12:45:07.065843,,,,,0,,,,,,,,SYSTEM,1.0,1.0,1.0,1.0,,,PENDING
cloud_hist_GODREJPROP_20260701_3,2026-06-30T18:30:00,GODREJPROP,LONG,EQUITY,,,,,,,1950.1734619140625,2145.190808105469,1872.1665234375,v2.2,NIFTY_200_AUG2026,TradeMind Core v2.2-CloudBackfill,,,,,,,,,,,,,,,LEGACY_UNVERIFIED,STOP_LOSS,,False,,,,,,,,,,2026-06-30T18:30:00,2026-09-04T12:45:05.647577,EQUITY,NSE,,,,,,,,,,,,,,,,,2026-09-04T12:45:07.064844,,,,,0,,,,,,,,SYSTEM,1.0,1.0,1.0,1.0,,,PENDING
recon_JINDALSTEL_20260701_0,2026-06-30T18:30:00,JINDALSTEL,SHORT,EQUITY,,,,,,,1028.800048828125,925.9200439453125,1069.9520507812501,v2.2,NIFTY_200_AUG2026,TradeMind-Quant-V2,,,,,,,,,,,,,,,LEGACY_UNVERIFIED,TARGET_HIT,,False,,,,,,,,,,2026-06-30T18:30:00,2026-09-04T12:45:05.577607,EQUITY,NSE,,,,,,,,,,,,,,,,,2026-09-04T12:45:07.063844,,,,,0,,,,,,,,SYSTEM,1.0,1.0,1.0,1.0,,,PENDING
recon_JSWSTEEL_20260701_1,2026-06-30T18:30:00,JSWSTEEL,SHORT,EQUITY,,,,,,,1209.254150390625,1088.3287353515625,1257.62431640625,v2.2,NIFTY_200_AUG2026,TradeMind-Quant-V2,,,,,,,,,,,,,,,LEGACY_UNVERIFIED,STOP_LOSS,,False,,,,,,,,,,2026-06-30T18:30:00,2026-09-04T12:45:05.576608,EQUITY,NSE,,,,,,,,,,,,,,,,,2026-09-04T12:45:07.063844,,,,,0,,,,,,,,SYSTEM,1.0,1.0,1.0,1.0,,,PENDING
cloud_hist_DABUR_20260701_2,2026-06-30T18:30:00,DABUR,LONG,EQUITY,,,,,,,439.0540466308594,482.95945129394534,421.491884765625,v2.2,NIFTY_200_AUG2026,TradeMind Core v2.2-CloudBackfill,,,,,,,,,,,,,,,LEGACY_UNVERIFIED,TARGET_HIT,,False,,,,,,,,,,2026-06-30T18:30:00,2026-09-04T12:45:05.642579,EQUITY,NSE,,,,,,,,,,,,,,,,,2026-09-04T12:45:07.064844,,,,,0,,,,,,,,SYSTEM,1.0,1.0,1.0,1.0,,,PENDING
cloud_hist_DLF_20260701_3,2026-06-30T18:30:00,DLF,LONG,EQUITY,,,,,,,640.6566162109375,704.7222778320313,615.0303515625,v2.2,NIFTY_200_AUG2026,TradeMind Core v2.2-CloudBackfill,,,,,,,,,,,,,,,LEGACY_UNVERIFIED,STOP_LOSS,,False,,,,,,,,,,2026-06-30T18:30:00,2026-09-04T12:45:05.641580,EQUITY,NSE,,,,,,,,,,,,,,,,,2026-09-04T12:45:07.064844,,,,,0,,,,,,,,SYSTEM,1.0,1.0,1.0,1.0,,,PENDING
recon_ADANIENT_20260701_2,2026-06-30T18:30:00,ADANIENT,LONG,EQUITY,,,,,,,3143.60009765625,3457.9601074218754,3017.8560937499997,v2.2,NIFTY_200_AUG2026,TradeMind-Quant-V2,,,,,,,,,,,,,,,LEGACY_UNVERIFIED,TARGET_HIT,,False,,,,,,,,,,2026-06-30T18:30:00,2026-09-04T12:45:05.709542,EQUITY,NSE,,,,,,,,,,,,,,,,,2026-09-04T12:45:07.065843,,,,,0,,,,,,,,SYSTEM,1.0,1.0,1.0,1.0,,,PENDING
cloud_hist_CGPOWER_20260701_2,2026-06-30T18:30:00,CGPOWER,LONG,EQUITY,,,,,,,976.5,1074.15,937.4399999999999,v2.2,NIFTY_200_AUG2026,TradeMind Core v2.2-CloudBackfill,,,,,,,,,,,,,,,LEGACY_UNVERIFIED,TARGET_HIT,,False,,,,,,,,,,2026-06-30T18:30:00,2026-09-04T12:45:05.635583,EQUITY,NSE,,,,,,,,,,,,,,,,,2026-09-04T12:45:07.064844,,,,,0,,,,,,,,SYSTEM,1.0,1.0,1.0,1.0,,,PENDING
prod_SBIN_202606300000,2026-06-30T00:00:00,SBIN,LONG,EQUITY,,,,,,,3270.0,3564.3,3008.4,v2.2,NIFTY_200_AUG2026,TradeMind Core v2.2,,,,,,,,,,,,,,,LEGACY_UNVERIFIED,TARGET_HIT,,False,,,,,,,,,,2026-06-30T00:00:00,2026-09-04T12:45:05.553631,EQUITY,NSE,,,,,,,,,,,,,,,,,2026-09-04T12:45:07.063844,,,,,0,,,,,,,,SYSTEM,1.0,1.0,1.0,1.0,,,PENDING
prod_INFY_202606300000,2026-06-30T00:00:00,INFY,LONG,EQUITY,,,,,,,2524.0,2826.88,2397.7999999999997,v2.2,NIFTY_200_AUG2026,TradeMind Core v2.2,,,,,,,,,,,,,,,LEGACY_UNVERIFIED,STOP_LOSS,,False,,,,,,,,,,2026-06-30T00:00:00,2026-09-04T12:45:05.548633,EQUITY,NSE,,,,,,,,,,,,,,,,,2026-09-04T12:45:07.063844,,,,,0,,,,,,,,SYSTEM,1.0,1.0,1.0,1.0,,,PENDING
prod_TCS_202606300000,2026-06-30T00:00:00,TCS,LONG,EQUITY,,,,,,,2403.0,2691.36,2282.85,v2.2,NIFTY_200_AUG2026,TradeMind Core v2.2,,,,,,,,,,,,,,,LEGACY_UNVERIFIED,STOP_LOSS,,False,,,,,,,,,,2026-06-30T00:00:00,2026-09-04T12:45:05.543636,EQUITY,NSE,,,,,,,,,,,,,,,,,2026-09-04T12:45:07.062845,,,,,0,,,,,,,,SYSTEM,1.0,1.0,1.0,1.0,,,PENDING
cloud_hist_MARUTI_20260630_4,2026-06-29T18:30:00,MARUTI,LONG,EQUITY,,,,,,,13974.65234375,15372.117578125,13415.66625,v2.2,NIFTY_200_AUG2026,TradeMind Core v2.2-CloudBackfill,,,,,,,,,,,,,,,LEGACY_UNVERIFIED,TARGET_HIT,,False,,,,,,,,,,2026-06-29T18:30:00,2026-09-04T12:45:05.672552,EQUITY,NSE,,,,,,,,,,,,,,,,,2026-09-04T12:45:07.064844,,,,,0,,,,,,,,SYSTEM,1.0,1.0,1.0,1.0,,,PENDING
recon_TCS_20260630_0,2026-06-29T18:30:00,TCS,SHORT,EQUITY,,,,,,,2020.422119140625,1818.3799072265626,2101.23900390625,v2.2,NIFTY_200_AUG2026,TradeMind-Quant-V2,,,,,,,,,,,,,,,LEGACY_UNVERIFIED,TARGET_HIT,,False,,,,,,,,,,2026-06-29T18:30:00,2026-09-04T12:45:05.601603,EQUITY,NSE,,,,,,,,,,,,,,,,,2026-09-04T12:45:07.063844,,,,,0,,,,,,,,SYSTEM,1.0,1.0,1.0,1.0,,,PENDING
cloud_hist_BAJFINANCE_20260630_1,2026-06-29T18:30:00,BAJFINANCE,LONG,EQUITY,,,,,,,1004.75,1105.2250000000001,964.56,v2.2,NIFTY_200_AUG2026,TradeMind Core v2.2-CloudBackfill,,,,,,,,,,,,,,,LEGACY_UNVERIFIED,STOP_LOSS,,False,,,,,,,,,,2026-06-29T18:30:00,2026-09-04T12:45:05.624590,EQUITY,NSE,,,,,,,,,,,,,,,,,2026-09-04T12:45:07.064844,,,,,0,,,,,,,,SYSTEM,1.0,1.0,1.0,1.0,,,PENDING
recon_NYKAA_20260630_0,2026-06-29T18:30:00,NYKAA,LONG,EQUITY,,,,,,,310.8500061035156,341.9350067138672,298.416005859375,v2.2,NIFTY_200_AUG2026,TradeMind-Quant-V2,,,,,,,,,,,,,,,LEGACY_UNVERIFIED,TARGET_HIT,,False,,,,,,,,,,2026-06-29T18:30:00,2026-09-04T12:45:05.585603,EQUITY,NSE,,,,,,,,,,,,,,,,,2026-09-04T12:45:07.063844,,,,,0,,,,,,,,SYSTEM,1.0,1.0,1.0,1.0,,,PENDING
cloud_hist_TCS_20260630_2,2026-06-29T18:30:00,TCS,SHORT,EQUITY,,,,,,,2020.422119140625,1818.3799072265626,2101.23900390625,v2.2,NIFTY_200_AUG2026,TradeMind Core v2.2-CloudBackfill,,,,,,,,,,,,,,,LEGACY_UNVERIFIED,TARGET_HIT,,False,,,,,,,,,,2026-06-29T18:30:00,2026-09-04T12:45:05.702545,EQUITY,NSE,,,,,,,,,,,,,,,,,2026-09-04T12:45:07.065843,,,,,0,,,,,,,,SYSTEM,1.0,1.0,1.0,1.0,,,PENDING
recon_WIPRO_20260630_1,2026-06-29T18:30:00,WIPRO,SHORT,EQUITY,,,,,,,168.4659881591797,151.61938934326173,175.20462768554688,v2.2,NIFTY_200_AUG2026,TradeMind-Quant-V2,,,,,,,,,,,,,,,LEGACY_UNVERIFIED,STOP_LOSS,,False,,,,,,,,,,2026-06-29T18:30:00,2026-09-04T12:45:05.607601,EQUITY,NSE,,,,,,,,,,,,,,,,,2026-09-04T12:45:07.063844,,,,,0,,,,,,,,SYSTEM,1.0,1.0,1.0,1.0,,,PENDING
recon_GLAND_20260630_0,2026-06-29T18:30:00,GLAND,LONG,EQUITY,,,,,,,2476.2919921875,2723.9211914062503,2377.2403125,v2.2,NIFTY_200_AUG2026,TradeMind-Quant-V2,,,,,,,,,,,,,,,LEGACY_UNVERIFIED,TARGET_HIT,,False,,,,,,,,,,2026-06-29T18:30:00,2026-09-04T12:45:05.564624,EQUITY,NSE,,,,,,,,,,,,,,,,,2026-09-04T12:45:07.063844,,,,,0,,,,,,,,SYSTEM,1.0,1.0,1.0,1.0,,,PENDING
recon_INFY_20260630_1,2026-06-29T18:30:00,INFY,SHORT,EQUITY,,,,,,,1000.4000244140625,900.3600219726562,1040.416025390625,v2.2,NIFTY_200_AUG2026,TradeMind-Quant-V2,,,,,,,,,,,,,,,LEGACY_UNVERIFIED,STOP_LOSS,,False,,,,,,,,,,2026-06-29T18:30:00,2026-09-04T12:45:05.574618,EQUITY,NSE,,,,,,,,,,,,,,,,,2026-09-04T12:45:07.063844,,,,,0,,,,,,,,SYSTEM,1.0,1.0,1.0,1.0,,,PENDING
cloud_hist_GLAND_20260630_2,2026-06-29T18:30:00,GLAND,LONG,EQUITY,,,,,,,2476.2919921875,2723.9211914062503,2377.2403125,v2.2,NIFTY_200_AUG2026,TradeMind Core v2.2-CloudBackfill,,,,,,,,,,,,,,,LEGACY_UNVERIFIED,TARGET_HIT,,False,,,,,,,,,,2026-06-29T18:30:00,2026-09-04T12:45:05.646577,EQUITY,NSE,,,,,,,,,,,,,,,,,2026-09-04T12:45:07.064844,,,,,0,,,,,,,,SYSTEM,1.0,1.0,1.0,1.0,,,PENDING
cloud_hist_INFY_20260630_3,2026-06-29T18:30:00,INFY,SHORT,EQUITY,,,,,,,1000.4000244140625,900.3600219726562,1040.416025390625,v2.2,NIFTY_200_AUG2026,TradeMind Core v2.2-CloudBackfill,,,,,,,,,,,,,,,LEGACY_UNVERIFIED,STOP_LOSS,,False,,,,,,,,,,2026-06-29T18:30:00,2026-09-04T12:45:05.664567,EQUITY,NSE,,,,,,,,,,,,,,,,,2026-09-04T12:45:07.064844,,,,,0,,,,,,,,SYSTEM,1.0,1.0,1.0,1.0,,,PENDING
recon_TATACONSUM_20260630_1,2026-06-29T18:30:00,TATACONSUM,SHORT,EQUITY,,,,,,,1075.5999755859375,968.0399780273438,1118.623974609375,v2.2,NIFTY_200_AUG2026,TradeMind-Quant-V2,,,,,,,,,,,,,,,LEGACY_UNVERIFIED,STOP_LOSS,,False,,,,,,,,,,2026-06-29T18:30:00,2026-09-04T12:45:05.600604,EQUITY,NSE,,,,,,,,,,,,,,,,,2026-09-04T12:45:07.063844,,,,,0,,,,,,,,SYSTEM,1.0,1.0,1.0,1.0,,,PENDING
recon_MARUTI_20260630_2,2026-06-29T18:30:00,MARUTI,LONG,EQUITY,,,,,,,13974.65234375,15372.117578125,13415.66625,v2.2,NIFTY_200_AUG2026,TradeMind-Quant-V2,,,,,,,,,,,,,,,LEGACY_UNVERIFIED,TARGET_HIT,,False,,,,,,,,,,2026-06-29T18:30:00,2026-09-04T12:45:05.581605,EQUITY,NSE,,,,,,,,,,,,,,,,,2026-09-04T12:45:07.063844,,,,,0,,,,,,,,SYSTEM,1.0,1.0,1.0,1.0,,,PENDING
cloud_hist_WIPRO_20260630_3,2026-06-29T18:30:00,WIPRO,SHORT,EQUITY,,,,,,,168.4659881591797,151.61938934326173,175.20462768554688,v2.2,NIFTY_200_AUG2026,TradeMind Core v2.2-CloudBackfill,,,,,,,,,,,,,,,LEGACY_UNVERIFIED,STOP_LOSS,,False,,,,,,,,,,2026-06-29T18:30:00,2026-09-04T12:45:05.617594,EQUITY,NSE,,,,,,,,,,,,,,,,,2026-09-04T12:45:07.063844,,,,,0,,,,,,,,SYSTEM,1.0,1.0,1.0,1.0,,,PENDING
cloud_hist_NYKAA_20260630_2,2026-06-29T18:30:00,NYKAA,LONG,EQUITY,,,,,,,310.8500061035156,341.9350067138672,298.416005859375,v2.2,NIFTY_200_AUG2026,TradeMind Core v2.2-CloudBackfill,,,,,,,,,,,,,,,LEGACY_UNVERIFIED,TARGET_HIT,,False,,,,,,,,,,2026-06-29T18:30:00,2026-09-04T12:45:05.677562,EQUITY,NSE,,,,,,,,,,,,,,,,,2026-09-04T12:45:07.064844,,,,,0,,,,,,,,SYSTEM,1.0,1.0,1.0,1.0,,,PENDING
cloud_hist_HCLTECH_20260630_0,2026-06-29T18:30:00,HCLTECH,SHORT,EQUITY,,,,,,,1060.9683837890625,954.8715454101563,1103.4071191406251,v2.2,NIFTY_200_AUG2026,TradeMind Core v2.2-CloudBackfill,,,,,,,,,,,,,,,LEGACY_UNVERIFIED,TARGET_HIT,,False,,,,,,,,,,2026-06-29T18:30:00,2026-09-04T12:45:05.649575,EQUITY,NSE,,,,,,,,,,,,,,,,,2026-09-04T12:45:07.064844,,,,,0,,,,,,,,SYSTEM,1.0,1.0,1.0,1.0,,,PENDING
cloud_hist_TATACONSUM_20260630_3,2026-06-29T18:30:00,TATACONSUM,SHORT,EQUITY,,,,,,,1075.5999755859375,968.0399780273438,1118.623974609375,v2.2,NIFTY_200_AUG2026,TradeMind Core v2.2-CloudBackfill,,,,,,,,,,,,,,,LEGACY_UNVERIFIED,STOP_LOSS,,False,,,,,,,,,,2026-06-29T18:30:00,2026-09-04T12:45:05.697550,EQUITY,NSE,,,,,,,,,,,,,,,,,2026-09-04T12:45:07.065843,,,,,0,,,,,,,,SYSTEM,1.0,1.0,1.0,1.0,,,PENDING
prod_HDFCBANK_202606290000,2026-06-29T00:00:00,HDFCBANK,LONG,EQUITY,,,,,,,3747.0,4084.2300000000005,3447.2400000000002,v2.2,NIFTY_200_AUG2026,TradeMind Core v2.2,,,,,,,,,,,,,,,LEGACY_UNVERIFIED,TARGET_HIT,,False,,,,,,,,,,2026-06-29T00:00:00,2026-09-04T12:45:05.546634,EQUITY,NSE,,,,,,,,,,,,,,,,,2026-09-04T12:45:07.063844,,,,,0,,,,,,,,SYSTEM,1.0,1.0,1.0,1.0,,,PENDING
prod_AXISBANK_202606290000,2026-06-29T00:00:00,AXISBANK,LONG,EQUITY,,,,,,,2871.0,3215.5200000000004,2727.45,v2.2,NIFTY_200_AUG2026,TradeMind Core v2.2,,,,,,,,,,,,,,,LEGACY_UNVERIFIED,STOP_LOSS,,False,,,,,,,,,,2026-06-29T00:00:00,2026-09-04T12:45:05.557628,EQUITY,NSE,,,,,,,,,,,,,,,,,2026-09-04T12:45:07.063844,,,,,0,,,,,,,,SYSTEM,1.0,1.0,1.0,1.0,,,PENDING
cloud_hist_PIIND_20260629_1,2026-06-28T18:30:00,PIIND,SHORT,EQUITY,,,,,,,2550.644775390625,2295.5802978515626,2652.67056640625,v2.2,NIFTY_200_AUG2026,TradeMind Core v2.2-CloudBackfill,,,,,,,,,,,,,,,LEGACY_UNVERIFIED,STOP_LOSS,,False,,,,,,,,,,2026-06-28T18:30:00,2026-09-04T12:45:05.679559,EQUITY,NSE,,,,,,,,,,,,,,,,,2026-09-04T12:45:07.064844,,,,,0,,,,,,,,SYSTEM,1.0,1.0,1.0,1.0,,,PENDING
recon_NHPC_20260629_1,2026-06-28T18:30:00,NHPC,LONG,EQUITY,,,,,,,81.3473892211914,89.48212814331056,78.09349365234375,v2.2,NIFTY_200_AUG2026,TradeMind-Quant-V2,,,,,,,,,,,,,,,LEGACY_UNVERIFIED,STOP_LOSS,,False,,,,,,,,,,2026-06-28T18:30:00,2026-09-04T12:45:05.583604,EQUITY,NSE,,,,,,,,,,,,,,,,,2026-09-04T12:45:07.063844,,,,,0,,,,,,,,SYSTEM,1.0,1.0,1.0,1.0,,,PENDING
cloud_hist_DEEPAKNTR_20260629_3,2026-06-28T18:30:00,DEEPAKNTR,SHORT,EQUITY,,,,,,,1556.5904541015625,1400.9314086914062,1618.854072265625,v2.2,NIFTY_200_AUG2026,TradeMind Core v2.2-CloudBackfill,,,,,,,,,,,,,,,LEGACY_UNVERIFIED,STOP_LOSS,,False,,,,,,,,,,2026-06-28T18:30:00,2026-09-04T12:45:05.643579,EQUITY,NSE,,,,,,,,,,,,,,,,,2026-09-04T12:45:07.064844,,,,,0,,,,,,,,SYSTEM,1.0,1.0,1.0,1.0,,,PENDING
recon_ASTRAL_20260629_0,2026-06-28T18:30:00,ASTRAL,SHORT,EQUITY,,,0.75,0.75,0.5,1.0,1365.851806640625,1229.2666259765626,1420.48587890625,v2.2,NIFTY_200_AUG2026,TradeMind-Quant-V2,v1.0.0,,,2026-07-13T18:30:00,1229.2666259765626,10.0,,,,,9.8,,,,LIVE_SHADOW_VERIFIED,TARGET_HIT,,True,,,,,10.0,,9.8,,,2026-08-28T11:33:03.146592,2026-08-28T11:33:03.146592,,,,,,,,,,,,,,,,,,,,,,TERMINAL,,4,,,,,,,,,,,,,,,
cloud_hist_SUPREMEIND_20260629_4,2026-06-28T18:30:00,SUPREMEIND,SHORT,EQUITY,,,,,,,3194.0,2874.6,3321.76,v2.2,NIFTY_200_AUG2026,TradeMind Core v2.2-CloudBackfill,,,,,,,,,,,,,,,LEGACY_UNVERIFIED,TARGET_HIT,,False,,,,,,,,,,2026-06-28T18:30:00,2026-09-04T12:45:05.696549,EQUITY,NSE,,,,,,,,,,,,,,,,,2026-09-04T12:45:07.065843,,,,,0,,,,,,,,SYSTEM,1.0,1.0,1.0,1.0,,,PENDING
recon_DEEPAKNTR_20260629_1,2026-06-28T18:30:00,DEEPAKNTR,SHORT,EQUITY,,,,,,,1556.5904541015625,1400.9314086914062,1618.854072265625,v2.2,NIFTY_200_AUG2026,TradeMind-Quant-V2,,,,,,,,,,,,,,,LEGACY_UNVERIFIED,STOP_LOSS,,False,,,,,,,,,,2026-06-28T18:30:00,2026-09-04T12:45:05.539638,EQUITY,NSE,,,,,,,,,,,,,,,,,2026-09-04T12:45:07.062845,,,,,0,,,,,,,,SYSTEM,1.0,1.0,1.0,1.0,,,PENDING
cloud_hist_IRCTC_20260629_0,2026-06-28T18:30:00,IRCTC,SHORT,EQUITY,,,,,,,503.8500061035156,453.4650054931641,524.0040063476563,v2.2,NIFTY_200_AUG2026,TradeMind Core v2.2-CloudBackfill,,,,,,,,,,,,,,,LEGACY_UNVERIFIED,TARGET_HIT,,False,,,,,,,,,,2026-06-28T18:30:00,2026-09-04T12:45:05.665566,EQUITY,NSE,,,,,,,,,,,,,,,,,2026-09-04T12:45:07.064844,,,,,0,,,,,,,,SYSTEM,1.0,1.0,1.0,1.0,,,PENDING
recon_SUPREMEIND_20260629_2,2026-06-28T18:30:00,SUPREMEIND,SHORT,EQUITY,,,,,,,3194.0,2874.6,3321.76,v2.2,NIFTY_200_AUG2026,TradeMind-Quant-V2,,,,,,,,,,,,,,,LEGACY_UNVERIFIED,TARGET_HIT,,False,,,,,,,,,,2026-06-28T18:30:00,2026-09-04T12:45:05.599604,EQUITY,NSE,,,,,,,,,,,,,,,,,2026-09-04T12:45:07.063844,,,,,0,,,,,,,,SYSTEM,1.0,1.0,1.0,1.0,,,PENDING
cloud_hist_MARICO_20260629_3,2026-06-28T18:30:00,MARICO,LONG,EQUITY,,,,,,,836.1264038085938,919.7390441894532,802.68134765625,v2.2,NIFTY_200_AUG2026,TradeMind Core v2.2-CloudBackfill,,,,,,,,,,,,,,,LEGACY_UNVERIFIED,STOP_LOSS,,False,,,,,,,,,,2026-06-28T18:30:00,2026-09-04T12:45:05.671553,EQUITY,NSE,,,,,,,,,,,,,,,,,2026-09-04T12:45:07.064844,,,,,0,,,,,,,,SYSTEM,1.0,1.0,1.0,1.0,,,PENDING
cloud_hist_MAHABANK_20260629_1,2026-06-28T18:30:00,MAHABANK,LONG,EQUITY,,,,,,,93.8499984741211,103.23499832153321,90.09599853515624,v2.2,NIFTY_200_AUG2026,TradeMind Core v2.2-CloudBackfill,,,,,,,,,,,,,,,LEGACY_UNVERIFIED,STOP_LOSS,,False,,,,,,,,,,2026-06-28T18:30:00,2026-09-04T12:45:05.673563,EQUITY,NSE,,,,,,,,,,,,,,,,,2026-09-04T12:45:07.064844,,,,,0,,,,,,,,SYSTEM,1.0,1.0,1.0,1.0,,,PENDING
cloud_hist_ASTRAL_20260629_2,2026-06-28T18:30:00,ASTRAL,SHORT,EQUITY,,,,,,,1365.851806640625,1229.2666259765626,1420.48587890625,v2.2,NIFTY_200_AUG2026,TradeMind Core v2.2-CloudBackfill,,,,,,,,,,,,,,,LEGACY_UNVERIFIED,TARGET_HIT,,False,,,,,,,,,,2026-06-28T18:30:00,2026-09-04T12:45:05.609598,EQUITY,NSE,,,,,,,,,,,,,,,,,2026-09-04T12:45:07.063844,,,,,0,,,,,,,,SYSTEM,1.0,1.0,1.0,1.0,,,PENDING
cloud_hist_UPL_20260629_1,2026-06-28T18:30:00,UPL,SHORT,EQUITY,,,,,,,562.9508056640625,506.6557250976563,585.468837890625,v2.2,NIFTY_200_AUG2026,TradeMind Core v2.2-CloudBackfill,,,,,,,,,,,,,,,LEGACY_UNVERIFIED,STOP_LOSS,,False,,,,,,,,,,2026-06-28T18:30:00,2026-09-04T12:45:05.704544,EQUITY,NSE,,,,,,,,,,,,,,,,,2026-09-04T12:45:07.065843,,,,,0,,,,,,,,SYSTEM,1.0,1.0,1.0,1.0,,,PENDING
recon_MARICO_20260629_1,2026-06-28T18:30:00,MARICO,LONG,EQUITY,,,,,,,836.1264038085938,919.7390441894532,802.68134765625,v2.2,NIFTY_200_AUG2026,TradeMind-Quant-V2,,,,,,,,,,,,,,,LEGACY_UNVERIFIED,STOP_LOSS,,False,,,,,,,,,,2026-06-28T18:30:00,2026-09-04T12:45:05.581605,EQUITY,NSE,,,,,,,,,,,,,,,,,2026-09-04T12:45:07.063844,,,,,0,,,,,,,,SYSTEM,1.0,1.0,1.0,1.0,,,PENDING
cloud_hist_NHPC_20260629_3,2026-06-28T18:30:00,NHPC,LONG,EQUITY,,,,,,,81.3473892211914,89.48212814331056,78.09349365234375,v2.2,NIFTY_200_AUG2026,TradeMind Core v2.2-CloudBackfill,,,,,,,,,,,,,,,LEGACY_UNVERIFIED,STOP_LOSS,,False,,,,,,,,,,2026-06-28T18:30:00,2026-09-04T12:45:05.675560,EQUITY,NSE,,,,,,,,,,,,,,,,,2026-09-04T12:45:07.064844,,,,,0,,,,,,,,SYSTEM,1.0,1.0,1.0,1.0,,,PENDING
prod_RELIANCE_202606280000,2026-06-28T00:00:00,RELIANCE,LONG,EQUITY,,,,,,,1210.0,1318.9,1113.2,v2.2,NIFTY_200_AUG2026,TradeMind Core v2.2,,,,,,,,,,,,,,,LEGACY_UNVERIFIED,TARGET_HIT,,False,,,,,,,,,,2026-06-28T00:00:00,2026-09-04T12:45:05.540638,EQUITY,NSE,,,,,,,,,,,,,,,,,2026-09-04T12:45:07.062845,,,,,0,,,,,,,,SYSTEM,1.0,1.0,1.0,1.0,,,PENDING
prod_ICICIBANK_202606280000,2026-06-28T00:00:00,ICICIBANK,LONG,EQUITY,,,,,,,3434.0,3846.0800000000004,3159.28,v2.2,NIFTY_200_AUG2026,TradeMind Core v2.2,,,,,,,,,,,,,,,LEGACY_UNVERIFIED,EXPIRED,,False,,,,,,,,,,2026-06-28T00:00:00,2026-09-04T12:45:05.550632,EQUITY,NSE,,,,,,,,,,,,,,,,,2026-09-04T12:45:07.063844,,,,,0,,,,,,,,SYSTEM,1.0,1.0,1.0,1.0,,,PENDING
prod_LT_202606270000,2026-06-27T00:00:00,LT,LONG,EQUITY,,,,,,,2666.0,2985.92,2532.7,v2.2,NIFTY_200_AUG2026,TradeMind Core v2.2,,,,,,,,,,,,,,,LEGACY_UNVERIFIED,STOP_LOSS,,False,,,,,,,,,,2026-06-27T00:00:00,2026-09-04T12:45:05.559627,EQUITY,NSE,,,,,,,,,,,,,,,,,2026-09-04T12:45:07.063844,,,,,0,,,,,,,,SYSTEM,1.0,1.0,1.0,1.0,,,PENDING
prod_SBIN_202606270000,2026-06-27T00:00:00,SBIN,LONG,EQUITY,,,,,,,3582.0,4011.8400000000006,3402.8999999999996,v2.2,NIFTY_200_AUG2026,TradeMind Core v2.2,,,,,,,,,,,,,,,LEGACY_UNVERIFIED,STOP_LOSS,,False,,,,,,,,,,2026-06-27T00:00:00,2026-09-04T12:45:05.552632,EQUITY,NSE,,,,,,,,,,,,,,,,,2026-09-04T12:45:07.063844,,,,,0,,,,,,,,SYSTEM,1.0,1.0,1.0,1.0,,,PENDING
prod_ITC_202606270000,2026-06-27T00:00:00,ITC,LONG,EQUITY,,,,,,,2619.0,2854.71,2409.48,v2.2,NIFTY_200_AUG2026,TradeMind Core v2.2,,,,,,,,,,,,,,,LEGACY_UNVERIFIED,TARGET_HIT,,False,,,,,,,,,,2026-06-27T00:00:00,2026-09-04T12:45:05.561626,EQUITY,NSE,,,,,,,,,,,,,,,,,2026-09-04T12:45:07.063844,,,,,0,,,,,,,,SYSTEM,1.0,1.0,1.0,1.0,,,PENDING
prod_BHARTIARTL_202606270000,2026-06-27T00:00:00,BHARTIARTL,LONG,EQUITY,,,,,,,2269.0,2541.28,2087.48,v2.2,NIFTY_200_AUG2026,TradeMind Core v2.2,,,,,,,,,,,,,,,LEGACY_UNVERIFIED,EXPIRED,,False,,,,,,,,,,2026-06-27T00:00:00,2026-09-04T12:45:05.555630,EQUITY,NSE,,,,,,,,,,,,,,,,,2026-09-04T12:45:07.063844,,,,,0,,,,,,,,SYSTEM,1.0,1.0,1.0,1.0,,,PENDING
prod_RELIANCE_202606250000,2026-06-25T00:00:00,RELIANCE,LONG,EQUITY,,,,,,,1296.0,1451.5200000000002,1231.2,v2.2,NIFTY_200_AUG2026,TradeMind Core v2.2,,,,,,,,,,,,,,,LEGACY_UNVERIFIED,STOP_LOSS,,False,,,,,,,,,,2026-06-25T00:00:00,2026-09-04T12:45:05.540638,EQUITY,NSE,,,,,,,,,,,,,,,,,2026-09-04T12:45:07.062845,,,,,0,,,,,,,,SYSTEM,1.0,1.0,1.0,1.0,,,PENDING
prod_ICICIBANK_202606250000,2026-06-25T00:00:00,ICICIBANK,LONG,EQUITY,,,,,,,1225.0,1335.25,1127.0,v2.2,NIFTY_200_AUG2026,TradeMind Core v2.2,,,,,,,,,,,,,,,LEGACY_UNVERIFIED,TARGET_HIT,,False,,,,,,,,,,2026-06-25T00:00:00,2026-09-04T12:45:05.550632,EQUITY,NSE,,,,,,,,,,,,,,,,,2026-09-04T12:45:07.063844,,,,,0,,,,,,,,SYSTEM,1.0,1.0,1.0,1.0,,,PENDING
prod_HDFCBANK_202606250000,2026-06-25T00:00:00,HDFCBANK,LONG,EQUITY,,,,,,,2808.0,3060.7200000000003,2583.36,v2.2,NIFTY_200_AUG2026,TradeMind Core v2.2,,,,,,,,,,,,,,,LEGACY_UNVERIFIED,TARGET_HIT,,False,,,,,,,,,,2026-06-25T00:00:00,2026-09-04T12:45:05.546634,EQUITY,NSE,,,,,,,,,,,,,,,,,2026-09-04T12:45:07.063844,,,,,0,,,,,,,,SYSTEM,1.0,1.0,1.0,1.0,,,PENDING
recon_GODREJPROP_20260625_0,2026-06-24T18:30:00,GODREJPROP,LONG,EQUITY,,,,,,,1841.69775390625,2025.867529296875,1768.0298437499998,v2.2,NIFTY_200_AUG2026,TradeMind-Quant-V2,,,,,,,,,,,,,,,LEGACY_UNVERIFIED,TARGET_HIT,,False,,,,,,,,,,2026-06-24T18:30:00,2026-09-04T12:45:05.565624,EQUITY,NSE,,,,,,,,,,,,,,,,,2026-09-04T12:45:07.063844,,,,,0,,,,,,,,SYSTEM,1.0,1.0,1.0,1.0,,,PENDING
recon_MAXHEALTH_20260625_1,2026-06-24T18:30:00,MAXHEALTH,LONG,EQUITY,,,,,,,1121.357177734375,1233.4928955078126,1076.502890625,v2.2,NIFTY_200_AUG2026,TradeMind-Quant-V2,,,,,,,,,,,,,,,LEGACY_UNVERIFIED,STOP_LOSS,,False,,,,,,,,,,2026-06-24T18:30:00,2026-09-04T12:45:05.581605,EQUITY,NSE,,,,,,,,,,,,,,,,,2026-09-04T12:45:07.063844,,,,,0,,,,,,,,SYSTEM,1.0,1.0,1.0,1.0,,,PENDING
cloud_hist_COALINDIA_20260625_2,2026-06-24T18:30:00,COALINDIA,SHORT,EQUITY,,,,,,,429.6600646972656,386.6940582275391,446.8464672851563,v2.2,NIFTY_200_AUG2026,TradeMind Core v2.2-CloudBackfill,,,,,,,,,,,,,,,LEGACY_UNVERIFIED,TARGET_HIT,,False,,,,,,,,,,2026-06-24T18:30:00,2026-09-04T12:45:05.636583,EQUITY,NSE,,,,,,,,,,,,,,,,,2026-09-04T12:45:07.064844,,,,,0,,,,,,,,SYSTEM,1.0,1.0,1.0,1.0,,,PENDING
cloud_hist_DRREDDY_20260625_1,2026-06-24T18:30:00,DRREDDY,LONG,EQUITY,,,,,,,1341.989501953125,1476.1884521484376,1288.3099218749999,v2.2,NIFTY_200_AUG2026,TradeMind Core v2.2-CloudBackfill,,,,,,,,,,,,,,,LEGACY_UNVERIFIED,STOP_LOSS,,False,,,,,,,,,,2026-06-24T18:30:00,2026-09-04T12:45:05.643579,EQUITY,NSE,,,,,,,,,,,,,,,,,2026-09-04T12:45:07.064844,,,,,0,,,,,,,,SYSTEM,1.0,1.0,1.0,1.0,,,PENDING
cloud_hist_GODREJPROP_20260625_2,2026-06-24T18:30:00,GODREJPROP,LONG,EQUITY,,,,,,,1841.69775390625,2025.867529296875,1768.0298437499998,v2.2,NIFTY_200_AUG2026,TradeMind Core v2.2-CloudBackfill,,,,,,,,,,,,,,,LEGACY_UNVERIFIED,TARGET_HIT,,False,,,,,,,,,,2026-06-24T18:30:00,2026-09-04T12:45:05.647577,EQUITY,NSE,,,,,,,,,,,,,,,,,2026-09-04T12:45:07.064844,,,,,0,,,,,,,,SYSTEM,1.0,1.0,1.0,1.0,,,PENDING
cloud_hist_HINDALCO_20260625_1,2026-06-24T18:30:00,HINDALCO,SHORT,EQUITY,,,,,,,948.2532348632812,853.4279113769531,986.1833642578125,v2.2,NIFTY_200_AUG2026,TradeMind Core v2.2-CloudBackfill,,,,,,,,,,,,,,,LEGACY_UNVERIFIED,STOP_LOSS,,False,,,,,,,,,,2026-06-24T18:30:00,2026-09-04T12:45:05.653573,EQUITY,NSE,,,,,,,,,,,,,,,,,2026-09-04T12:45:07.064844,,,,,0,,,,,,,,SYSTEM,1.0,1.0,1.0,1.0,,,PENDING
cloud_hist_M&M_20260625_0,2026-06-24T18:30:00,M&M,LONG,EQUITY,,,,,,,3149.12939453125,3464.042333984375,3023.1642187499997,v2.2,NIFTY_200_AUG2026,TradeMind Core v2.2-CloudBackfill,,,,,,,,,,,,,,,LEGACY_UNVERIFIED,TARGET_HIT,,False,,,,,,,,,,2026-06-24T18:30:00,2026-09-04T12:45:05.670554,EQUITY,NSE,,,,,,,,,,,,,,,,,2026-09-04T12:45:07.064844,,,,,0,,,,,,,,SYSTEM,1.0,1.0,1.0,1.0,,,PENDING
recon_COALINDIA_20260625_0,2026-06-24T18:30:00,COALINDIA,SHORT,EQUITY,,,,,,,429.6600646972656,386.6940582275391,446.8464672851563,v2.2,NIFTY_200_AUG2026,TradeMind-Quant-V2,,,,,,,,,,,,,,,LEGACY_UNVERIFIED,TARGET_HIT,,False,,,,,,,,,,2026-06-24T18:30:00,2026-09-04T12:45:05.535641,EQUITY,NSE,,,,,,,,,,,,,,,,,2026-09-04T12:45:07.062845,,,,,0,,,,,,,,SYSTEM,1.0,1.0,1.0,1.0,,,PENDING
cloud_hist_MAXHEALTH_20260625_3,2026-06-24T18:30:00,MAXHEALTH,LONG,EQUITY,,,,,,,1121.357177734375,1233.4928955078126,1076.502890625,v2.2,NIFTY_200_AUG2026,TradeMind Core v2.2-CloudBackfill,,,,,,,,,,,,,,,LEGACY_UNVERIFIED,STOP_LOSS,,False,,,,,,,,,,2026-06-24T18:30:00,2026-09-04T12:45:05.672552,EQUITY,NSE,,,,,,,,,,,,,,,,,2026-09-04T12:45:07.064844,,,,,0,,,,,,,,SYSTEM,1.0,1.0,1.0,1.0,,,PENDING
cloud_hist_UNITDSPR_20260625_1,2026-06-24T18:30:00,UNITDSPR,LONG,EQUITY,,,,,,,1374.3165283203125,1511.748181152344,1319.3438671874999,v2.2,NIFTY_200_AUG2026,TradeMind Core v2.2-CloudBackfill,,,,,,,,,,,,,,,LEGACY_UNVERIFIED,STOP_LOSS,,False,,,,,,,,,,2026-06-24T18:30:00,2026-09-04T12:45:05.705544,EQUITY,NSE,,,,,,,,,,,,,,,,,2026-09-04T12:45:07.065843,,,,,0,,,,,,,,SYSTEM,1.0,1.0,1.0,1.0,,,PENDING
prod_AXISBANK_202606240000,2026-06-24T00:00:00,AXISBANK,LONG,EQUITY,,,,,,,2407.0,2695.84,2214.44,v2.2,NIFTY_200_AUG2026,TradeMind Core v2.2,,,,,,,,,,,,,,,LEGACY_UNVERIFIED,EXPIRED,,False,,,,,,,,,,2026-06-24T00:00:00,2026-09-04T12:45:05.557628,EQUITY,NSE,,,,,,,,,,,,,,,,,2026-09-04T12:45:07.063844,,,,,0,,,,,,,,SYSTEM,1.0,1.0,1.0,1.0,,,PENDING
prod_ITC_202606240000,2026-06-24T00:00:00,ITC,LONG,EQUITY,,,,,,,1946.0,2179.52,1848.6999999999998,v2.2,NIFTY_200_AUG2026,TradeMind Core v2.2,,,,,,,,,,,,,,,LEGACY_UNVERIFIED,STOP_LOSS,,False,,,,,,,,,,2026-06-24T00:00:00,2026-09-04T12:45:05.561626,EQUITY,NSE,,,,,,,,,,,,,,,,,2026-09-04T12:45:07.063844,,,,,0,,,,,,,,SYSTEM,1.0,1.0,1.0,1.0,,,PENDING
prod_BHARTIARTL_202606240000,2026-06-24T00:00:00,BHARTIARTL,LONG,EQUITY,,,,,,,2670.0,2910.3,2456.4,v2.2,NIFTY_200_AUG2026,TradeMind Core v2.2,,,,,,,,,,,,,,,LEGACY_UNVERIFIED,TARGET_HIT,,False,,,,,,,,,,2026-06-24T00:00:00,2026-09-04T12:45:05.555630,EQUITY,NSE,,,,,,,,,,,,,,,,,2026-09-04T12:45:07.063844,,,,,0,,,,,,,,SYSTEM,1.0,1.0,1.0,1.0,,,PENDING
recon_COLPAL_20260624_0,2026-06-23T18:30:00,COLPAL,SHORT,EQUITY,,,,,,,1965.300048828125,1768.7700439453126,2043.9120507812502,v2.2,NIFTY_200_AUG2026,TradeMind-Quant-V2,,,,,,,,,,,,,,,LEGACY_UNVERIFIED,TARGET_HIT,,False,,,,,,,,,,2026-06-23T18:30:00,2026-09-04T12:45:05.535641,EQUITY,NSE,,,,,,,,,,,,,,,,,2026-09-04T12:45:07.062845,,,,,0,,,,,,,,SYSTEM,1.0,1.0,1.0,1.0,,,PENDING
recon_IRFC_20260624_1,2026-06-23T18:30:00,IRFC,SHORT,EQUITY,,,,,,,92.5,83.25,96.2,v2.2,NIFTY_200_AUG2026,TradeMind-Quant-V2,,,,,,,,,,,,,,,LEGACY_UNVERIFIED,STOP_LOSS,,False,,,,,,,,,,2026-06-23T18:30:00,2026-09-04T12:45:05.575609,EQUITY,NSE,,,,,,,,,,,,,,,,,2026-09-04T12:45:07.063844,,,,,0,,,,,,,,SYSTEM,1.0,1.0,1.0,1.0,,,PENDING
recon_SHRIRAMFIN_20260624_0,2026-06-23T18:30:00,SHRIRAMFIN,LONG,EQUITY,,,,,,,1013.268310546875,1114.5951416015625,972.7375781249999,v2.2,NIFTY_200_AUG2026,TradeMind-Quant-V2,,,,,,,,,,,,,,,LEGACY_UNVERIFIED,TARGET_HIT,,False,,,,,,,,,,2026-06-23T18:30:00,2026-09-04T12:45:05.596606,EQUITY,NSE,,,,,,,,,,,,,,,,,2026-09-04T12:45:07.063844,,,,,0,,,,,,,,SYSTEM,1.0,1.0,1.0,1.0,,,PENDING
recon_ICICIBANK_20260624_0,2026-06-23T18:30:00,ICICIBANK,LONG,EQUITY,,,,,,,1362.11669921875,1498.3283691406252,1307.63203125,v2.2,NIFTY_200_AUG2026,TradeMind-Quant-V2,,,,,,,,,,,,,,,LEGACY_UNVERIFIED,TARGET_HIT,,False,,,,,,,,,,2026-06-23T18:30:00,2026-09-04T12:45:05.570621,EQUITY,NSE,,,,,,,,,,,,,,,,,2026-09-04T12:45:07.063844,,,,,0,,,,,,,,SYSTEM,1.0,1.0,1.0,1.0,,,PENDING
cloud_hist_TRENT_20260624_1,2026-06-23T18:30:00,TRENT,LONG,EQUITY,,,,,,,3247.0,3571.7000000000003,3117.12,v2.2,NIFTY_200_AUG2026,TradeMind Core v2.2-CloudBackfill,,,,,,,,,,,,,,,LEGACY_UNVERIFIED,STOP_LOSS,,False,,,,,,,,,,2026-06-23T18:30:00,2026-09-04T12:45:05.700549,EQUITY,NSE,,,,,,,,,,,,,,,,,2026-09-04T12:45:07.065843,,,,,0,,,,,,,,SYSTEM,1.0,1.0,1.0,1.0,,,PENDING
cloud_hist_PAGEIND_20260624_2,2026-06-23T18:30:00,PAGEIND,LONG,EQUITY,,,,,,,40885.0,44973.5,39249.6,v2.2,NIFTY_200_AUG2026,TradeMind Core v2.2-CloudBackfill,,,,,,,,,,,,,,,LEGACY_UNVERIFIED,TARGET_HIT,,False,,,,,,,,,,2026-06-23T18:30:00,2026-09-04T12:45:05.683560,EQUITY,NSE,,,,,,,,,,,,,,,,,2026-09-04T12:45:07.064844,,,,,0,,,,,,,,SYSTEM,1.0,1.0,1.0,1.0,,,PENDING
recon_AXISBANK_20260624_0,2026-06-23T18:30:00,AXISBANK,LONG,EQUITY,,,0.75,0.75,0.5,1.0,1383.43310546875,1521.776416015625,1328.0957812499998,v2.2,NIFTY_200_AUG2026,TradeMind-Quant-V2,v1.0.0,,,2026-07-08T18:30:00,1521.776416015625,10.0,,,,,9.8,,,,LIVE_SHADOW_VERIFIED,TARGET_HIT,,True,,,,,10.0,,9.8,,,2026-09-02T10:54:35.460921,2026-09-02T10:54:35.460921,,,,,,,,,,,,,,,,,,,,,,TERMINAL,,4,,,,,,,,,,,,,,,
cloud_hist_ICICIBANK_20260624_2,2026-06-23T18:30:00,ICICIBANK,LONG,EQUITY,,,,,,,1362.11669921875,1498.3283691406252,1307.63203125,v2.2,NIFTY_200_AUG2026,TradeMind Core v2.2-CloudBackfill,,,,,,,,,,,,,,,LEGACY_UNVERIFIED,TARGET_HIT,,False,,,,,,,,,,2026-06-23T18:30:00,2026-09-04T12:45:05.655572,EQUITY,NSE,,,,,,,,,,,,,,,,,2026-09-04T12:45:07.064844,,,,,0,,,,,,,,SYSTEM,1.0,1.0,1.0,1.0,,,PENDING
recon_PAGEIND_20260624_0,2026-06-23T18:30:00,PAGEIND,LONG,EQUITY,,,,,,,40885.0,44973.5,39249.6,v2.2,NIFTY_200_AUG2026,TradeMind-Quant-V2,,,,,,,,,,,,,,,LEGACY_UNVERIFIED,TARGET_HIT,,False,,,,,,,,,,2026-06-23T18:30:00,2026-09-04T12:45:05.589600,EQUITY,NSE,,,,,,,,,,,,,,,,,2026-09-04T12:45:07.063844,,,,,0,,,,,,,,SYSTEM,1.0,1.0,1.0,1.0,,,PENDING
recon_ONGC_20260624_2,2026-06-23T18:30:00,ONGC,SHORT,EQUITY,,,,,,,240.0,216.0,249.60000000000002,v2.2,NIFTY_200_AUG2026,TradeMind-Quant-V2,,,,,,,,,,,,,,,LEGACY_UNVERIFIED,TARGET_HIT,,False,,,,,,,,,,2026-06-23T18:30:00,2026-09-04T12:45:05.585603,EQUITY,NSE,,,,,,,,,,,,,,,,,2026-09-04T12:45:07.063844,,,,,0,,,,,,,,SYSTEM,1.0,1.0,1.0,1.0,,,PENDING
cloud_hist_AXISBANK_20260624_2,2026-06-23T18:30:00,AXISBANK,LONG,EQUITY,,,,,,,1383.43310546875,1521.776416015625,1328.0957812499998,v2.2,NIFTY_200_AUG2026,TradeMind Core v2.2-CloudBackfill,,,,,,,,,,,,,,,LEGACY_UNVERIFIED,TARGET_HIT,,False,,,,,,,,,,2026-06-23T18:30:00,2026-09-04T12:45:05.623591,EQUITY,NSE,,,,,,,,,,,,,,,,,2026-09-04T12:45:07.064844,,,,,0,,,,,,,,SYSTEM,1.0,1.0,1.0,1.0,,,PENDING
recon_TATASTEEL_20260624_0,2026-06-23T18:30:00,TATASTEEL,SHORT,EQUITY,,,,,,,190.16000366210938,171.14400329589844,197.76640380859376,v2.2,NIFTY_200_AUG2026,TradeMind-Quant-V2,,,,,,,,,,,,,,,LEGACY_UNVERIFIED,TARGET_HIT,,False,,,,,,,,,,2026-06-23T18:30:00,2026-09-04T12:45:05.601603,EQUITY,NSE,,,,,,,,,,,,,,,,,2026-09-04T12:45:07.063844,,,,,0,,,,,,,,SYSTEM,1.0,1.0,1.0,1.0,,,PENDING
cloud_hist_BAJAJ-AUTO_20260624_0,2026-06-23T18:30:00,BAJAJ-AUTO,SHORT,EQUITY,,,,,,,9750.0,8775.0,10140.0,v2.2,NIFTY_200_AUG2026,TradeMind Core v2.2-CloudBackfill,,,,,,,,,,,,,,,LEGACY_UNVERIFIED,TARGET_HIT,,False,,,,,,,,,,2026-06-23T18:30:00,2026-09-04T12:45:05.624590,EQUITY,NSE,,,,,,,,,,,,,,,,,2026-09-04T12:45:07.064844,,,,,0,,,,,,,,SYSTEM,1.0,1.0,1.0,1.0,,,PENDING
cloud_hist_SHREECEM_20260624_1,2026-06-23T18:30:00,SHREECEM,LONG,EQUITY,,,,,,,26002.412109375,28602.653320312504,24962.315625,v2.2,NIFTY_200_AUG2026,TradeMind Core v2.2-CloudBackfill,,,,,,,,,,,,,,,LEGACY_UNVERIFIED,STOP_LOSS,,False,,,,,,,,,,2026-06-23T18:30:00,2026-09-04T12:45:05.690554,EQUITY,NSE,,,,,,,,,,,,,,,,,2026-09-04T12:45:07.064844,,,,,0,,,,,,,,SYSTEM,1.0,1.0,1.0,1.0,,,PENDING
cloud_hist_SHRIRAMFIN_20260624_2,2026-06-23T18:30:00,SHRIRAMFIN,LONG,EQUITY,,,,,,,1013.268310546875,1114.5951416015625,972.7375781249999,v2.2,NIFTY_200_AUG2026,TradeMind Core v2.2-CloudBackfill,,,,,,,,,,,,,,,LEGACY_UNVERIFIED,TARGET_HIT,,False,,,,,,,,,,2026-06-23T18:30:00,2026-09-04T12:45:05.691551,EQUITY,NSE,,,,,,,,,,,,,,,,,2026-09-04T12:45:07.065843,,,,,0,,,,,,,,SYSTEM,1.0,1.0,1.0,1.0,,,PENDING
cloud_hist_IRFC_20260624_3,2026-06-23T18:30:00,IRFC,SHORT,EQUITY,,,,,,,92.5,83.25,96.2,v2.2,NIFTY_200_AUG2026,TradeMind Core v2.2-CloudBackfill,,,,,,,,,,,,,,,LEGACY_UNVERIFIED,STOP_LOSS,,False,,,,,,,,,,2026-06-23T18:30:00,2026-09-04T12:45:05.657571,EQUITY,NSE,,,,,,,,,,,,,,,,,2026-09-04T12:45:07.064844,,,,,0,,,,,,,,SYSTEM,1.0,1.0,1.0,1.0,,,PENDING
cloud_hist_HDFCBANK_20260624_0,2026-06-23T18:30:00,HDFCBANK,LONG,EQUITY,,,,,,,793.2000122070312,872.5200134277344,761.47201171875,v2.2,NIFTY_200_AUG2026,TradeMind Core v2.2-CloudBackfill,,,,,,,,,,,,,,,LEGACY_UNVERIFIED,TARGET_HIT,,False,,,,,,,,,,2026-06-23T18:30:00,2026-09-04T12:45:05.650575,EQUITY,NSE,,,,,,,,,,,,,,,,,2026-09-04T12:45:07.064844,,,,,0,,,,,,,,SYSTEM,1.0,1.0,1.0,1.0,,,PENDING
cloud_hist_COLPAL_20260624_2,2026-06-23T18:30:00,COLPAL,SHORT,EQUITY,,,,,,,1965.300048828125,1768.7700439453126,2043.9120507812502,v2.2,NIFTY_200_AUG2026,TradeMind Core v2.2-CloudBackfill,,,,,,,,,,,,,,,LEGACY_UNVERIFIED,TARGET_HIT,,False,,,,,,,,,,2026-06-23T18:30:00,2026-09-04T12:45:05.637583,EQUITY,NSE,,,,,,,,,,,,,,,,,2026-09-04T12:45:07.064844,,,,,0,,,,,,,,SYSTEM,1.0,1.0,1.0,1.0,,,PENDING
cloud_hist_TATASTEEL_20260624_2,2026-06-23T18:30:00,TATASTEEL,SHORT,EQUITY,,,,,,,190.16000366210938,171.14400329589844,197.76640380859376,v2.2,NIFTY_200_AUG2026,TradeMind Core v2.2-CloudBackfill,,,,,,,,,,,,,,,LEGACY_UNVERIFIED,TARGET_HIT,,False,,,,,,,,,,2026-06-23T18:30:00,2026-09-04T12:45:05.698548,EQUITY,NSE,,,,,,,,,,,,,,,,,2026-09-04T12:45:07.065843,,,,,0,,,,,,,,SYSTEM,1.0,1.0,1.0,1.0,,,PENDING
cloud_hist_ONGC_20260624_4,2026-06-23T18:30:00,ONGC,SHORT,EQUITY,,,,,,,240.0,216.0,249.60000000000002,v2.2,NIFTY_200_AUG2026,TradeMind Core v2.2-CloudBackfill,,,,,,,,,,,,,,,LEGACY_UNVERIFIED,TARGET_HIT,,False,,,,,,,,,,2026-06-23T18:30:00,2026-09-04T12:45:05.678561,EQUITY,NSE,,,,,,,,,,,,,,,,,2026-09-04T12:45:07.064844,,,,,0,,,,,,,,SYSTEM,1.0,1.0,1.0,1.0,,,PENDING
cloud_hist_BAJFINANCE_20260624_0,2026-06-23T18:30:00,BAJFINANCE,LONG,EQUITY,,,,,,,984.8956298828125,1083.3851928710938,945.4998046874999,v2.2,NIFTY_200_AUG2026,TradeMind Core v2.2-CloudBackfill,,,,,,,,,,,,,,,LEGACY_UNVERIFIED,TARGET_HIT,,False,,,,,,,,,,2026-06-23T18:30:00,2026-09-04T12:45:05.624590,EQUITY,NSE,,,,,,,,,,,,,,,,,2026-09-04T12:45:07.064844,,,,,0,,,,,,,,SYSTEM,1.0,1.0,1.0,1.0,,,PENDING
prod_INFY_202606230000,2026-06-23T00:00:00,INFY,LONG,EQUITY,,,,,,,2778.0,3028.0200000000004,2555.76,v2.2,NIFTY_200_AUG2026,TradeMind Core v2.2,,,,,,,,,,,,,,,LEGACY_UNVERIFIED,TARGET_HIT,,False,,,,,,,,,,2026-06-23T00:00:00,2026-09-04T12:45:05.548633,EQUITY,NSE,,,,,,,,,,,,,,,,,2026-09-04T12:45:07.063844,,,,,0,,,,,,,,SYSTEM,1.0,1.0,1.0,1.0,,,PENDING
prod_TCS_202606230000,2026-06-23T00:00:00,TCS,LONG,EQUITY,,,,,,,3294.0,3689.28,3129.2999999999997,v2.2,NIFTY_200_AUG2026,TradeMind Core v2.2,,,,,,,,,,,,,,,LEGACY_UNVERIFIED,STOP_LOSS,,False,,,,,,,,,,2026-06-23T00:00:00,2026-09-04T12:45:05.543636,EQUITY,NSE,,,,,,,,,,,,,,,,,2026-09-04T12:45:07.062845,,,,,0,,,,,,,,SYSTEM,1.0,1.0,1.0,1.0,,,PENDING
prod_LT_202606230000,2026-06-23T00:00:00,LT,LONG,EQUITY,,,,,,,1968.0,2204.1600000000003,1869.6,v2.2,NIFTY_200_AUG2026,TradeMind Core v2.2,,,,,,,,,,,,,,,LEGACY_UNVERIFIED,STOP_LOSS,,False,,,,,,,,,,2026-06-23T00:00:00,2026-09-04T12:45:05.559627,EQUITY,NSE,,,,,,,,,,,,,,,,,2026-09-04T12:45:07.063844,,,,,0,,,,,,,,SYSTEM,1.0,1.0,1.0,1.0,,,PENDING
recon_CIPLA_20260623_1,2026-06-22T18:30:00,CIPLA,LONG,EQUITY,,,,,,,1433.0999755859375,1576.4099731445315,1375.7759765624999,v2.2,NIFTY_200_AUG2026,TradeMind-Quant-V2,,,,,,,,,,,,,,,LEGACY_UNVERIFIED,STOP_LOSS,,False,,,,,,,,,,2026-06-22T18:30:00,2026-09-04T12:45:05.535641,EQUITY,NSE,,,,,,,,,,,,,,,,,2026-09-04T12:45:07.062845,,,,,0,,,,,,,,SYSTEM,1.0,1.0,1.0,1.0,,,PENDING
recon_JSWSTEEL_20260623_0,2026-06-22T18:30:00,JSWSTEEL,SHORT,EQUITY,,,,,,,1235.1055908203125,1111.5950317382812,1284.509814453125,v2.2,NIFTY_200_AUG2026,TradeMind-Quant-V2,,,,,,,,,,,,,,,LEGACY_UNVERIFIED,TARGET_HIT,,False,,,,,,,,,,2026-06-22T18:30:00,2026-09-04T12:45:05.576608,EQUITY,NSE,,,,,,,,,,,,,,,,,2026-09-04T12:45:07.063844,,,,,0,,,,,,,,SYSTEM,1.0,1.0,1.0,1.0,,,PENDING
cloud_hist_WIPRO_20260623_2,2026-06-22T18:30:00,WIPRO,SHORT,EQUITY,,,,,,,172.5196990966797,155.26772918701172,179.4204870605469,v2.2,NIFTY_200_AUG2026,TradeMind Core v2.2-CloudBackfill,,,,,,,,,,,,,,,LEGACY_UNVERIFIED,TARGET_HIT,,False,,,,,,,,,,2026-06-22T18:30:00,2026-09-04T12:45:05.616595,EQUITY,NSE,,,,,,,,,,,,,,,,,2026-09-04T12:45:07.063844,,,,,0,,,,,,,,SYSTEM,1.0,1.0,1.0,1.0,,,PENDING
cloud_hist_TCS_20260623_1,2026-06-22T18:30:00,TCS,SHORT,EQUITY,,,,,,,2048.368896484375,1843.5320068359376,2130.30365234375,v2.2,NIFTY_200_AUG2026,TradeMind Core v2.2-CloudBackfill,,,,,,,,,,,,,,,LEGACY_UNVERIFIED,STOP_LOSS,,False,,,,,,,,,,2026-06-22T18:30:00,2026-09-04T12:45:05.702545,EQUITY,NSE,,,,,,,,,,,,,,,,,2026-09-04T12:45:07.065843,,,,,0,,,,,,,,SYSTEM,1.0,1.0,1.0,1.0,,,PENDING
recon_VEDL_20260623_0,2026-06-22T18:30:00,VEDL,SHORT,EQUITY,,,,,,,281.70001220703125,253.53001098632814,292.9680126953125,v2.2,NIFTY_200_AUG2026,TradeMind-Quant-V2,,,,,,,,,,,,,,,LEGACY_UNVERIFIED,TARGET_HIT,,False,,,,,,,,,,2026-06-22T18:30:00,2026-09-04T12:45:05.606600,EQUITY,NSE,,,,,,,,,,,,,,,,,2026-09-04T12:45:07.063844,,,,,0,,,,,,,,SYSTEM,1.0,1.0,1.0,1.0,,,PENDING
recon_WIPRO_20260623_0,2026-06-22T18:30:00,WIPRO,SHORT,EQUITY,,,,,,,172.5196990966797,155.26772918701172,179.4204870605469,v2.2,NIFTY_200_AUG2026,TradeMind-Quant-V2,,,,,,,,,,,,,,,LEGACY_UNVERIFIED,TARGET_HIT,,False,,,,,,,,,,2026-06-22T18:30:00,2026-09-04T12:45:05.607601,EQUITY,NSE,,,,,,,,,,,,,,,,,2026-09-04T12:45:07.063844,,,,,0,,,,,,,,SYSTEM,1.0,1.0,1.0,1.0,,,PENDING
cloud_hist_NMDC_20260623_3,2026-06-22T18:30:00,NMDC,SHORT,EQUITY,,,,,,,85.26000213623047,76.73400192260742,88.6704022216797,v2.2,NIFTY_200_AUG2026,TradeMind Core v2.2-CloudBackfill,,,,,,,,,,,,,,,LEGACY_UNVERIFIED,STOP_LOSS,,False,,,,,,,,,,2026-06-22T18:30:00,2026-09-04T12:45:05.675560,EQUITY,NSE,,,,,,,,,,,,,,,,,2026-09-04T12:45:07.064844,,,,,0,,,,,,,,SYSTEM,1.0,1.0,1.0,1.0,,,PENDING
cloud_hist_CIPLA_20260623_3,2026-06-22T18:30:00,CIPLA,LONG,EQUITY,,,,,,,1433.0999755859375,1576.4099731445315,1375.7759765624999,v2.2,NIFTY_200_AUG2026,TradeMind Core v2.2-CloudBackfill,,,,,,,,,,,,,,,LEGACY_UNVERIFIED,STOP_LOSS,,False,,,,,,,,,,2026-06-22T18:30:00,2026-09-04T12:45:05.638582,EQUITY,NSE,,,,,,,,,,,,,,,,,2026-09-04T12:45:07.064844,,,,,0,,,,,,,,SYSTEM,1.0,1.0,1.0,1.0,,,PENDING
recon_INDUSTOWER_20260623_2,2026-06-22T18:30:00,INDUSTOWER,SHORT,EQUITY,,,,,,,385.4922180175781,346.9429962158203,400.9119067382813,v2.2,NIFTY_200_AUG2026,TradeMind-Quant-V2,,,,,,,,,,,,,,,LEGACY_UNVERIFIED,TARGET_HIT,,False,,,,,,,,,,2026-06-22T18:30:00,2026-09-04T12:45:05.573619,EQUITY,NSE,,,,,,,,,,,,,,,,,2026-09-04T12:45:07.063844,,,,,0,,,,,,,,SYSTEM,1.0,1.0,1.0,1.0,,,PENDING
cloud_hist_JSWSTEEL_20260623_2,2026-06-22T18:30:00,JSWSTEEL,SHORT,EQUITY,,,,,,,1235.1055908203125,1111.5950317382812,1284.509814453125,v2.2,NIFTY_200_AUG2026,TradeMind Core v2.2-CloudBackfill,,,,,,,,,,,,,,,LEGACY_UNVERIFIED,TARGET_HIT,,False,,,,,,,,,,2026-06-22T18:30:00,2026-09-04T12:45:05.659570,EQUITY,NSE,,,,,,,,,,,,,,,,,2026-09-04T12:45:07.064844,,,,,0,,,,,,,,SYSTEM,1.0,1.0,1.0,1.0,,,PENDING
cloud_hist_JINDALSTEL_20260623_1,2026-06-22T18:30:00,JINDALSTEL,SHORT,EQUITY,,,,,,,1082.5999755859375,974.3399780273438,1125.903974609375,v2.2,NIFTY_200_AUG2026,TradeMind Core v2.2-CloudBackfill,,,,,,,,,,,,,,,LEGACY_UNVERIFIED,STOP_LOSS,,False,,,,,,,,,,2026-06-22T18:30:00,2026-09-04T12:45:05.659570,EQUITY,NSE,,,,,,,,,,,,,,,,,2026-09-04T12:45:07.064844,,,,,0,,,,,,,,SYSTEM,1.0,1.0,1.0,1.0,,,PENDING
recon_NMDC_20260623_1,2026-06-22T18:30:00,NMDC,SHORT,EQUITY,,,,,,,85.26000213623047,76.73400192260742,88.6704022216797,v2.2,NIFTY_200_AUG2026,TradeMind-Quant-V2,,,,,,,,,,,,,,,LEGACY_UNVERIFIED,STOP_LOSS,,False,,,,,,,,,,2026-06-22T18:30:00,2026-09-04T12:45:05.583604,EQUITY,NSE,,,,,,,,,,,,,,,,,2026-09-04T12:45:07.063844,,,,,0,,,,,,,,SYSTEM,1.0,1.0,1.0,1.0,,,PENDING
cloud_hist_INDUSTOWER_20260623_4,2026-06-22T18:30:00,INDUSTOWER,SHORT,EQUITY,,,,,,,385.4922180175781,346.9429962158203,400.9119067382813,v2.2,NIFTY_200_AUG2026,TradeMind Core v2.2-CloudBackfill,,,,,,,,,,,,,,,LEGACY_UNVERIFIED,TARGET_HIT,,False,,,,,,,,,,2026-06-22T18:30:00,2026-09-04T12:45:05.663568,EQUITY,NSE,,,,,,,,,,,,,,,,,2026-09-04T12:45:07.064844,,,,,0,,,,,,,,SYSTEM,1.0,1.0,1.0,1.0,,,PENDING
cloud_hist_VEDL_20260623_2,2026-06-22T18:30:00,VEDL,SHORT,EQUITY,,,,,,,281.70001220703125,253.53001098632814,292.9680126953125,v2.2,NIFTY_200_AUG2026,TradeMind Core v2.2-CloudBackfill,,,,,,,,,,,,,,,LEGACY_UNVERIFIED,TARGET_HIT,,False,,,,,,,,,,2026-06-22T18:30:00,2026-09-04T12:45:05.707542,EQUITY,NSE,,,,,,,,,,,,,,,,,2026-09-04T12:45:07.065843,,,,,0,,,,,,,,SYSTEM,1.0,1.0,1.0,1.0,,,PENDING
cloud_hist_IDFCFIRSTB_20260622_2,2026-06-21T18:30:00,IDFCFIRSTB,LONG,EQUITY,,,,,,,80.45365142822266,88.49901657104493,77.23550537109375,v2.2,NIFTY_200_AUG2026,TradeMind Core v2.2-CloudBackfill,,,,,,,,,,,,,,,LEGACY_UNVERIFIED,TARGET_HIT,,False,,,,,,,,,,2026-06-21T18:30:00,2026-09-04T12:45:05.656572,EQUITY,NSE,,,,,,,,,,,,,,,,,2026-09-04T12:45:07.064844,,,,,0,,,,,,,,SYSTEM,1.0,1.0,1.0,1.0,,,PENDING
cloud_hist_INDHOTEL_20260622_3,2026-06-21T18:30:00,INDHOTEL,LONG,EQUITY,,,,,,,729.75,802.725,700.56,v2.2,NIFTY_200_AUG2026,TradeMind Core v2.2-CloudBackfill,,,,,,,,,,,,,,,LEGACY_UNVERIFIED,STOP_LOSS,,False,,,,,,,,,,2026-06-21T18:30:00,2026-09-04T12:45:05.661568,EQUITY,NSE,,,,,,,,,,,,,,,,,2026-09-04T12:45:07.064844,,,,,0,,,,,,,,SYSTEM,1.0,1.0,1.0,1.0,,,PENDING
recon_INDHOTEL_20260622_1,2026-06-21T18:30:00,INDHOTEL,LONG,EQUITY,,,,,,,729.75,802.725,700.56,v2.2,NIFTY_200_AUG2026,TradeMind-Quant-V2,,,,,,,,,,,,,,,LEGACY_UNVERIFIED,STOP_LOSS,,False,,,,,,,,,,2026-06-21T18:30:00,2026-09-04T12:45:05.572620,EQUITY,NSE,,,,,,,,,,,,,,,,,2026-09-04T12:45:07.063844,,,,,0,,,,,,,,SYSTEM,1.0,1.0,1.0,1.0,,,PENDING
cloud_hist_HAL_20260622_0,2026-06-21T18:30:00,HAL,LONG,EQUITY,,,,,,,4506.0693359375,4956.67626953125,4325.826562499999,v2.2,NIFTY_200_AUG2026,TradeMind Core v2.2-CloudBackfill,,,,,,,,,,,,,,,LEGACY_UNVERIFIED,TARGET_HIT,,False,,,,,,,,,,2026-06-21T18:30:00,2026-09-04T12:45:05.648576,EQUITY,NSE,,,,,,,,,,,,,,,,,2026-09-04T12:45:07.064844,,,,,0,,,,,,,,SYSTEM,1.0,1.0,1.0,1.0,,,PENDING
recon_TATACOMM_20260622_0,2026-06-21T18:30:00,TATACOMM,LONG,EQUITY,,,,,,,2061.699951171875,2267.8699462890627,1979.231953125,v2.2,NIFTY_200_AUG2026,TradeMind-Quant-V2,,,,,,,,,,,,,,,LEGACY_UNVERIFIED,TARGET_HIT,,False,,,,,,,,,,2026-06-21T18:30:00,2026-09-04T12:45:05.599604,EQUITY,NSE,,,,,,,,,,,,,,,,,2026-09-04T12:45:07.063844,,,,,0,,,,,,,,SYSTEM,1.0,1.0,1.0,1.0,,,PENDING
recon_ADANIENT_20260622_1,2026-06-21T18:30:00,ADANIENT,LONG,EQUITY,,,,,,,3059.60009765625,3365.5601074218753,2937.21609375,v2.2,NIFTY_200_AUG2026,TradeMind-Quant-V2,,,,,,,,,,,,,,,LEGACY_UNVERIFIED,STOP_LOSS,,False,,,,,,,,,,2026-06-21T18:30:00,2026-09-04T12:45:05.709542,EQUITY,NSE,,,,,,,,,,,,,,,,,2026-09-04T12:45:07.065843,,,,,0,,,,,,,,SYSTEM,1.0,1.0,1.0,1.0,,,PENDING
recon_RECLTD_20260622_0,2026-06-21T18:30:00,RECLTD,LONG,EQUITY,,,,,,,364.0215759277344,400.4237335205078,349.46071289062496,v2.2,NIFTY_200_AUG2026,TradeMind-Quant-V2,,,,,,,,,,,,,,,LEGACY_UNVERIFIED,TARGET_HIT,,False,,,,,,,,,,2026-06-21T18:30:00,2026-09-04T12:45:05.593608,EQUITY,NSE,,,,,,,,,,,,,,,,,2026-09-04T12:45:07.063844,,,,,0,,,,,,,,SYSTEM,1.0,1.0,1.0,1.0,,,PENDING
cloud_hist_ADANIGREEN_20260622_1,2026-06-21T18:30:00,ADANIGREEN,LONG,EQUITY,,,,,,,1549.9000244140625,1704.890026855469,1487.9040234375,v2.2,NIFTY_200_AUG2026,TradeMind Core v2.2-CloudBackfill,,,,,,,,,,,,,,,LEGACY_UNVERIFIED,STOP_LOSS,,False,,,,,,,,,,2026-06-21T18:30:00,2026-09-04T12:45:05.618593,EQUITY,NSE,,,,,,,,,,,,,,,,,2026-09-04T12:45:07.064844,,,,,0,,,,,,,,SYSTEM,1.0,1.0,1.0,1.0,,,PENDING
cloud_hist_ADANIENT_20260622_3,2026-06-21T18:30:00,ADANIENT,LONG,EQUITY,,,,,,,3059.60009765625,3365.5601074218753,2937.21609375,v2.2,NIFTY_200_AUG2026,TradeMind Core v2.2-CloudBackfill,,,,,,,,,,,,,,,LEGACY_UNVERIFIED,STOP_LOSS,,False,,,,,,,,,,2026-06-21T18:30:00,2026-09-04T12:45:05.618593,EQUITY,NSE,,,,,,,,,,,,,,,,,2026-09-04T12:45:07.064844,,,,,0,,,,,,,,SYSTEM,1.0,1.0,1.0,1.0,,,PENDING
cloud_hist_CHOLAFIN_20260622_1,2026-06-21T18:30:00,CHOLAFIN,LONG,EQUITY,,,,,,,1718.125244140625,1889.9377685546876,1649.4002343749999,v2.2,NIFTY_200_AUG2026,TradeMind Core v2.2-CloudBackfill,,,,,,,,,,,,,,,LEGACY_UNVERIFIED,STOP_LOSS,,False,,,,,,,,,,2026-06-21T18:30:00,2026-09-04T12:45:05.610598,EQUITY,NSE,,,,,,,,,,,,,,,,,2026-09-04T12:45:07.063844,,,,,0,,,,,,,,SYSTEM,1.0,1.0,1.0,1.0,,,PENDING
cloud_hist_TATACOMM_20260622_2,2026-06-21T18:30:00,TATACOMM,LONG,EQUITY,,,,,,,2061.699951171875,2267.8699462890627,1979.231953125,v2.2,NIFTY_200_AUG2026,TradeMind Core v2.2-CloudBackfill,,,,,,,,,,,,,,,LEGACY_UNVERIFIED,TARGET_HIT,,False,,,,,,,,,,2026-06-21T18:30:00,2026-09-04T12:45:05.697550,EQUITY,NSE,,,,,,,,,,,,,,,,,2026-09-04T12:45:07.065843,,,,,0,,,,,,,,SYSTEM,1.0,1.0,1.0,1.0,,,PENDING
cloud_hist_RECLTD_20260622_2,2026-06-21T18:30:00,RECLTD,LONG,EQUITY,,,,,,,364.02154541015625,400.4236999511719,349.46068359375,v2.2,NIFTY_200_AUG2026,TradeMind Core v2.2-CloudBackfill,,,,,,,,,,,,,,,LEGACY_UNVERIFIED,TARGET_HIT,,False,,,,,,,,,,2026-06-21T18:30:00,2026-09-04T12:45:05.685557,EQUITY,NSE,,,,,,,,,,,,,,,,,2026-09-04T12:45:07.064844,,,,,0,,,,,,,,SYSTEM,1.0,1.0,1.0,1.0,,,PENDING
recon_IDFCFIRSTB_20260622_0,2026-06-21T18:30:00,IDFCFIRSTB,LONG,EQUITY,,,,,,,80.45365142822266,88.49901657104493,77.23550537109375,v2.2,NIFTY_200_AUG2026,TradeMind-Quant-V2,,,,,,,,,,,,,,,LEGACY_UNVERIFIED,TARGET_HIT,,False,,,,,,,,,,2026-06-21T18:30:00,2026-09-04T12:45:05.571620,EQUITY,NSE,,,,,,,,,,,,,,,,,2026-09-04T12:45:07.063844,,,,,0,,,,,,,,SYSTEM,1.0,1.0,1.0,1.0,,,PENDING
prod_RELIANCE_202606210000,2026-06-21T00:00:00,RELIANCE,LONG,EQUITY,,,,,,,1995.0,2174.55,1835.4,v2.2,NIFTY_200_AUG2026,TradeMind Core v2.2,,,,,,,,,,,,,,,LEGACY_UNVERIFIED,TARGET_HIT,,False,,,,,,,,,,2026-06-21T00:00:00,2026-09-04T12:45:05.539638,EQUITY,NSE,,,,,,,,,,,,,,,,,2026-09-04T12:45:07.062845,,,,,0,,,,,,,,SYSTEM,1.0,1.0,1.0,1.0,,,PENDING
prod_ITC_202606210000,2026-06-21T00:00:00,ITC,LONG,EQUITY,,,,,,,1234.0,1382.0800000000002,1135.28,v2.2,NIFTY_200_AUG2026,TradeMind Core v2.2,,,,,,,,,,,,,,,LEGACY_UNVERIFIED,EXPIRED,,False,,,,,,,,,,2026-06-21T00:00:00,2026-09-04T12:45:05.561626,EQUITY,NSE,,,,,,,,,,,,,,,,,2026-09-04T12:45:07.063844,,,,,0,,,,,,,,SYSTEM,1.0,1.0,1.0,1.0,,,PENDING
prod_BHARTIARTL_202606200000,2026-06-20T00:00:00,BHARTIARTL,LONG,EQUITY,,,,,,,3777.0,4116.93,3474.84,v2.2,NIFTY_200_AUG2026,TradeMind Core v2.2,,,,,,,,,,,,,,,LEGACY_UNVERIFIED,TARGET_HIT,,False,,,,,,,,,,2026-06-20T00:00:00,2026-09-04T12:45:05.554630,EQUITY,NSE,,,,,,,,,,,,,,,,,2026-09-04T12:45:07.063844,,,,,0,,,,,,,,SYSTEM,1.0,1.0,1.0,1.0,,,PENDING
prod_LT_202606200000,2026-06-20T00:00:00,LT,LONG,EQUITY,,,,,,,3792.0,4133.280000000001,3488.6400000000003,v2.2,NIFTY_200_AUG2026,TradeMind Core v2.2,,,,,,,,,,,,,,,LEGACY_UNVERIFIED,TARGET_HIT,,False,,,,,,,,,,2026-06-20T00:00:00,2026-09-04T12:45:05.559627,EQUITY,NSE,,,,,,,,,,,,,,,,,2026-09-04T12:45:07.063844,,,,,0,,,,,,,,SYSTEM,1.0,1.0,1.0,1.0,,,PENDING
prod_INFY_202606200000,2026-06-20T00:00:00,INFY,LONG,EQUITY,,,,,,,2121.0,2375.5200000000004,2014.9499999999998,v2.2,NIFTY_200_AUG2026,TradeMind Core v2.2,,,,,,,,,,,,,,,LEGACY_UNVERIFIED,STOP_LOSS,,False,,,,,,,,,,2026-06-20T00:00:00,2026-09-04T12:45:05.547634,EQUITY,NSE,,,,,,,,,,,,,,,,,2026-09-04T12:45:07.063844,,,,,0,,,,,,,,SYSTEM,1.0,1.0,1.0,1.0,,,PENDING
prod_ICICIBANK_202606200000,2026-06-20T00:00:00,ICICIBANK,LONG,EQUITY,,,,,,,3600.0,4032.0000000000005,3420.0,v2.2,NIFTY_200_AUG2026,TradeMind Core v2.2,,,,,,,,,,,,,,,LEGACY_UNVERIFIED,STOP_LOSS,,False,,,,,,,,,,2026-06-20T00:00:00,2026-09-04T12:45:05.550632,EQUITY,NSE,,,,,,,,,,,,,,,,,2026-09-04T12:45:07.063844,,,,,0,,,,,,,,SYSTEM,1.0,1.0,1.0,1.0,,,PENDING
prod_SBIN_202606200000,2026-06-20T00:00:00,SBIN,LONG,EQUITY,,,,,,,2342.0,2623.0400000000004,2224.9,v2.2,NIFTY_200_AUG2026,TradeMind Core v2.2,,,,,,,,,,,,,,,LEGACY_UNVERIFIED,STOP_LOSS,,False,,,,,,,,,,2026-06-20T00:00:00,2026-09-04T12:45:05.552632,EQUITY,NSE,,,,,,,,,,,,,,,,,2026-09-04T12:45:07.063844,,,,,0,,,,,,,,SYSTEM,1.0,1.0,1.0,1.0,,,PENDING
cloud_hist_INFY_20260619_2,2026-06-18T18:30:00,INFY,SHORT,EQUITY,,,,,,,1051.4000244140625,946.2600219726563,1093.456025390625,v2.2,NIFTY_200_AUG2026,TradeMind Core v2.2-CloudBackfill,,,,,,,,,,,,,,,LEGACY_UNVERIFIED,TARGET_HIT,,False,,,,,,,,,,2026-06-18T18:30:00,2026-09-04T12:45:05.664567,EQUITY,NSE,,,,,,,,,,,,,,,,,2026-09-04T12:45:07.064844,,,,,0,,,,,,,,SYSTEM,1.0,1.0,1.0,1.0,,,PENDING
recon_INFY_20260619_0,2026-06-18T18:30:00,INFY,SHORT,EQUITY,,,,,,,1051.4000244140625,946.2600219726563,1093.456025390625,v2.2,NIFTY_200_AUG2026,TradeMind-Quant-V2,,,,,,,,,,,,,,,LEGACY_UNVERIFIED,TARGET_HIT,,False,,,,,,,,,,2026-06-18T18:30:00,2026-09-04T12:45:05.574618,EQUITY,NSE,,,,,,,,,,,,,,,,,2026-09-04T12:45:07.063844,,,,,0,,,,,,,,SYSTEM,1.0,1.0,1.0,1.0,,,PENDING
cloud_hist_BHARTIARTL_20260619_3,2026-06-18T18:30:00,BHARTIARTL,LONG,EQUITY,,,,,,,1887.051025390625,2075.756127929688,1811.568984375,v2.2,NIFTY_200_AUG2026,TradeMind Core v2.2-CloudBackfill,,,,,,,,,,,,,,,LEGACY_UNVERIFIED,STOP_LOSS,,False,,,,,,,,,,2026-06-18T18:30:00,2026-09-04T12:45:05.632585,EQUITY,NSE,,,,,,,,,,,,,,,,,2026-09-04T12:45:07.064844,,,,,0,,,,,,,,SYSTEM,1.0,1.0,1.0,1.0,,,PENDING
recon_BHARTIARTL_20260619_1,2026-06-18T18:30:00,BHARTIARTL,LONG,EQUITY,,,,,,,1887.051025390625,2075.756127929688,1811.568984375,v2.2,NIFTY_200_AUG2026,TradeMind-Quant-V2,,,,,,,,,,,,,,,LEGACY_UNVERIFIED,STOP_LOSS,,False,,,,,,,,,,2026-06-18T18:30:00,2026-09-04T12:45:05.531643,EQUITY,NSE,,,,,,,,,,,,,,,,,2026-09-04T12:45:07.062845,,,,,0,,,,,,,,SYSTEM,1.0,1.0,1.0,1.0,,,PENDING
prod_AXISBANK_202606180000,2026-06-18T00:00:00,AXISBANK,LONG,EQUITY,,,,,,,2882.0,3227.84,2651.44,v2.2,NIFTY_200_AUG2026,TradeMind Core v2.2,,,,,,,,,,,,,,,LEGACY_UNVERIFIED,EXPIRED,,False,,,,,,,,,,2026-06-18T00:00:00,2026-09-04T12:45:05.557628,EQUITY,NSE,,,,,,,,,,,,,,,,,2026-09-04T12:45:07.063844,,,,,0,,,,,,,,SYSTEM,1.0,1.0,1.0,1.0,,,PENDING
prod_HDFCBANK_202606180000,2026-06-18T00:00:00,HDFCBANK,LONG,EQUITY,,,,,,,1469.0,1601.21,1351.48,v2.2,NIFTY_200_AUG2026,TradeMind Core v2.2,,,,,,,,,,,,,,,LEGACY_UNVERIFIED,TARGET_HIT,,False,,,,,,,,,,2026-06-18T00:00:00,2026-09-04T12:45:05.545636,EQUITY,NSE,,,,,,,,,,,,,,,,,2026-09-04T12:45:07.063844,,,,,0,,,,,,,,SYSTEM,1.0,1.0,1.0,1.0,,,PENDING
prod_RELIANCE_202606180000,2026-06-18T00:00:00,RELIANCE,LONG,EQUITY,,,,,,,2458.0,2752.96,2335.1,v2.2,NIFTY_200_AUG2026,TradeMind Core v2.2,,,,,,,,,,,,,,,LEGACY_UNVERIFIED,STOP_LOSS,,False,,,,,,,,,,2026-06-18T00:00:00,2026-09-04T12:45:05.539638,EQUITY,NSE,,,,,,,,,,,,,,,,,2026-09-04T12:45:07.062845,,,,,0,,,,,,,,SYSTEM,1.0,1.0,1.0,1.0,,,PENDING
cloud_hist_UNITDSPR_20260618_0,2026-06-17T18:30:00,UNITDSPR,LONG,EQUITY,,,,,,,1339.98095703125,1473.979052734375,1286.38171875,v2.2,NIFTY_200_AUG2026,TradeMind Core v2.2-CloudBackfill,,,,,,,,,,,,,,,LEGACY_UNVERIFIED,TARGET_HIT,,False,,,,,,,,,,2026-06-17T18:30:00,2026-09-04T12:45:05.705544,EQUITY,NSE,,,,,,,,,,,,,,,,,2026-09-04T12:45:07.065843,,,,,0,,,,,,,,SYSTEM,1.0,1.0,1.0,1.0,,,PENDING
recon_LICI_20260618_0,2026-06-17T18:30:00,LICI,LONG,EQUITY,,,,,,,420.1511535644531,462.16626892089846,403.34510742187496,v2.2,NIFTY_200_AUG2026,TradeMind-Quant-V2,,,,,,,,,,,,,,,LEGACY_UNVERIFIED,TARGET_HIT,,False,,,,,,,,,,2026-06-17T18:30:00,2026-09-04T12:45:05.579606,EQUITY,NSE,,,,,,,,,,,,,,,,,2026-09-04T12:45:07.063844,,,,,0,,,,,,,,SYSTEM,1.0,1.0,1.0,1.0,,,PENDING
recon_BEL_20260618_1,2026-06-17T18:30:00,BEL,LONG,EQUITY,,,,,,,428.0189514160156,470.82084655761724,410.898193359375,v2.2,NIFTY_200_AUG2026,TradeMind-Quant-V2,,,,,,,,,,,,,,,LEGACY_UNVERIFIED,STOP_LOSS,,False,,,,,,,,,,2026-06-17T18:30:00,2026-09-04T12:45:05.530643,EQUITY,NSE,,,,,,,,,,,,,,,,,2026-09-04T12:45:07.062845,,,,,0,,,,,,,,SYSTEM,1.0,1.0,1.0,1.0,,,PENDING
cloud_hist_LICI_20260618_2,2026-06-17T18:30:00,LICI,LONG,EQUITY,,,,,,,420.1511535644531,462.16626892089846,403.34510742187496,v2.2,NIFTY_200_AUG2026,TradeMind Core v2.2-CloudBackfill,,,,,,,,,,,,,,,LEGACY_UNVERIFIED,TARGET_HIT,,False,,,,,,,,,,2026-06-17T18:30:00,2026-09-04T12:45:05.669564,EQUITY,NSE,,,,,,,,,,,,,,,,,2026-09-04T12:45:07.064844,,,,,0,,,,,,,,SYSTEM,1.0,1.0,1.0,1.0,,,PENDING
cloud_hist_NYKAA_20260618_1,2026-06-17T18:30:00,NYKAA,LONG,EQUITY,,,,,,,298.1000061035156,327.91000671386723,286.176005859375,v2.2,NIFTY_200_AUG2026,TradeMind Core v2.2-CloudBackfill,,,,,,,,,,,,,,,LEGACY_UNVERIFIED,STOP_LOSS,,False,,,,,,,,,,2026-06-17T18:30:00,2026-09-04T12:45:05.677562,EQUITY,NSE,,,,,,,,,,,,,,,,,2026-09-04T12:45:07.064844,,,,,0,,,,,,,,SYSTEM,1.0,1.0,1.0,1.0,,,PENDING
cloud_hist_BANKBARODA_20260618_3,2026-06-17T18:30:00,BANKBARODA,LONG,EQUITY,,,,,,,283.0,311.3,271.68,v2.2,NIFTY_200_AUG2026,TradeMind Core v2.2-CloudBackfill,,,,,,,,,,,,,,,LEGACY_UNVERIFIED,STOP_LOSS,,False,,,,,,,,,,2026-06-17T18:30:00,2026-09-04T12:45:05.629587,EQUITY,NSE,,,,,,,,,,,,,,,,,2026-09-04T12:45:07.064844,,,,,0,,,,,,,,SYSTEM,1.0,1.0,1.0,1.0,,,PENDING
cloud_hist_BOSCHLTD_20260618_1,2026-06-17T18:30:00,BOSCHLTD,LONG,EQUITY,,,,,,,39773.26953125,43750.596484375004,38182.338749999995,v2.2,NIFTY_200_AUG2026,TradeMind Core v2.2-CloudBackfill,,,,,,,,,,,,,,,LEGACY_UNVERIFIED,STOP_LOSS,,False,,,,,,,,,,2026-06-17T18:30:00,2026-09-04T12:45:05.634584,EQUITY,NSE,,,,,,,,,,,,,,,,,2026-09-04T12:45:07.064844,,,,,0,,,,,,,,SYSTEM,1.0,1.0,1.0,1.0,,,PENDING
cloud_hist_BEL_20260618_3,2026-06-17T18:30:00,BEL,LONG,EQUITY,,,,,,,428.0189514160156,470.82084655761724,410.898193359375,v2.2,NIFTY_200_AUG2026,TradeMind Core v2.2-CloudBackfill,,,,,,,,,,,,,,,LEGACY_UNVERIFIED,STOP_LOSS,,False,,,,,,,,,,2026-06-17T18:30:00,2026-09-04T12:45:05.630586,EQUITY,NSE,,,,,,,,,,,,,,,,,2026-09-04T12:45:07.064844,,,,,0,,,,,,,,SYSTEM,1.0,1.0,1.0,1.0,,,PENDING
recon_BANKBARODA_20260618_1,2026-06-17T18:30:00,BANKBARODA,LONG,EQUITY,,,,,,,283.0,311.3,271.68,v2.2,NIFTY_200_AUG2026,TradeMind-Quant-V2,,,,,,,,,,,,,,,LEGACY_UNVERIFIED,STOP_LOSS,,False,,,,,,,,,,2026-06-17T18:30:00,2026-09-04T12:45:05.529645,EQUITY,NSE,,,,,,,,,,,,,,,,,2026-09-04T12:45:07.062845,,,,,0,,,,,,,,SYSTEM,1.0,1.0,1.0,1.0,,,PENDING
prod_TCS_202606170000,2026-06-17T00:00:00,TCS,LONG,EQUITY,,,,,,,1299.0,1415.91,1195.0800000000002,v2.2,NIFTY_200_AUG2026,TradeMind Core v2.2,,,,,,,,,,,,,,,LEGACY_UNVERIFIED,TARGET_HIT,,False,,,,,,,,,,2026-06-17T00:00:00,2026-09-04T12:45:05.543636,EQUITY,NSE,,,,,,,,,,,,,,,,,2026-09-04T12:45:07.062845,,,,,0,,,,,,,,SYSTEM,1.0,1.0,1.0,1.0,,,PENDING
prod_ICICIBANK_202606170000,2026-06-17T00:00:00,ICICIBANK,LONG,EQUITY,,,,,,,1911.0,2140.32,1815.4499999999998,v2.2,NIFTY_200_AUG2026,TradeMind Core v2.2,,,,,,,,,,,,,,,LEGACY_UNVERIFIED,STOP_LOSS,,False,,,,,,,,,,2026-06-17T00:00:00,2026-09-04T12:45:05.550632,EQUITY,NSE,,,,,,,,,,,,,,,,,2026-09-04T12:45:07.063844,,,,,0,,,,,,,,SYSTEM,1.0,1.0,1.0,1.0,,,PENDING
prod_INFY_202606170000,2026-06-17T00:00:00,INFY,LONG,EQUITY,,,,,,,1604.0,1796.4800000000002,1523.8,v2.2,NIFTY_200_AUG2026,TradeMind Core v2.2,,,,,,,,,,,,,,,LEGACY_UNVERIFIED,STOP_LOSS,,False,,,,,,,,,,2026-06-17T00:00:00,2026-09-04T12:45:05.547634,EQUITY,NSE,,,,,,,,,,,,,,,,,2026-09-04T12:45:07.063844,,,,,0,,,,,,,,SYSTEM,1.0,1.0,1.0,1.0,,,PENDING
cloud_hist_BPCL_20260617_3,2026-06-16T18:30:00,BPCL,LONG,EQUITY,,,,,,,317.95001220703125,349.7450134277344,305.23201171875,v2.2,NIFTY_200_AUG2026,TradeMind Core v2.2-CloudBackfill,,,,,,,,,,,,,,,LEGACY_UNVERIFIED,STOP_LOSS,,False,,,,,,,,,,2026-06-16T18:30:00,2026-09-04T12:45:05.632585,EQUITY,NSE,,,,,,,,,,,,,,,,,2026-09-04T12:45:07.064844,,,,,0,,,,,,,,SYSTEM,1.0,1.0,1.0,1.0,,,PENDING
recon_INDIANB_20260617_0,2026-06-16T18:30:00,INDIANB,LONG,EQUITY,,,,,,,876.3499755859375,963.9849731445313,841.2959765625,v2.2,NIFTY_200_AUG2026,TradeMind-Quant-V2,,,,,,,,,,,,,,,LEGACY_UNVERIFIED,TARGET_HIT,,False,,,,,,,,,,2026-06-16T18:30:00,2026-09-04T12:45:05.572620,EQUITY,NSE,,,,,,,,,,,,,,,,,2026-09-04T12:45:07.063844,,,,,0,,,,,,,,SYSTEM,1.0,1.0,1.0,1.0,,,PENDING
cloud_hist_INDIANB_20260617_2,2026-06-16T18:30:00,INDIANB,LONG,EQUITY,,,,,,,876.3499755859375,963.9849731445313,841.2959765625,v2.2,NIFTY_200_AUG2026,TradeMind Core v2.2-CloudBackfill,,,,,,,,,,,,,,,LEGACY_UNVERIFIED,TARGET_HIT,,False,,,,,,,,,,2026-06-16T18:30:00,2026-09-04T12:45:05.661568,EQUITY,NSE,,,,,,,,,,,,,,,,,2026-09-04T12:45:07.064844,,,,,0,,,,,,,,SYSTEM,1.0,1.0,1.0,1.0,,,PENDING
cloud_hist_CANBK_20260617_2,2026-06-16T18:30:00,CANBK,LONG,EQUITY,,,,,,,135.24000549316406,148.76400604248047,129.8304052734375,v2.2,NIFTY_200_AUG2026,TradeMind Core v2.2-CloudBackfill,,,,,,,,,,,,,,,LEGACY_UNVERIFIED,TARGET_HIT,,False,,,,,,,,,,2026-06-16T18:30:00,2026-09-04T12:45:05.634584,EQUITY,NSE,,,,,,,,,,,,,,,,,2026-09-04T12:45:07.064844,,,,,0,,,,,,,,SYSTEM,1.0,1.0,1.0,1.0,,,PENDING
cloud_hist_TRENT_20260617_0,2026-06-16T18:30:00,TRENT,LONG,EQUITY,,,,,,,3102.800048828125,3413.0800537109376,2978.688046875,v2.2,NIFTY_200_AUG2026,TradeMind Core v2.2-CloudBackfill,,,,,,,,,,,,,,,LEGACY_UNVERIFIED,TARGET_HIT,,False,,,,,,,,,,2026-06-16T18:30:00,2026-09-04T12:45:05.700549,EQUITY,NSE,,,,,,,,,,,,,,,,,2026-09-04T12:45:07.065843,,,,,0,,,,,,,,SYSTEM,1.0,1.0,1.0,1.0,,,PENDING
recon_POLYCAB_20260617_0,2026-06-16T18:30:00,POLYCAB,LONG,EQUITY,,,,,,,9879.623046875,10867.5853515625,9484.438124999999,v2.2,NIFTY_200_AUG2026,TradeMind-Quant-V2,,,,,,,,,,,,,,,LEGACY_UNVERIFIED,TARGET_HIT,,False,,,,,,,,,,2026-06-16T18:30:00,2026-09-04T12:45:05.591609,EQUITY,NSE,,,,,,,,,,,,,,,,,2026-09-04T12:45:07.063844,,,,,0,,,,,,,,SYSTEM,1.0,1.0,1.0,1.0,,,PENDING
cloud_hist_CGPOWER_20260617_1,2026-06-16T18:30:00,CGPOWER,LONG,EQUITY,,,,,,,963.75,1060.125,925.1999999999999,v2.2,NIFTY_200_AUG2026,TradeMind Core v2.2-CloudBackfill,,,,,,,,,,,,,,,LEGACY_UNVERIFIED,STOP_LOSS,,False,,,,,,,,,,2026-06-16T18:30:00,2026-09-04T12:45:05.635583,EQUITY,NSE,,,,,,,,,,,,,,,,,2026-09-04T12:45:07.064844,,,,,0,,,,,,,,SYSTEM,1.0,1.0,1.0,1.0,,,PENDING
recon_CANBK_20260617_0,2026-06-16T18:30:00,CANBK,LONG,EQUITY,,,,,,,135.24000549316406,148.76400604248047,129.8304052734375,v2.2,NIFTY_200_AUG2026,TradeMind-Quant-V2,,,,,,,,,,,,,,,LEGACY_UNVERIFIED,TARGET_HIT,,False,,,,,,,,,,2026-06-16T18:30:00,2026-09-04T12:45:05.533642,EQUITY,NSE,,,,,,,,,,,,,,,,,2026-09-04T12:45:07.062845,,,,,0,,,,,,,,SYSTEM,1.0,1.0,1.0,1.0,,,PENDING
cloud_hist_POLYCAB_20260617_2,2026-06-16T18:30:00,POLYCAB,LONG,EQUITY,,,,,,,9879.623046875,10867.5853515625,9484.438124999999,v2.2,NIFTY_200_AUG2026,TradeMind Core v2.2-CloudBackfill,,,,,,,,,,,,,,,LEGACY_UNVERIFIED,TARGET_HIT,,False,,,,,,,,,,2026-06-16T18:30:00,2026-09-04T12:45:05.689555,EQUITY,NSE,,,,,,,,,,,,,,,,,2026-09-04T12:45:07.064844,,,,,0,,,,,,,,SYSTEM,1.0,1.0,1.0,1.0,,,PENDING
recon_BPCL_20260617_1,2026-06-16T18:30:00,BPCL,LONG,EQUITY,,,,,,,317.95001220703125,349.7450134277344,305.23201171875,v2.2,NIFTY_200_AUG2026,TradeMind-Quant-V2,,,,,,,,,,,,,,,LEGACY_UNVERIFIED,STOP_LOSS,,False,,,,,,,,,,2026-06-16T18:30:00,2026-09-04T12:45:05.531643,EQUITY,NSE,,,,,,,,,,,,,,,,,2026-09-04T12:45:07.062845,,,,,0,,,,,,,,SYSTEM,1.0,1.0,1.0,1.0,,,PENDING
prod_SBIN_202606160000,2026-06-16T00:00:00,SBIN,LONG,EQUITY,,,,,,,1367.0,1490.0300000000002,1257.64,v2.2,NIFTY_200_AUG2026,TradeMind Core v2.2,,,,,,,,,,,,,,,LEGACY_UNVERIFIED,TARGET_HIT,,False,,,,,,,,,,2026-06-16T00:00:00,2026-09-04T12:45:05.552632,EQUITY,NSE,,,,,,,,,,,,,,,,,2026-09-04T12:45:07.063844,,,,,0,,,,,,,,SYSTEM,1.0,1.0,1.0,1.0,,,PENDING
cloud_hist_TIINDIA_20260616_1,2026-06-15T18:30:00,TIINDIA,LONG,EQUITY,,,,,,,3262.421875,3588.6640625000005,3131.9249999999997,v2.2,NIFTY_200_AUG2026,TradeMind Core v2.2-CloudBackfill,,,,,,,,,,,,,,,LEGACY_UNVERIFIED,STOP_LOSS,,False,,,,,,,,,,2026-06-15T18:30:00,2026-09-04T12:45:05.703545,EQUITY,NSE,,,,,,,,,,,,,,,,,2026-09-04T12:45:07.065843,,,,,0,,,,,,,,SYSTEM,1.0,1.0,1.0,1.0,,,PENDING
recon_BANDHANBNK_20260616_1,2026-06-15T18:30:00,BANDHANBNK,LONG,EQUITY,,,0.75,0.75,0.5,1.0,216.74000549316406,238.41400604248048,208.0704052734375,v2.2,NIFTY_200_AUG2026,TradeMind-Quant-V2,v1.0.0,,,2026-06-30T18:30:00,208.0704052734375,-4.0,,,,,-4.2,,,,LIVE_SHADOW_VERIFIED,STOP_LOSS,,True,,,,,-4.0,,-4.2,,,2026-09-04T05:00:24.578272,2026-09-04T05:00:24.578272,,,,,,,,,,,,,,,,,,,,,,TERMINAL,,4,,,,,,,,,,,,,,,
cloud_hist_BANDHANBNK_20260616_3,2026-06-15T18:30:00,BANDHANBNK,LONG,EQUITY,,,,,,,216.74000549316406,238.41400604248048,208.0704052734375,v2.2,NIFTY_200_AUG2026,TradeMind Core v2.2-CloudBackfill,,,,,,,,,,,,,,,LEGACY_UNVERIFIED,STOP_LOSS,,False,,,,,,,,,,2026-06-15T18:30:00,2026-09-04T12:45:05.628588,EQUITY,NSE,,,,,,,,,,,,,,,,,2026-09-04T12:45:07.064844,,,,,0,,,,,,,,SYSTEM,1.0,1.0,1.0,1.0,,,PENDING
cloud_hist_RECLTD_20260616_1,2026-06-15T18:30:00,RECLTD,LONG,EQUITY,,,,,,,350.93115234375,386.02426757812503,336.89390625,v2.2,NIFTY_200_AUG2026,TradeMind Core v2.2-CloudBackfill,,,,,,,,,,,,,,,LEGACY_UNVERIFIED,STOP_LOSS,,False,,,,,,,,,,2026-06-15T18:30:00,2026-09-04T12:45:05.685557,EQUITY,NSE,,,,,,,,,,,,,,,,,2026-09-04T12:45:07.064844,,,,,0,,,,,,,,SYSTEM,1.0,1.0,1.0,1.0,,,PENDING
prod_AXISBANK_202606150000,2026-06-15T00:00:00,AXISBANK,LONG,EQUITY,,,,,,,2717.0,3043.0400000000004,2581.15,v2.2,NIFTY_200_AUG2026,TradeMind Core v2.2,,,,,,,,,,,,,,,LEGACY_UNVERIFIED,STOP_LOSS,,False,,,,,,,,,,2026-06-15T00:00:00,2026-09-04T12:45:05.556629,EQUITY,NSE,,,,,,,,,,,,,,,,,2026-09-04T12:45:07.063844,,,,,0,,,,,,,,SYSTEM,1.0,1.0,1.0,1.0,,,PENDING
prod_RELIANCE_202606150000,2026-06-15T00:00:00,RELIANCE,LONG,EQUITY,,,,,,,1603.0,1747.2700000000002,1474.76,v2.2,NIFTY_200_AUG2026,TradeMind Core v2.2,,,,,,,,,,,,,,,LEGACY_UNVERIFIED,TARGET_HIT,,False,,,,,,,,,,2026-06-15T00:00:00,2026-09-04T12:45:05.541637,EQUITY,NSE,,,,,,,,,,,,,,,,,2026-09-04T12:45:07.062845,,,,,0,,,,,,,,SYSTEM,1.0,1.0,1.0,1.0,,,PENDING
cloud_hist_MARUTI_20260615_3,2026-06-14T18:30:00,MARUTI,LONG,EQUITY,,,,,,,13667.734375,15034.507812500002,13121.025,v2.2,NIFTY_200_AUG2026,TradeMind Core v2.2-CloudBackfill,,,,,,,,,,,,,,,LEGACY_UNVERIFIED,STOP_LOSS,,False,,,,,,,,,,2026-06-14T18:30:00,2026-09-04T12:45:05.672552,EQUITY,NSE,,,,,,,,,,,,,,,,,2026-09-04T12:45:07.064844,,,,,0,,,,,,,,SYSTEM,1.0,1.0,1.0,1.0,,,PENDING
recon_SBIN_20260615_0,2026-06-14T18:30:00,SBIN,LONG,EQUITY,,,,,,,1020.8499755859375,1122.9349731445313,980.0159765625,v2.2,NIFTY_200_AUG2026,TradeMind-Quant-V2,,,,,,,,,,,,,,,LEGACY_UNVERIFIED,TARGET_HIT,,False,,,,,,,,,,2026-06-14T18:30:00,2026-09-04T12:45:05.595607,EQUITY,NSE,,,,,,,,,,,,,,,,,2026-09-04T12:45:07.063844,,,,,0,,,,,,,,SYSTEM,1.0,1.0,1.0,1.0,,,PENDING
recon_INDHOTEL_20260615_0,2026-06-14T18:30:00,INDHOTEL,LONG,EQUITY,,,,,,,686.7913208007812,755.4704528808594,659.31966796875,v2.2,NIFTY_200_AUG2026,TradeMind-Quant-V2,,,,,,,,,,,,,,,LEGACY_UNVERIFIED,TARGET_HIT,,False,,,,,,,,,,2026-06-14T18:30:00,2026-09-04T12:45:05.572620,EQUITY,NSE,,,,,,,,,,,,,,,,,2026-09-04T12:45:07.063844,,,,,0,,,,,,,,SYSTEM,1.0,1.0,1.0,1.0,,,PENDING
cloud_hist_DLF_20260615_2,2026-06-14T18:30:00,DLF,LONG,EQUITY,,,,,,,606.831298828125,667.5144287109375,582.558046875,v2.2,NIFTY_200_AUG2026,TradeMind Core v2.2-CloudBackfill,,,,,,,,,,,,,,,LEGACY_UNVERIFIED,TARGET_HIT,,False,,,,,,,,,,2026-06-14T18:30:00,2026-09-04T12:45:05.641580,EQUITY,NSE,,,,,,,,,,,,,,,,,2026-09-04T12:45:07.064844,,,,,0,,,,,,,,SYSTEM,1.0,1.0,1.0,1.0,,,PENDING
recon_GAIL_20260615_1,2026-06-14T18:30:00,GAIL,LONG,EQUITY,,,,,,,175.41000366210938,192.95100402832034,168.393603515625,v2.2,NIFTY_200_AUG2026,TradeMind-Quant-V2,,,,,,,,,,,,,,,LEGACY_UNVERIFIED,STOP_LOSS,,False,,,,,,,,,,2026-06-14T18:30:00,2026-09-04T12:45:05.564624,EQUITY,NSE,,,,,,,,,,,,,,,,,2026-09-04T12:45:07.063844,,,,,0,,,,,,,,SYSTEM,1.0,1.0,1.0,1.0,,,PENDING
cloud_hist_EICHERMOT_20260615_3,2026-06-14T18:30:00,EICHERMOT,LONG,EQUITY,,,,,,,7545.48486328125,8300.033349609375,7243.6654687499995,v2.2,NIFTY_200_AUG2026,TradeMind Core v2.2-CloudBackfill,,,,,,,,,,,,,,,LEGACY_UNVERIFIED,STOP_LOSS,,False,,,,,,,,,,2026-06-14T18:30:00,2026-09-04T12:45:05.644579,EQUITY,NSE,,,,,,,,,,,,,,,,,2026-09-04T12:45:07.064844,,,,,0,,,,,,,,SYSTEM,1.0,1.0,1.0,1.0,,,PENDING
cloud_hist_GAIL_20260615_3,2026-06-14T18:30:00,GAIL,LONG,EQUITY,,,,,,,175.41000366210938,192.95100402832034,168.393603515625,v2.2,NIFTY_200_AUG2026,TradeMind Core v2.2-CloudBackfill,,,,,,,,,,,,,,,LEGACY_UNVERIFIED,STOP_LOSS,,False,,,,,,,,,,2026-06-14T18:30:00,2026-09-04T12:45:05.646577,EQUITY,NSE,,,,,,,,,,,,,,,,,2026-09-04T12:45:07.064844,,,,,0,,,,,,,,SYSTEM,1.0,1.0,1.0,1.0,,,PENDING
recon_EICHERMOT_20260615_1,2026-06-14T18:30:00,EICHERMOT,LONG,EQUITY,,,,,,,7545.48486328125,8300.033349609375,7243.6654687499995,v2.2,NIFTY_200_AUG2026,TradeMind-Quant-V2,,,,,,,,,,,,,,,LEGACY_UNVERIFIED,STOP_LOSS,,False,,,,,,,,,,2026-06-14T18:30:00,2026-09-04T12:45:05.563625,EQUITY,NSE,,,,,,,,,,,,,,,,,2026-09-04T12:45:07.063844,,,,,0,,,,,,,,SYSTEM,1.0,1.0,1.0,1.0,,,PENDING
recon_LT_20260615_0,2026-06-14T18:30:00,LT,LONG,EQUITY,,,,,,,4169.7998046875,4586.77978515625,4003.0078125,v2.2,NIFTY_200_AUG2026,TradeMind-Quant-V2,,,,,,,,,,,,,,,LEGACY_UNVERIFIED,TARGET_HIT,,False,,,,,,,,,,2026-06-14T18:30:00,2026-09-04T12:45:05.578607,EQUITY,NSE,,,,,,,,,,,,,,,,,2026-09-04T12:45:07.063844,,,,,0,,,,,,,,SYSTEM,1.0,1.0,1.0,1.0,,,PENDING
cloud_hist_IDFCFIRSTB_20260615_1,2026-06-14T18:30:00,IDFCFIRSTB,LONG,EQUITY,,,,,,,78.1005630493164,85.91061935424806,74.97654052734374,v2.2,NIFTY_200_AUG2026,TradeMind Core v2.2-CloudBackfill,,,,,,,,,,,,,,,LEGACY_UNVERIFIED,STOP_LOSS,,False,,,,,,,,,,2026-06-14T18:30:00,2026-09-04T12:45:05.656572,EQUITY,NSE,,,,,,,,,,,,,,,,,2026-09-04T12:45:07.064844,,,,,0,,,,,,,,SYSTEM,1.0,1.0,1.0,1.0,,,PENDING
cloud_hist_YESBANK_20260615_2,2026-06-14T18:30:00,YESBANK,LONG,EQUITY,,,,,,,23.780000686645508,26.15800075531006,22.828800659179688,v2.2,NIFTY_200_AUG2026,TradeMind Core v2.2-CloudBackfill,,,,,,,,,,,,,,,LEGACY_UNVERIFIED,TARGET_HIT,,False,,,,,,,,,,2026-06-14T18:30:00,2026-09-04T12:45:05.701546,EQUITY,NSE,,,,,,,,,,,,,,,,,2026-09-04T12:45:07.065843,,,,,0,,,,,,,,SYSTEM,1.0,1.0,1.0,1.0,,,PENDING
recon_MARUTI_20260615_1,2026-06-14T18:30:00,MARUTI,LONG,EQUITY,,,,,,,13667.734375,15034.507812500002,13121.025,v2.2,NIFTY_200_AUG2026,TradeMind-Quant-V2,,,,,,,,,,,,,,,LEGACY_UNVERIFIED,STOP_LOSS,,False,,,,,,,,,,2026-06-14T18:30:00,2026-09-04T12:45:05.581605,EQUITY,NSE,,,,,,,,,,,,,,,,,2026-09-04T12:45:07.063844,,,,,0,,,,,,,,SYSTEM,1.0,1.0,1.0,1.0,,,PENDING
cloud_hist_PIDILITIND_20260615_2,2026-06-14T18:30:00,PIDILITIND,LONG,EQUITY,,,,,,,1559.768798828125,1715.7456787109377,1497.3780468749999,v2.2,NIFTY_200_AUG2026,TradeMind Core v2.2-CloudBackfill,,,,,,,,,,,,,,,LEGACY_UNVERIFIED,TARGET_HIT,,False,,,,,,,,,,2026-06-14T18:30:00,2026-09-04T12:45:05.615595,EQUITY,NSE,,,,,,,,,,,,,,,,,2026-09-04T12:45:07.063844,,,,,0,,,,,,,,SYSTEM,1.0,1.0,1.0,1.0,,,PENDING
cloud_hist_INDHOTEL_20260615_2,2026-06-14T18:30:00,INDHOTEL,LONG,EQUITY,,,,,,,686.7913208007812,755.4704528808594,659.31966796875,v2.2,NIFTY_200_AUG2026,TradeMind Core v2.2-CloudBackfill,,,,,,,,,,,,,,,LEGACY_UNVERIFIED,TARGET_HIT,,False,,,,,,,,,,2026-06-14T18:30:00,2026-09-04T12:45:05.661568,EQUITY,NSE,,,,,,,,,,,,,,,,,2026-09-04T12:45:07.064844,,,,,0,,,,,,,,SYSTEM,1.0,1.0,1.0,1.0,,,PENDING
recon_DLF_20260615_0,2026-06-14T18:30:00,DLF,LONG,EQUITY,,,,,,,606.831298828125,667.5144287109375,582.558046875,v2.2,NIFTY_200_AUG2026,TradeMind-Quant-V2,,,,,,,,,,,,,,,LEGACY_UNVERIFIED,TARGET_HIT,,False,,,,,,,,,,2026-06-14T18:30:00,2026-09-04T12:45:05.537640,EQUITY,NSE,,,,,,,,,,,,,,,,,2026-09-04T12:45:07.062845,,,,,0,,,,,,,,SYSTEM,1.0,1.0,1.0,1.0,,,PENDING
cloud_hist_LT_20260615_2,2026-06-14T18:30:00,LT,LONG,EQUITY,,,,,,,4169.7998046875,4586.77978515625,4003.0078125,v2.2,NIFTY_200_AUG2026,TradeMind Core v2.2-CloudBackfill,,,,,,,,,,,,,,,LEGACY_UNVERIFIED,TARGET_HIT,,False,,,,,,,,,,2026-06-14T18:30:00,2026-09-04T12:45:05.667567,EQUITY,NSE,,,,,,,,,,,,,,,,,2026-09-04T12:45:07.064844,,,,,0,,,,,,,,SYSTEM,1.0,1.0,1.0,1.0,,,PENDING
cloud_hist_CHOLAFIN_20260615_0,2026-06-14T18:30:00,CHOLAFIN,LONG,EQUITY,,,,,,,1652.9508056640625,1818.2458862304688,1586.8327734375,v2.2,NIFTY_200_AUG2026,TradeMind Core v2.2-CloudBackfill,,,,,,,,,,,,,,,LEGACY_UNVERIFIED,TARGET_HIT,,False,,,,,,,,,,2026-06-14T18:30:00,2026-09-04T12:45:05.610598,EQUITY,NSE,,,,,,,,,,,,,,,,,2026-09-04T12:45:07.063844,,,,,0,,,,,,,,SYSTEM,1.0,1.0,1.0,1.0,,,PENDING
recon_PIDILITIND_20260615_0,2026-06-14T18:30:00,PIDILITIND,LONG,EQUITY,,,,,,,1559.768798828125,1715.7456787109377,1497.3780468749999,v2.2,NIFTY_200_AUG2026,TradeMind-Quant-V2,,,,,,,,,,,,,,,LEGACY_UNVERIFIED,TARGET_HIT,,False,,,,,,,,,,2026-06-14T18:30:00,2026-09-04T12:45:05.590600,EQUITY,NSE,,,,,,,,,,,,,,,,,2026-09-04T12:45:07.063844,,,,,0,,,,,,,,SYSTEM,1.0,1.0,1.0,1.0,,,PENDING
cloud_hist_SBIN_20260615_2,2026-06-14T18:30:00,SBIN,LONG,EQUITY,,,,,,,1020.8499755859375,1122.9349731445313,980.0159765625,v2.2,NIFTY_200_AUG2026,TradeMind Core v2.2-CloudBackfill,,,,,,,,,,,,,,,LEGACY_UNVERIFIED,TARGET_HIT,,False,,,,,,,,,,2026-06-14T18:30:00,2026-09-04T12:45:05.688555,EQUITY,NSE,,,,,,,,,,,,,,,,,2026-09-04T12:45:07.064844,,,,,0,,,,,,,,SYSTEM,1.0,1.0,1.0,1.0,,,PENDING
cloud_hist_MAHABANK_20260615_0,2026-06-14T18:30:00,MAHABANK,LONG,EQUITY,,,,,,,89.12000274658203,98.03200302124024,85.55520263671875,v2.2,NIFTY_200_AUG2026,TradeMind Core v2.2-CloudBackfill,,,,,,,,,,,,,,,LEGACY_UNVERIFIED,TARGET_HIT,,False,,,,,,,,,,2026-06-14T18:30:00,2026-09-04T12:45:05.673563,EQUITY,NSE,,,,,,,,,,,,,,,,,2026-09-04T12:45:07.064844,,,,,0,,,,,,,,SYSTEM,1.0,1.0,1.0,1.0,,,PENDING
recon_PRESTIGE_20260615_0,2026-06-14T18:30:00,PRESTIGE,LONG,EQUITY,,,,,,,1470.648681640625,1617.7135498046875,1411.822734375,v2.2,NIFTY_200_AUG2026,TradeMind-Quant-V2,,,,,,,,,,,,,,,LEGACY_UNVERIFIED,TARGET_HIT,,False,,,,,,,,,,2026-06-14T18:30:00,2026-09-04T12:45:05.592608,EQUITY,NSE,,,,,,,,,,,,,,,,,2026-09-04T12:45:07.063844,,,,,0,,,,,,,,SYSTEM,1.0,1.0,1.0,1.0,,,PENDING
recon_YESBANK_20260615_0,2026-06-14T18:30:00,YESBANK,LONG,EQUITY,,,,,,,23.780000686645508,26.15800075531006,22.828800659179688,v2.2,NIFTY_200_AUG2026,TradeMind-Quant-V2,,,,,,,,,,,,,,,LEGACY_UNVERIFIED,TARGET_HIT,,False,,,,,,,,,,2026-06-14T18:30:00,2026-09-04T12:45:05.607601,EQUITY,NSE,,,,,,,,,,,,,,,,,2026-09-04T12:45:07.063844,,,,,0,,,,,,,,SYSTEM,1.0,1.0,1.0,1.0,,,PENDING
cloud_hist_PRESTIGE_20260615_2,2026-06-14T18:30:00,PRESTIGE,LONG,EQUITY,,,,,,,1470.648681640625,1617.7135498046875,1411.822734375,v2.2,NIFTY_200_AUG2026,TradeMind Core v2.2-CloudBackfill,,,,,,,,,,,,,,,LEGACY_UNVERIFIED,TARGET_HIT,,False,,,,,,,,,,2026-06-14T18:30:00,2026-09-04T12:45:05.689555,EQUITY,NSE,,,,,,,,,,,,,,,,,2026-09-04T12:45:07.064844,,,,,0,,,,,,,,SYSTEM,1.0,1.0,1.0,1.0,,,PENDING
cloud_hist_PNB_20260615_1,2026-06-14T18:30:00,PNB,LONG,EQUITY,,,,,,,107.95999908447266,118.75599899291993,103.64159912109375,v2.2,NIFTY_200_AUG2026,TradeMind Core v2.2-CloudBackfill,,,,,,,,,,,,,,,LEGACY_UNVERIFIED,STOP_LOSS,,False,,,,,,,,,,2026-06-14T18:30:00,2026-09-04T12:45:05.680558,EQUITY,NSE,,,,,,,,,,,,,,,,,2026-09-04T12:45:07.064844,,,,,0,,,,,,,,SYSTEM,1.0,1.0,1.0,1.0,,,PENDING
prod_LT_202606140000,2026-06-14T00:00:00,LT,LONG,EQUITY,,,,,,,3662.0,4101.4400000000005,3369.04,v2.2,NIFTY_200_AUG2026,TradeMind Core v2.2,,,,,,,,,,,,,,,LEGACY_UNVERIFIED,EXPIRED,,False,,,,,,,,,,2026-06-14T00:00:00,2026-09-04T12:45:05.558627,EQUITY,NSE,,,,,,,,,,,,,,,,,2026-09-04T12:45:07.063844,,,,,0,,,,,,,,SYSTEM,1.0,1.0,1.0,1.0,,,PENDING
prod_ITC_202606140000,2026-06-14T00:00:00,ITC,LONG,EQUITY,,,,,,,1599.0,1742.91,1471.0800000000002,v2.2,NIFTY_200_AUG2026,TradeMind Core v2.2,,,,,,,,,,,,,,,LEGACY_UNVERIFIED,TARGET_HIT,,False,,,,,,,,,,2026-06-14T00:00:00,2026-09-04T12:45:05.560627,EQUITY,NSE,,,,,,,,,,,,,,,,,2026-09-04T12:45:07.063844,,,,,0,,,,,,,,SYSTEM,1.0,1.0,1.0,1.0,,,PENDING
prod_TCS_202606140000,2026-06-14T00:00:00,TCS,LONG,EQUITY,,,,,,,3786.0,4240.320000000001,3596.7,v2.2,NIFTY_200_AUG2026,TradeMind Core v2.2,,,,,,,,,,,,,,,LEGACY_UNVERIFIED,STOP_LOSS,,False,,,,,,,,,,2026-06-14T00:00:00,2026-09-04T12:45:05.543636,EQUITY,NSE,,,,,,,,,,,,,,,,,2026-09-04T12:45:07.062845,,,,,0,,,,,,,,SYSTEM,1.0,1.0,1.0,1.0,,,PENDING
prod_HDFCBANK_202606140000,2026-06-14T00:00:00,HDFCBANK,LONG,EQUITY,,,,,,,3765.0,4103.85,3463.8,v2.2,NIFTY_200_AUG2026,TradeMind Core v2.2,,,,,,,,,,,,,,,LEGACY_UNVERIFIED,TARGET_HIT,,False,,,,,,,,,,2026-06-14T00:00:00,2026-09-04T12:45:05.545636,EQUITY,NSE,,,,,,,,,,,,,,,,,2026-09-04T12:45:07.063844,,,,,0,,,,,,,,SYSTEM,1.0,1.0,1.0,1.0,,,PENDING
prod_BHARTIARTL_202606130000,2026-06-13T00:00:00,BHARTIARTL,LONG,EQUITY,,,,,,,2199.0,2462.88,2089.0499999999997,v2.2,NIFTY_200_AUG2026,TradeMind Core v2.2,,,,,,,,,,,,,,,LEGACY_UNVERIFIED,STOP_LOSS,,False,,,,,,,,,,2026-06-13T00:00:00,2026-09-04T12:45:05.554630,EQUITY,NSE,,,,,,,,,,,,,,,,,2026-09-04T12:45:07.063844,,,,,0,,,,,,,,SYSTEM,1.0,1.0,1.0,1.0,,,PENDING
prod_ICICIBANK_202606130000,2026-06-13T00:00:00,ICICIBANK,LONG,EQUITY,,,,,,,2323.0,2532.07,2137.1600000000003,v2.2,NIFTY_200_AUG2026,TradeMind Core v2.2,,,,,,,,,,,,,,,LEGACY_UNVERIFIED,TARGET_HIT,,False,,,,,,,,,,2026-06-13T00:00:00,2026-09-04T12:45:05.549633,EQUITY,NSE,,,,,,,,,,,,,,,,,2026-09-04T12:45:07.063844,,,,,0,,,,,,,,SYSTEM,1.0,1.0,1.0,1.0,,,PENDING
recon_KOTAKBANK_20260612_0,2026-06-11T18:30:00,KOTAKBANK,LONG,EQUITY,,,,,,,402.60491943359375,442.86541137695315,386.50072265625,v2.2,NIFTY_200_AUG2026,TradeMind-Quant-V2,,,,,,,,,,,,,,,LEGACY_UNVERIFIED,TARGET_HIT,,False,,,,,,,,,,2026-06-11T18:30:00,2026-09-04T12:45:05.578607,EQUITY,NSE,,,,,,,,,,,,,,,,,2026-09-04T12:45:07.063844,,,,,0,,,,,,,,SYSTEM,1.0,1.0,1.0,1.0,,,PENDING
cloud_hist_KOTAKBANK_20260612_2,2026-06-11T18:30:00,KOTAKBANK,LONG,EQUITY,,,,,,,402.60491943359375,442.86541137695315,386.50072265625,v2.2,NIFTY_200_AUG2026,TradeMind Core v2.2-CloudBackfill,,,,,,,,,,,,,,,LEGACY_UNVERIFIED,TARGET_HIT,,False,,,,,,,,,,2026-06-11T18:30:00,2026-09-04T12:45:05.666566,EQUITY,NSE,,,,,,,,,,,,,,,,,2026-09-04T12:45:07.064844,,,,,0,,,,,,,,SYSTEM,1.0,1.0,1.0,1.0,,,PENDING
cloud_hist_BOSCHLTD_20260612_0,2026-06-11T18:30:00,BOSCHLTD,LONG,EQUITY,,,,,,,38804.64453125,42685.108984375,37252.45875,v2.2,NIFTY_200_AUG2026,TradeMind Core v2.2-CloudBackfill,,,,,,,,,,,,,,,LEGACY_UNVERIFIED,TARGET_HIT,,False,,,,,,,,,,2026-06-11T18:30:00,2026-09-04T12:45:05.633585,EQUITY,NSE,,,,,,,,,,,,,,,,,2026-09-04T12:45:07.064844,,,,,0,,,,,,,,SYSTEM,1.0,1.0,1.0,1.0,,,PENDING
cloud_hist_AXISBANK_20260612_1,2026-06-11T18:30:00,AXISBANK,LONG,EQUITY,,,,,,,1355.2548828125,1490.78037109375,1301.0446875,v2.2,NIFTY_200_AUG2026,TradeMind Core v2.2-CloudBackfill,,,,,,,,,,,,,,,LEGACY_UNVERIFIED,STOP_LOSS,,False,,,,,,,,,,2026-06-11T18:30:00,2026-09-04T12:45:05.623591,EQUITY,NSE,,,,,,,,,,,,,,,,,2026-09-04T12:45:07.064844,,,,,0,,,,,,,,SYSTEM,1.0,1.0,1.0,1.0,,,PENDING
prod_INFY_202606110000,2026-06-11T00:00:00,INFY,LONG,EQUITY,,,,,,,1770.0,1982.4,1628.4,v2.2,NIFTY_200_AUG2026,TradeMind Core v2.2,,,,,,,,,,,,,,,LEGACY_UNVERIFIED,EXPIRED,,False,,,,,,,,,,2026-06-11T00:00:00,2026-09-04T12:45:05.547634,EQUITY,NSE,,,,,,,,,,,,,,,,,2026-09-04T12:45:07.063844,,,,,0,,,,,,,,SYSTEM,1.0,1.0,1.0,1.0,,,PENDING
prod_TCS_202606110000,2026-06-11T00:00:00,TCS,LONG,EQUITY,,,,,,,2719.0,2963.71,2501.48,v2.2,NIFTY_200_AUG2026,TradeMind Core v2.2,,,,,,,,,,,,,,,LEGACY_UNVERIFIED,TARGET_HIT,,False,,,,,,,,,,2026-06-11T00:00:00,2026-09-04T12:45:05.543636,EQUITY,NSE,,,,,,,,,,,,,,,,,2026-09-04T12:45:07.062845,,,,,0,,,,,,,,SYSTEM,1.0,1.0,1.0,1.0,,,PENDING
prod_SBIN_202606110000,2026-06-11T00:00:00,SBIN,LONG,EQUITY,,,,,,,1696.0,1899.5200000000002,1611.1999999999998,v2.2,NIFTY_200_AUG2026,TradeMind Core v2.2,,,,,,,,,,,,,,,LEGACY_UNVERIFIED,STOP_LOSS,,False,,,,,,,,,,2026-06-11T00:00:00,2026-09-04T12:45:05.552632,EQUITY,NSE,,,,,,,,,,,,,,,,,2026-09-04T12:45:07.063844,,,,,0,,,,,,,,SYSTEM,1.0,1.0,1.0,1.0,,,PENDING
cloud_hist_ICICIBANK_20260611_1,2026-06-10T18:30:00,ICICIBANK,LONG,EQUITY,,,,,,,1305.9898681640625,1436.5888549804688,1253.7502734375,v2.2,NIFTY_200_AUG2026,TradeMind Core v2.2-CloudBackfill,,,,,,,,,,,,,,,LEGACY_UNVERIFIED,STOP_LOSS,,False,,,,,,,,,,2026-06-10T18:30:00,2026-09-04T12:45:05.655572,EQUITY,NSE,,,,,,,,,,,,,,,,,2026-09-04T12:45:07.064844,,,,,0,,,,,,,,SYSTEM,1.0,1.0,1.0,1.0,,,PENDING
recon_IRFC_20260611_0,2026-06-10T18:30:00,IRFC,SHORT,EQUITY,,,,,,,93.33000183105469,83.99700164794922,97.06320190429688,v2.2,NIFTY_200_AUG2026,TradeMind-Quant-V2,,,,,,,,,,,,,,,LEGACY_UNVERIFIED,TARGET_HIT,,False,,,,,,,,,,2026-06-10T18:30:00,2026-09-04T12:45:05.575609,EQUITY,NSE,,,,,,,,,,,,,,,,,2026-09-04T12:45:07.063844,,,,,0,,,,,,,,SYSTEM,1.0,1.0,1.0,1.0,,,PENDING
cloud_hist_GODREJPROP_20260611_1,2026-06-10T18:30:00,GODREJPROP,SHORT,EQUITY,,,,,,,1610.2166748046875,1449.1950073242188,1674.625341796875,v2.2,NIFTY_200_AUG2026,TradeMind Core v2.2-CloudBackfill,,,,,,,,,,,,,,,LEGACY_UNVERIFIED,STOP_LOSS,,False,,,,,,,,,,2026-06-10T18:30:00,2026-09-04T12:45:05.647577,EQUITY,NSE,,,,,,,,,,,,,,,,,2026-09-04T12:45:07.064844,,,,,0,,,,,,,,SYSTEM,1.0,1.0,1.0,1.0,,,PENDING
cloud_hist_SHRIRAMFIN_20260611_1,2026-06-10T18:30:00,SHRIRAMFIN,SHORT,EQUITY,,,,,,,881.2650146484375,793.1385131835938,916.515615234375,v2.2,NIFTY_200_AUG2026,TradeMind Core v2.2-CloudBackfill,,,,,,,,,,,,,,,LEGACY_UNVERIFIED,STOP_LOSS,,False,,,,,,,,,,2026-06-10T18:30:00,2026-09-04T12:45:05.691551,EQUITY,NSE,,,,,,,,,,,,,,,,,2026-09-04T12:45:07.065843,,,,,0,,,,,,,,SYSTEM,1.0,1.0,1.0,1.0,,,PENDING
cloud_hist_TATAPOWER_20260611_2,2026-06-10T18:30:00,TATAPOWER,SHORT,EQUITY,,,,,,,387.8466796875,349.06201171875,403.360546875,v2.2,NIFTY_200_AUG2026,TradeMind Core v2.2-CloudBackfill,,,,,,,,,,,,,,,LEGACY_UNVERIFIED,TARGET_HIT,,False,,,,,,,,,,2026-06-10T18:30:00,2026-09-04T12:45:05.698548,EQUITY,NSE,,,,,,,,,,,,,,,,,2026-09-04T12:45:07.065843,,,,,0,,,,,,,,SYSTEM,1.0,1.0,1.0,1.0,,,PENDING
cloud_hist_BALKRISIND_20260611_1,2026-06-10T18:30:00,BALKRISIND,SHORT,EQUITY,,,,,,,1967.1563720703125,1770.4407348632812,2045.842626953125,v2.2,NIFTY_200_AUG2026,TradeMind Core v2.2-CloudBackfill,,,,,,,,,,,,,,,LEGACY_UNVERIFIED,STOP_LOSS,,False,,,,,,,,,,2026-06-10T18:30:00,2026-09-04T12:45:05.627588,EQUITY,NSE,,,,,,,,,,,,,,,,,2026-09-04T12:45:07.064844,,,,,0,,,,,,,,SYSTEM,1.0,1.0,1.0,1.0,,,PENDING
cloud_hist_AMBUJACEM_20260611_3,2026-06-10T18:30:00,AMBUJACEM,SHORT,EQUITY,,,,,,,404.04998779296875,363.6449890136719,420.2119873046875,v2.2,NIFTY_200_AUG2026,TradeMind Core v2.2-CloudBackfill,,,,,,,,,,,,,,,LEGACY_UNVERIFIED,STOP_LOSS,,False,,,,,,,,,,2026-06-10T18:30:00,2026-09-04T12:45:05.621592,EQUITY,NSE,,,,,,,,,,,,,,,,,2026-09-04T12:45:07.064844,,,,,0,,,,,,,,SYSTEM,1.0,1.0,1.0,1.0,,,PENDING
cloud_hist_HINDALCO_20260611_0,2026-06-10T18:30:00,HINDALCO,SHORT,EQUITY,,,,,,,1018.9842529296875,917.0858276367188,1059.743623046875,v2.2,NIFTY_200_AUG2026,TradeMind Core v2.2-CloudBackfill,,,,,,,,,,,,,,,LEGACY_UNVERIFIED,TARGET_HIT,,False,,,,,,,,,,2026-06-10T18:30:00,2026-09-04T12:45:05.653573,EQUITY,NSE,,,,,,,,,,,,,,,,,2026-09-04T12:45:07.064844,,,,,0,,,,,,,,SYSTEM,1.0,1.0,1.0,1.0,,,PENDING
recon_ACC_20260611_1,2026-06-10T18:30:00,ACC,SHORT,EQUITY,,,,,,,1296.199951171875,1166.5799560546875,1348.04794921875,v2.2,NIFTY_200_AUG2026,TradeMind-Quant-V2,,,,,,,,,,,,,,,LEGACY_UNVERIFIED,STOP_LOSS,,False,,,,,,,,,,2026-06-10T18:30:00,2026-09-04T12:45:05.707542,EQUITY,NSE,,,,,,,,,,,,,,,,,2026-09-04T12:45:07.065843,,,,,0,,,,,,,,SYSTEM,1.0,1.0,1.0,1.0,,,PENDING
cloud_hist_ICICIGI_20260611_3,2026-06-10T18:30:00,ICICIGI,SHORT,EQUITY,,,,,,,1712.4000244140625,1541.1600219726563,1780.896025390625,v2.2,NIFTY_200_AUG2026,TradeMind Core v2.2-CloudBackfill,,,,,,,,,,,,,,,LEGACY_UNVERIFIED,STOP_LOSS,,False,,,,,,,,,,2026-06-10T18:30:00,2026-09-04T12:45:05.612597,EQUITY,NSE,,,,,,,,,,,,,,,,,2026-09-04T12:45:07.063844,,,,,0,,,,,,,,SYSTEM,1.0,1.0,1.0,1.0,,,PENDING
recon_DEEPAKNTR_20260611_0,2026-06-10T18:30:00,DEEPAKNTR,SHORT,EQUITY,,,,,,,1605.069091796875,1444.5621826171875,1669.2718554687501,v2.2,NIFTY_200_AUG2026,TradeMind-Quant-V2,,,,,,,,,,,,,,,LEGACY_UNVERIFIED,TARGET_HIT,,False,,,,,,,,,,2026-06-10T18:30:00,2026-09-04T12:45:05.538639,EQUITY,NSE,,,,,,,,,,,,,,,,,2026-09-04T12:45:07.062845,,,,,0,,,,,,,,SYSTEM,1.0,1.0,1.0,1.0,,,PENDING
cloud_hist_DEEPAKNTR_20260611_2,2026-06-10T18:30:00,DEEPAKNTR,SHORT,EQUITY,,,,,,,1605.069091796875,1444.5621826171875,1669.2718554687501,v2.2,NIFTY_200_AUG2026,TradeMind Core v2.2-CloudBackfill,,,,,,,,,,,,,,,LEGACY_UNVERIFIED,TARGET_HIT,,False,,,,,,,,,,2026-06-10T18:30:00,2026-09-04T12:45:05.642579,EQUITY,NSE,,,,,,,,,,,,,,,,,2026-09-04T12:45:07.064844,,,,,0,,,,,,,,SYSTEM,1.0,1.0,1.0,1.0,,,PENDING
recon_TATAPOWER_20260611_0,2026-06-10T18:30:00,TATAPOWER,SHORT,EQUITY,,,,,,,387.8466796875,349.06201171875,403.360546875,v2.2,NIFTY_200_AUG2026,TradeMind-Quant-V2,,,,,,,,,,,,,,,LEGACY_UNVERIFIED,TARGET_HIT,,False,,,,,,,,,,2026-06-10T18:30:00,2026-09-04T12:45:05.600604,EQUITY,NSE,,,,,,,,,,,,,,,,,2026-09-04T12:45:07.063844,,,,,0,,,,,,,,SYSTEM,1.0,1.0,1.0,1.0,,,PENDING
cloud_hist_ACC_20260611_3,2026-06-10T18:30:00,ACC,SHORT,EQUITY,,,,,,,1296.199951171875,1166.5799560546875,1348.04794921875,v2.2,NIFTY_200_AUG2026,TradeMind Core v2.2-CloudBackfill,,,,,,,,,,,,,,,LEGACY_UNVERIFIED,STOP_LOSS,,False,,,,,,,,,,2026-06-10T18:30:00,2026-09-04T12:45:05.588601,EQUITY,NSE,,,,,,,,,,,,,,,,,2026-09-04T12:45:07.063844,,,,,0,,,,,,,,SYSTEM,1.0,1.0,1.0,1.0,,,PENDING
recon_ICICIGI_20260611_1,2026-06-10T18:30:00,ICICIGI,SHORT,EQUITY,,,,,,,1712.4000244140625,1541.1600219726563,1780.896025390625,v2.2,NIFTY_200_AUG2026,TradeMind-Quant-V2,,,,,,,,,,,,,,,LEGACY_UNVERIFIED,STOP_LOSS,,False,,,,,,,,,,2026-06-10T18:30:00,2026-09-04T12:45:05.570621,EQUITY,NSE,,,,,,,,,,,,,,,,,2026-09-04T12:45:07.063844,,,,,0,,,,,,,,SYSTEM,1.0,1.0,1.0,1.0,,,PENDING
recon_AMBUJACEM_20260611_1,2026-06-10T18:30:00,AMBUJACEM,SHORT,EQUITY,,,,,,,404.04998779296875,363.6449890136719,420.2119873046875,v2.2,NIFTY_200_AUG2026,TradeMind-Quant-V2,,,,,,,,,,,,,,,LEGACY_UNVERIFIED,STOP_LOSS,,False,,,,,,,,,,2026-06-10T18:30:00,2026-09-04T12:45:05.711540,EQUITY,NSE,,,,,,,,,,,,,,,,,2026-09-04T12:45:07.065843,,,,,0,,,,,,,,SYSTEM,1.0,1.0,1.0,1.0,,,PENDING
cloud_hist_IRFC_20260611_2,2026-06-10T18:30:00,IRFC,SHORT,EQUITY,,,,,,,93.33000183105469,83.99700164794922,97.06320190429688,v2.2,NIFTY_200_AUG2026,TradeMind Core v2.2-CloudBackfill,,,,,,,,,,,,,,,LEGACY_UNVERIFIED,TARGET_HIT,,False,,,,,,,,,,2026-06-10T18:30:00,2026-09-04T12:45:05.657571,EQUITY,NSE,,,,,,,,,,,,,,,,,2026-09-04T12:45:07.064844,,,,,0,,,,,,,,SYSTEM,1.0,1.0,1.0,1.0,,,PENDING
recon_BHEL_20260610_1,2026-06-09T18:30:00,BHEL,SHORT,EQUITY,,,,,,,376.0867919921875,338.4781127929688,391.130263671875,v2.2,NIFTY_200_AUG2026,TradeMind-Quant-V2,,,,,,,,,,,,,,,LEGACY_UNVERIFIED,STOP_LOSS,,False,,,,,,,,,,2026-06-09T18:30:00,2026-09-04T12:45:05.530643,EQUITY,NSE,,,,,,,,,,,,,,,,,2026-09-04T12:45:07.062845,,,,,0,,,,,,,,SYSTEM,1.0,1.0,1.0,1.0,,,PENDING
cloud_hist_VEDL_20260610_1,2026-06-09T18:30:00,VEDL,SHORT,EQUITY,,,,,,,299.29998779296875,269.3699890136719,311.2719873046875,v2.2,NIFTY_200_AUG2026,TradeMind Core v2.2-CloudBackfill,,,,,,,,,,,,,,,LEGACY_UNVERIFIED,STOP_LOSS,,False,,,,,,,,,,2026-06-09T18:30:00,2026-09-04T12:45:05.707542,EQUITY,NSE,,,,,,,,,,,,,,,,,2026-09-04T12:45:07.065843,,,,,0,,,,,,,,SYSTEM,1.0,1.0,1.0,1.0,,,PENDING
cloud_hist_BHEL_20260610_3,2026-06-09T18:30:00,BHEL,SHORT,EQUITY,,,,,,,376.0867919921875,338.4781127929688,391.130263671875,v2.2,NIFTY_200_AUG2026,TradeMind Core v2.2-CloudBackfill,,,,,,,,,,,,,,,LEGACY_UNVERIFIED,STOP_LOSS,,False,,,,,,,,,,2026-06-09T18:30:00,2026-09-04T12:45:05.631586,EQUITY,NSE,,,,,,,,,,,,,,,,,2026-09-04T12:45:07.064844,,,,,0,,,,,,,,SYSTEM,1.0,1.0,1.0,1.0,,,PENDING
recon_ICICIPRULI_20260610_2,2026-06-09T18:30:00,ICICIPRULI,SHORT,EQUITY,,,,,,,465.79998779296875,419.21998901367186,484.43198730468754,v2.2,NIFTY_200_AUG2026,TradeMind-Quant-V2,,,,,,,,,,,,,,,LEGACY_UNVERIFIED,TARGET_HIT,,False,,,,,,,,,,2026-06-09T18:30:00,2026-09-04T12:45:05.571620,EQUITY,NSE,,,,,,,,,,,,,,,,,2026-09-04T12:45:07.063844,,,,,0,,,,,,,,SYSTEM,1.0,1.0,1.0,1.0,,,PENDING
cloud_hist_ICICIPRULI_20260610_4,2026-06-09T18:30:00,ICICIPRULI,SHORT,EQUITY,,,,,,,465.79998779296875,419.21998901367186,484.43198730468754,v2.2,NIFTY_200_AUG2026,TradeMind Core v2.2-CloudBackfill,,,,,,,,,,,,,,,LEGACY_UNVERIFIED,TARGET_HIT,,False,,,,,,,,,,2026-06-09T18:30:00,2026-09-04T12:45:05.657571,EQUITY,NSE,,,,,,,,,,,,,,,,,2026-09-04T12:45:07.064844,,,,,0,,,,,,,,SYSTEM,1.0,1.0,1.0,1.0,,,PENDING
cloud_hist_UPL_20260610_0,2026-06-09T18:30:00,UPL,SHORT,EQUITY,,,,,,,605.142333984375,544.6281005859375,629.34802734375,v2.2,NIFTY_200_AUG2026,TradeMind Core v2.2-CloudBackfill,,,,,,,,,,,,,,,LEGACY_UNVERIFIED,TARGET_HIT,,False,,,,,,,,,,2026-06-09T18:30:00,2026-09-04T12:45:05.704544,EQUITY,NSE,,,,,,,,,,,,,,,,,2026-09-04T12:45:07.065843,,,,,0,,,,,,,,SYSTEM,1.0,1.0,1.0,1.0,,,PENDING
cloud_hist_SBILIFE_20260610_0,2026-06-09T18:30:00,SBILIFE,SHORT,EQUITY,,,,,,,1728.699951171875,1555.8299560546875,1797.84794921875,v2.2,NIFTY_200_AUG2026,TradeMind Core v2.2-CloudBackfill,,,,,,,,,,,,,,,LEGACY_UNVERIFIED,TARGET_HIT,,False,,,,,,,,,,2026-06-09T18:30:00,2026-09-04T12:45:05.687556,EQUITY,NSE,,,,,,,,,,,,,,,,,2026-09-04T12:45:07.064844,,,,,0,,,,,,,,SYSTEM,1.0,1.0,1.0,1.0,,,PENDING
cloud_hist_NTPC_20260610_2,2026-06-09T18:30:00,NTPC,SHORT,EQUITY,,,,,,,351.6499938964844,316.48499450683596,365.71599365234374,v2.2,NIFTY_200_AUG2026,TradeMind Core v2.2-CloudBackfill,,,,,,,,,,,,,,,LEGACY_UNVERIFIED,TARGET_HIT,,False,,,,,,,,,,2026-06-09T18:30:00,2026-09-04T12:45:05.676560,EQUITY,NSE,,,,,,,,,,,,,,,,,2026-09-04T12:45:07.064844,,,,,0,,,,,,,,SYSTEM,1.0,1.0,1.0,1.0,,,PENDING
recon_NTPC_20260610_0,2026-06-09T18:30:00,NTPC,SHORT,EQUITY,,,,,,,351.6499938964844,316.48499450683596,365.71599365234374,v2.2,NIFTY_200_AUG2026,TradeMind-Quant-V2,,,,,,,,,,,,,,,LEGACY_UNVERIFIED,TARGET_HIT,,False,,,,,,,,,,2026-06-09T18:30:00,2026-09-04T12:45:05.584603,EQUITY,NSE,,,,,,,,,,,,,,,,,2026-09-04T12:45:07.063844,,,,,0,,,,,,,,SYSTEM,1.0,1.0,1.0,1.0,,,PENDING
prod_ITC_202606090000,2026-06-09T00:00:00,ITC,LONG,EQUITY,,,,,,,2953.0,3307.36,2805.35,v2.2,NIFTY_200_AUG2026,TradeMind Core v2.2,,,,,,,,,,,,,,,LEGACY_UNVERIFIED,STOP_LOSS,,False,,,,,,,,,,2026-06-09T00:00:00,2026-09-04T12:45:05.560627,EQUITY,NSE,,,,,,,,,,,,,,,,,2026-09-04T12:45:07.063844,,,,,0,,,,,,,,SYSTEM,1.0,1.0,1.0,1.0,,,PENDING
prod_RELIANCE_202606090000,2026-06-09T00:00:00,RELIANCE,LONG,EQUITY,,,,,,,3552.0,3978.2400000000002,3374.3999999999996,v2.2,NIFTY_200_AUG2026,TradeMind Core v2.2,,,,,,,,,,,,,,,LEGACY_UNVERIFIED,STOP_LOSS,,False,,,,,,,,,,2026-06-09T00:00:00,2026-09-04T12:45:05.541637,EQUITY,NSE,,,,,,,,,,,,,,,,,2026-09-04T12:45:07.062845,,,,,0,,,,,,,,SYSTEM,1.0,1.0,1.0,1.0,,,PENDING
prod_ICICIBANK_202606090000,2026-06-09T00:00:00,ICICIBANK,LONG,EQUITY,,,,,,,2483.0,2780.9600000000005,2358.85,v2.2,NIFTY_200_AUG2026,TradeMind Core v2.2,,,,,,,,,,,,,,,LEGACY_UNVERIFIED,STOP_LOSS,,False,,,,,,,,,,2026-06-09T00:00:00,2026-09-04T12:45:05.549633,EQUITY,NSE,,,,,,,,,,,,,,,,,2026-09-04T12:45:07.063844,,,,,0,,,,,,,,SYSTEM,1.0,1.0,1.0,1.0,,,PENDING
prod_AXISBANK_202606090000,2026-06-09T00:00:00,AXISBANK,LONG,EQUITY,,,,,,,2608.0,2842.7200000000003,2399.36,v2.2,NIFTY_200_AUG2026,TradeMind Core v2.2,,,,,,,,,,,,,,,LEGACY_UNVERIFIED,TARGET_HIT,,False,,,,,,,,,,2026-06-09T00:00:00,2026-09-04T12:45:05.556629,EQUITY,NSE,,,,,,,,,,,,,,,,,2026-09-04T12:45:07.063844,,,,,0,,,,,,,,SYSTEM,1.0,1.0,1.0,1.0,,,PENDING
prod_LT_202606090000,2026-06-09T00:00:00,LT,LONG,EQUITY,,,,,,,1660.0,1859.2000000000003,1577.0,v2.2,NIFTY_200_AUG2026,TradeMind Core v2.2,,,,,,,,,,,,,,,LEGACY_UNVERIFIED,STOP_LOSS,,False,,,,,,,,,,2026-06-09T00:00:00,2026-09-04T12:45:05.558627,EQUITY,NSE,,,,,,,,,,,,,,,,,2026-09-04T12:45:07.063844,,,,,0,,,,,,,,SYSTEM,1.0,1.0,1.0,1.0,,,PENDING
cloud_hist_INDIANB_20260609_1,2026-06-08T18:30:00,INDIANB,LONG,EQUITY,,,,,,,856.7000122070312,942.3700134277344,822.43201171875,v2.2,NIFTY_200_AUG2026,TradeMind Core v2.2-CloudBackfill,,,,,,,,,,,,,,,LEGACY_UNVERIFIED,STOP_LOSS,,False,,,,,,,,,,2026-06-08T18:30:00,2026-09-04T12:45:05.661568,EQUITY,NSE,,,,,,,,,,,,,,,,,2026-09-04T12:45:07.064844,,,,,0,,,,,,,,SYSTEM,1.0,1.0,1.0,1.0,,,PENDING
recon_BANKINDIA_20260609_1,2026-06-08T18:30:00,BANKINDIA,LONG,EQUITY,,,,,,,147.72000122070312,162.49200134277345,141.81120117187498,v2.2,NIFTY_200_AUG2026,TradeMind-Quant-V2,,,,,,,,,,,,,,,LEGACY_UNVERIFIED,STOP_LOSS,,False,,,,,,,,,,2026-06-08T18:30:00,2026-09-04T12:45:05.529645,EQUITY,NSE,,,,,,,,,,,,,,,,,2026-09-04T12:45:07.062845,,,,,0,,,,,,,,SYSTEM,1.0,1.0,1.0,1.0,,,PENDING
cloud_hist_BANKBARODA_20260609_2,2026-06-08T18:30:00,BANKBARODA,LONG,EQUITY,,,,,,,273.75,301.125,262.8,v2.2,NIFTY_200_AUG2026,TradeMind Core v2.2-CloudBackfill,,,,,,,,,,,,,,,LEGACY_UNVERIFIED,TARGET_HIT,,False,,,,,,,,,,2026-06-08T18:30:00,2026-09-04T12:45:05.628588,EQUITY,NSE,,,,,,,,,,,,,,,,,2026-09-04T12:45:07.064844,,,,,0,,,,,,,,SYSTEM,1.0,1.0,1.0,1.0,,,PENDING
cloud_hist_ONGC_20260609_3,2026-06-08T18:30:00,ONGC,SHORT,EQUITY,,,,,,,259.0,233.1,269.36,v2.2,NIFTY_200_AUG2026,TradeMind Core v2.2-CloudBackfill,,,,,,,,,,,,,,,LEGACY_UNVERIFIED,STOP_LOSS,,False,,,,,,,,,,2026-06-08T18:30:00,2026-09-04T12:45:05.678561,EQUITY,NSE,,,,,,,,,,,,,,,,,2026-09-04T12:45:07.064844,,,,,0,,,,,,,,SYSTEM,1.0,1.0,1.0,1.0,,,PENDING
recon_BANKBARODA_20260609_0,2026-06-08T18:30:00,BANKBARODA,LONG,EQUITY,,,,,,,273.75,301.125,262.8,v2.2,NIFTY_200_AUG2026,TradeMind-Quant-V2,,,,,,,,,,,,,,,LEGACY_UNVERIFIED,TARGET_HIT,,False,,,,,,,,,,2026-06-08T18:30:00,2026-09-04T12:45:05.528645,EQUITY,NSE,,,,,,,,,,,,,,,,,2026-09-04T12:45:07.062845,,,,,0,,,,,,,,SYSTEM,1.0,1.0,1.0,1.0,,,PENDING
cloud_hist_IDFCFIRSTB_20260609_0,2026-06-08T18:30:00,IDFCFIRSTB,LONG,EQUITY,,,,,,,73.47415924072266,80.82157516479492,70.53519287109374,v2.2,NIFTY_200_AUG2026,TradeMind Core v2.2-CloudBackfill,,,,,,,,,,,,,,,LEGACY_UNVERIFIED,TARGET_HIT,,False,,,,,,,,,,2026-06-08T18:30:00,2026-09-04T12:45:05.655572,EQUITY,NSE,,,,,,,,,,,,,,,,,2026-09-04T12:45:07.064844,,,,,0,,,,,,,,SYSTEM,1.0,1.0,1.0,1.0,,,PENDING
cloud_hist_PNB_20260609_0,2026-06-08T18:30:00,PNB,LONG,EQUITY,,,,,,,106.55166625976562,117.2068328857422,102.289599609375,v2.2,NIFTY_200_AUG2026,TradeMind Core v2.2-CloudBackfill,,,,,,,,,,,,,,,LEGACY_UNVERIFIED,TARGET_HIT,,False,,,,,,,,,,2026-06-08T18:30:00,2026-09-04T12:45:05.680558,EQUITY,NSE,,,,,,,,,,,,,,,,,2026-09-04T12:45:07.064844,,,,,0,,,,,,,,SYSTEM,1.0,1.0,1.0,1.0,,,PENDING
cloud_hist_APOLLOHOSP_20260609_1,2026-06-08T18:30:00,APOLLOHOSP,LONG,EQUITY,,,,,,,8514.0888671875,9365.497753906251,8173.5253125,v2.2,NIFTY_200_AUG2026,TradeMind Core v2.2-CloudBackfill,,,,,,,,,,,,,,,LEGACY_UNVERIFIED,STOP_LOSS,,False,,,,,,,,,,2026-06-08T18:30:00,2026-09-04T12:45:05.622591,EQUITY,NSE,,,,,,,,,,,,,,,,,2026-09-04T12:45:07.064844,,,,,0,,,,,,,,SYSTEM,1.0,1.0,1.0,1.0,,,PENDING
cloud_hist_CANBK_20260609_1,2026-06-08T18:30:00,CANBK,LONG,EQUITY,,,,,,,133.11871337890625,146.4305847167969,127.79396484374999,v2.2,NIFTY_200_AUG2026,TradeMind Core v2.2-CloudBackfill,,,,,,,,,,,,,,,LEGACY_UNVERIFIED,STOP_LOSS,,False,,,,,,,,,,2026-06-08T18:30:00,2026-09-04T12:45:05.634584,EQUITY,NSE,,,,,,,,,,,,,,,,,2026-09-04T12:45:07.064844,,,,,0,,,,,,,,SYSTEM,1.0,1.0,1.0,1.0,,,PENDING
cloud_hist_SBIN_20260609_1,2026-06-08T18:30:00,SBIN,LONG,EQUITY,,,,,,,1002.7000122070312,1102.9700134277346,962.59201171875,v2.2,NIFTY_200_AUG2026,TradeMind Core v2.2-CloudBackfill,,,,,,,,,,,,,,,LEGACY_UNVERIFIED,STOP_LOSS,,False,,,,,,,,,,2026-06-08T18:30:00,2026-09-04T12:45:05.688555,EQUITY,NSE,,,,,,,,,,,,,,,,,2026-09-04T12:45:07.064844,,,,,0,,,,,,,,SYSTEM,1.0,1.0,1.0,1.0,,,PENDING
cloud_hist_ADANIGREEN_20260609_0,2026-06-08T18:30:00,ADANIGREEN,LONG,EQUITY,,,,,,,1534.5,1687.95,1473.12,v2.2,NIFTY_200_AUG2026,TradeMind Core v2.2-CloudBackfill,,,,,,,,,,,,,,,LEGACY_UNVERIFIED,TARGET_HIT,,False,,,,,,,,,,2026-06-08T18:30:00,2026-09-04T12:45:05.618593,EQUITY,NSE,,,,,,,,,,,,,,,,,2026-09-04T12:45:07.064844,,,,,0,,,,,,,,SYSTEM,1.0,1.0,1.0,1.0,,,PENDING
recon_ONGC_20260609_1,2026-06-08T18:30:00,ONGC,SHORT,EQUITY,,,,,,,259.0,233.1,269.36,v2.2,NIFTY_200_AUG2026,TradeMind-Quant-V2,,,,,,,,,,,,,,,LEGACY_UNVERIFIED,STOP_LOSS,,False,,,,,,,,,,2026-06-08T18:30:00,2026-09-04T12:45:05.585603,EQUITY,NSE,,,,,,,,,,,,,,,,,2026-09-04T12:45:07.063844,,,,,0,,,,,,,,SYSTEM,1.0,1.0,1.0,1.0,,,PENDING
cloud_hist_BANKINDIA_20260609_3,2026-06-08T18:30:00,BANKINDIA,LONG,EQUITY,,,,,,,147.72000122070312,162.49200134277345,141.81120117187498,v2.2,NIFTY_200_AUG2026,TradeMind Core v2.2-CloudBackfill,,,,,,,,,,,,,,,LEGACY_UNVERIFIED,STOP_LOSS,,False,,,,,,,,,,2026-06-08T18:30:00,2026-09-04T12:45:05.629587,EQUITY,NSE,,,,,,,,,,,,,,,,,2026-09-04T12:45:07.064844,,,,,0,,,,,,,,SYSTEM,1.0,1.0,1.0,1.0,,,PENDING
prod_SBIN_202606080000,2026-06-08T00:00:00,SBIN,LONG,EQUITY,,,,,,,2924.0,3274.88,2777.7999999999997,v2.2,NIFTY_200_AUG2026,TradeMind Core v2.2,,,,,,,,,,,,,,,LEGACY_UNVERIFIED,STOP_LOSS,,False,,,,,,,,,,2026-06-08T00:00:00,2026-09-04T12:45:05.552632,EQUITY,NSE,,,,,,,,,,,,,,,,,2026-09-04T12:45:07.063844,,,,,0,,,,,,,,SYSTEM,1.0,1.0,1.0,1.0,,,PENDING
prod_BHARTIARTL_202606080000,2026-06-08T00:00:00,BHARTIARTL,LONG,EQUITY,,,,,,,3776.0,4229.120000000001,3587.2,v2.2,NIFTY_200_AUG2026,TradeMind Core v2.2,,,,,,,,,,,,,,,LEGACY_UNVERIFIED,STOP_LOSS,,False,,,,,,,,,,2026-06-08T00:00:00,2026-09-04T12:45:05.554630,EQUITY,NSE,,,,,,,,,,,,,,,,,2026-09-04T12:45:07.063844,,,,,0,,,,,,,,SYSTEM,1.0,1.0,1.0,1.0,,,PENDING
recon_TATACONSUM_20260608_0,2026-06-07T18:30:00,TATACONSUM,SHORT,EQUITY,,,,,,,1107.0,996.3000000000001,1151.28,v2.2,NIFTY_200_AUG2026,TradeMind-Quant-V2,,,,,,,,,,,,,,,LEGACY_UNVERIFIED,TARGET_HIT,,False,,,,,,,,,,2026-06-07T18:30:00,2026-09-04T12:45:05.600604,EQUITY,NSE,,,,,,,,,,,,,,,,,2026-09-04T12:45:07.063844,,,,,0,,,,,,,,SYSTEM,1.0,1.0,1.0,1.0,,,PENDING
cloud_hist_TATASTEEL_20260608_1,2026-06-07T18:30:00,TATASTEEL,SHORT,EQUITY,,,,,,,198.6238250732422,178.76144256591797,206.5687780761719,v2.2,NIFTY_200_AUG2026,TradeMind Core v2.2-CloudBackfill,,,,,,,,,,,,,,,LEGACY_UNVERIFIED,STOP_LOSS,,False,,,,,,,,,,2026-06-07T18:30:00,2026-09-04T12:45:05.698548,EQUITY,NSE,,,,,,,,,,,,,,,,,2026-09-04T12:45:07.065843,,,,,0,,,,,,,,SYSTEM,1.0,1.0,1.0,1.0,,,PENDING
recon_SBICARD_20260608_1,2026-06-07T18:30:00,SBICARD,SHORT,EQUITY,,,,,,,574.5499877929688,517.0949890136719,597.5319873046875,v2.2,NIFTY_200_AUG2026,TradeMind-Quant-V2,,,,,,,,,,,,,,,LEGACY_UNVERIFIED,STOP_LOSS,,False,,,,,,,,,,2026-06-07T18:30:00,2026-09-04T12:45:05.594608,EQUITY,NSE,,,,,,,,,,,,,,,,,2026-09-04T12:45:07.063844,,,,,0,,,,,,,,SYSTEM,1.0,1.0,1.0,1.0,,,PENDING
cloud_hist_TATACONSUM_20260608_2,2026-06-07T18:30:00,TATACONSUM,SHORT,EQUITY,,,,,,,1107.0,996.3000000000001,1151.28,v2.2,NIFTY_200_AUG2026,TradeMind Core v2.2-CloudBackfill,,,,,,,,,,,,,,,LEGACY_UNVERIFIED,TARGET_HIT,,False,,,,,,,,,,2026-06-07T18:30:00,2026-09-04T12:45:05.697550,EQUITY,NSE,,,,,,,,,,,,,,,,,2026-09-04T12:45:07.065843,,,,,0,,,,,,,,SYSTEM,1.0,1.0,1.0,1.0,,,PENDING
cloud_hist_ASHOKLEY_20260608_1,2026-06-07T18:30:00,ASHOKLEY,SHORT,EQUITY,,,,,,,141.02000427246094,126.91800384521484,146.66080444335938,v2.2,NIFTY_200_AUG2026,TradeMind Core v2.2-CloudBackfill,,,,,,,,,,,,,,,LEGACY_UNVERIFIED,STOP_LOSS,,False,,,,,,,,,,2026-06-07T18:30:00,2026-09-04T12:45:05.592608,EQUITY,NSE,,,,,,,,,,,,,,,,,2026-09-04T12:45:07.063844,,,,,0,,,,,,,,SYSTEM,1.0,1.0,1.0,1.0,,,PENDING
cloud_hist_RELIANCE_20260608_4,2026-06-07T18:30:00,RELIANCE,SHORT,EQUITY,,,,,,,1263.300048828125,1136.9700439453125,1313.83205078125,v2.2,NIFTY_200_AUG2026,TradeMind Core v2.2-CloudBackfill,,,,,,,,,,,,,,,LEGACY_UNVERIFIED,TARGET_HIT,,False,,,,,,,,,,2026-06-07T18:30:00,2026-09-04T12:45:05.686556,EQUITY,NSE,,,,,,,,,,,,,,,,,2026-09-04T12:45:07.064844,,,,,0,,,,,,,,SYSTEM,1.0,1.0,1.0,1.0,,,PENDING
cloud_hist_ULTRACEMCO_20260608_0,2026-06-07T18:30:00,ULTRACEMCO,SHORT,EQUITY,,,,,,,10579.064453125,9521.1580078125,11002.22703125,v2.2,NIFTY_200_AUG2026,TradeMind Core v2.2-CloudBackfill,,,,,,,,,,,,,,,LEGACY_UNVERIFIED,TARGET_HIT,,False,,,,,,,,,,2026-06-07T18:30:00,2026-09-04T12:45:05.704544,EQUITY,NSE,,,,,,,,,,,,,,,,,2026-09-04T12:45:07.065843,,,,,0,,,,,,,,SYSTEM,1.0,1.0,1.0,1.0,,,PENDING
cloud_hist_SHREECEM_20260608_0,2026-06-07T18:30:00,SHREECEM,SHORT,EQUITY,,,,,,,23473.984375,21126.5859375,24412.943750000002,v2.2,NIFTY_200_AUG2026,TradeMind Core v2.2-CloudBackfill,,,,,,,,,,,,,,,LEGACY_UNVERIFIED,TARGET_HIT,,False,,,,,,,,,,2026-06-07T18:30:00,2026-09-04T12:45:05.690554,EQUITY,NSE,,,,,,,,,,,,,,,,,2026-09-04T12:45:07.064844,,,,,0,,,,,,,,SYSTEM,1.0,1.0,1.0,1.0,,,PENDING
recon_DALBHARAT_20260608_0,2026-06-07T18:30:00,DALBHARAT,SHORT,EQUITY,,,,,,,1659.1375732421875,1493.2238159179688,1725.5030761718751,v2.2,NIFTY_200_AUG2026,TradeMind-Quant-V2,,,,,,,,,,,,,,,LEGACY_UNVERIFIED,TARGET_HIT,,False,,,,,,,,,,2026-06-07T18:30:00,2026-09-04T12:45:05.538639,EQUITY,NSE,,,,,,,,,,,,,,,,,2026-09-04T12:45:07.062845,,,,,0,,,,,,,,SYSTEM,1.0,1.0,1.0,1.0,,,PENDING
cloud_hist_HDFCLIFE_20260608_3,2026-06-07T18:30:00,HDFCLIFE,SHORT,EQUITY,,,,,,,562.5449829101562,506.2904846191406,585.0467822265625,v2.2,NIFTY_200_AUG2026,TradeMind Core v2.2-CloudBackfill,,,,,,,,,,,,,,,LEGACY_UNVERIFIED,STOP_LOSS,,False,,,,,,,,,,2026-06-07T18:30:00,2026-09-04T12:45:05.651575,EQUITY,NSE,,,,,,,,,,,,,,,,,2026-09-04T12:45:07.064844,,,,,0,,,,,,,,SYSTEM,1.0,1.0,1.0,1.0,,,PENDING
cloud_hist_RVNL_20260608_3,2026-06-07T18:30:00,RVNL,SHORT,EQUITY,,,,,,,228.22999572753906,205.40699615478516,237.35919555664063,v2.2,NIFTY_200_AUG2026,TradeMind Core v2.2-CloudBackfill,,,,,,,,,,,,,,,LEGACY_UNVERIFIED,STOP_LOSS,,False,,,,,,,,,,2026-06-07T18:30:00,2026-09-04T12:45:05.684559,EQUITY,NSE,,,,,,,,,,,,,,,,,2026-09-04T12:45:07.064844,,,,,0,,,,,,,,SYSTEM,1.0,1.0,1.0,1.0,,,PENDING
cloud_hist_TCS_20260608_0,2026-06-07T18:30:00,TCS,SHORT,EQUITY,,,,,,,2139.668212890625,1925.7013916015626,2225.25494140625,v2.2,NIFTY_200_AUG2026,TradeMind Core v2.2-CloudBackfill,,,,,,,,,,,,,,,LEGACY_UNVERIFIED,TARGET_HIT,,False,,,,,,,,,,2026-06-07T18:30:00,2026-09-04T12:45:05.702545,EQUITY,NSE,,,,,,,,,,,,,,,,,2026-09-04T12:45:07.065843,,,,,0,,,,,,,,SYSTEM,1.0,1.0,1.0,1.0,,,PENDING
recon_HDFCLIFE_20260608_1,2026-06-07T18:30:00,HDFCLIFE,SHORT,EQUITY,,,,,,,562.5449829101562,506.2904846191406,585.0467822265625,v2.2,NIFTY_200_AUG2026,TradeMind-Quant-V2,,,,,,,,,,,,,,,LEGACY_UNVERIFIED,STOP_LOSS,,False,,,,,,,,,,2026-06-07T18:30:00,2026-09-04T12:45:05.567622,EQUITY,NSE,,,,,,,,,,,,,,,,,2026-09-04T12:45:07.063844,,,,,0,,,,,,,,SYSTEM,1.0,1.0,1.0,1.0,,,PENDING
cloud_hist_WIPRO_20260608_1,2026-06-07T18:30:00,WIPRO,SHORT,EQUITY,,,,,,,179.7075958251953,161.7368362426758,186.89589965820312,v2.2,NIFTY_200_AUG2026,TradeMind Core v2.2-CloudBackfill,,,,,,,,,,,,,,,LEGACY_UNVERIFIED,STOP_LOSS,,False,,,,,,,,,,2026-06-07T18:30:00,2026-09-04T12:45:05.616595,EQUITY,NSE,,,,,,,,,,,,,,,,,2026-09-04T12:45:07.063844,,,,,0,,,,,,,,SYSTEM,1.0,1.0,1.0,1.0,,,PENDING
cloud_hist_SBICARD_20260608_3,2026-06-07T18:30:00,SBICARD,SHORT,EQUITY,,,,,,,574.5499877929688,517.0949890136719,597.5319873046875,v2.2,NIFTY_200_AUG2026,TradeMind Core v2.2-CloudBackfill,,,,,,,,,,,,,,,LEGACY_UNVERIFIED,STOP_LOSS,,False,,,,,,,,,,2026-06-07T18:30:00,2026-09-04T12:45:05.687556,EQUITY,NSE,,,,,,,,,,,,,,,,,2026-09-04T12:45:07.064844,,,,,0,,,,,,,,SYSTEM,1.0,1.0,1.0,1.0,,,PENDING
recon_RVNL_20260608_1,2026-06-07T18:30:00,RVNL,SHORT,EQUITY,,,,,,,228.22999572753906,205.40699615478516,237.35919555664063,v2.2,NIFTY_200_AUG2026,TradeMind-Quant-V2,,,,,,,,,,,,,,,LEGACY_UNVERIFIED,STOP_LOSS,,False,,,,,,,,,,2026-06-07T18:30:00,2026-09-04T12:45:05.593608,EQUITY,NSE,,,,,,,,,,,,,,,,,2026-09-04T12:45:07.063844,,,,,0,,,,,,,,SYSTEM,1.0,1.0,1.0,1.0,,,PENDING
cloud_hist_DALBHARAT_20260608_2,2026-06-07T18:30:00,DALBHARAT,SHORT,EQUITY,,,,,,,1659.1375732421875,1493.2238159179688,1725.5030761718751,v2.2,NIFTY_200_AUG2026,TradeMind Core v2.2-CloudBackfill,,,,,,,,,,,,,,,LEGACY_UNVERIFIED,TARGET_HIT,,False,,,,,,,,,,2026-06-07T18:30:00,2026-09-04T12:45:05.639582,EQUITY,NSE,,,,,,,,,,,,,,,,,2026-09-04T12:45:07.064844,,,,,0,,,,,,,,SYSTEM,1.0,1.0,1.0,1.0,,,PENDING
cloud_hist_BAJAJFINSV_20260608_1,2026-06-07T18:30:00,BAJAJFINSV,SHORT,EQUITY,,,,,,,1673.1722412109375,1505.8550170898438,1740.099130859375,v2.2,NIFTY_200_AUG2026,TradeMind Core v2.2-CloudBackfill,,,,,,,,,,,,,,,LEGACY_UNVERIFIED,STOP_LOSS,,False,,,,,,,,,,2026-06-07T18:30:00,2026-09-04T12:45:05.625589,EQUITY,NSE,,,,,,,,,,,,,,,,,2026-09-04T12:45:07.064844,,,,,0,,,,,,,,SYSTEM,1.0,1.0,1.0,1.0,,,PENDING
recon_BAJAJHLDNG_20260608_0,2026-06-07T18:30:00,BAJAJHLDNG,SHORT,EQUITY,,,0.75,0.75,0.5,1.0,9746.8857421875,8772.19716796875,10136.761171875,v2.2,NIFTY_200_AUG2026,TradeMind-Quant-V2,v1.0.0,,,2026-06-22T18:30:00,8772.19716796875,10.0,,,,,9.8,,,,LIVE_SHADOW_VERIFIED,TARGET_HIT,,True,,,,,10.0,,9.8,,,2026-09-04T05:00:24.578272,2026-09-04T05:00:24.578272,,,,,,,,,,,,,,,,,,,,,,TERMINAL,,4,,,,,,,,,,,,,,,
recon_RELIANCE_20260608_2,2026-06-07T18:30:00,RELIANCE,SHORT,EQUITY,,,,,,,1263.300048828125,1136.9700439453125,1313.83205078125,v2.2,NIFTY_200_AUG2026,TradeMind-Quant-V2,,,,,,,,,,,,,,,LEGACY_UNVERIFIED,TARGET_HIT,,False,,,,,,,,,,2026-06-07T18:30:00,2026-09-04T12:45:05.594608,EQUITY,NSE,,,,,,,,,,,,,,,,,2026-09-04T12:45:07.063844,,,,,0,,,,,,,,SYSTEM,1.0,1.0,1.0,1.0,,,PENDING
cloud_hist_BAJAJHLDNG_20260608_2,2026-06-07T18:30:00,BAJAJHLDNG,SHORT,EQUITY,,,,,,,9746.8857421875,8772.19716796875,10136.761171875,v2.2,NIFTY_200_AUG2026,TradeMind Core v2.2-CloudBackfill,,,,,,,,,,,,,,,LEGACY_UNVERIFIED,TARGET_HIT,,False,,,,,,,,,,2026-06-07T18:30:00,2026-09-04T12:45:05.626589,EQUITY,NSE,,,,,,,,,,,,,,,,,2026-09-04T12:45:07.064844,,,,,0,,,,,,,,SYSTEM,1.0,1.0,1.0,1.0,,,PENDING
prod_HDFCBANK_202606070000,2026-06-07T00:00:00,HDFCBANK,LONG,EQUITY,,,,,,,1827.0,2046.2400000000002,1680.8400000000001,v2.2,NIFTY_200_AUG2026,TradeMind Core v2.2,,,,,,,,,,,,,,,LEGACY_UNVERIFIED,EXPIRED,,False,,,,,,,,,,2026-06-07T00:00:00,2026-09-04T12:45:05.545636,EQUITY,NSE,,,,,,,,,,,,,,,,,2026-09-04T12:45:07.062845,,,,,0,,,,,,,,SYSTEM,1.0,1.0,1.0,1.0,,,PENDING
recon_ADANIENT_20260605_0,2026-06-04T18:30:00,ADANIENT,LONG,EQUITY,,,,,,,3046.837646484375,3351.521411132813,2924.964140625,v2.2,NIFTY_200_AUG2026,TradeMind-Quant-V2,,,,,,,,,,,,,,,LEGACY_UNVERIFIED,TARGET_HIT,,False,,,,,,,,,,2026-06-04T18:30:00,2026-09-04T12:45:05.709542,EQUITY,NSE,,,,,,,,,,,,,,,,,2026-09-04T12:45:07.065843,,,,,0,,,,,,,,SYSTEM,1.0,1.0,1.0,1.0,,,PENDING
cloud_hist_JINDALSTEL_20260605_0,2026-06-04T18:30:00,JINDALSTEL,SHORT,EQUITY,,,,,,,1181.300048828125,1063.1700439453125,1228.55205078125,v2.2,NIFTY_200_AUG2026,TradeMind Core v2.2-CloudBackfill,,,,,,,,,,,,,,,LEGACY_UNVERIFIED,TARGET_HIT,,False,,,,,,,,,,2026-06-04T18:30:00,2026-09-04T12:45:05.659570,EQUITY,NSE,,,,,,,,,,,,,,,,,2026-09-04T12:45:07.064844,,,,,0,,,,,,,,SYSTEM,1.0,1.0,1.0,1.0,,,PENDING
recon_ADANIENSOL_20260605_0,2026-06-04T18:30:00,ADANIENSOL,LONG,EQUITY,,,,,,,1579.0,1736.9,1515.84,v2.2,NIFTY_200_AUG2026,TradeMind-Quant-V2,,,,,,,,,,,,,,,LEGACY_UNVERIFIED,TARGET_HIT,,False,,,,,,,,,,2026-06-04T18:30:00,2026-09-04T12:45:05.708541,EQUITY,NSE,,,,,,,,,,,,,,,,,2026-09-04T12:45:07.065843,,,,,0,,,,,,,,SYSTEM,1.0,1.0,1.0,1.0,,,PENDING
cloud_hist_ACC_20260605_2,2026-06-04T18:30:00,ACC,SHORT,EQUITY,,,,,,,1322.14990234375,1189.934912109375,1375.0358984375,v2.2,NIFTY_200_AUG2026,TradeMind Core v2.2-CloudBackfill,,,,,,,,,,,,,,,LEGACY_UNVERIFIED,TARGET_HIT,,False,,,,,,,,,,2026-06-04T18:30:00,2026-09-04T12:45:05.588601,EQUITY,NSE,,,,,,,,,,,,,,,,,2026-09-04T12:45:07.063844,,,,,0,,,,,,,,SYSTEM,1.0,1.0,1.0,1.0,,,PENDING
recon_ACC_20260605_0,2026-06-04T18:30:00,ACC,SHORT,EQUITY,,,,,,,1322.14990234375,1189.934912109375,1375.0358984375,v2.2,NIFTY_200_AUG2026,TradeMind-Quant-V2,,,,,,,,,,,,,,,LEGACY_UNVERIFIED,TARGET_HIT,,False,,,,,,,,,,2026-06-04T18:30:00,2026-09-04T12:45:05.708541,EQUITY,NSE,,,,,,,,,,,,,,,,,2026-09-04T12:45:07.065843,,,,,0,,,,,,,,SYSTEM,1.0,1.0,1.0,1.0,,,PENDING
cloud_hist_ADANIENT_20260605_2,2026-06-04T18:30:00,ADANIENT,LONG,EQUITY,,,,,,,3046.837646484375,3351.521411132813,2924.964140625,v2.2,NIFTY_200_AUG2026,TradeMind Core v2.2-CloudBackfill,,,,,,,,,,,,,,,LEGACY_UNVERIFIED,TARGET_HIT,,False,,,,,,,,,,2026-06-04T18:30:00,2026-09-04T12:45:05.603602,EQUITY,NSE,,,,,,,,,,,,,,,,,2026-09-04T12:45:07.063844,,,,,0,,,,,,,,SYSTEM,1.0,1.0,1.0,1.0,,,PENDING
recon_AMBUJACEM_20260605_0,2026-06-04T18:30:00,AMBUJACEM,SHORT,EQUITY,,,,,,,415.49334716796875,373.9440124511719,432.11308105468754,v2.2,NIFTY_200_AUG2026,TradeMind-Quant-V2,,,,,,,,,,,,,,,LEGACY_UNVERIFIED,TARGET_HIT,,False,,,,,,,,,,2026-06-04T18:30:00,2026-09-04T12:45:05.711540,EQUITY,NSE,,,,,,,,,,,,,,,,,2026-09-04T12:45:07.065843,,,,,0,,,,,,,,SYSTEM,1.0,1.0,1.0,1.0,,,PENDING
cloud_hist_ADANIENSOL_20260605_2,2026-06-04T18:30:00,ADANIENSOL,LONG,EQUITY,,,,,,,1579.0,1736.9,1515.84,v2.2,NIFTY_200_AUG2026,TradeMind Core v2.2-CloudBackfill,,,,,,,,,,,,,,,LEGACY_UNVERIFIED,TARGET_HIT,,False,,,,,,,,,,2026-06-04T18:30:00,2026-09-04T12:45:05.566623,EQUITY,NSE,,,,,,,,,,,,,,,,,2026-09-04T12:45:07.063844,,,,,0,,,,,,,,SYSTEM,1.0,1.0,1.0,1.0,,,PENDING
cloud_hist_AMBUJACEM_20260605_2,2026-06-04T18:30:00,AMBUJACEM,SHORT,EQUITY,,,,,,,415.49334716796875,373.9440124511719,432.11308105468754,v2.2,NIFTY_200_AUG2026,TradeMind Core v2.2-CloudBackfill,,,,,,,,,,,,,,,LEGACY_UNVERIFIED,TARGET_HIT,,False,,,,,,,,,,2026-06-04T18:30:00,2026-09-04T12:45:05.621592,EQUITY,NSE,,,,,,,,,,,,,,,,,2026-09-04T12:45:07.064844,,,,,0,,,,,,,,SYSTEM,1.0,1.0,1.0,1.0,,,PENDING
cloud_hist_COALINDIA_20260604_1,2026-06-03T18:30:00,COALINDIA,LONG,EQUITY,,,,,,,475.30035400390625,522.830389404297,456.28833984375,v2.2,NIFTY_200_AUG2026,TradeMind Core v2.2-CloudBackfill,,,,,,,,,,,,,,,LEGACY_UNVERIFIED,STOP_LOSS,,False,,,,,,,,,,2026-06-03T18:30:00,2026-09-04T12:45:05.636583,EQUITY,NSE,,,,,,,,,,,,,,,,,2026-09-04T12:45:07.064844,,,,,0,,,,,,,,SYSTEM,1.0,1.0,1.0,1.0,,,PENDING
recon_PATANJALI_20260604_1,2026-06-03T18:30:00,PATANJALI,SHORT,EQUITY,,,,,,,427.25,384.52500000000003,444.34000000000003,v2.2,NIFTY_200_AUG2026,TradeMind-Quant-V2,,,,,,,,,,,,,,,LEGACY_UNVERIFIED,STOP_LOSS,,False,,,,,,,,,,2026-06-03T18:30:00,2026-09-04T12:45:05.589600,EQUITY,NSE,,,,,,,,,,,,,,,,,2026-09-04T12:45:07.063844,,,,,0,,,,,,,,SYSTEM,1.0,1.0,1.0,1.0,,,PENDING
cloud_hist_PATANJALI_20260604_3,2026-06-03T18:30:00,PATANJALI,SHORT,EQUITY,,,,,,,427.25,384.52500000000003,444.34000000000003,v2.2,NIFTY_200_AUG2026,TradeMind Core v2.2-CloudBackfill,,,,,,,,,,,,,,,LEGACY_UNVERIFIED,STOP_LOSS,,False,,,,,,,,,,2026-06-03T18:30:00,2026-09-04T12:45:05.614596,EQUITY,NSE,,,,,,,,,,,,,,,,,2026-09-04T12:45:07.063844,,,,,0,,,,,,,,SYSTEM,1.0,1.0,1.0,1.0,,,PENDING
cloud_hist_ITC_20260603_3,2026-06-02T18:30:00,ITC,SHORT,EQUITY,,,,,,,277.0,249.3,288.08,v2.2,NIFTY_200_AUG2026,TradeMind Core v2.2-CloudBackfill,,,,,,,,,,,,,,,LEGACY_UNVERIFIED,STOP_LOSS,,False,,,,,,,,,,2026-06-02T18:30:00,2026-09-04T12:45:05.660569,EQUITY,NSE,,,,,,,,,,,,,,,,,2026-09-04T12:45:07.064844,,,,,0,,,,,,,,SYSTEM,1.0,1.0,1.0,1.0,,,PENDING
recon_ITC_20260603_1,2026-06-02T18:30:00,ITC,SHORT,EQUITY,,,,,,,277.0,249.3,288.08,v2.2,NIFTY_200_AUG2026,TradeMind-Quant-V2,,,,,,,,,,,,,,,LEGACY_UNVERIFIED,STOP_LOSS,,False,,,,,,,,,,2026-06-02T18:30:00,2026-09-04T12:45:05.572620,EQUITY,NSE,,,,,,,,,,,,,,,,,2026-09-04T12:45:07.063844,,,,,0,,,,,,,,SYSTEM,1.0,1.0,1.0,1.0,,,PENDING
cloud_hist_POWERGRID_20260602_2,2026-06-01T18:30:00,POWERGRID,SHORT,EQUITY,,,,,,,282.1499938964844,253.93499450683595,293.43599365234377,v2.2,NIFTY_200_AUG2026,TradeMind Core v2.2-CloudBackfill,,,,,,,,,,,,,,,LEGACY_UNVERIFIED,TARGET_HIT,,False,,,,,,,,,,2026-06-01T18:30:00,2026-09-04T12:45:05.614596,EQUITY,NSE,,,,,,,,,,,,,,,,,2026-09-04T12:45:07.063844,,,,,0,,,,,,,,SYSTEM,1.0,1.0,1.0,1.0,,,PENDING
recon_SBICARD_20260602_0,2026-06-01T18:30:00,SBICARD,SHORT,EQUITY,,,,,,,605.5,544.95,629.72,v2.2,NIFTY_200_AUG2026,TradeMind-Quant-V2,,,,,,,,,,,,,,,LEGACY_UNVERIFIED,TARGET_HIT,,False,,,,,,,,,,2026-06-01T18:30:00,2026-09-04T12:45:05.594608,EQUITY,NSE,,,,,,,,,,,,,,,,,2026-09-04T12:45:07.063844,,,,,0,,,,,,,,SYSTEM,1.0,1.0,1.0,1.0,,,PENDING
recon_POWERGRID_20260602_0,2026-06-01T18:30:00,POWERGRID,SHORT,EQUITY,,,,,,,282.1499938964844,253.93499450683595,293.43599365234377,v2.2,NIFTY_200_AUG2026,TradeMind-Quant-V2,,,,,,,,,,,,,,,LEGACY_UNVERIFIED,TARGET_HIT,,False,,,,,,,,,,2026-06-01T18:30:00,2026-09-04T12:45:05.591609,EQUITY,NSE,,,,,,,,,,,,,,,,,2026-09-04T12:45:07.063844,,,,,0,,,,,,,,SYSTEM,1.0,1.0,1.0,1.0,,,PENDING
cloud_hist_RECLTD_20260602_0,2026-06-01T18:30:00,RECLTD,SHORT,EQUITY,,,,,,,319.92755126953125,287.93479614257814,332.7246533203125,v2.2,NIFTY_200_AUG2026,TradeMind Core v2.2-CloudBackfill,,,,,,,,,,,,,,,LEGACY_UNVERIFIED,TARGET_HIT,,False,,,,,,,,,,2026-06-01T18:30:00,2026-09-04T12:45:05.685557,EQUITY,NSE,,,,,,,,,,,,,,,,,2026-09-04T12:45:07.064844,,,,,0,,,,,,,,SYSTEM,1.0,1.0,1.0,1.0,,,PENDING
cloud_hist_NMDC_20260602_2,2026-06-01T18:30:00,NMDC,LONG,EQUITY,,,,,,,95.30999755859375,104.84099731445313,91.49759765625,v2.2,NIFTY_200_AUG2026,TradeMind Core v2.2-CloudBackfill,,,,,,,,,,,,,,,LEGACY_UNVERIFIED,TARGET_HIT,,False,,,,,,,,,,2026-06-01T18:30:00,2026-09-04T12:45:05.675560,EQUITY,NSE,,,,,,,,,,,,,,,,,2026-09-04T12:45:07.064844,,,,,0,,,,,,,,SYSTEM,1.0,1.0,1.0,1.0,,,PENDING
cloud_hist_GODREJCP_20260602_2,2026-06-01T18:30:00,GODREJCP,SHORT,EQUITY,,,,,,,993.6104125976562,894.2493713378907,1033.3548291015625,v2.2,NIFTY_200_AUG2026,TradeMind Core v2.2-CloudBackfill,,,,,,,,,,,,,,,LEGACY_UNVERIFIED,TARGET_HIT,,False,,,,,,,,,,2026-06-01T18:30:00,2026-09-04T12:45:05.646577,EQUITY,NSE,,,,,,,,,,,,,,,,,2026-09-04T12:45:07.064844,,,,,0,,,,,,,,SYSTEM,1.0,1.0,1.0,1.0,,,PENDING
recon_NMDC_20260602_0,2026-06-01T18:30:00,NMDC,LONG,EQUITY,,,,,,,95.30999755859375,104.84099731445313,91.49759765625,v2.2,NIFTY_200_AUG2026,TradeMind-Quant-V2,,,,,,,,,,,,,,,LEGACY_UNVERIFIED,TARGET_HIT,,False,,,,,,,,,,2026-06-01T18:30:00,2026-09-04T12:45:05.583604,EQUITY,NSE,,,,,,,,,,,,,,,,,2026-09-04T12:45:07.063844,,,,,0,,,,,,,,SYSTEM,1.0,1.0,1.0,1.0,,,PENDING
cloud_hist_ICICIPRULI_20260602_3,2026-06-01T18:30:00,ICICIPRULI,SHORT,EQUITY,,,,,,,480.7815246582031,432.7033721923828,500.0127856445313,v2.2,NIFTY_200_AUG2026,TradeMind Core v2.2-CloudBackfill,,,,,,,,,,,,,,,LEGACY_UNVERIFIED,STOP_LOSS,,False,,,,,,,,,,2026-06-01T18:30:00,2026-09-04T12:45:05.657571,EQUITY,NSE,,,,,,,,,,,,,,,,,2026-09-04T12:45:07.064844,,,,,0,,,,,,,,SYSTEM,1.0,1.0,1.0,1.0,,,PENDING
cloud_hist_HDFCLIFE_20260602_2,2026-06-01T18:30:00,HDFCLIFE,SHORT,EQUITY,,,,,,,577.8405151367188,520.0564636230469,600.9541357421875,v2.2,NIFTY_200_AUG2026,TradeMind Core v2.2-CloudBackfill,,,,,,,,,,,,,,,LEGACY_UNVERIFIED,TARGET_HIT,,False,,,,,,,,,,2026-06-01T18:30:00,2026-09-04T12:45:05.651575,EQUITY,NSE,,,,,,,,,,,,,,,,,2026-09-04T12:45:07.064844,,,,,0,,,,,,,,SYSTEM,1.0,1.0,1.0,1.0,,,PENDING
recon_GODREJCP_20260602_0,2026-06-01T18:30:00,GODREJCP,SHORT,EQUITY,,,,,,,993.6104125976562,894.2493713378907,1033.3548291015625,v2.2,NIFTY_200_AUG2026,TradeMind-Quant-V2,,,,,,,,,,,,,,,LEGACY_UNVERIFIED,TARGET_HIT,,False,,,,,,,,,,2026-06-01T18:30:00,2026-09-04T12:45:05.565624,EQUITY,NSE,,,,,,,,,,,,,,,,,2026-09-04T12:45:07.063844,,,,,0,,,,,,,,SYSTEM,1.0,1.0,1.0,1.0,,,PENDING
cloud_hist_SBICARD_20260602_2,2026-06-01T18:30:00,SBICARD,SHORT,EQUITY,,,,,,,605.5,544.95,629.72,v2.2,NIFTY_200_AUG2026,TradeMind Core v2.2-CloudBackfill,,,,,,,,,,,,,,,LEGACY_UNVERIFIED,TARGET_HIT,,False,,,,,,,,,,2026-06-01T18:30:00,2026-09-04T12:45:05.686556,EQUITY,NSE,,,,,,,,,,,,,,,,,2026-09-04T12:45:07.064844,,,,,0,,,,,,,,SYSTEM,1.0,1.0,1.0,1.0,,,PENDING
cloud_hist_NHPC_20260602_2,2026-06-01T18:30:00,NHPC,SHORT,EQUITY,,,,,,,72.09272003173828,64.88344802856446,74.97642883300782,v2.2,NIFTY_200_AUG2026,TradeMind Core v2.2-CloudBackfill,,,,,,,,,,,,,,,LEGACY_UNVERIFIED,TARGET_HIT,,False,,,,,,,,,,2026-06-01T18:30:00,2026-09-04T12:45:05.674562,EQUITY,NSE,,,,,,,,,,,,,,,,,2026-09-04T12:45:07.064844,,,,,0,,,,,,,,SYSTEM,1.0,1.0,1.0,1.0,,,PENDING
cloud_hist_INFY_20260602_1,2026-06-01T18:30:00,INFY,LONG,EQUITY,,,,,,,1243.8831787109375,1368.2714965820314,1194.1278515625,v2.2,NIFTY_200_AUG2026,TradeMind Core v2.2-CloudBackfill,,,,,,,,,,,,,,,LEGACY_UNVERIFIED,STOP_LOSS,,False,,,,,,,,,,2026-06-01T18:30:00,2026-09-04T12:45:05.663568,EQUITY,NSE,,,,,,,,,,,,,,,,,2026-09-04T12:45:07.064844,,,,,0,,,,,,,,SYSTEM,1.0,1.0,1.0,1.0,,,PENDING
recon_NHPC_20260602_0,2026-06-01T18:30:00,NHPC,SHORT,EQUITY,,,,,,,72.09272003173828,64.88344802856446,74.97642883300782,v2.2,NIFTY_200_AUG2026,TradeMind-Quant-V2,,,,,,,,,,,,,,,LEGACY_UNVERIFIED,TARGET_HIT,,False,,,,,,,,,,2026-06-01T18:30:00,2026-09-04T12:45:05.583604,EQUITY,NSE,,,,,,,,,,,,,,,,,2026-09-04T12:45:07.063844,,,,,0,,,,,,,,SYSTEM,1.0,1.0,1.0,1.0,,,PENDING
recon_HDFCLIFE_20260602_0,2026-06-01T18:30:00,HDFCLIFE,SHORT,EQUITY,,,,,,,577.8405151367188,520.0564636230469,600.9541357421875,v2.2,NIFTY_200_AUG2026,TradeMind-Quant-V2,,,,,,,,,,,,,,,LEGACY_UNVERIFIED,TARGET_HIT,,False,,,,,,,,,,2026-06-01T18:30:00,2026-09-04T12:45:05.567622,EQUITY,NSE,,,,,,,,,,,,,,,,,2026-09-04T12:45:07.063844,,,,,0,,,,,,,,SYSTEM,1.0,1.0,1.0,1.0,,,PENDING
recon_ICICIPRULI_20260602_1,2026-06-01T18:30:00,ICICIPRULI,SHORT,EQUITY,,,,,,,480.7815246582031,432.7033721923828,500.0127856445313,v2.2,NIFTY_200_AUG2026,TradeMind-Quant-V2,,,,,,,,,,,,,,,LEGACY_UNVERIFIED,STOP_LOSS,,False,,,,,,,,,,2026-06-01T18:30:00,2026-09-04T12:45:05.571620,EQUITY,NSE,,,,,,,,,,,,,,,,,2026-09-04T12:45:07.063844,,,,,0,,,,,,,,SYSTEM,1.0,1.0,1.0,1.0,,,PENDING
recon_RVNL_20260601_0,2026-05-31T18:30:00,RVNL,SHORT,EQUITY,,,,,,,241.55999755859375,217.40399780273438,251.22239746093751,v2.2,NIFTY_200_AUG2026,TradeMind-Quant-V2,,,,,,,,,,,,,,,LEGACY_UNVERIFIED,TARGET_HIT,,False,,,,,,,,,,2026-05-31T18:30:00,2026-09-04T12:45:05.593608,EQUITY,NSE,,,,,,,,,,,,,,,,,2026-09-04T12:45:07.063844,,,,,0,,,,,,,,SYSTEM,1.0,1.0,1.0,1.0,,,PENDING
cloud_hist_NTPC_20260601_1,2026-05-31T18:30:00,NTPC,SHORT,EQUITY,,,,,,,378.70001220703125,340.83001098632815,393.8480126953125,v2.2,NIFTY_200_AUG2026,TradeMind Core v2.2-CloudBackfill,,,,,,,,,,,,,,,LEGACY_UNVERIFIED,STOP_LOSS,,False,,,,,,,,,,2026-05-31T18:30:00,2026-09-04T12:45:05.676560,EQUITY,NSE,,,,,,,,,,,,,,,,,2026-09-04T12:45:07.064844,,,,,0,,,,,,,,SYSTEM,1.0,1.0,1.0,1.0,,,PENDING
recon_PFC_20260601_0,2026-05-31T18:30:00,PFC,SHORT,EQUITY,,,,,,,417.1977233886719,375.4779510498047,433.88563232421876,v2.2,NIFTY_200_AUG2026,TradeMind-Quant-V2,,,,,,,,,,,,,,,LEGACY_UNVERIFIED,TARGET_HIT,,False,,,,,,,,,,2026-05-31T18:30:00,2026-09-04T12:45:05.587602,EQUITY,NSE,,,,,,,,,,,,,,,,,2026-09-04T12:45:07.063844,,,,,0,,,,,,,,SYSTEM,1.0,1.0,1.0,1.0,,,PENDING
cloud_hist_HEROMOTOCO_20260601_1,2026-05-31T18:30:00,HEROMOTOCO,SHORT,EQUITY,,,,,,,4750.0302734375,4275.02724609375,4940.031484375,v2.2,NIFTY_200_AUG2026,TradeMind Core v2.2-CloudBackfill,,,,,,,,,,,,,,,LEGACY_UNVERIFIED,STOP_LOSS,,False,,,,,,,,,,2026-05-31T18:30:00,2026-09-04T12:45:05.652574,EQUITY,NSE,,,,,,,,,,,,,,,,,2026-09-04T12:45:07.064844,,,,,0,,,,,,,,SYSTEM,1.0,1.0,1.0,1.0,,,PENDING
cloud_hist_HAVELLS_20260601_2,2026-05-31T18:30:00,HAVELLS,SHORT,EQUITY,,,,,,,1143.199951171875,1028.8799560546875,1188.92794921875,v2.2,NIFTY_200_AUG2026,TradeMind Core v2.2-CloudBackfill,,,,,,,,,,,,,,,LEGACY_UNVERIFIED,TARGET_HIT,,False,,,,,,,,,,2026-05-31T18:30:00,2026-09-04T12:45:05.652574,EQUITY,NSE,,,,,,,,,,,,,,,,,2026-09-04T12:45:07.064844,,,,,0,,,,,,,,SYSTEM,1.0,1.0,1.0,1.0,,,PENDING
cloud_hist_PFC_20260601_2,2026-05-31T18:30:00,PFC,SHORT,EQUITY,,,,,,,417.1977233886719,375.4779510498047,433.88563232421876,v2.2,NIFTY_200_AUG2026,TradeMind Core v2.2-CloudBackfill,,,,,,,,,,,,,,,LEGACY_UNVERIFIED,TARGET_HIT,,False,,,,,,,,,,2026-05-31T18:30:00,2026-09-04T12:45:05.682563,EQUITY,NSE,,,,,,,,,,,,,,,,,2026-09-04T12:45:07.064844,,,,,0,,,,,,,,SYSTEM,1.0,1.0,1.0,1.0,,,PENDING
recon_HAVELLS_20260601_0,2026-05-31T18:30:00,HAVELLS,SHORT,EQUITY,,,,,,,1143.199951171875,1028.8799560546875,1188.92794921875,v2.2,NIFTY_200_AUG2026,TradeMind-Quant-V2,,,,,,,,,,,,,,,LEGACY_UNVERIFIED,TARGET_HIT,,False,,,,,,,,,,2026-05-31T18:30:00,2026-09-04T12:45:05.568622,EQUITY,NSE,,,,,,,,,,,,,,,,,2026-09-04T12:45:07.063844,,,,,0,,,,,,,,SYSTEM,1.0,1.0,1.0,1.0,,,PENDING
cloud_hist_RVNL_20260601_2,2026-05-31T18:30:00,RVNL,SHORT,EQUITY,,,,,,,241.55999755859375,217.40399780273438,251.22239746093751,v2.2,NIFTY_200_AUG2026,TradeMind Core v2.2-CloudBackfill,,,,,,,,,,,,,,,LEGACY_UNVERIFIED,TARGET_HIT,,False,,,,,,,,,,2026-05-31T18:30:00,2026-09-04T12:45:05.684559,EQUITY,NSE,,,,,,,,,,,,,,,,,2026-09-04T12:45:07.064844,,,,,0,,,,,,,,SYSTEM,1.0,1.0,1.0,1.0,,,PENDING
cloud_hist_TECHM_20260601_2,2026-05-31T18:30:00,TECHM,LONG,EQUITY,,,,,,,1504.1123046875,1654.52353515625,1443.9478125,v2.2,NIFTY_200_AUG2026,TradeMind Core v2.2-CloudBackfill,,,,,,,,,,,,,,,LEGACY_UNVERIFIED,TARGET_HIT,,False,,,,,,,,,,2026-05-31T18:30:00,2026-09-04T12:45:05.703545,EQUITY,NSE,,,,,,,,,,,,,,,,,2026-09-04T12:45:07.065843,,,,,0,,,,,,,,SYSTEM,1.0,1.0,1.0,1.0,,,PENDING
recon_TECHM_20260601_0,2026-05-31T18:30:00,TECHM,LONG,EQUITY,,,,,,,1504.1123046875,1654.52353515625,1443.9478125,v2.2,NIFTY_200_AUG2026,TradeMind-Quant-V2,,,,,,,,,,,,,,,LEGACY_UNVERIFIED,TARGET_HIT,,False,,,,,,,,,,2026-05-31T18:30:00,2026-09-04T12:45:05.602603,EQUITY,NSE,,,,,,,,,,,,,,,,,2026-09-04T12:45:07.063844,,,,,0,,,,,,,,SYSTEM,1.0,1.0,1.0,1.0,,,PENDING
cloud_hist_COLPAL_20260601_1,2026-05-31T18:30:00,COLPAL,SHORT,EQUITY,,,,,,,1990.0999755859375,1791.0899780273437,2069.703974609375,v2.2,NIFTY_200_AUG2026,TradeMind Core v2.2-CloudBackfill,,,,,,,,,,,,,,,LEGACY_UNVERIFIED,STOP_LOSS,,False,,,,,,,,,,2026-05-31T18:30:00,2026-09-04T12:45:05.637583,EQUITY,NSE,,,,,,,,,,,,,,,,,2026-09-04T12:45:07.064844,,,,,0,,,,,,,,SYSTEM,1.0,1.0,1.0,1.0,,,PENDING
cloud_hist_MPHASIS_20260601_0,2026-05-31T18:30:00,MPHASIS,LONG,EQUITY,,,,,,,2250.173583984375,2475.190942382813,2160.166640625,v2.2,NIFTY_200_AUG2026,TradeMind Core v2.2-CloudBackfill,,,,,,,,,,,,,,,LEGACY_UNVERIFIED,TARGET_HIT,,False,,,,,,,,,,2026-05-31T18:30:00,2026-09-04T12:45:05.673563,EQUITY,NSE,,,,,,,,,,,,,,,,,2026-09-04T12:45:07.064844,,,,,0,,,,,,,,SYSTEM,1.0,1.0,1.0,1.0,,,PENDING
cloud_hist_DABUR_20260601_1,2026-05-31T18:30:00,DABUR,SHORT,EQUITY,,,,,,,419.162109375,377.2458984375,435.92859375,v2.2,NIFTY_200_AUG2026,TradeMind Core v2.2-CloudBackfill,,,,,,,,,,,,,,,LEGACY_UNVERIFIED,STOP_LOSS,,False,,,,,,,,,,2026-05-31T18:30:00,2026-09-04T12:45:05.642579,EQUITY,NSE,,,,,,,,,,,,,,,,,2026-09-04T12:45:07.064844,,,,,0,,,,,,,,SYSTEM,1.0,1.0,1.0,1.0,,,PENDING
cloud_hist_NESTLEIND_20260601_0,2026-05-31T18:30:00,NESTLEIND,SHORT,EQUITY,,,,,,,1385.1416015625,1246.62744140625,1440.5472656250001,v2.2,NIFTY_200_AUG2026,TradeMind Core v2.2-CloudBackfill,,,,,,,,,,,,,,,LEGACY_UNVERIFIED,TARGET_HIT,,False,,,,,,,,,,2026-05-31T18:30:00,2026-09-04T12:45:05.676560,EQUITY,NSE,,,,,,,,,,,,,,,,,2026-09-04T12:45:07.064844,,,,,0,,,,,,,,SYSTEM,1.0,1.0,1.0,1.0,,,PENDING
cloud_hist_BRITANNIA_20260529_2,2026-05-28T18:30:00,BRITANNIA,SHORT,EQUITY,,,,,,,5119.2421875,4607.317968750001,5324.011875,v2.2,NIFTY_200_AUG2026,TradeMind Core v2.2-CloudBackfill,,,,,,,,,,,,,,,LEGACY_UNVERIFIED,TARGET_HIT,,False,,,,,,,,,,2026-05-28T18:30:00,2026-09-04T12:45:05.610598,EQUITY,NSE,,,,,,,,,,,,,,,,,2026-09-04T12:45:07.063844,,,,,0,,,,,,,,SYSTEM,1.0,1.0,1.0,1.0,,,PENDING
recon_ESCORTS_20260529_1,2026-05-28T18:30:00,ESCORTS,SHORT,EQUITY,,,,,,,2827.802490234375,2545.0222412109374,2940.91458984375,v2.2,NIFTY_200_AUG2026,TradeMind-Quant-V2,,,,,,,,,,,,,,,LEGACY_UNVERIFIED,STOP_LOSS,,False,,,,,,,,,,2026-05-28T18:30:00,2026-09-04T12:45:05.563625,EQUITY,NSE,,,,,,,,,,,,,,,,,2026-09-04T12:45:07.063844,,,,,0,,,,,,,,SYSTEM,1.0,1.0,1.0,1.0,,,PENDING
recon_BRITANNIA_20260529_0,2026-05-28T18:30:00,BRITANNIA,SHORT,EQUITY,,,,,,,5119.2421875,4607.317968750001,5324.011875,v2.2,NIFTY_200_AUG2026,TradeMind-Quant-V2,,,,,,,,,,,,,,,LEGACY_UNVERIFIED,TARGET_HIT,,False,,,,,,,,,,2026-05-28T18:30:00,2026-09-04T12:45:05.533642,EQUITY,NSE,,,,,,,,,,,,,,,,,2026-09-04T12:45:07.062845,,,,,0,,,,,,,,SYSTEM,1.0,1.0,1.0,1.0,,,PENDING
cloud_hist_DEEPAKNTR_20260529_1,2026-05-28T18:30:00,DEEPAKNTR,SHORT,EQUITY,,,,,,,1674.3526611328125,1506.9173950195313,1741.326767578125,v2.2,NIFTY_200_AUG2026,TradeMind Core v2.2-CloudBackfill,,,,,,,,,,,,,,,LEGACY_UNVERIFIED,STOP_LOSS,,False,,,,,,,,,,2026-05-28T18:30:00,2026-09-04T12:45:05.642579,EQUITY,NSE,,,,,,,,,,,,,,,,,2026-09-04T12:45:07.064844,,,,,0,,,,,,,,SYSTEM,1.0,1.0,1.0,1.0,,,PENDING
recon_MRF_20260529_1,2026-05-28T18:30:00,MRF,SHORT,EQUITY,,,,,,,123204.9609375,110884.46484375,128133.159375,v2.2,NIFTY_200_AUG2026,TradeMind-Quant-V2,,,,,,,,,,,,,,,LEGACY_UNVERIFIED,STOP_LOSS,,False,,,,,,,,,,2026-05-28T18:30:00,2026-09-04T12:45:05.580606,EQUITY,NSE,,,,,,,,,,,,,,,,,2026-09-04T12:45:07.063844,,,,,0,,,,,,,,SYSTEM,1.0,1.0,1.0,1.0,,,PENDING
cloud_hist_MAXHEALTH_20260529_2,2026-05-28T18:30:00,MAXHEALTH,SHORT,EQUITY,,,,,,,963.3878784179688,867.0490905761719,1001.9233935546876,v2.2,NIFTY_200_AUG2026,TradeMind Core v2.2-CloudBackfill,,,,,,,,,,,,,,,LEGACY_UNVERIFIED,TARGET_HIT,,False,,,,,,,,,,2026-05-28T18:30:00,2026-09-04T12:45:05.672552,EQUITY,NSE,,,,,,,,,,,,,,,,,2026-09-04T12:45:07.064844,,,,,0,,,,,,,,SYSTEM,1.0,1.0,1.0,1.0,,,PENDING
cloud_hist_ESCORTS_20260529_3,2026-05-28T18:30:00,ESCORTS,SHORT,EQUITY,,,,,,,2827.802490234375,2545.0222412109374,2940.91458984375,v2.2,NIFTY_200_AUG2026,TradeMind Core v2.2-CloudBackfill,,,,,,,,,,,,,,,LEGACY_UNVERIFIED,STOP_LOSS,,False,,,,,,,,,,2026-05-28T18:30:00,2026-09-04T12:45:05.645578,EQUITY,NSE,,,,,,,,,,,,,,,,,2026-09-04T12:45:07.064844,,,,,0,,,,,,,,SYSTEM,1.0,1.0,1.0,1.0,,,PENDING
recon_MAXHEALTH_20260529_0,2026-05-28T18:30:00,MAXHEALTH,SHORT,EQUITY,,,,,,,963.3878784179688,867.0490905761719,1001.9233935546876,v2.2,NIFTY_200_AUG2026,TradeMind-Quant-V2,,,,,,,,,,,,,,,LEGACY_UNVERIFIED,TARGET_HIT,,False,,,,,,,,,,2026-05-28T18:30:00,2026-09-04T12:45:05.581605,EQUITY,NSE,,,,,,,,,,,,,,,,,2026-09-04T12:45:07.063844,,,,,0,,,,,,,,SYSTEM,1.0,1.0,1.0,1.0,,,PENDING
cloud_hist_LICHSGFIN_20260529_1,2026-05-28T18:30:00,LICHSGFIN,SHORT,EQUITY,,,,,,,533.1500244140625,479.83502197265625,554.4760253906251,v2.2,NIFTY_200_AUG2026,TradeMind Core v2.2-CloudBackfill,,,,,,,,,,,,,,,LEGACY_UNVERIFIED,STOP_LOSS,,False,,,,,,,,,,2026-05-28T18:30:00,2026-09-04T12:45:05.668565,EQUITY,NSE,,,,,,,,,,,,,,,,,2026-09-04T12:45:07.064844,,,,,0,,,,,,,,SYSTEM,1.0,1.0,1.0,1.0,,,PENDING
cloud_hist_MRF_20260529_3,2026-05-28T18:30:00,MRF,SHORT,EQUITY,,,,,,,123204.9609375,110884.46484375,128133.159375,v2.2,NIFTY_200_AUG2026,TradeMind Core v2.2-CloudBackfill,,,,,,,,,,,,,,,LEGACY_UNVERIFIED,STOP_LOSS,,False,,,,,,,,,,2026-05-28T18:30:00,2026-09-04T12:45:05.669564,EQUITY,NSE,,,,,,,,,,,,,,,,,2026-09-04T12:45:07.064844,,,,,0,,,,,,,,SYSTEM,1.0,1.0,1.0,1.0,,,PENDING
cloud_hist_HINDUNILVR_20260529_1,2026-05-28T18:30:00,HINDUNILVR,SHORT,EQUITY,,,,,,,2131.816162109375,1918.6345458984376,2217.08880859375,v2.2,NIFTY_200_AUG2026,TradeMind Core v2.2-CloudBackfill,,,,,,,,,,,,,,,LEGACY_UNVERIFIED,STOP_LOSS,,False,,,,,,,,,,2026-05-28T18:30:00,2026-09-04T12:45:05.654573,EQUITY,NSE,,,,,,,,,,,,,,,,,2026-09-04T12:45:07.064844,,,,,0,,,,,,,,SYSTEM,1.0,1.0,1.0,1.0,,,PENDING
recon_CUMMINSIND_20260527_1,2026-05-26T18:30:00,CUMMINSIND,LONG,EQUITY,,,,,,,5977.91748046875,6575.709228515626,5738.80078125,v2.2,NIFTY_200_AUG2026,TradeMind-Quant-V2,,,,,,,,,,,,,,,LEGACY_UNVERIFIED,STOP_LOSS,,False,,,,,,,,,,2026-05-26T18:30:00,2026-09-04T12:45:05.536640,EQUITY,NSE,,,,,,,,,,,,,,,,,2026-09-04T12:45:07.062845,,,,,0,,,,,,,,SYSTEM,1.0,1.0,1.0,1.0,,,PENDING
cloud_hist_ADANIENSOL_20260527_1,2026-05-26T18:30:00,ADANIENSOL,LONG,EQUITY,,,,,,,1540.0999755859375,1694.1099731445313,1478.4959765625,v2.2,NIFTY_200_AUG2026,TradeMind Core v2.2-CloudBackfill,,,,,,,,,,,,,,,LEGACY_UNVERIFIED,STOP_LOSS,,False,,,,,,,,,,2026-05-26T18:30:00,2026-09-04T12:45:05.563625,EQUITY,NSE,,,,,,,,,,,,,,,,,2026-09-04T12:45:07.063844,,,,,0,,,,,,,,SYSTEM,1.0,1.0,1.0,1.0,,,PENDING
cloud_hist_ITC_20260527_2,2026-05-26T18:30:00,ITC,SHORT,EQUITY,,,,,,,291.95001220703125,262.75501098632816,303.6280126953125,v2.2,NIFTY_200_AUG2026,TradeMind Core v2.2-CloudBackfill,,,,,,,,,,,,,,,LEGACY_UNVERIFIED,TARGET_HIT,,False,,,,,,,,,,2026-05-26T18:30:00,2026-09-04T12:45:05.656572,EQUITY,NSE,,,,,,,,,,,,,,,,,2026-09-04T12:45:07.064844,,,,,0,,,,,,,,SYSTEM,1.0,1.0,1.0,1.0,,,PENDING
cloud_hist_JSWENERGY_20260527_2,2026-05-26T18:30:00,JSWENERGY,LONG,EQUITY,,,,,,,600.0093383789062,660.0102722167969,576.0089648437499,v2.2,NIFTY_200_AUG2026,TradeMind Core v2.2-CloudBackfill,,,,,,,,,,,,,,,LEGACY_UNVERIFIED,TARGET_HIT,,False,,,,,,,,,,2026-05-26T18:30:00,2026-09-04T12:45:05.658570,EQUITY,NSE,,,,,,,,,,,,,,,,,2026-09-04T12:45:07.064844,,,,,0,,,,,,,,SYSTEM,1.0,1.0,1.0,1.0,,,PENDING
cloud_hist_CUMMINSIND_20260527_3,2026-05-26T18:30:00,CUMMINSIND,LONG,EQUITY,,,,,,,5977.91748046875,6575.709228515626,5738.80078125,v2.2,NIFTY_200_AUG2026,TradeMind Core v2.2-CloudBackfill,,,,,,,,,,,,,,,LEGACY_UNVERIFIED,STOP_LOSS,,False,,,,,,,,,,2026-05-26T18:30:00,2026-09-04T12:45:05.639582,EQUITY,NSE,,,,,,,,,,,,,,,,,2026-09-04T12:45:07.064844,,,,,0,,,,,,,,SYSTEM,1.0,1.0,1.0,1.0,,,PENDING
recon_JSWENERGY_20260527_0,2026-05-26T18:30:00,JSWENERGY,LONG,EQUITY,,,,,,,600.0093383789062,660.0102722167969,576.0089648437499,v2.2,NIFTY_200_AUG2026,TradeMind-Quant-V2,,,,,,,,,,,,,,,LEGACY_UNVERIFIED,TARGET_HIT,,False,,,,,,,,,,2026-05-26T18:30:00,2026-09-04T12:45:05.576608,EQUITY,NSE,,,,,,,,,,,,,,,,,2026-09-04T12:45:07.063844,,,,,0,,,,,,,,SYSTEM,1.0,1.0,1.0,1.0,,,PENDING
recon_ITC_20260527_0,2026-05-26T18:30:00,ITC,SHORT,EQUITY,,,,,,,291.95001220703125,262.75501098632816,303.6280126953125,v2.2,NIFTY_200_AUG2026,TradeMind-Quant-V2,,,,,,,,,,,,,,,LEGACY_UNVERIFIED,TARGET_HIT,,False,,,,,,,,,,2026-05-26T18:30:00,2026-09-04T12:45:05.571620,EQUITY,NSE,,,,,,,,,,,,,,,,,2026-09-04T12:45:07.063844,,,,,0,,,,,,,,SYSTEM,1.0,1.0,1.0,1.0,,,PENDING
cloud_hist_SONACOMS_20260527_0,2026-05-26T18:30:00,SONACOMS,LONG,EQUITY,,,,,,,616.906982421875,678.5976806640625,592.230703125,v2.2,NIFTY_200_AUG2026,TradeMind Core v2.2-CloudBackfill,,,,,,,,,,,,,,,LEGACY_UNVERIFIED,TARGET_HIT,,False,,,,,,,,,,2026-05-26T18:30:00,2026-09-04T12:45:05.693552,EQUITY,NSE,,,,,,,,,,,,,,,,,2026-09-04T12:45:07.065843,,,,,0,,,,,,,,SYSTEM,1.0,1.0,1.0,1.0,,,PENDING
recon_ONGC_20260527_0,2026-05-26T18:30:00,ONGC,SHORT,EQUITY,,,,,,,274.04998779296875,246.64498901367188,285.0119873046875,v2.2,NIFTY_200_AUG2026,TradeMind-Quant-V2,,,,,,,,,,,,,,,LEGACY_UNVERIFIED,TARGET_HIT,,False,,,,,,,,,,2026-05-26T18:30:00,2026-09-04T12:45:05.585603,EQUITY,NSE,,,,,,,,,,,,,,,,,2026-09-04T12:45:07.063844,,,,,0,,,,,,,,SYSTEM,1.0,1.0,1.0,1.0,,,PENDING
cloud_hist_ADANIPORTS_20260527_1,2026-05-26T18:30:00,ADANIPORTS,LONG,EQUITY,,,,,,,1816.843017578125,1998.5273193359376,1744.1692968749999,v2.2,NIFTY_200_AUG2026,TradeMind Core v2.2-CloudBackfill,,,,,,,,,,,,,,,LEGACY_UNVERIFIED,STOP_LOSS,,False,,,,,,,,,,2026-05-26T18:30:00,2026-09-04T12:45:05.619593,EQUITY,NSE,,,,,,,,,,,,,,,,,2026-09-04T12:45:07.064844,,,,,0,,,,,,,,SYSTEM,1.0,1.0,1.0,1.0,,,PENDING
cloud_hist_TIINDIA_20260527_0,2026-05-26T18:30:00,TIINDIA,LONG,EQUITY,,,,,,,3208.751220703125,3529.626342773438,3080.401171875,v2.2,NIFTY_200_AUG2026,TradeMind Core v2.2-CloudBackfill,,,,,,,,,,,,,,,LEGACY_UNVERIFIED,TARGET_HIT,,False,,,,,,,,,,2026-05-26T18:30:00,2026-09-04T12:45:05.703545,EQUITY,NSE,,,,,,,,,,,,,,,,,2026-09-04T12:45:07.065843,,,,,0,,,,,,,,SYSTEM,1.0,1.0,1.0,1.0,,,PENDING
cloud_hist_ONGC_20260527_2,2026-05-26T18:30:00,ONGC,SHORT,EQUITY,,,,,,,274.04998779296875,246.64498901367188,285.0119873046875,v2.2,NIFTY_200_AUG2026,TradeMind Core v2.2-CloudBackfill,,,,,,,,,,,,,,,LEGACY_UNVERIFIED,TARGET_HIT,,False,,,,,,,,,,2026-05-26T18:30:00,2026-09-04T12:45:05.678561,EQUITY,NSE,,,,,,,,,,,,,,,,,2026-09-04T12:45:07.064844,,,,,0,,,,,,,,SYSTEM,1.0,1.0,1.0,1.0,,,PENDING
cloud_hist_CGPOWER_20260527_0,2026-05-26T18:30:00,CGPOWER,LONG,EQUITY,,,,,,,934.7999877929688,1028.2799865722657,897.4079882812499,v2.2,NIFTY_200_AUG2026,TradeMind Core v2.2-CloudBackfill,,,,,,,,,,,,,,,LEGACY_UNVERIFIED,TARGET_HIT,,False,,,,,,,,,,2026-05-26T18:30:00,2026-09-04T12:45:05.635583,EQUITY,NSE,,,,,,,,,,,,,,,,,2026-09-04T12:45:07.064844,,,,,0,,,,,,,,SYSTEM,1.0,1.0,1.0,1.0,,,PENDING
cloud_hist_COLPAL_20260526_0,2026-05-25T18:30:00,COLPAL,SHORT,EQUITY,,,,,,,2052.899658203125,1847.6096923828125,2135.01564453125,v2.2,NIFTY_200_AUG2026,TradeMind Core v2.2-CloudBackfill,,,,,,,,,,,,,,,LEGACY_UNVERIFIED,TARGET_HIT,,False,,,,,,,,,,2026-05-25T18:30:00,2026-09-04T12:45:05.636583,EQUITY,NSE,,,,,,,,,,,,,,,,,2026-09-04T12:45:07.064844,,,,,0,,,,,,,,SYSTEM,1.0,1.0,1.0,1.0,,,PENDING
cloud_hist_TATACOMM_20260526_1,2026-05-25T18:30:00,TATACOMM,LONG,EQUITY,,,,,,,1990.995361328125,2190.094897460938,1911.3555468749998,v2.2,NIFTY_200_AUG2026,TradeMind Core v2.2-CloudBackfill,,,,,,,,,,,,,,,LEGACY_UNVERIFIED,STOP_LOSS,,False,,,,,,,,,,2026-05-25T18:30:00,2026-09-04T12:45:05.697550,EQUITY,NSE,,,,,,,,,,,,,,,,,2026-09-04T12:45:07.065843,,,,,0,,,,,,,,SYSTEM,1.0,1.0,1.0,1.0,,,PENDING
cloud_hist_ADANIPOWER_20260526_2,2026-05-25T18:30:00,ADANIPOWER,LONG,EQUITY,,,,,,,244.52999877929688,268.9829986572266,234.748798828125,v2.2,NIFTY_200_AUG2026,TradeMind Core v2.2-CloudBackfill,,,,,,,,,,,,,,,LEGACY_UNVERIFIED,TARGET_HIT,,False,,,,,,,,,,2026-05-25T18:30:00,2026-09-04T12:45:05.620592,EQUITY,NSE,,,,,,,,,,,,,,,,,2026-09-04T12:45:07.064844,,,,,0,,,,,,,,SYSTEM,1.0,1.0,1.0,1.0,,,PENDING
cloud_hist_RVNL_20260526_1,2026-05-25T18:30:00,RVNL,SHORT,EQUITY,,,,,,,259.75,233.775,270.14,v2.2,NIFTY_200_AUG2026,TradeMind Core v2.2-CloudBackfill,,,,,,,,,,,,,,,LEGACY_UNVERIFIED,STOP_LOSS,,False,,,,,,,,,,2026-05-25T18:30:00,2026-09-04T12:45:05.684559,EQUITY,NSE,,,,,,,,,,,,,,,,,2026-09-04T12:45:07.064844,,,,,0,,,,,,,,SYSTEM,1.0,1.0,1.0,1.0,,,PENDING
recon_ATGL_20260526_0,2026-05-25T18:30:00,ATGL,LONG,EQUITY,,,,,,,712.8510131835938,784.1361145019532,684.3369726562499,v2.2,NIFTY_200_AUG2026,TradeMind-Quant-V2,,,,,,,,,,,,,,,LEGACY_UNVERIFIED,TARGET_HIT,,False,,,,,,,,,,2026-05-25T18:30:00,2026-09-04T12:45:05.710541,EQUITY,NSE,,,,,,,,,,,,,,,,,2026-09-04T12:45:07.065843,,,,,0,,,,,,,,SYSTEM,1.0,1.0,1.0,1.0,,,PENDING
recon_ADANIPOWER_20260526_0,2026-05-25T18:30:00,ADANIPOWER,LONG,EQUITY,,,,,,,244.52999877929688,268.9829986572266,234.748798828125,v2.2,NIFTY_200_AUG2026,TradeMind-Quant-V2,,,,,,,,,,,,,,,LEGACY_UNVERIFIED,TARGET_HIT,,False,,,,,,,,,,2026-05-25T18:30:00,2026-09-04T12:45:05.710541,EQUITY,NSE,,,,,,,,,,,,,,,,,2026-09-04T12:45:07.065843,,,,,0,,,,,,,,SYSTEM,1.0,1.0,1.0,1.0,,,PENDING
cloud_hist_LICI_20260526_1,2026-05-25T18:30:00,LICI,LONG,EQUITY,,,,,,,417.6595764160156,459.4255340576172,400.953193359375,v2.2,NIFTY_200_AUG2026,TradeMind Core v2.2-CloudBackfill,,,,,,,,,,,,,,,LEGACY_UNVERIFIED,STOP_LOSS,,False,,,,,,,,,,2026-05-25T18:30:00,2026-09-04T12:45:05.668565,EQUITY,NSE,,,,,,,,,,,,,,,,,2026-09-04T12:45:07.064844,,,,,0,,,,,,,,SYSTEM,1.0,1.0,1.0,1.0,,,PENDING
cloud_hist_ATGL_20260526_2,2026-05-25T18:30:00,ATGL,LONG,EQUITY,,,,,,,712.8510131835938,784.1361145019532,684.3369726562499,v2.2,NIFTY_200_AUG2026,TradeMind Core v2.2-CloudBackfill,,,,,,,,,,,,,,,LEGACY_UNVERIFIED,TARGET_HIT,,False,,,,,,,,,,2026-05-25T18:30:00,2026-09-04T12:45:05.621592,EQUITY,NSE,,,,,,,,,,,,,,,,,2026-09-04T12:45:07.064844,,,,,0,,,,,,,,SYSTEM,1.0,1.0,1.0,1.0,,,PENDING
cloud_hist_ADANIENT_20260525_1,2026-05-24T18:30:00,ADANIENT,LONG,EQUITY,,,,,,,2848.42626953125,3133.268896484375,2734.48921875,v2.2,NIFTY_200_AUG2026,TradeMind Core v2.2-CloudBackfill,,,,,,,,,,,,,,,LEGACY_UNVERIFIED,STOP_LOSS,,False,,,,,,,,,,2026-05-24T18:30:00,2026-09-04T12:45:05.603602,EQUITY,NSE,,,,,,,,,,,,,,,,,2026-09-04T12:45:07.063844,,,,,0,,,,,,,,SYSTEM,1.0,1.0,1.0,1.0,,,PENDING
cloud_hist_TORNTPHARM_20260525_1,2026-05-24T18:30:00,TORNTPHARM,LONG,EQUITY,,,,,,,4563.53125,5019.884375000001,4380.99,v2.2,NIFTY_200_AUG2026,TradeMind Core v2.2-CloudBackfill,,,,,,,,,,,,,,,LEGACY_UNVERIFIED,STOP_LOSS,,False,,,,,,,,,,2026-05-24T18:30:00,2026-09-04T12:45:05.700549,EQUITY,NSE,,,,,,,,,,,,,,,,,2026-09-04T12:45:07.065843,,,,,0,,,,,,,,SYSTEM,1.0,1.0,1.0,1.0,,,PENDING
recon_GAIL_20260525_0,2026-05-24T18:30:00,GAIL,LONG,EQUITY,,,,,,,168.6699981689453,185.53699798583986,161.92319824218748,v2.2,NIFTY_200_AUG2026,TradeMind-Quant-V2,,,,,,,,,,,,,,,LEGACY_UNVERIFIED,TARGET_HIT,,False,,,,,,,,,,2026-05-24T18:30:00,2026-09-04T12:45:05.564624,EQUITY,NSE,,,,,,,,,,,,,,,,,2026-09-04T12:45:07.063844,,,,,0,,,,,,,,SYSTEM,1.0,1.0,1.0,1.0,,,PENDING
recon_BHEL_20260525_0,2026-05-24T18:30:00,BHEL,LONG,EQUITY,,,,,,,418.05145263671875,459.8565979003907,401.32939453125,v2.2,NIFTY_200_AUG2026,TradeMind-Quant-V2,,,,,,,,,,,,,,,LEGACY_UNVERIFIED,TARGET_HIT,,False,,,,,,,,,,2026-05-24T18:30:00,2026-09-04T12:45:05.530643,EQUITY,NSE,,,,,,,,,,,,,,,,,2026-09-04T12:45:07.062845,,,,,0,,,,,,,,SYSTEM,1.0,1.0,1.0,1.0,,,PENDING
cloud_hist_WIPRO_20260525_0,2026-05-24T18:30:00,WIPRO,LONG,EQUITY,,,,,,,204.50439453125,224.95483398437503,196.32421875,v2.2,NIFTY_200_AUG2026,TradeMind Core v2.2-CloudBackfill,,,,,,,,,,,,,,,LEGACY_UNVERIFIED,TARGET_HIT,,False,,,,,,,,,,2026-05-24T18:30:00,2026-09-04T12:45:05.616595,EQUITY,NSE,,,,,,,,,,,,,,,,,2026-09-04T12:45:07.063844,,,,,0,,,,,,,,SYSTEM,1.0,1.0,1.0,1.0,,,PENDING
cloud_hist_GAIL_20260525_2,2026-05-24T18:30:00,GAIL,LONG,EQUITY,,,,,,,168.6699981689453,185.53699798583986,161.92319824218748,v2.2,NIFTY_200_AUG2026,TradeMind Core v2.2-CloudBackfill,,,,,,,,,,,,,,,LEGACY_UNVERIFIED,TARGET_HIT,,False,,,,,,,,,,2026-05-24T18:30:00,2026-09-04T12:45:05.645578,EQUITY,NSE,,,,,,,,,,,,,,,,,2026-09-04T12:45:07.064844,,,,,0,,,,,,,,SYSTEM,1.0,1.0,1.0,1.0,,,PENDING
cloud_hist_BHEL_20260525_2,2026-05-24T18:30:00,BHEL,LONG,EQUITY,,,,,,,418.05145263671875,459.8565979003907,401.32939453125,v2.2,NIFTY_200_AUG2026,TradeMind Core v2.2-CloudBackfill,,,,,,,,,,,,,,,LEGACY_UNVERIFIED,TARGET_HIT,,False,,,,,,,,,,2026-05-24T18:30:00,2026-09-04T12:45:05.631586,EQUITY,NSE,,,,,,,,,,,,,,,,,2026-09-04T12:45:07.064844,,,,,0,,,,,,,,SYSTEM,1.0,1.0,1.0,1.0,,,PENDING
cloud_hist_POLYCAB_20260525_1,2026-05-24T18:30:00,POLYCAB,LONG,EQUITY,,,,,,,9354.1162109375,10289.52783203125,8979.9515625,v2.2,NIFTY_200_AUG2026,TradeMind Core v2.2-CloudBackfill,,,,,,,,,,,,,,,LEGACY_UNVERIFIED,STOP_LOSS,,False,,,,,,,,,,2026-05-24T18:30:00,2026-09-04T12:45:05.689555,EQUITY,NSE,,,,,,,,,,,,,,,,,2026-09-04T12:45:07.064844,,,,,0,,,,,,,,SYSTEM,1.0,1.0,1.0,1.0,,,PENDING
cloud_hist_VBL_20260522_0,2026-05-21T18:30:00,VBL,LONG,EQUITY,,,,,,,538.8524169921875,592.7376586914063,517.2983203125,v2.2,NIFTY_200_AUG2026,TradeMind Core v2.2-CloudBackfill,,,,,,,,,,,,,,,LEGACY_UNVERIFIED,TARGET_HIT,,False,,,,,,,,,,2026-05-21T18:30:00,2026-09-04T12:45:05.706543,EQUITY,NSE,,,,,,,,,,,,,,,,,2026-09-04T12:45:07.065843,,,,,0,,,,,,,,SYSTEM,1.0,1.0,1.0,1.0,,,PENDING
cloud_hist_SUNTV_20260522_1,2026-05-21T18:30:00,SUNTV,SHORT,EQUITY,,,,,,,486.70001220703125,438.03001098632814,506.16801269531254,v2.2,NIFTY_200_AUG2026,TradeMind Core v2.2-CloudBackfill,,,,,,,,,,,,,,,LEGACY_UNVERIFIED,STOP_LOSS,,False,,,,,,,,,,2026-05-21T18:30:00,2026-09-04T12:45:05.694552,EQUITY,NSE,,,,,,,,,,,,,,,,,2026-09-04T12:45:07.065843,,,,,0,,,,,,,,SYSTEM,1.0,1.0,1.0,1.0,,,PENDING
cloud_hist_GRASIM_20260521_2,2026-05-20T18:30:00,GRASIM,LONG,EQUITY,,,,,,,3144.703369140625,3459.173706054688,3018.9152343749997,v2.2,NIFTY_200_AUG2026,TradeMind Core v2.2-CloudBackfill,,,,,,,,,,,,,,,LEGACY_UNVERIFIED,TARGET_HIT,,False,,,,,,,,,,2026-05-20T18:30:00,2026-09-04T12:45:05.648576,EQUITY,NSE,,,,,,,,,,,,,,,,,2026-09-04T12:45:07.064844,,,,,0,,,,,,,,SYSTEM,1.0,1.0,1.0,1.0,,,PENDING
recon_GRASIM_20260521_0,2026-05-20T18:30:00,GRASIM,LONG,EQUITY,,,,,,,3144.703369140625,3459.173706054688,3018.9152343749997,v2.2,NIFTY_200_AUG2026,TradeMind-Quant-V2,,,,,,,,,,,,,,,LEGACY_UNVERIFIED,TARGET_HIT,,False,,,,,,,,,,2026-05-20T18:30:00,2026-09-04T12:45:05.565624,EQUITY,NSE,,,,,,,,,,,,,,,,,2026-09-04T12:45:07.063844,,,,,0,,,,,,,,SYSTEM,1.0,1.0,1.0,1.0,,,PENDING
cloud_hist_APOLLOHOSP_20260521_0,2026-05-20T18:30:00,APOLLOHOSP,LONG,EQUITY,,,,,,,8298.8388671875,9128.722753906251,7966.8853125,v2.2,NIFTY_200_AUG2026,TradeMind Core v2.2-CloudBackfill,,,,,,,,,,,,,,,LEGACY_UNVERIFIED,TARGET_HIT,,False,,,,,,,,,,2026-05-20T18:30:00,2026-09-04T12:45:05.622591,EQUITY,NSE,,,,,,,,,,,,,,,,,2026-09-04T12:45:07.064844,,,,,0,,,,,,,,SYSTEM,1.0,1.0,1.0,1.0,,,PENDING
recon_BEL_20260520_0,2026-05-19T18:30:00,BEL,SHORT,EQUITY,,,,,,,412.73968505859375,371.46571655273436,429.2492724609375,v2.2,NIFTY_200_AUG2026,TradeMind-Quant-V2,,,,,,,,,,,,,,,LEGACY_UNVERIFIED,TARGET_HIT,,False,,,,,,,,,,2026-05-19T18:30:00,2026-09-04T12:45:05.530643,EQUITY,NSE,,,,,,,,,,,,,,,,,2026-09-04T12:45:07.062845,,,,,0,,,,,,,,SYSTEM,1.0,1.0,1.0,1.0,,,PENDING
cloud_hist_PIIND_20260520_0,2026-05-19T18:30:00,PIIND,SHORT,EQUITY,,,,,,,2890.82373046875,2601.741357421875,3006.4566796875,v2.2,NIFTY_200_AUG2026,TradeMind Core v2.2-CloudBackfill,,,,,,,,,,,,,,,LEGACY_UNVERIFIED,TARGET_HIT,,False,,,,,,,,,,2026-05-19T18:30:00,2026-09-04T12:45:05.679559,EQUITY,NSE,,,,,,,,,,,,,,,,,2026-09-04T12:45:07.064844,,,,,0,,,,,,,,SYSTEM,1.0,1.0,1.0,1.0,,,PENDING
cloud_hist_HINDUNILVR_20260520_0,2026-05-19T18:30:00,HINDUNILVR,SHORT,EQUITY,,,,,,,2187.05419921875,1968.3487792968751,2274.5363671875,v2.2,NIFTY_200_AUG2026,TradeMind Core v2.2-CloudBackfill,,,,,,,,,,,,,,,LEGACY_UNVERIFIED,TARGET_HIT,,False,,,,,,,,,,2026-05-19T18:30:00,2026-09-04T12:45:05.654573,EQUITY,NSE,,,,,,,,,,,,,,,,,2026-09-04T12:45:07.064844,,,,,0,,,,,,,,SYSTEM,1.0,1.0,1.0,1.0,,,PENDING
cloud_hist_BEL_20260520_2,2026-05-19T18:30:00,BEL,SHORT,EQUITY,,,,,,,412.73968505859375,371.46571655273436,429.2492724609375,v2.2,NIFTY_200_AUG2026,TradeMind Core v2.2-CloudBackfill,,,,,,,,,,,,,,,LEGACY_UNVERIFIED,TARGET_HIT,,False,,,,,,,,,,2026-05-19T18:30:00,2026-09-04T12:45:05.630586,EQUITY,NSE,,,,,,,,,,,,,,,,,2026-09-04T12:45:07.064844,,,,,0,,,,,,,,SYSTEM,1.0,1.0,1.0,1.0,,,PENDING
cloud_hist_TATACOMM_20260520_0,2026-05-19T18:30:00,TATACOMM,LONG,EQUITY,,,,,,,1759.5994873046875,1935.5594360351563,1689.2155078125,v2.2,NIFTY_200_AUG2026,TradeMind Core v2.2-CloudBackfill,,,,,,,,,,,,,,,LEGACY_UNVERIFIED,TARGET_HIT,,False,,,,,,,,,,2026-05-19T18:30:00,2026-09-04T12:45:05.696549,EQUITY,NSE,,,,,,,,,,,,,,,,,2026-09-04T12:45:07.065843,,,,,0,,,,,,,,SYSTEM,1.0,1.0,1.0,1.0,,,PENDING
cloud_hist_MAXHEALTH_20260519_1,2026-05-18T18:30:00,MAXHEALTH,LONG,EQUITY,,,,,,,1066.85400390625,1173.539404296875,1024.17984375,v2.2,NIFTY_200_AUG2026,TradeMind Core v2.2-CloudBackfill,,,,,,,,,,,,,,,LEGACY_UNVERIFIED,STOP_LOSS,,False,,,,,,,,,,2026-05-18T18:30:00,2026-09-04T12:45:05.672552,EQUITY,NSE,,,,,,,,,,,,,,,,,2026-09-04T12:45:07.064844,,,,,0,,,,,,,,SYSTEM,1.0,1.0,1.0,1.0,,,PENDING
cloud_hist_GAIL_20260519_1,2026-05-18T18:30:00,GAIL,SHORT,EQUITY,,,,,,,156.1199951171875,140.50799560546875,162.36479492187502,v2.2,NIFTY_200_AUG2026,TradeMind Core v2.2-CloudBackfill,,,,,,,,,,,,,,,LEGACY_UNVERIFIED,STOP_LOSS,,False,,,,,,,,,,2026-05-18T18:30:00,2026-09-04T12:45:05.645578,EQUITY,NSE,,,,,,,,,,,,,,,,,2026-09-04T12:45:07.064844,,,,,0,,,,,,,,SYSTEM,1.0,1.0,1.0,1.0,,,PENDING
cloud_hist_ASTRAL_20260519_1,2026-05-18T18:30:00,ASTRAL,SHORT,EQUITY,,,,,,,1446.624755859375,1301.9622802734375,1504.48974609375,v2.2,NIFTY_200_AUG2026,TradeMind Core v2.2-CloudBackfill,,,,,,,,,,,,,,,LEGACY_UNVERIFIED,STOP_LOSS,,False,,,,,,,,,,2026-05-18T18:30:00,2026-09-04T12:45:05.608599,EQUITY,NSE,,,,,,,,,,,,,,,,,2026-09-04T12:45:07.063844,,,,,0,,,,,,,,SYSTEM,1.0,1.0,1.0,1.0,,,PENDING
cloud_hist_PAGEIND_20260519_1,2026-05-18T18:30:00,PAGEIND,LONG,EQUITY,,,,,,,38548.453125,42403.2984375,37006.515,v2.2,NIFTY_200_AUG2026,TradeMind Core v2.2-CloudBackfill,,,,,,,,,,,,,,,LEGACY_UNVERIFIED,STOP_LOSS,,False,,,,,,,,,,2026-05-18T18:30:00,2026-09-04T12:45:05.683560,EQUITY,NSE,,,,,,,,,,,,,,,,,2026-09-04T12:45:07.064844,,,,,0,,,,,,,,SYSTEM,1.0,1.0,1.0,1.0,,,PENDING
cloud_hist_ESCORTS_20260519_2,2026-05-18T18:30:00,ESCORTS,SHORT,EQUITY,,,,,,,2858.45556640625,2572.610009765625,2972.7937890625003,v2.2,NIFTY_200_AUG2026,TradeMind Core v2.2-CloudBackfill,,,,,,,,,,,,,,,LEGACY_UNVERIFIED,TARGET_HIT,,False,,,,,,,,,,2026-05-18T18:30:00,2026-09-04T12:45:05.645578,EQUITY,NSE,,,,,,,,,,,,,,,,,2026-09-04T12:45:07.064844,,,,,0,,,,,,,,SYSTEM,1.0,1.0,1.0,1.0,,,PENDING
recon_ESCORTS_20260519_0,2026-05-18T18:30:00,ESCORTS,SHORT,EQUITY,,,,,,,2858.45556640625,2572.610009765625,2972.7937890625003,v2.2,NIFTY_200_AUG2026,TradeMind-Quant-V2,,,,,,,,,,,,,,,LEGACY_UNVERIFIED,TARGET_HIT,,False,,,,,,,,,,2026-05-18T18:30:00,2026-09-04T12:45:05.563625,EQUITY,NSE,,,,,,,,,,,,,,,,,2026-09-04T12:45:07.063844,,,,,0,,,,,,,,SYSTEM,1.0,1.0,1.0,1.0,,,PENDING
recon_BHARTIARTL_20260518_0,2026-05-17T18:30:00,BHARTIARTL,LONG,EQUITY,,,,,,,1914.01171875,2105.4128906250003,1837.4512499999998,v2.2,NIFTY_200_AUG2026,TradeMind-Quant-V2,,,,,,,,,,,,,,,LEGACY_UNVERIFIED,TARGET_HIT,,False,,,,,,,,,,2026-05-17T18:30:00,2026-09-04T12:45:05.531643,EQUITY,NSE,,,,,,,,,,,,,,,,,2026-09-04T12:45:07.062845,,,,,0,,,,,,,,SYSTEM,1.0,1.0,1.0,1.0,,,PENDING
cloud_hist_GLAND_20260518_1,2026-05-17T18:30:00,GLAND,LONG,EQUITY,,,,,,,2140.429443359375,2354.4723876953126,2054.812265625,v2.2,NIFTY_200_AUG2026,TradeMind Core v2.2-CloudBackfill,,,,,,,,,,,,,,,LEGACY_UNVERIFIED,STOP_LOSS,,False,,,,,,,,,,2026-05-17T18:30:00,2026-09-04T12:45:05.612597,EQUITY,NSE,,,,,,,,,,,,,,,,,2026-09-04T12:45:07.063844,,,,,0,,,,,,,,SYSTEM,1.0,1.0,1.0,1.0,,,PENDING
cloud_hist_GODREJPROP_20260518_0,2026-05-17T18:30:00,GODREJPROP,SHORT,EQUITY,,,,,,,1678.188232421875,1510.3694091796876,1745.31576171875,v2.2,NIFTY_200_AUG2026,TradeMind Core v2.2-CloudBackfill,,,,,,,,,,,,,,,LEGACY_UNVERIFIED,TARGET_HIT,,False,,,,,,,,,,2026-05-17T18:30:00,2026-09-04T12:45:05.647577,EQUITY,NSE,,,,,,,,,,,,,,,,,2026-09-04T12:45:07.064844,,,,,0,,,,,,,,SYSTEM,1.0,1.0,1.0,1.0,,,PENDING
cloud_hist_SUNPHARMA_20260518_1,2026-05-17T18:30:00,SUNPHARMA,LONG,EQUITY,,,,,,,1900.818359375,2090.9001953125003,1824.785625,v2.2,NIFTY_200_AUG2026,TradeMind Core v2.2-CloudBackfill,,,,,,,,,,,,,,,LEGACY_UNVERIFIED,STOP_LOSS,,False,,,,,,,,,,2026-05-17T18:30:00,2026-09-04T12:45:05.694552,EQUITY,NSE,,,,,,,,,,,,,,,,,2026-09-04T12:45:07.065843,,,,,0,,,,,,,,SYSTEM,1.0,1.0,1.0,1.0,,,PENDING
cloud_hist_BHARTIARTL_20260518_2,2026-05-17T18:30:00,BHARTIARTL,LONG,EQUITY,,,,,,,1914.01171875,2105.4128906250003,1837.4512499999998,v2.2,NIFTY_200_AUG2026,TradeMind Core v2.2-CloudBackfill,,,,,,,,,,,,,,,LEGACY_UNVERIFIED,TARGET_HIT,,False,,,,,,,,,,2026-05-17T18:30:00,2026-09-04T12:45:05.632585,EQUITY,NSE,,,,,,,,,,,,,,,,,2026-09-04T12:45:07.064844,,,,,0,,,,,,,,SYSTEM,1.0,1.0,1.0,1.0,,,PENDING
cloud_hist_SBIN_20260518_0,2026-05-17T18:30:00,SBIN,SHORT,EQUITY,,,,,,,939.4000244140625,845.4600219726562,976.9760253906251,v2.2,NIFTY_200_AUG2026,TradeMind Core v2.2-CloudBackfill,,,,,,,,,,,,,,,LEGACY_UNVERIFIED,TARGET_HIT,,False,,,,,,,,,,2026-05-17T18:30:00,2026-09-04T12:45:05.688555,EQUITY,NSE,,,,,,,,,,,,,,,,,2026-09-04T12:45:07.064844,,,,,0,,,,,,,,SYSTEM,1.0,1.0,1.0,1.0,,,PENDING
cloud_hist_CANBK_20260518_0,2026-05-17T18:30:00,CANBK,SHORT,EQUITY,,,,,,,120.91140747070312,108.82026672363281,125.74786376953125,v2.2,NIFTY_200_AUG2026,TradeMind Core v2.2-CloudBackfill,,,,,,,,,,,,,,,LEGACY_UNVERIFIED,TARGET_HIT,,False,,,,,,,,,,2026-05-17T18:30:00,2026-09-04T12:45:05.634584,EQUITY,NSE,,,,,,,,,,,,,,,,,2026-09-04T12:45:07.064844,,,,,0,,,,,,,,SYSTEM,1.0,1.0,1.0,1.0,,,PENDING
cloud_hist_PFC_20260518_1,2026-05-17T18:30:00,PFC,SHORT,EQUITY,,,,,,,425.8171081542969,383.2353973388672,442.84979248046875,v2.2,NIFTY_200_AUG2026,TradeMind Core v2.2-CloudBackfill,,,,,,,,,,,,,,,LEGACY_UNVERIFIED,STOP_LOSS,,False,,,,,,,,,,2026-05-17T18:30:00,2026-09-04T12:45:05.682563,EQUITY,NSE,,,,,,,,,,,,,,,,,2026-09-04T12:45:07.064844,,,,,0,,,,,,,,SYSTEM,1.0,1.0,1.0,1.0,,,PENDING
cloud_hist_RVNL_20260518_0,2026-05-17T18:30:00,RVNL,SHORT,EQUITY,,,,,,,276.79998779296875,249.11998901367187,287.87198730468754,v2.2,NIFTY_200_AUG2026,TradeMind Core v2.2-CloudBackfill,,,,,,,,,,,,,,,LEGACY_UNVERIFIED,TARGET_HIT,,False,,,,,,,,,,2026-05-17T18:30:00,2026-09-04T12:45:05.684559,EQUITY,NSE,,,,,,,,,,,,,,,,,2026-09-04T12:45:07.064844,,,,,0,,,,,,,,SYSTEM,1.0,1.0,1.0,1.0,,,PENDING
cloud_hist_IOC_20260515_4,2026-05-14T18:30:00,IOC,SHORT,EQUITY,,,,,,,133.29200744628906,119.96280670166016,138.62368774414062,v2.2,NIFTY_200_AUG2026,TradeMind Core v2.2-CloudBackfill,,,,,,,,,,,,,,,LEGACY_UNVERIFIED,TARGET_HIT,,False,,,,,,,,,,2026-05-14T18:30:00,2026-09-04T12:45:05.665566,EQUITY,NSE,,,,,,,,,,,,,,,,,2026-09-04T12:45:07.064844,,,,,0,,,,,,,,SYSTEM,1.0,1.0,1.0,1.0,,,PENDING
cloud_hist_KOTAKBANK_20260515_1,2026-05-14T18:30:00,KOTAKBANK,LONG,EQUITY,,,,,,,386.3829345703125,425.0212280273438,370.9276171875,v2.2,NIFTY_200_AUG2026,TradeMind Core v2.2-CloudBackfill,,,,,,,,,,,,,,,LEGACY_UNVERIFIED,STOP_LOSS,,False,,,,,,,,,,2026-05-14T18:30:00,2026-09-04T12:45:05.666566,EQUITY,NSE,,,,,,,,,,,,,,,,,2026-09-04T12:45:07.064844,,,,,0,,,,,,,,SYSTEM,1.0,1.0,1.0,1.0,,,PENDING
recon_INDUSTOWER_20260515_1,2026-05-14T18:30:00,INDUSTOWER,LONG,EQUITY,,,,,,,414.5487060546875,456.0035766601563,397.96675781249996,v2.2,NIFTY_200_AUG2026,TradeMind-Quant-V2,,,,,,,,,,,,,,,LEGACY_UNVERIFIED,STOP_LOSS,,False,,,,,,,,,,2026-05-14T18:30:00,2026-09-04T12:45:05.573619,EQUITY,NSE,,,,,,,,,,,,,,,,,2026-09-04T12:45:07.063844,,,,,0,,,,,,,,SYSTEM,1.0,1.0,1.0,1.0,,,PENDING
cloud_hist_IRFC_20260515_1,2026-05-14T18:30:00,IRFC,SHORT,EQUITY,,,,,,,98.86000061035156,88.97400054931641,102.81440063476563,v2.2,NIFTY_200_AUG2026,TradeMind Core v2.2-CloudBackfill,,,,,,,,,,,,,,,LEGACY_UNVERIFIED,STOP_LOSS,,False,,,,,,,,,,2026-05-14T18:30:00,2026-09-04T12:45:05.657571,EQUITY,NSE,,,,,,,,,,,,,,,,,2026-09-04T12:45:07.064844,,,,,0,,,,,,,,SYSTEM,1.0,1.0,1.0,1.0,,,PENDING
cloud_hist_BPCL_20260515_2,2026-05-14T18:30:00,BPCL,SHORT,EQUITY,,,,,,,284.45001220703125,256.00501098632816,295.8280126953125,v2.2,NIFTY_200_AUG2026,TradeMind Core v2.2-CloudBackfill,,,,,,,,,,,,,,,LEGACY_UNVERIFIED,TARGET_HIT,,False,,,,,,,,,,2026-05-14T18:30:00,2026-09-04T12:45:05.631586,EQUITY,NSE,,,,,,,,,,,,,,,,,2026-09-04T12:45:07.064844,,,,,0,,,,,,,,SYSTEM,1.0,1.0,1.0,1.0,,,PENDING
cloud_hist_ADANIPORTS_20260515_0,2026-05-14T18:30:00,ADANIPORTS,LONG,EQUITY,,,,,,,1787.56640625,1966.323046875,1716.06375,v2.2,NIFTY_200_AUG2026,TradeMind Core v2.2-CloudBackfill,,,,,,,,,,,,,,,LEGACY_UNVERIFIED,TARGET_HIT,,False,,,,,,,,,,2026-05-14T18:30:00,2026-09-04T12:45:05.619593,EQUITY,NSE,,,,,,,,,,,,,,,,,2026-09-04T12:45:07.064844,,,,,0,,,,,,,,SYSTEM,1.0,1.0,1.0,1.0,,,PENDING
recon_BPCL_20260515_0,2026-05-14T18:30:00,BPCL,SHORT,EQUITY,,,,,,,284.45001220703125,256.00501098632816,295.8280126953125,v2.2,NIFTY_200_AUG2026,TradeMind-Quant-V2,,,,,,,,,,,,,,,LEGACY_UNVERIFIED,TARGET_HIT,,False,,,,,,,,,,2026-05-14T18:30:00,2026-09-04T12:45:05.531643,EQUITY,NSE,,,,,,,,,,,,,,,,,2026-09-04T12:45:07.062845,,,,,0,,,,,,,,SYSTEM,1.0,1.0,1.0,1.0,,,PENDING
cloud_hist_DALBHARAT_20260515_1,2026-05-14T18:30:00,DALBHARAT,SHORT,EQUITY,,,,,,,1722.4520263671875,1550.2068237304688,1791.350107421875,v2.2,NIFTY_200_AUG2026,TradeMind Core v2.2-CloudBackfill,,,,,,,,,,,,,,,LEGACY_UNVERIFIED,STOP_LOSS,,False,,,,,,,,,,2026-05-14T18:30:00,2026-09-04T12:45:05.639582,EQUITY,NSE,,,,,,,,,,,,,,,,,2026-09-04T12:45:07.064844,,,,,0,,,,,,,,SYSTEM,1.0,1.0,1.0,1.0,,,PENDING
recon_IOC_20260515_2,2026-05-14T18:30:00,IOC,SHORT,EQUITY,,,,,,,133.29200744628906,119.96280670166016,138.62368774414062,v2.2,NIFTY_200_AUG2026,TradeMind-Quant-V2,,,,,,,,,,,,,,,LEGACY_UNVERIFIED,TARGET_HIT,,False,,,,,,,,,,2026-05-14T18:30:00,2026-09-04T12:45:05.574618,EQUITY,NSE,,,,,,,,,,,,,,,,,2026-09-04T12:45:07.063844,,,,,0,,,,,,,,SYSTEM,1.0,1.0,1.0,1.0,,,PENDING
cloud_hist_INDUSTOWER_20260515_3,2026-05-14T18:30:00,INDUSTOWER,LONG,EQUITY,,,,,,,414.5487060546875,456.0035766601563,397.96675781249996,v2.2,NIFTY_200_AUG2026,TradeMind Core v2.2-CloudBackfill,,,,,,,,,,,,,,,LEGACY_UNVERIFIED,STOP_LOSS,,False,,,,,,,,,,2026-05-14T18:30:00,2026-09-04T12:45:05.663568,EQUITY,NSE,,,,,,,,,,,,,,,,,2026-09-04T12:45:07.064844,,,,,0,,,,,,,,SYSTEM,1.0,1.0,1.0,1.0,,,PENDING
cloud_hist_NMDC_20260514_1,2026-05-13T18:30:00,NMDC,LONG,EQUITY,,,,,,,93.20999908447266,102.53099899291993,89.48159912109375,v2.2,NIFTY_200_AUG2026,TradeMind Core v2.2-CloudBackfill,,,,,,,,,,,,,,,LEGACY_UNVERIFIED,STOP_LOSS,,False,,,,,,,,,,2026-05-13T18:30:00,2026-09-04T12:45:05.675560,EQUITY,NSE,,,,,,,,,,,,,,,,,2026-09-04T12:45:07.064844,,,,,0,,,,,,,,SYSTEM,1.0,1.0,1.0,1.0,,,PENDING
cloud_hist_TECHM_20260514_1,2026-05-13T18:30:00,TECHM,SHORT,EQUITY,,,,,,,1309.3731689453125,1178.4358520507812,1361.748095703125,v2.2,NIFTY_200_AUG2026,TradeMind Core v2.2-CloudBackfill,,,,,,,,,,,,,,,LEGACY_UNVERIFIED,STOP_LOSS,,False,,,,,,,,,,2026-05-13T18:30:00,2026-09-04T12:45:05.702545,EQUITY,NSE,,,,,,,,,,,,,,,,,2026-09-04T12:45:07.065843,,,,,0,,,,,,,,SYSTEM,1.0,1.0,1.0,1.0,,,PENDING
recon_CIPLA_20260514_0,2026-05-13T18:30:00,CIPLA,LONG,EQUITY,,,,,,,1423.3468017578125,1565.681481933594,1366.4129296874999,v2.2,NIFTY_200_AUG2026,TradeMind-Quant-V2,,,,,,,,,,,,,,,LEGACY_UNVERIFIED,TARGET_HIT,,False,,,,,,,,,,2026-05-13T18:30:00,2026-09-04T12:45:05.534642,EQUITY,NSE,,,,,,,,,,,,,,,,,2026-09-04T12:45:07.062845,,,,,0,,,,,,,,SYSTEM,1.0,1.0,1.0,1.0,,,PENDING
cloud_hist_ADANIENT_20260514_0,2026-05-13T18:30:00,ADANIENT,LONG,EQUITY,,,,,,,2711.6875,2982.8562500000003,2603.22,v2.2,NIFTY_200_AUG2026,TradeMind Core v2.2-CloudBackfill,,,,,,,,,,,,,,,LEGACY_UNVERIFIED,TARGET_HIT,,False,,,,,,,,,,2026-05-13T18:30:00,2026-09-04T12:45:05.603602,EQUITY,NSE,,,,,,,,,,,,,,,,,2026-09-04T12:45:07.063844,,,,,0,,,,,,,,SYSTEM,1.0,1.0,1.0,1.0,,,PENDING
cloud_hist_CIPLA_20260514_2,2026-05-13T18:30:00,CIPLA,LONG,EQUITY,,,,,,,1423.3468017578125,1565.681481933594,1366.4129296874999,v2.2,NIFTY_200_AUG2026,TradeMind Core v2.2-CloudBackfill,,,,,,,,,,,,,,,LEGACY_UNVERIFIED,TARGET_HIT,,False,,,,,,,,,,2026-05-13T18:30:00,2026-09-04T12:45:05.638582,EQUITY,NSE,,,,,,,,,,,,,,,,,2026-09-04T12:45:07.064844,,,,,0,,,,,,,,SYSTEM,1.0,1.0,1.0,1.0,,,PENDING
recon_ZYDUSLIFE_20260514_0,2026-05-13T18:30:00,ZYDUSLIFE,LONG,EQUITY,,,,,,,990.8096313476562,1089.8905944824219,951.17724609375,v2.2,NIFTY_200_AUG2026,TradeMind-Quant-V2,,,,,,,,,,,,,,,LEGACY_UNVERIFIED,TARGET_HIT,,False,,,,,,,,,,2026-05-13T18:30:00,2026-09-04T12:45:05.609598,EQUITY,NSE,,,,,,,,,,,,,,,,,2026-09-04T12:45:07.063844,,,,,0,,,,,,,,SYSTEM,1.0,1.0,1.0,1.0,,,PENDING
cloud_hist_ZYDUSLIFE_20260514_2,2026-05-13T18:30:00,ZYDUSLIFE,LONG,EQUITY,,,,,,,990.8096313476562,1089.8905944824219,951.17724609375,v2.2,NIFTY_200_AUG2026,TradeMind Core v2.2-CloudBackfill,,,,,,,,,,,,,,,LEGACY_UNVERIFIED,TARGET_HIT,,False,,,,,,,,,,2026-05-13T18:30:00,2026-09-04T12:45:05.617594,EQUITY,NSE,,,,,,,,,,,,,,,,,2026-09-04T12:45:07.064844,,,,,0,,,,,,,,SYSTEM,1.0,1.0,1.0,1.0,,,PENDING
cloud_hist_BHEL_20260514_1,2026-05-13T18:30:00,BHEL,LONG,EQUITY,,,,,,,411.821533203125,453.0036865234375,395.348671875,v2.2,NIFTY_200_AUG2026,TradeMind Core v2.2-CloudBackfill,,,,,,,,,,,,,,,LEGACY_UNVERIFIED,STOP_LOSS,,False,,,,,,,,,,2026-05-13T18:30:00,2026-09-04T12:45:05.631586,EQUITY,NSE,,,,,,,,,,,,,,,,,2026-09-04T12:45:07.064844,,,,,0,,,,,,,,SYSTEM,1.0,1.0,1.0,1.0,,,PENDING
cloud_hist_SUNTV_20260513_0,2026-05-12T18:30:00,SUNTV,SHORT,EQUITY,,,,,,,532.9500122070312,479.65501098632814,554.2680126953126,v2.2,NIFTY_200_AUG2026,TradeMind Core v2.2-CloudBackfill,,,,,,,,,,,,,,,LEGACY_UNVERIFIED,TARGET_HIT,,False,,,,,,,,,,2026-05-12T18:30:00,2026-09-04T12:45:05.694552,EQUITY,NSE,,,,,,,,,,,,,,,,,2026-09-04T12:45:07.065843,,,,,0,,,,,,,,SYSTEM,1.0,1.0,1.0,1.0,,,PENDING
recon_EICHERMOT_20260513_0,2026-05-12T18:30:00,EICHERMOT,SHORT,EQUITY,,,,,,,6899.251953125,6209.326757812501,7175.22203125,v2.2,NIFTY_200_AUG2026,TradeMind-Quant-V2,,,,,,,,,,,,,,,LEGACY_UNVERIFIED,TARGET_HIT,,False,,,,,,,,,,2026-05-12T18:30:00,2026-09-04T12:45:05.562625,EQUITY,NSE,,,,,,,,,,,,,,,,,2026-09-04T12:45:07.063844,,,,,0,,,,,,,,SYSTEM,1.0,1.0,1.0,1.0,,,PENDING
cloud_hist_TATASTEEL_20260513_0,2026-05-12T18:30:00,TATASTEEL,LONG,EQUITY,,,,,,,215.1823272705078,236.7005599975586,206.5750341796875,v2.2,NIFTY_200_AUG2026,TradeMind Core v2.2-CloudBackfill,,,,,,,,,,,,,,,LEGACY_UNVERIFIED,TARGET_HIT,,False,,,,,,,,,,2026-05-12T18:30:00,2026-09-04T12:45:05.698548,EQUITY,NSE,,,,,,,,,,,,,,,,,2026-09-04T12:45:07.065843,,,,,0,,,,,,,,SYSTEM,1.0,1.0,1.0,1.0,,,PENDING
cloud_hist_SUPREMEIND_20260513_3,2026-05-12T18:30:00,SUPREMEIND,SHORT,EQUITY,,,,,,,3496.276611328125,3146.6489501953124,3636.12767578125,v2.2,NIFTY_200_AUG2026,TradeMind Core v2.2-CloudBackfill,,,,,,,,,,,,,,,LEGACY_UNVERIFIED,STOP_LOSS,,False,,,,,,,,,,2026-05-12T18:30:00,2026-09-04T12:45:05.695550,EQUITY,NSE,,,,,,,,,,,,,,,,,2026-09-04T12:45:07.065843,,,,,0,,,,,,,,SYSTEM,1.0,1.0,1.0,1.0,,,PENDING
recon_SUPREMEIND_20260513_1,2026-05-12T18:30:00,SUPREMEIND,SHORT,EQUITY,,,,,,,3496.276611328125,3146.6489501953124,3636.12767578125,v2.2,NIFTY_200_AUG2026,TradeMind-Quant-V2,,,,,,,,,,,,,,,LEGACY_UNVERIFIED,STOP_LOSS,,False,,,,,,,,,,2026-05-12T18:30:00,2026-09-04T12:45:05.599604,EQUITY,NSE,,,,,,,,,,,,,,,,,2026-09-04T12:45:07.063844,,,,,0,,,,,,,,SYSTEM,1.0,1.0,1.0,1.0,,,PENDING
cloud_hist_EICHERMOT_20260513_2,2026-05-12T18:30:00,EICHERMOT,SHORT,EQUITY,,,,,,,6899.251953125,6209.326757812501,7175.22203125,v2.2,NIFTY_200_AUG2026,TradeMind Core v2.2-CloudBackfill,,,,,,,,,,,,,,,LEGACY_UNVERIFIED,TARGET_HIT,,False,,,,,,,,,,2026-05-12T18:30:00,2026-09-04T12:45:05.644579,EQUITY,NSE,,,,,,,,,,,,,,,,,2026-09-04T12:45:07.064844,,,,,0,,,,,,,,SYSTEM,1.0,1.0,1.0,1.0,,,PENDING
cloud_hist_TATAPOWER_20260513_1,2026-05-12T18:30:00,TATAPOWER,SHORT,EQUITY,,,,,,,401.959228515625,361.7633056640625,418.03759765625,v2.2,NIFTY_200_AUG2026,TradeMind Core v2.2-CloudBackfill,,,,,,,,,,,,,,,LEGACY_UNVERIFIED,STOP_LOSS,,False,,,,,,,,,,2026-05-12T18:30:00,2026-09-04T12:45:05.698548,EQUITY,NSE,,,,,,,,,,,,,,,,,2026-09-04T12:45:07.065843,,,,,0,,,,,,,,SYSTEM,1.0,1.0,1.0,1.0,,,PENDING
cloud_hist_SHRIRAMFIN_20260513_0,2026-05-12T18:30:00,SHRIRAMFIN,SHORT,EQUITY,,,,,,,915.3720703125,823.83486328125,951.986953125,v2.2,NIFTY_200_AUG2026,TradeMind Core v2.2-CloudBackfill,,,,,,,,,,,,,,,LEGACY_UNVERIFIED,TARGET_HIT,,False,,,,,,,,,,2026-05-12T18:30:00,2026-09-04T12:45:05.691551,EQUITY,NSE,,,,,,,,,,,,,,,,,2026-09-04T12:45:07.065843,,,,,0,,,,,,,,SYSTEM,1.0,1.0,1.0,1.0,,,PENDING
cloud_hist_JSWENERGY_20260513_1,2026-05-12T18:30:00,JSWENERGY,SHORT,EQUITY,,,,,,,507.47406005859375,456.7266540527344,527.7730224609376,v2.2,NIFTY_200_AUG2026,TradeMind Core v2.2-CloudBackfill,,,,,,,,,,,,,,,LEGACY_UNVERIFIED,STOP_LOSS,,False,,,,,,,,,,2026-05-12T18:30:00,2026-09-04T12:45:05.658570,EQUITY,NSE,,,,,,,,,,,,,,,,,2026-09-04T12:45:07.064844,,,,,0,,,,,,,,SYSTEM,1.0,1.0,1.0,1.0,,,PENDING
recon_PATANJALI_20260512_0,2026-05-11T18:30:00,PATANJALI,SHORT,EQUITY,,,,,,,441.04998779296875,396.9449890136719,458.69198730468753,v2.2,NIFTY_200_AUG2026,TradeMind-Quant-V2,,,,,,,,,,,,,,,LEGACY_UNVERIFIED,TARGET_HIT,,False,,,,,,,,,,2026-05-11T18:30:00,2026-09-04T12:45:05.589600,EQUITY,NSE,,,,,,,,,,,,,,,,,2026-09-04T12:45:07.063844,,,,,0,,,,,,,,SYSTEM,1.0,1.0,1.0,1.0,,,PENDING
cloud_hist_BEL_20260512_1,2026-05-11T18:30:00,BEL,SHORT,EQUITY,,,,,,,415.9353332519531,374.3417999267578,432.57274658203124,v2.2,NIFTY_200_AUG2026,TradeMind Core v2.2-CloudBackfill,,,,,,,,,,,,,,,LEGACY_UNVERIFIED,STOP_LOSS,,False,,,,,,,,,,2026-05-11T18:30:00,2026-09-04T12:45:05.630586,EQUITY,NSE,,,,,,,,,,,,,,,,,2026-09-04T12:45:07.064844,,,,,0,,,,,,,,SYSTEM,1.0,1.0,1.0,1.0,,,PENDING
cloud_hist_BALKRISIND_20260512_0,2026-05-11T18:30:00,BALKRISIND,SHORT,EQUITY,,,,,,,2103.282958984375,1892.9546630859375,2187.41427734375,v2.2,NIFTY_200_AUG2026,TradeMind Core v2.2-CloudBackfill,,,,,,,,,,,,,,,LEGACY_UNVERIFIED,TARGET_HIT,,False,,,,,,,,,,2026-05-11T18:30:00,2026-09-04T12:45:05.627588,EQUITY,NSE,,,,,,,,,,,,,,,,,2026-09-04T12:45:07.064844,,,,,0,,,,,,,,SYSTEM,1.0,1.0,1.0,1.0,,,PENDING
cloud_hist_AMBUJACEM_20260512_1,2026-05-11T18:30:00,AMBUJACEM,SHORT,EQUITY,,,,,,,424.8470764160156,382.36236877441405,441.84095947265627,v2.2,NIFTY_200_AUG2026,TradeMind Core v2.2-CloudBackfill,,,,,,,,,,,,,,,LEGACY_UNVERIFIED,STOP_LOSS,,False,,,,,,,,,,2026-05-11T18:30:00,2026-09-04T12:45:05.621592,EQUITY,NSE,,,,,,,,,,,,,,,,,2026-09-04T12:45:07.064844,,,,,0,,,,,,,,SYSTEM,1.0,1.0,1.0,1.0,,,PENDING
cloud_hist_HAVELLS_20260512_1,2026-05-11T18:30:00,HAVELLS,SHORT,EQUITY,,,,,,,1184.9932861328125,1066.4939575195312,1232.393017578125,v2.2,NIFTY_200_AUG2026,TradeMind Core v2.2-CloudBackfill,,,,,,,,,,,,,,,LEGACY_UNVERIFIED,STOP_LOSS,,False,,,,,,,,,,2026-05-11T18:30:00,2026-09-04T12:45:05.652574,EQUITY,NSE,,,,,,,,,,,,,,,,,2026-09-04T12:45:07.064844,,,,,0,,,,,,,,SYSTEM,1.0,1.0,1.0,1.0,,,PENDING
cloud_hist_ICICIBANK_20260512_0,2026-05-11T18:30:00,ICICIBANK,SHORT,EQUITY,,,,,,,1229.93115234375,1106.938037109375,1279.1283984375,v2.2,NIFTY_200_AUG2026,TradeMind Core v2.2-CloudBackfill,,,,,,,,,,,,,,,LEGACY_UNVERIFIED,TARGET_HIT,,False,,,,,,,,,,2026-05-11T18:30:00,2026-09-04T12:45:05.655572,EQUITY,NSE,,,,,,,,,,,,,,,,,2026-09-04T12:45:07.064844,,,,,0,,,,,,,,SYSTEM,1.0,1.0,1.0,1.0,,,PENDING
cloud_hist_PATANJALI_20260512_2,2026-05-11T18:30:00,PATANJALI,SHORT,EQUITY,,,,,,,441.04998779296875,396.9449890136719,458.69198730468753,v2.2,NIFTY_200_AUG2026,TradeMind Core v2.2-CloudBackfill,,,,,,,,,,,,,,,LEGACY_UNVERIFIED,TARGET_HIT,,False,,,,,,,,,,2026-05-11T18:30:00,2026-09-04T12:45:05.614596,EQUITY,NSE,,,,,,,,,,,,,,,,,2026-09-04T12:45:07.063844,,,,,0,,,,,,,,SYSTEM,1.0,1.0,1.0,1.0,,,PENDING
cloud_hist_INFY_20260512_0,2026-05-11T18:30:00,INFY,SHORT,EQUITY,,,,,,,1116.1473388671875,1004.5326049804688,1160.793232421875,v2.2,NIFTY_200_AUG2026,TradeMind Core v2.2-CloudBackfill,,,,,,,,,,,,,,,LEGACY_UNVERIFIED,TARGET_HIT,,False,,,,,,,,,,2026-05-11T18:30:00,2026-09-04T12:45:05.663568,EQUITY,NSE,,,,,,,,,,,,,,,,,2026-09-04T12:45:07.064844,,,,,0,,,,,,,,SYSTEM,1.0,1.0,1.0,1.0,,,PENDING
cloud_hist_LICI_20260512_0,2026-05-11T18:30:00,LICI,SHORT,EQUITY,,,,,,,381.4337463378906,343.2903717041016,396.69109619140625,v2.2,NIFTY_200_AUG2026,TradeMind Core v2.2-CloudBackfill,,,,,,,,,,,,,,,LEGACY_UNVERIFIED,TARGET_HIT,,False,,,,,,,,,,2026-05-11T18:30:00,2026-09-04T12:45:05.668565,EQUITY,NSE,,,,,,,,,,,,,,,,,2026-09-04T12:45:07.064844,,,,,0,,,,,,,,SYSTEM,1.0,1.0,1.0,1.0,,,PENDING
cloud_hist_MRF_20260512_2,2026-05-11T18:30:00,MRF,SHORT,EQUITY,,,,,,,126284.5859375,113656.12734375,131335.96937500002,v2.2,NIFTY_200_AUG2026,TradeMind Core v2.2-CloudBackfill,,,,,,,,,,,,,,,LEGACY_UNVERIFIED,TARGET_HIT,,False,,,,,,,,,,2026-05-11T18:30:00,2026-09-04T12:45:05.669564,EQUITY,NSE,,,,,,,,,,,,,,,,,2026-09-04T12:45:07.064844,,,,,0,,,,,,,,SYSTEM,1.0,1.0,1.0,1.0,,,PENDING
cloud_hist_BRITANNIA_20260512_1,2026-05-11T18:30:00,BRITANNIA,SHORT,EQUITY,,,,,,,5246.62060546875,4721.958544921875,5456.4854296875,v2.2,NIFTY_200_AUG2026,TradeMind Core v2.2-CloudBackfill,,,,,,,,,,,,,,,LEGACY_UNVERIFIED,STOP_LOSS,,False,,,,,,,,,,2026-05-11T18:30:00,2026-09-04T12:45:05.610598,EQUITY,NSE,,,,,,,,,,,,,,,,,2026-09-04T12:45:07.063844,,,,,0,,,,,,,,SYSTEM,1.0,1.0,1.0,1.0,,,PENDING
cloud_hist_PAGEIND_20260512_0,2026-05-11T18:30:00,PAGEIND,SHORT,EQUITY,,,,,,,34947.609375,31452.8484375,36345.51375,v2.2,NIFTY_200_AUG2026,TradeMind Core v2.2-CloudBackfill,,,,,,,,,,,,,,,LEGACY_UNVERIFIED,TARGET_HIT,,False,,,,,,,,,,2026-05-11T18:30:00,2026-09-04T12:45:05.683560,EQUITY,NSE,,,,,,,,,,,,,,,,,2026-09-04T12:45:07.064844,,,,,0,,,,,,,,SYSTEM,1.0,1.0,1.0,1.0,,,PENDING
cloud_hist_SBICARD_20260512_1,2026-05-11T18:30:00,SBICARD,SHORT,EQUITY,,,,,,,625.0999755859375,562.5899780273438,650.103974609375,v2.2,NIFTY_200_AUG2026,TradeMind Core v2.2-CloudBackfill,,,,,,,,,,,,,,,LEGACY_UNVERIFIED,STOP_LOSS,,False,,,,,,,,,,2026-05-11T18:30:00,2026-09-04T12:45:05.686556,EQUITY,NSE,,,,,,,,,,,,,,,,,2026-09-04T12:45:07.064844,,,,,0,,,,,,,,SYSTEM,1.0,1.0,1.0,1.0,,,PENDING
cloud_hist_ASHOKLEY_20260512_0,2026-05-11T18:30:00,ASHOKLEY,SHORT,EQUITY,,,,,,,153.3342742919922,138.00084686279297,159.46764526367187,v2.2,NIFTY_200_AUG2026,TradeMind Core v2.2-CloudBackfill,,,,,,,,,,,,,,,LEGACY_UNVERIFIED,TARGET_HIT,,False,,,,,,,,,,2026-05-11T18:30:00,2026-09-04T12:45:05.592608,EQUITY,NSE,,,,,,,,,,,,,,,,,2026-09-04T12:45:07.063844,,,,,0,,,,,,,,SYSTEM,1.0,1.0,1.0,1.0,,,PENDING
recon_MRF_20260512_0,2026-05-11T18:30:00,MRF,SHORT,EQUITY,,,,,,,126284.5859375,113656.12734375,131335.96937500002,v2.2,NIFTY_200_AUG2026,TradeMind-Quant-V2,,,,,,,,,,,,,,,LEGACY_UNVERIFIED,TARGET_HIT,,False,,,,,,,,,,2026-05-11T18:30:00,2026-09-04T12:45:05.579606,EQUITY,NSE,,,,,,,,,,,,,,,,,2026-09-04T12:45:07.063844,,,,,0,,,,,,,,SYSTEM,1.0,1.0,1.0,1.0,,,PENDING
cloud_hist_BIOCON_20260512_1,2026-05-11T18:30:00,BIOCON,LONG,EQUITY,,,,,,,401.96929931640625,442.16622924804693,385.89052734374997,v2.2,NIFTY_200_AUG2026,TradeMind Core v2.2-CloudBackfill,,,,,,,,,,,,,,,LEGACY_UNVERIFIED,STOP_LOSS,,False,,,,,,,,,,2026-05-11T18:30:00,2026-09-04T12:45:05.633585,EQUITY,NSE,,,,,,,,,,,,,,,,,2026-09-04T12:45:07.064844,,,,,0,,,,,,,,SYSTEM,1.0,1.0,1.0,1.0,,,PENDING
cloud_hist_TATACONSUM_20260511_1,2026-05-10T18:30:00,TATACONSUM,LONG,EQUITY,,,,,,,1260.33544921875,1386.368994140625,1209.92203125,v2.2,NIFTY_200_AUG2026,TradeMind Core v2.2-CloudBackfill,,,,,,,,,,,,,,,LEGACY_UNVERIFIED,STOP_LOSS,,False,,,,,,,,,,2026-05-10T18:30:00,2026-09-04T12:45:05.616595,EQUITY,NSE,,,,,,,,,,,,,,,,,2026-09-04T12:45:07.063844,,,,,0,,,,,,,,SYSTEM,1.0,1.0,1.0,1.0,,,PENDING
cloud_hist_ESCORTS_20260511_1,2026-05-10T18:30:00,ESCORTS,SHORT,EQUITY,,,,,,,2933.50634765625,2640.155712890625,3050.8466015625,v2.2,NIFTY_200_AUG2026,TradeMind Core v2.2-CloudBackfill,,,,,,,,,,,,,,,LEGACY_UNVERIFIED,STOP_LOSS,,False,,,,,,,,,,2026-05-10T18:30:00,2026-09-04T12:45:05.645578,EQUITY,NSE,,,,,,,,,,,,,,,,,2026-09-04T12:45:07.064844,,,,,0,,,,,,,,SYSTEM,1.0,1.0,1.0,1.0,,,PENDING
cloud_hist_GRASIM_20260511_1,2026-05-10T18:30:00,GRASIM,LONG,EQUITY,,,,,,,2974.932373046875,3272.4256103515627,2855.935078125,v2.2,NIFTY_200_AUG2026,TradeMind Core v2.2-CloudBackfill,,,,,,,,,,,,,,,LEGACY_UNVERIFIED,STOP_LOSS,,False,,,,,,,,,,2026-05-10T18:30:00,2026-09-04T12:45:05.648576,EQUITY,NSE,,,,,,,,,,,,,,,,,2026-09-04T12:45:07.064844,,,,,0,,,,,,,,SYSTEM,1.0,1.0,1.0,1.0,,,PENDING
cloud_hist_BHARTIARTL_20260511_1,2026-05-10T18:30:00,BHARTIARTL,SHORT,EQUITY,,,,,,,1737.9278564453125,1564.1350708007812,1807.4449707031251,v2.2,NIFTY_200_AUG2026,TradeMind Core v2.2-CloudBackfill,,,,,,,,,,,,,,,LEGACY_UNVERIFIED,STOP_LOSS,,False,,,,,,,,,,2026-05-10T18:30:00,2026-09-04T12:45:05.632585,EQUITY,NSE,,,,,,,,,,,,,,,,,2026-09-04T12:45:07.064844,,,,,0,,,,,,,,SYSTEM,1.0,1.0,1.0,1.0,,,PENDING
recon_ABB_20260511_1,2026-05-10T18:30:00,ABB,SHORT,EQUITY,,,,,,,6313.1787109375,5681.86083984375,6565.705859375,v2.2,NIFTY_200_AUG2026,TradeMind-Quant-V2,,,,,,,,,,,,,,,LEGACY_UNVERIFIED,STOP_LOSS,,False,,,,,,,,,,2026-05-10T18:30:00,2026-09-04T12:45:05.707542,EQUITY,NSE,,,,,,,,,,,,,,,,,2026-09-04T12:45:07.065843,,,,,0,,,,,,,,SYSTEM,1.0,1.0,1.0,1.0,,,PENDING
cloud_hist_ABB_20260511_3,2026-05-10T18:30:00,ABB,SHORT,EQUITY,,,,,,,6313.1787109375,5681.86083984375,6565.705859375,v2.2,NIFTY_200_AUG2026,TradeMind Core v2.2-CloudBackfill,,,,,,,,,,,,,,,LEGACY_UNVERIFIED,STOP_LOSS,,False,,,,,,,,,,2026-05-10T18:30:00,2026-09-04T12:45:05.587602,EQUITY,NSE,,,,,,,,,,,,,,,,,2026-09-04T12:45:07.063844,,,,,0,,,,,,,,SYSTEM,1.0,1.0,1.0,1.0,,,PENDING
cloud_hist_MAXHEALTH_20260511_0,2026-05-10T18:30:00,MAXHEALTH,LONG,EQUITY,,,,,,,1036.108642578125,1139.7195068359376,994.664296875,v2.2,NIFTY_200_AUG2026,TradeMind Core v2.2-CloudBackfill,,,,,,,,,,,,,,,LEGACY_UNVERIFIED,TARGET_HIT,,False,,,,,,,,,,2026-05-10T18:30:00,2026-09-04T12:45:05.672552,EQUITY,NSE,,,,,,,,,,,,,,,,,2026-09-04T12:45:07.064844,,,,,0,,,,,,,,SYSTEM,1.0,1.0,1.0,1.0,,,PENDING
cloud_hist_ACC_20260511_1,2026-05-10T18:30:00,ACC,SHORT,EQUITY,,,,,,,1350.0882568359375,1215.079431152344,1404.091787109375,v2.2,NIFTY_200_AUG2026,TradeMind Core v2.2-CloudBackfill,,,,,,,,,,,,,,,LEGACY_UNVERIFIED,STOP_LOSS,,False,,,,,,,,,,2026-05-10T18:30:00,2026-09-04T12:45:05.588601,EQUITY,NSE,,,,,,,,,,,,,,,,,2026-09-04T12:45:07.063844,,,,,0,,,,,,,,SYSTEM,1.0,1.0,1.0,1.0,,,PENDING
cloud_hist_DALBHARAT_20260508_0,2026-05-07T18:30:00,DALBHARAT,SHORT,EQUITY,,,,,,,1818.271240234375,1636.4441162109376,1891.0020898437501,v2.2,NIFTY_200_AUG2026,TradeMind Core v2.2-CloudBackfill,,,,,,,,,,,,,,,LEGACY_UNVERIFIED,TARGET_HIT,,False,,,,,,,,,,2026-05-07T18:30:00,2026-09-04T12:45:05.639582,EQUITY,NSE,,,,,,,,,,,,,,,,,2026-09-04T12:45:07.064844,,,,,0,,,,,,,,SYSTEM,1.0,1.0,1.0,1.0,,,PENDING
recon_ASIANPAINT_20260508_2,2026-05-07T18:30:00,ASIANPAINT,LONG,EQUITY,,,0.75,0.75,0.5,1.0,2577.537109375,2835.2908203125003,2474.435625,v2.2,NIFTY_200_AUG2026,TradeMind-Quant-V2,v1.0.0,,,2026-05-22T18:30:00,2835.2908203125003,10.0,,,,,9.8,,,,LIVE_SHADOW_VERIFIED,TARGET_HIT,,True,,,,,10.0,,9.8,,,2026-08-28T11:33:03.146592,2026-08-28T11:33:03.146592,,,,,,,,,,,,,,,,,,,,,,TERMINAL,,4,,,,,,,,,,,,,,,
cloud_hist_ASIANPAINT_20260508_4,2026-05-07T18:30:00,ASIANPAINT,LONG,EQUITY,,,,,,,2577.537109375,2835.2908203125003,2474.435625,v2.2,NIFTY_200_AUG2026,TradeMind Core v2.2-CloudBackfill,,,,,,,,,,,,,,,LEGACY_UNVERIFIED,TARGET_HIT,,False,,,,,,,,,,2026-05-07T18:30:00,2026-09-04T12:45:05.608599,EQUITY,NSE,,,,,,,,,,,,,,,,,2026-09-04T12:45:07.063844,,,,,0,,,,,,,,SYSTEM,1.0,1.0,1.0,1.0,,,PENDING
cloud_hist_ONGC_20260508_1,2026-05-07T18:30:00,ONGC,SHORT,EQUITY,,,,,,,279.20001220703125,251.28001098632814,290.36801269531253,v2.2,NIFTY_200_AUG2026,TradeMind Core v2.2-CloudBackfill,,,,,,,,,,,,,,,LEGACY_UNVERIFIED,STOP_LOSS,,False,,,,,,,,,,2026-05-07T18:30:00,2026-09-04T12:45:05.678561,EQUITY,NSE,,,,,,,,,,,,,,,,,2026-09-04T12:45:07.064844,,,,,0,,,,,,,,SYSTEM,1.0,1.0,1.0,1.0,,,PENDING
cloud_hist_GLAND_20260507_0,2026-05-06T18:30:00,GLAND,LONG,EQUITY,,,,,,,1856.5738525390625,2042.2312377929688,1782.3108984374999,v2.2,NIFTY_200_AUG2026,TradeMind Core v2.2-CloudBackfill,,,,,,,,,,,,,,,LEGACY_UNVERIFIED,TARGET_HIT,,False,,,,,,,,,,2026-05-06T18:30:00,2026-09-04T12:45:05.612597,EQUITY,NSE,,,,,,,,,,,,,,,,,2026-09-04T12:45:07.063844,,,,,0,,,,,,,,SYSTEM,1.0,1.0,1.0,1.0,,,PENDING
cloud_hist_PRESTIGE_20260507_1,2026-05-06T18:30:00,PRESTIGE,LONG,EQUITY,,,,,,,1481.634765625,1629.7982421875001,1422.369375,v2.2,NIFTY_200_AUG2026,TradeMind Core v2.2-CloudBackfill,,,,,,,,,,,,,,,LEGACY_UNVERIFIED,STOP_LOSS,,False,,,,,,,,,,2026-05-06T18:30:00,2026-09-04T12:45:05.689555,EQUITY,NSE,,,,,,,,,,,,,,,,,2026-09-04T12:45:07.064844,,,,,0,,,,,,,,SYSTEM,1.0,1.0,1.0,1.0,,,PENDING
cloud_hist_PIDILITIND_20260507_1,2026-05-06T18:30:00,PIDILITIND,LONG,EQUITY,,,,,,,1440.031005859375,1584.0341064453125,1382.4297656249998,v2.2,NIFTY_200_AUG2026,TradeMind Core v2.2-CloudBackfill,,,,,,,,,,,,,,,LEGACY_UNVERIFIED,STOP_LOSS,,False,,,,,,,,,,2026-05-06T18:30:00,2026-09-04T12:45:05.615595,EQUITY,NSE,,,,,,,,,,,,,,,,,2026-09-04T12:45:07.063844,,,,,0,,,,,,,,SYSTEM,1.0,1.0,1.0,1.0,,,PENDING
cloud_hist_INDHOTEL_20260507_1,2026-05-06T18:30:00,INDHOTEL,LONG,EQUITY,,,,,,,666.13330078125,732.746630859375,639.4879687499999,v2.2,NIFTY_200_AUG2026,TradeMind Core v2.2-CloudBackfill,,,,,,,,,,,,,,,LEGACY_UNVERIFIED,STOP_LOSS,,False,,,,,,,,,,2026-05-06T18:30:00,2026-09-04T12:45:05.660569,EQUITY,NSE,,,,,,,,,,,,,,,,,2026-09-04T12:45:07.064844,,,,,0,,,,,,,,SYSTEM,1.0,1.0,1.0,1.0,,,PENDING
cloud_hist_GODREJCP_20260507_1,2026-05-06T18:30:00,GODREJCP,SHORT,EQUITY,,,,,,,1025.8052978515625,923.2247680664062,1066.837509765625,v2.2,NIFTY_200_AUG2026,TradeMind Core v2.2-CloudBackfill,,,,,,,,,,,,,,,LEGACY_UNVERIFIED,STOP_LOSS,,False,,,,,,,,,,2026-05-06T18:30:00,2026-09-04T12:45:05.646577,EQUITY,NSE,,,,,,,,,,,,,,,,,2026-09-04T12:45:07.064844,,,,,0,,,,,,,,SYSTEM,1.0,1.0,1.0,1.0,,,PENDING
cloud_hist_DLF_20260507_1,2026-05-06T18:30:00,DLF,LONG,EQUITY,,,,,,,611.1766967773438,672.2943664550781,586.72962890625,v2.2,NIFTY_200_AUG2026,TradeMind Core v2.2-CloudBackfill,,,,,,,,,,,,,,,LEGACY_UNVERIFIED,STOP_LOSS,,False,,,,,,,,,,2026-05-06T18:30:00,2026-09-04T12:45:05.641580,EQUITY,NSE,,,,,,,,,,,,,,,,,2026-09-04T12:45:07.064844,,,,,0,,,,,,,,SYSTEM,1.0,1.0,1.0,1.0,,,PENDING
cloud_hist_CUMMINSIND_20260507_2,2026-05-06T18:30:00,CUMMINSIND,LONG,EQUITY,,,,,,,5358.5546875,5894.410156250001,5144.2125,v2.2,NIFTY_200_AUG2026,TradeMind Core v2.2-CloudBackfill,,,,,,,,,,,,,,,LEGACY_UNVERIFIED,TARGET_HIT,,False,,,,,,,,,,2026-05-06T18:30:00,2026-09-04T12:45:05.639582,EQUITY,NSE,,,,,,,,,,,,,,,,,2026-09-04T12:45:07.064844,,,,,0,,,,,,,,SYSTEM,1.0,1.0,1.0,1.0,,,PENDING
recon_CUMMINSIND_20260507_0,2026-05-06T18:30:00,CUMMINSIND,LONG,EQUITY,,,,,,,5358.5546875,5894.410156250001,5144.2125,v2.2,NIFTY_200_AUG2026,TradeMind-Quant-V2,,,,,,,,,,,,,,,LEGACY_UNVERIFIED,TARGET_HIT,,False,,,,,,,,,,2026-05-06T18:30:00,2026-09-04T12:45:05.536640,EQUITY,NSE,,,,,,,,,,,,,,,,,2026-09-04T12:45:07.062845,,,,,0,,,,,,,,SYSTEM,1.0,1.0,1.0,1.0,,,PENDING
cloud_hist_INDUSINDBK_20260506_2,2026-05-05T18:30:00,INDUSINDBK,LONG,EQUITY,,,,,,,945.2190551757812,1039.7409606933595,907.41029296875,v2.2,NIFTY_200_AUG2026,TradeMind Core v2.2-CloudBackfill,,,,,,,,,,,,,,,LEGACY_UNVERIFIED,TARGET_HIT,,False,,,,,,,,,,2026-05-05T18:30:00,2026-09-04T12:45:05.662568,EQUITY,NSE,,,,,,,,,,,,,,,,,2026-09-04T12:45:07.064844,,,,,0,,,,,,,,SYSTEM,1.0,1.0,1.0,1.0,,,PENDING
recon_INDUSINDBK_20260506_0,2026-05-05T18:30:00,INDUSINDBK,LONG,EQUITY,,,,,,,945.2190551757812,1039.7409606933595,907.41029296875,v2.2,NIFTY_200_AUG2026,TradeMind-Quant-V2,,,,,,,,,,,,,,,LEGACY_UNVERIFIED,TARGET_HIT,,False,,,,,,,,,,2026-05-05T18:30:00,2026-09-04T12:45:05.573619,EQUITY,NSE,,,,,,,,,,,,,,,,,2026-09-04T12:45:07.063844,,,,,0,,,,,,,,SYSTEM,1.0,1.0,1.0,1.0,,,PENDING
cloud_hist_DABUR_20260506_0,2026-05-05T18:30:00,DABUR,LONG,EQUITY,,,,,,,460.2787170410156,506.3065887451172,441.86756835937496,v2.2,NIFTY_200_AUG2026,TradeMind Core v2.2-CloudBackfill,,,,,,,,,,,,,,,LEGACY_UNVERIFIED,TARGET_HIT,,False,,,,,,,,,,2026-05-05T18:30:00,2026-09-04T12:45:05.641580,EQUITY,NSE,,,,,,,,,,,,,,,,,2026-09-04T12:45:07.064844,,,,,0,,,,,,,,SYSTEM,1.0,1.0,1.0,1.0,,,PENDING
cloud_hist_DEEPAKNTR_20260506_0,2026-05-05T18:30:00,DEEPAKNTR,LONG,EQUITY,,,,,,,1813.31787109375,1994.6496582031252,1740.78515625,v2.2,NIFTY_200_AUG2026,TradeMind Core v2.2-CloudBackfill,,,,,,,,,,,,,,,LEGACY_UNVERIFIED,TARGET_HIT,,False,,,,,,,,,,2026-05-05T18:30:00,2026-09-04T12:45:05.642579,EQUITY,NSE,,,,,,,,,,,,,,,,,2026-09-04T12:45:07.064844,,,,,0,,,,,,,,SYSTEM,1.0,1.0,1.0,1.0,,,PENDING
cloud_hist_YESBANK_20260506_1,2026-05-05T18:30:00,YESBANK,LONG,EQUITY,,,,,,,22.1299991607666,24.342999076843263,21.244799194335936,v2.2,NIFTY_200_AUG2026,TradeMind Core v2.2-CloudBackfill,,,,,,,,,,,,,,,LEGACY_UNVERIFIED,STOP_LOSS,,False,,,,,,,,,,2026-05-05T18:30:00,2026-09-04T12:45:05.701546,EQUITY,NSE,,,,,,,,,,,,,,,,,2026-09-04T12:45:07.065843,,,,,0,,,,,,,,SYSTEM,1.0,1.0,1.0,1.0,,,PENDING
cloud_hist_LICHSGFIN_20260506_0,2026-05-05T18:30:00,LICHSGFIN,LONG,EQUITY,,,,,,,582.1500244140625,640.3650268554688,558.8640234375,v2.2,NIFTY_200_AUG2026,TradeMind Core v2.2-CloudBackfill,,,,,,,,,,,,,,,LEGACY_UNVERIFIED,TARGET_HIT,,False,,,,,,,,,,2026-05-05T18:30:00,2026-09-04T12:45:05.668565,EQUITY,NSE,,,,,,,,,,,,,,,,,2026-09-04T12:45:07.064844,,,,,0,,,,,,,,SYSTEM,1.0,1.0,1.0,1.0,,,PENDING
cloud_hist_SUNPHARMA_20260506_0,2026-05-05T18:30:00,SUNPHARMA,LONG,EQUITY,,,,,,,1845.3636474609375,2029.9000122070315,1771.5491015625,v2.2,NIFTY_200_AUG2026,TradeMind Core v2.2-CloudBackfill,,,,,,,,,,,,,,,LEGACY_UNVERIFIED,TARGET_HIT,,False,,,,,,,,,,2026-05-05T18:30:00,2026-09-04T12:45:05.693552,EQUITY,NSE,,,,,,,,,,,,,,,,,2026-09-04T12:45:07.065843,,,,,0,,,,,,,,SYSTEM,1.0,1.0,1.0,1.0,,,PENDING
cloud_hist_TORNTPHARM_20260506_0,2026-05-05T18:30:00,TORNTPHARM,LONG,EQUITY,,,,,,,4349.65576171875,4784.621337890625,4175.66953125,v2.2,NIFTY_200_AUG2026,TradeMind Core v2.2-CloudBackfill,,,,,,,,,,,,,,,LEGACY_UNVERIFIED,TARGET_HIT,,False,,,,,,,,,,2026-05-05T18:30:00,2026-09-04T12:45:05.700549,EQUITY,NSE,,,,,,,,,,,,,,,,,2026-09-04T12:45:07.065843,,,,,0,,,,,,,,SYSTEM,1.0,1.0,1.0,1.0,,,PENDING
recon_MARICO_20260505_0,2026-05-04T18:30:00,MARICO,LONG,EQUITY,,,,,,,803.5255126953125,883.8780639648438,771.3844921875,v2.2,NIFTY_200_AUG2026,TradeMind-Quant-V2,,,,,,,,,,,,,,,LEGACY_UNVERIFIED,TARGET_HIT,,False,,,,,,,,,,2026-05-04T18:30:00,2026-09-04T12:45:05.580606,EQUITY,NSE,,,,,,,,,,,,,,,,,2026-09-04T12:45:07.063844,,,,,0,,,,,,,,SYSTEM,1.0,1.0,1.0,1.0,,,PENDING
cloud_hist_MARICO_20260505_2,2026-05-04T18:30:00,MARICO,LONG,EQUITY,,,,,,,803.5255126953125,883.8780639648438,771.3844921875,v2.2,NIFTY_200_AUG2026,TradeMind Core v2.2-CloudBackfill,,,,,,,,,,,,,,,LEGACY_UNVERIFIED,TARGET_HIT,,False,,,,,,,,,,2026-05-04T18:30:00,2026-09-04T12:45:05.666566,EQUITY,NSE,,,,,,,,,,,,,,,,,2026-09-04T12:45:07.064844,,,,,0,,,,,,,,SYSTEM,1.0,1.0,1.0,1.0,,,PENDING
cloud_hist_BIOCON_20260505_0,2026-05-04T18:30:00,BIOCON,LONG,EQUITY,,,,,,,367.81011962890625,404.5911315917969,353.09771484375,v2.2,NIFTY_200_AUG2026,TradeMind Core v2.2-CloudBackfill,,,,,,,,,,,,,,,LEGACY_UNVERIFIED,TARGET_HIT,,False,,,,,,,,,,2026-05-04T18:30:00,2026-09-04T12:45:05.633585,EQUITY,NSE,,,,,,,,,,,,,,,,,2026-09-04T12:45:07.064844,,,,,0,,,,,,,,SYSTEM,1.0,1.0,1.0,1.0,,,PENDING
recon_BANDHANBNK_20260504_0,2026-05-03T18:30:00,BANDHANBNK,LONG,EQUITY,,,0.75,0.75,0.5,1.0,206.75999450683594,227.43599395751954,198.4895947265625,v2.2,NIFTY_200_AUG2026,TradeMind-Quant-V2,v1.0.0,,,2026-05-18T18:30:00,227.43599395751954,10.0,,,,,9.8,,,,LIVE_SHADOW_VERIFIED,TARGET_HIT,,True,,,,,10.0,,9.8,,,2026-09-04T05:00:24.578272,2026-09-04T05:00:24.578272,,,,,,,,,,,,,,,,,,,,,,TERMINAL,,4,,,,,,,,,,,,,,,
cloud_hist_BHEL_20260504_0,2026-05-03T18:30:00,BHEL,LONG,EQUITY,,,,,,,375.8376159667969,413.4213775634766,360.804111328125,v2.2,NIFTY_200_AUG2026,TradeMind Core v2.2-CloudBackfill,,,,,,,,,,,,,,,LEGACY_UNVERIFIED,TARGET_HIT,,False,,,,,,,,,,2026-05-03T18:30:00,2026-09-04T12:45:05.630586,EQUITY,NSE,,,,,,,,,,,,,,,,,2026-09-04T12:45:07.064844,,,,,0,,,,,,,,SYSTEM,1.0,1.0,1.0,1.0,,,PENDING
cloud_hist_BANDHANBNK_20260504_2,2026-05-03T18:30:00,BANDHANBNK,LONG,EQUITY,,,,,,,206.75999450683594,227.43599395751954,198.4895947265625,v2.2,NIFTY_200_AUG2026,TradeMind Core v2.2-CloudBackfill,,,,,,,,,,,,,,,LEGACY_UNVERIFIED,TARGET_HIT,,False,,,,,,,,,,2026-05-03T18:30:00,2026-09-04T12:45:05.628588,EQUITY,NSE,,,,,,,,,,,,,,,,,2026-09-04T12:45:07.064844,,,,,0,,,,,,,,SYSTEM,1.0,1.0,1.0,1.0,,,PENDING
cloud_hist_CIPLA_20260504_1,2026-05-03T18:30:00,CIPLA,LONG,EQUITY,,,,,,,1322.592041015625,1454.8512451171875,1269.688359375,v2.2,NIFTY_200_AUG2026,TradeMind Core v2.2-CloudBackfill,,,,,,,,,,,,,,,LEGACY_UNVERIFIED,STOP_LOSS,,False,,,,,,,,,,2026-05-03T18:30:00,2026-09-04T12:45:05.638582,EQUITY,NSE,,,,,,,,,,,,,,,,,2026-09-04T12:45:07.064844,,,,,0,,,,,,,,SYSTEM,1.0,1.0,1.0,1.0,,,PENDING
cloud_hist_POLYCAB_20260504_0,2026-05-03T18:30:00,POLYCAB,LONG,EQUITY,,,,,,,8305.09375,9135.603125000001,7972.889999999999,v2.2,NIFTY_200_AUG2026,TradeMind Core v2.2-CloudBackfill,,,,,,,,,,,,,,,LEGACY_UNVERIFIED,TARGET_HIT,,False,,,,,,,,,,2026-05-03T18:30:00,2026-09-04T12:45:05.688555,EQUITY,NSE,,,,,,,,,,,,,,,,,2026-09-04T12:45:07.064844,,,,,0,,,,,,,,SYSTEM,1.0,1.0,1.0,1.0,,,PENDING
cloud_hist_GRASIM_20260504_0,2026-05-03T18:30:00,GRASIM,LONG,EQUITY,,,,,,,2847.13037109375,3131.8434082031254,2733.24515625,v2.2,NIFTY_200_AUG2026,TradeMind Core v2.2-CloudBackfill,,,,,,,,,,,,,,,LEGACY_UNVERIFIED,TARGET_HIT,,False,,,,,,,,,,2026-05-03T18:30:00,2026-09-04T12:45:05.648576,EQUITY,NSE,,,,,,,,,,,,,,,,,2026-09-04T12:45:07.064844,,,,,0,,,,,,,,SYSTEM,1.0,1.0,1.0,1.0,,,PENDING
cloud_hist_ADANIPOWER_20260504_1,2026-05-03T18:30:00,ADANIPOWER,LONG,EQUITY,,,,,,,227.3000030517578,250.0300033569336,218.2080029296875,v2.2,NIFTY_200_AUG2026,TradeMind Core v2.2-CloudBackfill,,,,,,,,,,,,,,,LEGACY_UNVERIFIED,STOP_LOSS,,False,,,,,,,,,,2026-05-03T18:30:00,2026-09-04T12:45:05.620592,EQUITY,NSE,,,,,,,,,,,,,,,,,2026-09-04T12:45:07.064844,,,,,0,,,,,,,,SYSTEM,1.0,1.0,1.0,1.0,,,PENDING
cloud_hist_VEDL_20260430_0,2026-04-29T18:30:00,VEDL,SHORT,EQUITY,,,,,,,271.54998779296875,244.39498901367188,282.4119873046875,v2.2,NIFTY_200_AUG2026,TradeMind Core v2.2-CloudBackfill,,,,,,,,,,,,,,,LEGACY_UNVERIFIED,TARGET_HIT,,False,,,,,,,,,,2026-04-29T18:30:00,2026-09-04T12:45:05.707542,EQUITY,NSE,,,,,,,,,,,,,,,,,2026-09-04T12:45:07.065843,,,,,0,,,,,,,,SYSTEM,1.0,1.0,1.0,1.0,,,PENDING
recon_SYNGENE_20260430_0,2026-04-29T18:30:00,SYNGENE,LONG,EQUITY,,,,,,,466.3302917480469,512.9633209228516,447.67708007812496,v2.2,NIFTY_200_AUG2026,TradeMind-Quant-V2,,,,,,,,,,,,,,,LEGACY_UNVERIFIED,TARGET_HIT,,False,,,,,,,,,,2026-04-29T18:30:00,2026-09-04T12:45:05.599604,EQUITY,NSE,,,,,,,,,,,,,,,,,2026-09-04T12:45:07.063844,,,,,0,,,,,,,,SYSTEM,1.0,1.0,1.0,1.0,,,PENDING
cloud_hist_SYNGENE_20260430_2,2026-04-29T18:30:00,SYNGENE,LONG,EQUITY,,,,,,,466.3302917480469,512.9633209228516,447.67708007812496,v2.2,NIFTY_200_AUG2026,TradeMind Core v2.2-CloudBackfill,,,,,,,,,,,,,,,LEGACY_UNVERIFIED,TARGET_HIT,,False,,,,,,,,,,2026-04-29T18:30:00,2026-09-04T12:45:05.696549,EQUITY,NSE,,,,,,,,,,,,,,,,,2026-09-04T12:45:07.065843,,,,,0,,,,,,,,SYSTEM,1.0,1.0,1.0,1.0,,,PENDING
recon_RELIANCE_20260429_1,2026-04-28T18:30:00,RELIANCE,LONG,EQUITY,,,,,,,1418.83984375,1560.7238281250002,1362.0862499999998,v2.2,NIFTY_200_AUG2026,TradeMind-Quant-V2,,,,,,,,,,,,,,,LEGACY_UNVERIFIED,STOP_LOSS,,False,,,,,,,,,,2026-04-28T18:30:00,2026-09-04T12:45:05.594608,EQUITY,NSE,,,,,,,,,,,,,,,,,2026-09-04T12:45:07.063844,,,,,0,,,,,,,,SYSTEM,1.0,1.0,1.0,1.0,,,PENDING
cloud_hist_ITC_20260429_1,2026-04-28T18:30:00,ITC,LONG,EQUITY,,,,,,,307.86279296875,338.649072265625,295.54828125,v2.2,NIFTY_200_AUG2026,TradeMind Core v2.2-CloudBackfill,,,,,,,,,,,,,,,LEGACY_UNVERIFIED,STOP_LOSS,,False,,,,,,,,,,2026-04-28T18:30:00,2026-09-04T12:45:05.656572,EQUITY,NSE,,,,,,,,,,,,,,,,,2026-09-04T12:45:07.064844,,,,,0,,,,,,,,SYSTEM,1.0,1.0,1.0,1.0,,,PENDING
cloud_hist_RELIANCE_20260429_3,2026-04-28T18:30:00,RELIANCE,LONG,EQUITY,,,,,,,1418.83984375,1560.7238281250002,1362.0862499999998,v2.2,NIFTY_200_AUG2026,TradeMind Core v2.2-CloudBackfill,,,,,,,,,,,,,,,LEGACY_UNVERIFIED,STOP_LOSS,,False,,,,,,,,,,2026-04-28T18:30:00,2026-09-04T12:45:05.686556,EQUITY,NSE,,,,,,,,,,,,,,,,,2026-09-04T12:45:07.064844,,,,,0,,,,,,,,SYSTEM,1.0,1.0,1.0,1.0,,,PENDING
cloud_hist_INDUSINDBK_20260429_1,2026-04-28T18:30:00,INDUSINDBK,LONG,EQUITY,,,,,,,912.2723999023438,1003.4996398925782,875.78150390625,v2.2,NIFTY_200_AUG2026,TradeMind Core v2.2-CloudBackfill,,,,,,,,,,,,,,,LEGACY_UNVERIFIED,STOP_LOSS,,False,,,,,,,,,,2026-04-28T18:30:00,2026-09-04T12:45:05.662568,EQUITY,NSE,,,,,,,,,,,,,,,,,2026-09-04T12:45:07.064844,,,,,0,,,,,,,,SYSTEM,1.0,1.0,1.0,1.0,,,PENDING
cloud_hist_PRESTIGE_20260429_0,2026-04-28T18:30:00,PRESTIGE,LONG,EQUITY,,,,,,,1431.8973388671875,1575.0870727539063,1374.6214453124999,v2.2,NIFTY_200_AUG2026,TradeMind Core v2.2-CloudBackfill,,,,,,,,,,,,,,,LEGACY_UNVERIFIED,TARGET_HIT,,False,,,,,,,,,,2026-04-28T18:30:00,2026-09-04T12:45:05.689555,EQUITY,NSE,,,,,,,,,,,,,,,,,2026-09-04T12:45:07.064844,,,,,0,,,,,,,,SYSTEM,1.0,1.0,1.0,1.0,,,PENDING
cloud_hist_ADANIPOWER_20260428_0,2026-04-27T18:30:00,ADANIPOWER,LONG,EQUITY,,,,,,,223.35000610351562,245.6850067138672,214.416005859375,v2.2,NIFTY_200_AUG2026,TradeMind Core v2.2-CloudBackfill,,,,,,,,,,,,,,,LEGACY_UNVERIFIED,TARGET_HIT,,False,,,,,,,,,,2026-04-27T18:30:00,2026-09-04T12:45:05.620592,EQUITY,NSE,,,,,,,,,,,,,,,,,2026-09-04T12:45:07.064844,,,,,0,,,,,,,,SYSTEM,1.0,1.0,1.0,1.0,,,PENDING
cloud_hist_ONGC_20260428_0,2026-04-27T18:30:00,ONGC,LONG,EQUITY,,,,,,,301.29998779296875,331.42998657226565,289.24798828125,v2.2,NIFTY_200_AUG2026,TradeMind Core v2.2-CloudBackfill,,,,,,,,,,,,,,,LEGACY_UNVERIFIED,TARGET_HIT,,False,,,,,,,,,,2026-04-27T18:30:00,2026-09-04T12:45:05.678561,EQUITY,NSE,,,,,,,,,,,,,,,,,2026-09-04T12:45:07.064844,,,,,0,,,,,,,,SYSTEM,1.0,1.0,1.0,1.0,,,PENDING
cloud_hist_PFC_20260428_0,2026-04-27T18:30:00,PFC,LONG,EQUITY,,,,,,,476.9389343261719,524.6328277587891,457.861376953125,v2.2,NIFTY_200_AUG2026,TradeMind Core v2.2-CloudBackfill,,,,,,,,,,,,,,,LEGACY_UNVERIFIED,TARGET_HIT,,False,,,,,,,,,,2026-04-27T18:30:00,2026-09-04T12:45:05.682563,EQUITY,NSE,,,,,,,,,,,,,,,,,2026-09-04T12:45:07.064844,,,,,0,,,,,,,,SYSTEM,1.0,1.0,1.0,1.0,,,PENDING
cloud_hist_COALINDIA_20260428_0,2026-04-27T18:30:00,COALINDIA,LONG,EQUITY,,,,,,,460.8434753417969,506.92782287597663,442.409736328125,v2.2,NIFTY_200_AUG2026,TradeMind Core v2.2-CloudBackfill,,,,,,,,,,,,,,,LEGACY_UNVERIFIED,TARGET_HIT,,False,,,,,,,,,,2026-04-27T18:30:00,2026-09-04T12:45:05.636583,EQUITY,NSE,,,,,,,,,,,,,,,,,2026-09-04T12:45:07.064844,,,,,0,,,,,,,,SYSTEM,1.0,1.0,1.0,1.0,,,PENDING
cloud_hist_JSWENERGY_20260428_0,2026-04-27T18:30:00,JSWENERGY,LONG,EQUITY,,,,,,,578.9310302734375,636.8241333007813,555.7737890625,v2.2,NIFTY_200_AUG2026,TradeMind Core v2.2-CloudBackfill,,,,,,,,,,,,,,,LEGACY_UNVERIFIED,TARGET_HIT,,False,,,,,,,,,,2026-04-27T18:30:00,2026-09-04T12:45:05.658570,EQUITY,NSE,,,,,,,,,,,,,,,,,2026-09-04T12:45:07.064844,,,,,0,,,,,,,,SYSTEM,1.0,1.0,1.0,1.0,,,PENDING
cloud_hist_ATGL_20260428_1,2026-04-27T18:30:00,ATGL,LONG,EQUITY,,,,,,,653.6217041015625,718.9838745117188,627.4768359375,v2.2,NIFTY_200_AUG2026,TradeMind Core v2.2-CloudBackfill,,,,,,,,,,,,,,,LEGACY_UNVERIFIED,STOP_LOSS,,False,,,,,,,,,,2026-04-27T18:30:00,2026-09-04T12:45:05.620592,EQUITY,NSE,,,,,,,,,,,,,,,,,2026-09-04T12:45:07.064844,,,,,0,,,,,,,,SYSTEM,1.0,1.0,1.0,1.0,,,PENDING
cloud_hist_TATAPOWER_20260427_0,2026-04-26T18:30:00,TATAPOWER,LONG,EQUITY,,,,,,,450.4090270996094,495.44992980957034,432.39266601562497,v2.2,NIFTY_200_AUG2026,TradeMind Core v2.2-CloudBackfill,,,,,,,,,,,,,,,LEGACY_UNVERIFIED,TARGET_HIT,,False,,,,,,,,,,2026-04-26T18:30:00,2026-09-04T12:45:05.697550,EQUITY,NSE,,,,,,,,,,,,,,,,,2026-09-04T12:45:07.065843,,,,,0,,,,,,,,SYSTEM,1.0,1.0,1.0,1.0,,,PENDING
cloud_hist_NMDC_20260427_0,2026-04-26T18:30:00,NMDC,LONG,EQUITY,,,,,,,90.41999816894531,99.46199798583986,86.80319824218749,v2.2,NIFTY_200_AUG2026,TradeMind Core v2.2-CloudBackfill,,,,,,,,,,,,,,,LEGACY_UNVERIFIED,TARGET_HIT,,False,,,,,,,,,,2026-04-26T18:30:00,2026-09-04T12:45:05.675560,EQUITY,NSE,,,,,,,,,,,,,,,,,2026-09-04T12:45:07.064844,,,,,0,,,,,,,,SYSTEM,1.0,1.0,1.0,1.0,,,PENDING
cloud_hist_BANDHANBNK_20260427_1,2026-04-26T18:30:00,BANDHANBNK,LONG,EQUITY,,,,,,,181.8699951171875,200.05699462890627,174.59519531249998,v2.2,NIFTY_200_AUG2026,TradeMind Core v2.2-CloudBackfill,,,,,,,,,,,,,,,LEGACY_UNVERIFIED,STOP_LOSS,,False,,,,,,,,,,2026-04-26T18:30:00,2026-09-04T12:45:05.628588,EQUITY,NSE,,,,,,,,,,,,,,,,,2026-09-04T12:45:07.064844,,,,,0,,,,,,,,SYSTEM,1.0,1.0,1.0,1.0,,,PENDING
cloud_hist_NTPC_20260427_0,2026-04-26T18:30:00,NTPC,LONG,EQUITY,,,,,,,410.20001220703125,451.2200134277344,393.79201171874996,v2.2,NIFTY_200_AUG2026,TradeMind Core v2.2-CloudBackfill,,,,,,,,,,,,,,,LEGACY_UNVERIFIED,TARGET_HIT,,False,,,,,,,,,,2026-04-26T18:30:00,2026-09-04T12:45:05.676560,EQUITY,NSE,,,,,,,,,,,,,,,,,2026-09-04T12:45:07.064844,,,,,0,,,,,,,,SYSTEM,1.0,1.0,1.0,1.0,,,PENDING
cloud_hist_DRREDDY_20260423_0,2026-04-22T18:30:00,DRREDDY,LONG,EQUITY,,,,,,,1322.6124267578125,1454.873669433594,1269.7079296875,v2.2,NIFTY_200_AUG2026,TradeMind Core v2.2-CloudBackfill,,,,,,,,,,,,,,,LEGACY_UNVERIFIED,TARGET_HIT,,False,,,,,,,,,,2026-04-22T18:30:00,2026-09-04T12:45:05.643579,EQUITY,NSE,,,,,,,,,,,,,,,,,2026-09-04T12:45:07.064844,,,,,0,,,,,,,,SYSTEM,1.0,1.0,1.0,1.0,,,PENDING
cloud_hist_CIPLA_20260423_0,2026-04-22T18:30:00,CIPLA,LONG,EQUITY,,,,,,,1293.7625732421875,1423.1388305664063,1242.0120703124999,v2.2,NIFTY_200_AUG2026,TradeMind Core v2.2-CloudBackfill,,,,,,,,,,,,,,,LEGACY_UNVERIFIED,TARGET_HIT,,False,,,,,,,,,,2026-04-22T18:30:00,2026-09-04T12:45:05.638582,EQUITY,NSE,,,,,,,,,,,,,,,,,2026-09-04T12:45:07.064844,,,,,0,,,,,,,,SYSTEM,1.0,1.0,1.0,1.0,,,PENDING
cloud_hist_ADANIENSOL_20260422_0,2026-04-21T18:30:00,ADANIENSOL,LONG,EQUITY,,,,,,,1368.0999755859375,1504.9099731445315,1313.3759765625,v2.2,NIFTY_200_AUG2026,TradeMind Core v2.2-CloudBackfill,,,,,,,,,,,,,,,LEGACY_UNVERIFIED,TARGET_HIT,,False,,,,,,,,,,2026-04-21T18:30:00,2026-09-04T12:45:05.563625,EQUITY,NSE,,,,,,,,,,,,,,,,,2026-09-04T12:45:07.063844,,,,,0,,,,,,,,SYSTEM,1.0,1.0,1.0,1.0,,,PENDING
cloud_hist_MARICO_20260422_1,2026-04-21T18:30:00,MARICO,LONG,EQUITY,,,,,,,768.9834594726562,845.881805419922,738.22412109375,v2.2,NIFTY_200_AUG2026,TradeMind Core v2.2-CloudBackfill,,,,,,,,,,,,,,,LEGACY_UNVERIFIED,STOP_LOSS,,False,,,,,,,,,,2026-04-21T18:30:00,2026-09-04T12:45:05.665566,EQUITY,NSE,,,,,,,,,,,,,,,,,2026-09-04T12:45:07.064844,,,,,0,,,,,,,,SYSTEM,1.0,1.0,1.0,1.0,,,PENDING
cloud_hist_JUBLFOOD_20260422_1,2026-04-21T18:30:00,JUBLFOOD,LONG,EQUITY,,,,,,,491.7016296386719,540.8717926025391,472.033564453125,v2.2,NIFTY_200_AUG2026,TradeMind Core v2.2-CloudBackfill,,,,,,,,,,,,,,,LEGACY_UNVERIFIED,STOP_LOSS,,False,,,,,,,,,,2026-04-21T18:30:00,2026-09-04T12:45:05.613596,EQUITY,NSE,,,,,,,,,,,,,,,,,2026-09-04T12:45:07.063844,,,,,0,,,,,,,,SYSTEM,1.0,1.0,1.0,1.0,,,PENDING
cloud_hist_INDUSINDBK_20260422_0,2026-04-21T18:30:00,INDUSINDBK,LONG,EQUITY,,,,,,,868.6929321289062,955.562225341797,833.94521484375,v2.2,NIFTY_200_AUG2026,TradeMind Core v2.2-CloudBackfill,,,,,,,,,,,,,,,LEGACY_UNVERIFIED,TARGET_HIT,,False,,,,,,,,,,2026-04-21T18:30:00,2026-09-04T12:45:05.662568,EQUITY,NSE,,,,,,,,,,,,,,,,,2026-09-04T12:45:07.064844,,,,,0,,,,,,,,SYSTEM,1.0,1.0,1.0,1.0,,,PENDING
cloud_hist_BANKINDIA_20260422_2,2026-04-21T18:30:00,BANKINDIA,LONG,EQUITY,,,,,,,148.08273315429688,162.89100646972656,142.159423828125,v2.2,NIFTY_200_AUG2026,TradeMind Core v2.2-CloudBackfill,,,,,,,,,,,,,,,LEGACY_UNVERIFIED,TARGET_HIT,,False,,,,,,,,,,2026-04-21T18:30:00,2026-09-04T12:45:05.629587,EQUITY,NSE,,,,,,,,,,,,,,,,,2026-09-04T12:45:07.064844,,,,,0,,,,,,,,SYSTEM,1.0,1.0,1.0,1.0,,,PENDING
cloud_hist_GAIL_20260422_0,2026-04-21T18:30:00,GAIL,LONG,EQUITY,,,,,,,166.1199951171875,182.73199462890628,159.4751953125,v2.2,NIFTY_200_AUG2026,TradeMind Core v2.2-CloudBackfill,,,,,,,,,,,,,,,LEGACY_UNVERIFIED,TARGET_HIT,,False,,,,,,,,,,2026-04-21T18:30:00,2026-09-04T12:45:05.645578,EQUITY,NSE,,,,,,,,,,,,,,,,,2026-09-04T12:45:07.064844,,,,,0,,,,,,,,SYSTEM,1.0,1.0,1.0,1.0,,,PENDING
cloud_hist_HAVELLS_20260422_0,2026-04-21T18:30:00,HAVELLS,LONG,EQUITY,,,,,,,1342.0106201171875,1476.2116821289064,1288.3301953124999,v2.2,NIFTY_200_AUG2026,TradeMind Core v2.2-CloudBackfill,,,,,,,,,,,,,,,LEGACY_UNVERIFIED,TARGET_HIT,,False,,,,,,,,,,2026-04-21T18:30:00,2026-09-04T12:45:05.651575,EQUITY,NSE,,,,,,,,,,,,,,,,,2026-09-04T12:45:07.064844,,,,,0,,,,,,,,SYSTEM,1.0,1.0,1.0,1.0,,,PENDING
recon_BANKINDIA_20260422_0,2026-04-21T18:30:00,BANKINDIA,LONG,EQUITY,,,,,,,148.08273315429688,162.89100646972656,142.159423828125,v2.2,NIFTY_200_AUG2026,TradeMind-Quant-V2,,,,,,,,,,,,,,,LEGACY_UNVERIFIED,TARGET_HIT,,False,,,,,,,,,,2026-04-21T18:30:00,2026-09-04T12:45:05.529645,EQUITY,NSE,,,,,,,,,,,,,,,,,2026-09-04T12:45:07.062845,,,,,0,,,,,,,,SYSTEM,1.0,1.0,1.0,1.0,,,PENDING
cloud_hist_PIDILITIND_20260421_0,2026-04-20T18:30:00,PIDILITIND,LONG,EQUITY,,,,,,,1397.735595703125,1537.5091552734377,1341.826171875,v2.2,NIFTY_200_AUG2026,TradeMind Core v2.2-CloudBackfill,,,,,,,,,,,,,,,LEGACY_UNVERIFIED,TARGET_HIT,,False,,,,,,,,,,2026-04-20T18:30:00,2026-09-04T12:45:05.615595,EQUITY,NSE,,,,,,,,,,,,,,,,,2026-09-04T12:45:07.063844,,,,,0,,,,,,,,SYSTEM,1.0,1.0,1.0,1.0,,,PENDING
cloud_hist_DLF_20260421_0,2026-04-20T18:30:00,DLF,LONG,EQUITY,,,,,,,600.016845703125,660.0185302734376,576.0161718749999,v2.2,NIFTY_200_AUG2026,TradeMind Core v2.2-CloudBackfill,,,,,,,,,,,,,,,LEGACY_UNVERIFIED,TARGET_HIT,,False,,,,,,,,,,2026-04-20T18:30:00,2026-09-04T12:45:05.641580,EQUITY,NSE,,,,,,,,,,,,,,,,,2026-09-04T12:45:07.064844,,,,,0,,,,,,,,SYSTEM,1.0,1.0,1.0,1.0,,,PENDING
cloud_hist_JSWSTEEL_20260420_1,2026-04-19T18:30:00,JSWSTEEL,LONG,EQUITY,,,,,,,1267.22119140625,1393.9433105468752,1216.5323437499999,v2.2,NIFTY_200_AUG2026,TradeMind Core v2.2-CloudBackfill,,,,,,,,,,,,,,,LEGACY_UNVERIFIED,STOP_LOSS,,False,,,,,,,,,,2026-04-19T18:30:00,2026-09-04T12:45:05.659570,EQUITY,NSE,,,,,,,,,,,,,,,,,2026-09-04T12:45:07.064844,,,,,0,,,,,,,,SYSTEM,1.0,1.0,1.0,1.0,,,PENDING
cloud_hist_CUMMINSIND_20260420_1,2026-04-19T18:30:00,CUMMINSIND,LONG,EQUITY,,,,,,,5157.52197265625,5673.274169921876,4951.221093749999,v2.2,NIFTY_200_AUG2026,TradeMind Core v2.2-CloudBackfill,,,,,,,,,,,,,,,LEGACY_UNVERIFIED,STOP_LOSS,,False,,,,,,,,,,2026-04-19T18:30:00,2026-09-04T12:45:05.639582,EQUITY,NSE,,,,,,,,,,,,,,,,,2026-09-04T12:45:07.064844,,,,,0,,,,,,,,SYSTEM,1.0,1.0,1.0,1.0,,,PENDING
recon_INDUSTOWER_20260420_0,2026-04-19T18:30:00,INDUSTOWER,SHORT,EQUITY,,,,,,,391.08184814453125,351.9736633300781,406.7251220703125,v2.2,NIFTY_200_AUG2026,TradeMind-Quant-V2,,,,,,,,,,,,,,,LEGACY_UNVERIFIED,TARGET_HIT,,False,,,,,,,,,,2026-04-19T18:30:00,2026-09-04T12:45:05.573619,EQUITY,NSE,,,,,,,,,,,,,,,,,2026-09-04T12:45:07.063844,,,,,0,,,,,,,,SYSTEM,1.0,1.0,1.0,1.0,,,PENDING
cloud_hist_INDUSTOWER_20260420_2,2026-04-19T18:30:00,INDUSTOWER,SHORT,EQUITY,,,,,,,391.08184814453125,351.9736633300781,406.7251220703125,v2.2,NIFTY_200_AUG2026,TradeMind Core v2.2-CloudBackfill,,,,,,,,,,,,,,,LEGACY_UNVERIFIED,TARGET_HIT,,False,,,,,,,,,,2026-04-19T18:30:00,2026-09-04T12:45:05.663568,EQUITY,NSE,,,,,,,,,,,,,,,,,2026-09-04T12:45:07.064844,,,,,0,,,,,,,,SYSTEM,1.0,1.0,1.0,1.0,,,PENDING
cloud_hist_BPCL_20260420_1,2026-04-19T18:30:00,BPCL,LONG,EQUITY,,,,,,,316.04998779296875,347.65498657226567,303.40798828124997,v2.2,NIFTY_200_AUG2026,TradeMind Core v2.2-CloudBackfill,,,,,,,,,,,,,,,LEGACY_UNVERIFIED,STOP_LOSS,,False,,,,,,,,,,2026-04-19T18:30:00,2026-09-04T12:45:05.631586,EQUITY,NSE,,,,,,,,,,,,,,,,,2026-09-04T12:45:07.064844,,,,,0,,,,,,,,SYSTEM,1.0,1.0,1.0,1.0,,,PENDING
cloud_hist_GODREJCP_20260417_0,2026-04-16T18:30:00,GODREJCP,LONG,EQUITY,,,,,,,1097.847412109375,1207.6321533203127,1053.933515625,v2.2,NIFTY_200_AUG2026,TradeMind Core v2.2-CloudBackfill,,,,,,,,,,,,,,,LEGACY_UNVERIFIED,TARGET_HIT,,False,,,,,,,,,,2026-04-16T18:30:00,2026-09-04T12:45:05.646577,EQUITY,NSE,,,,,,,,,,,,,,,,,2026-09-04T12:45:07.064844,,,,,0,,,,,,,,SYSTEM,1.0,1.0,1.0,1.0,,,PENDING
recon_SIEMENS_20260417_0,2026-04-16T18:30:00,SIEMENS,LONG,EQUITY,,,,,,,3689.768310546875,4058.745141601563,3542.177578125,v2.2,NIFTY_200_AUG2026,TradeMind-Quant-V2,,,,,,,,,,,,,,,LEGACY_UNVERIFIED,TARGET_HIT,,False,,,,,,,,,,2026-04-16T18:30:00,2026-09-04T12:45:05.597605,EQUITY,NSE,,,,,,,,,,,,,,,,,2026-09-04T12:45:07.063844,,,,,0,,,,,,,,SYSTEM,1.0,1.0,1.0,1.0,,,PENDING
cloud_hist_ABB_20260417_2,2026-04-16T18:30:00,ABB,LONG,EQUITY,,,,,,,6919.4091796875,7611.350097656251,6642.6328125,v2.2,NIFTY_200_AUG2026,TradeMind Core v2.2-CloudBackfill,,,,,,,,,,,,,,,LEGACY_UNVERIFIED,TARGET_HIT,,False,,,,,,,,,,2026-04-16T18:30:00,2026-09-04T12:45:05.587602,EQUITY,NSE,,,,,,,,,,,,,,,,,2026-09-04T12:45:07.063844,,,,,0,,,,,,,,SYSTEM,1.0,1.0,1.0,1.0,,,PENDING
cloud_hist_NYKAA_20260417_0,2026-04-16T18:30:00,NYKAA,LONG,EQUITY,,,,,,,269.6600036621094,296.6260040283203,258.873603515625,v2.2,NIFTY_200_AUG2026,TradeMind Core v2.2-CloudBackfill,,,,,,,,,,,,,,,LEGACY_UNVERIFIED,TARGET_HIT,,False,,,,,,,,,,2026-04-16T18:30:00,2026-09-04T12:45:05.677562,EQUITY,NSE,,,,,,,,,,,,,,,,,2026-09-04T12:45:07.064844,,,,,0,,,,,,,,SYSTEM,1.0,1.0,1.0,1.0,,,PENDING
cloud_hist_TATACONSUM_20260417_0,2026-04-16T18:30:00,TATACONSUM,LONG,EQUITY,,,,,,,1103.8594970703125,1214.245446777344,1059.7051171875,v2.2,NIFTY_200_AUG2026,TradeMind Core v2.2-CloudBackfill,,,,,,,,,,,,,,,LEGACY_UNVERIFIED,TARGET_HIT,,False,,,,,,,,,,2026-04-16T18:30:00,2026-09-04T12:45:05.616595,EQUITY,NSE,,,,,,,,,,,,,,,,,2026-09-04T12:45:07.063844,,,,,0,,,,,,,,SYSTEM,1.0,1.0,1.0,1.0,,,PENDING
recon_ABB_20260417_0,2026-04-16T18:30:00,ABB,LONG,EQUITY,,,,,,,6919.4091796875,7611.350097656251,6642.6328125,v2.2,NIFTY_200_AUG2026,TradeMind-Quant-V2,,,,,,,,,,,,,,,LEGACY_UNVERIFIED,TARGET_HIT,,False,,,,,,,,,,2026-04-16T18:30:00,2026-09-04T12:45:05.707542,EQUITY,NSE,,,,,,,,,,,,,,,,,2026-09-04T12:45:07.065843,,,,,0,,,,,,,,SYSTEM,1.0,1.0,1.0,1.0,,,PENDING
cloud_hist_SIEMENS_20260417_2,2026-04-16T18:30:00,SIEMENS,LONG,EQUITY,,,,,,,3689.768310546875,4058.745141601563,3542.177578125,v2.2,NIFTY_200_AUG2026,TradeMind Core v2.2-CloudBackfill,,,,,,,,,,,,,,,LEGACY_UNVERIFIED,TARGET_HIT,,False,,,,,,,,,,2026-04-16T18:30:00,2026-09-04T12:45:05.692552,EQUITY,NSE,,,,,,,,,,,,,,,,,2026-09-04T12:45:07.065843,,,,,0,,,,,,,,SYSTEM,1.0,1.0,1.0,1.0,,,PENDING
cloud_hist_ATGL_20260417_0,2026-04-16T18:30:00,ATGL,LONG,EQUITY,,,,,,,632.6790771484375,695.9469848632813,607.3719140625,v2.2,NIFTY_200_AUG2026,TradeMind Core v2.2-CloudBackfill,,,,,,,,,,,,,,,LEGACY_UNVERIFIED,TARGET_HIT,,False,,,,,,,,,,2026-04-16T18:30:00,2026-09-04T12:45:05.620592,EQUITY,NSE,,,,,,,,,,,,,,,,,2026-09-04T12:45:07.064844,,,,,0,,,,,,,,SYSTEM,1.0,1.0,1.0,1.0,,,PENDING
cloud_hist_BAJAJHLDNG_20260416_1,2026-04-15T18:30:00,BAJAJHLDNG,LONG,EQUITY,,,,,,,10079.75,11087.725,9676.56,v2.2,NIFTY_200_AUG2026,TradeMind Core v2.2-CloudBackfill,,,,,,,,,,,,,,,LEGACY_UNVERIFIED,STOP_LOSS,,False,,,,,,,,,,2026-04-15T18:30:00,2026-09-04T12:45:05.626589,EQUITY,NSE,,,,,,,,,,,,,,,,,2026-09-04T12:45:07.064844,,,,,0,,,,,,,,SYSTEM,1.0,1.0,1.0,1.0,,,PENDING
cloud_hist_ASIANPAINT_20260416_3,2026-04-15T18:30:00,ASIANPAINT,LONG,EQUITY,,,,,,,2419.31005859375,2661.241064453125,2322.53765625,v2.2,NIFTY_200_AUG2026,TradeMind Core v2.2-CloudBackfill,,,,,,,,,,,,,,,LEGACY_UNVERIFIED,STOP_LOSS,,False,,,,,,,,,,2026-04-15T18:30:00,2026-09-04T12:45:05.608599,EQUITY,NSE,,,,,,,,,,,,,,,,,2026-09-04T12:45:07.063844,,,,,0,,,,,,,,SYSTEM,1.0,1.0,1.0,1.0,,,PENDING
cloud_hist_ESCORTS_20260416_0,2026-04-15T18:30:00,ESCORTS,LONG,EQUITY,,,,,,,3245.476318359375,3570.023950195313,3115.657265625,v2.2,NIFTY_200_AUG2026,TradeMind Core v2.2-CloudBackfill,,,,,,,,,,,,,,,LEGACY_UNVERIFIED,TARGET_HIT,,False,,,,,,,,,,2026-04-15T18:30:00,2026-09-04T12:45:05.644579,EQUITY,NSE,,,,,,,,,,,,,,,,,2026-09-04T12:45:07.064844,,,,,0,,,,,,,,SYSTEM,1.0,1.0,1.0,1.0,,,PENDING
cloud_hist_MRF_20260416_1,2026-04-15T18:30:00,MRF,LONG,EQUITY,,,,,,,138498.265625,152348.0921875,132958.335,v2.2,NIFTY_200_AUG2026,TradeMind Core v2.2-CloudBackfill,,,,,,,,,,,,,,,LEGACY_UNVERIFIED,STOP_LOSS,,False,,,,,,,,,,2026-04-15T18:30:00,2026-09-04T12:45:05.669564,EQUITY,NSE,,,,,,,,,,,,,,,,,2026-09-04T12:45:07.064844,,,,,0,,,,,,,,SYSTEM,1.0,1.0,1.0,1.0,,,PENDING
cloud_hist_SYNGENE_20260416_1,2026-04-15T18:30:00,SYNGENE,LONG,EQUITY,,,,,,,433.4732971191406,476.8206268310547,416.13436523437497,v2.2,NIFTY_200_AUG2026,TradeMind Core v2.2-CloudBackfill,,,,,,,,,,,,,,,LEGACY_UNVERIFIED,STOP_LOSS,,False,,,,,,,,,,2026-04-15T18:30:00,2026-09-04T12:45:05.696549,EQUITY,NSE,,,,,,,,,,,,,,,,,2026-09-04T12:45:07.065843,,,,,0,,,,,,,,SYSTEM,1.0,1.0,1.0,1.0,,,PENDING
recon_ASIANPAINT_20260416_1,2026-04-15T18:30:00,ASIANPAINT,LONG,EQUITY,,,0.75,0.75,0.5,1.0,2419.31005859375,2661.241064453125,2322.53765625,v2.2,NIFTY_200_AUG2026,TradeMind-Quant-V2,v1.0.0,,,2026-04-30T18:30:00,2322.53765625,-4.0,,,,,-4.2,,,,LIVE_SHADOW_VERIFIED,STOP_LOSS,,True,,,,,-4.0,,-4.2,,,2026-08-28T11:33:03.146592,2026-08-28T11:33:03.146592,,,,,,,,,,,,,,,,,,,,,,TERMINAL,,4,,,,,,,,,,,,,,,
cloud_hist_YESBANK_20260416_0,2026-04-15T18:30:00,YESBANK,LONG,EQUITY,,,,,,,19.950000762939453,21.9450008392334,19.152000732421875,v2.2,NIFTY_200_AUG2026,TradeMind Core v2.2-CloudBackfill,,,,,,,,,,,,,,,LEGACY_UNVERIFIED,TARGET_HIT,,False,,,,,,,,,,2026-04-15T18:30:00,2026-09-04T12:45:05.701546,EQUITY,NSE,,,,,,,,,,,,,,,,,2026-09-04T12:45:07.065843,,,,,0,,,,,,,,SYSTEM,1.0,1.0,1.0,1.0,,,PENDING
cloud_hist_IRFC_20260416_0,2026-04-15T18:30:00,IRFC,LONG,EQUITY,,,,,,,103.23999786376953,113.56399765014649,99.11039794921875,v2.2,NIFTY_200_AUG2026,TradeMind Core v2.2-CloudBackfill,,,,,,,,,,,,,,,LEGACY_UNVERIFIED,TARGET_HIT,,False,,,,,,,,,,2026-04-15T18:30:00,2026-09-04T12:45:05.657571,EQUITY,NSE,,,,,,,,,,,,,,,,,2026-09-04T12:45:07.064844,,,,,0,,,,,,,,SYSTEM,1.0,1.0,1.0,1.0,,,PENDING
cloud_hist_ICICIGI_20260416_2,2026-04-15T18:30:00,ICICIGI,LONG,EQUITY,,,,,,,1879.5633544921875,2067.5196899414063,1804.3808203125,v2.2,NIFTY_200_AUG2026,TradeMind Core v2.2-CloudBackfill,,,,,,,,,,,,,,,LEGACY_UNVERIFIED,TARGET_HIT,,False,,,,,,,,,,2026-04-15T18:30:00,2026-09-04T12:45:05.612597,EQUITY,NSE,,,,,,,,,,,,,,,,,2026-09-04T12:45:07.063844,,,,,0,,,,,,,,SYSTEM,1.0,1.0,1.0,1.0,,,PENDING
cloud_hist_BEL_20260416_0,2026-04-15T18:30:00,BEL,LONG,EQUITY,,,,,,,455.0322570800781,500.535482788086,436.830966796875,v2.2,NIFTY_200_AUG2026,TradeMind Core v2.2-CloudBackfill,,,,,,,,,,,,,,,LEGACY_UNVERIFIED,TARGET_HIT,,False,,,,,,,,,,2026-04-15T18:30:00,2026-09-04T12:45:05.630586,EQUITY,NSE,,,,,,,,,,,,,,,,,2026-09-04T12:45:07.064844,,,,,0,,,,,,,,SYSTEM,1.0,1.0,1.0,1.0,,,PENDING
recon_ICICIGI_20260416_0,2026-04-15T18:30:00,ICICIGI,LONG,EQUITY,,,,,,,1879.5633544921875,2067.5196899414063,1804.3808203125,v2.2,NIFTY_200_AUG2026,TradeMind-Quant-V2,,,,,,,,,,,,,,,LEGACY_UNVERIFIED,TARGET_HIT,,False,,,,,,,,,,2026-04-15T18:30:00,2026-09-04T12:45:05.570621,EQUITY,NSE,,,,,,,,,,,,,,,,,2026-09-04T12:45:07.063844,,,,,0,,,,,,,,SYSTEM,1.0,1.0,1.0,1.0,,,PENDING
cloud_hist_ZYDUSLIFE_20260415_1,2026-04-14T18:30:00,ZYDUSLIFE,LONG,EQUITY,,,,,,,935.2095947265625,1028.730554199219,897.8012109375,v2.2,NIFTY_200_AUG2026,TradeMind Core v2.2-CloudBackfill,,,,,,,,,,,,,,,LEGACY_UNVERIFIED,STOP_LOSS,,False,,,,,,,,,,2026-04-14T18:30:00,2026-09-04T12:45:05.617594,EQUITY,NSE,,,,,,,,,,,,,,,,,2026-09-04T12:45:07.063844,,,,,0,,,,,,,,SYSTEM,1.0,1.0,1.0,1.0,,,PENDING
cloud_hist_NHPC_20260415_1,2026-04-14T18:30:00,NHPC,LONG,EQUITY,,,,,,,80.36009216308594,88.39610137939454,77.1456884765625,v2.2,NIFTY_200_AUG2026,TradeMind Core v2.2-CloudBackfill,,,,,,,,,,,,,,,LEGACY_UNVERIFIED,STOP_LOSS,,False,,,,,,,,,,2026-04-14T18:30:00,2026-09-04T12:45:05.674562,EQUITY,NSE,,,,,,,,,,,,,,,,,2026-09-04T12:45:07.064844,,,,,0,,,,,,,,SYSTEM,1.0,1.0,1.0,1.0,,,PENDING
cloud_hist_LT_20260415_1,2026-04-14T18:30:00,LT,LONG,EQUITY,,,,,,,4036.87060546875,4440.557666015626,3875.39578125,v2.2,NIFTY_200_AUG2026,TradeMind Core v2.2-CloudBackfill,,,,,,,,,,,,,,,LEGACY_UNVERIFIED,STOP_LOSS,,False,,,,,,,,,,2026-04-14T18:30:00,2026-09-04T12:45:05.667567,EQUITY,NSE,,,,,,,,,,,,,,,,,2026-09-04T12:45:07.064844,,,,,0,,,,,,,,SYSTEM,1.0,1.0,1.0,1.0,,,PENDING
cloud_hist_INDHOTEL_20260415_0,2026-04-14T18:30:00,INDHOTEL,LONG,EQUITY,,,,,,,643.5339965820312,707.8873962402345,617.79263671875,v2.2,NIFTY_200_AUG2026,TradeMind Core v2.2-CloudBackfill,,,,,,,,,,,,,,,LEGACY_UNVERIFIED,TARGET_HIT,,False,,,,,,,,,,2026-04-14T18:30:00,2026-09-04T12:45:05.660569,EQUITY,NSE,,,,,,,,,,,,,,,,,2026-09-04T12:45:07.064844,,,,,0,,,,,,,,SYSTEM,1.0,1.0,1.0,1.0,,,PENDING
cloud_hist_POWERGRID_20260415_1,2026-04-14T18:30:00,POWERGRID,LONG,EQUITY,,,,,,,312.45001220703125,343.6950134277344,299.95201171875,v2.2,NIFTY_200_AUG2026,TradeMind Core v2.2-CloudBackfill,,,,,,,,,,,,,,,LEGACY_UNVERIFIED,STOP_LOSS,,False,,,,,,,,,,2026-04-14T18:30:00,2026-09-04T12:45:05.614596,EQUITY,NSE,,,,,,,,,,,,,,,,,2026-09-04T12:45:07.063844,,,,,0,,,,,,,,SYSTEM,1.0,1.0,1.0,1.0,,,PENDING
cloud_hist_BAJAJFINSV_20260415_0,2026-04-14T18:30:00,BAJAJFINSV,LONG,EQUITY,,,,,,,1824.243408203125,2006.6677490234376,1751.273671875,v2.2,NIFTY_200_AUG2026,TradeMind Core v2.2-CloudBackfill,,,,,,,,,,,,,,,LEGACY_UNVERIFIED,TARGET_HIT,,False,,,,,,,,,,2026-04-14T18:30:00,2026-09-04T12:45:05.625589,EQUITY,NSE,,,,,,,,,,,,,,,,,2026-09-04T12:45:07.064844,,,,,0,,,,,,,,SYSTEM,1.0,1.0,1.0,1.0,,,PENDING
cloud_hist_KOTAKBANK_20260415_0,2026-04-14T18:30:00,KOTAKBANK,LONG,EQUITY,,,,,,,381.7409362792969,419.9150299072266,366.471298828125,v2.2,NIFTY_200_AUG2026,TradeMind Core v2.2-CloudBackfill,,,,,,,,,,,,,,,LEGACY_UNVERIFIED,TARGET_HIT,,False,,,,,,,,,,2026-04-14T18:30:00,2026-09-04T12:45:05.666566,EQUITY,NSE,,,,,,,,,,,,,,,,,2026-09-04T12:45:07.064844,,,,,0,,,,,,,,SYSTEM,1.0,1.0,1.0,1.0,,,PENDING
cloud_hist_CUMMINSIND_20260410_0,2026-04-09T18:30:00,CUMMINSIND,LONG,EQUITY,,,,,,,5096.42919921875,5606.072119140626,4892.57203125,v2.2,NIFTY_200_AUG2026,TradeMind Core v2.2-CloudBackfill,,,,,,,,,,,,,,,LEGACY_UNVERIFIED,TARGET_HIT,,False,,,,,,,,,,2026-04-09T18:30:00,2026-09-04T12:45:05.638582,EQUITY,NSE,,,,,,,,,,,,,,,,,2026-09-04T12:45:07.064844,,,,,0,,,,,,,,SYSTEM,1.0,1.0,1.0,1.0,,,PENDING
cloud_hist_ASIANPAINT_20260410_2,2026-04-09T18:30:00,ASIANPAINT,LONG,EQUITY,,,,,,,2340.394775390625,2574.434252929688,2246.7789843749997,v2.2,NIFTY_200_AUG2026,TradeMind Core v2.2-CloudBackfill,,,,,,,,,,,,,,,LEGACY_UNVERIFIED,TARGET_HIT,,False,,,,,,,,,,2026-04-09T18:30:00,2026-09-04T12:45:05.608599,EQUITY,NSE,,,,,,,,,,,,,,,,,2026-09-04T12:45:07.063844,,,,,0,,,,,,,,SYSTEM,1.0,1.0,1.0,1.0,,,PENDING
cloud_hist_AXISBANK_20260410_0,2026-04-09T18:30:00,AXISBANK,LONG,EQUITY,,,,,,,1349.759033203125,1484.7349365234377,1295.7686718749999,v2.2,NIFTY_200_AUG2026,TradeMind Core v2.2-CloudBackfill,,,,,,,,,,,,,,,LEGACY_UNVERIFIED,TARGET_HIT,,False,,,,,,,,,,2026-04-09T18:30:00,2026-09-04T12:45:05.623591,EQUITY,NSE,,,,,,,,,,,,,,,,,2026-09-04T12:45:07.064844,,,,,0,,,,,,,,SYSTEM,1.0,1.0,1.0,1.0,,,PENDING
recon_ASIANPAINT_20260410_0,2026-04-09T18:30:00,ASIANPAINT,LONG,EQUITY,,,0.75,0.75,0.5,1.0,2340.394775390625,2574.434252929688,2246.7789843749997,v2.2,NIFTY_200_AUG2026,TradeMind-Quant-V2,v1.0.0,,,2026-04-24T18:30:00,2574.434252929688,10.0,,,,,9.8,,,,LIVE_SHADOW_VERIFIED,TARGET_HIT,,True,,,,,10.0,,9.8,,,2026-08-28T11:33:03.146592,2026-08-28T11:33:03.146592,,,,,,,,,,,,,,,,,,,,,,TERMINAL,,4,,,,,,,,,,,,,,,
cloud_hist_SIEMENS_20260410_1,2026-04-09T18:30:00,SIEMENS,LONG,EQUITY,,,,,,,3371.930419921875,3709.123461914063,3237.053203125,v2.2,NIFTY_200_AUG2026,TradeMind Core v2.2-CloudBackfill,,,,,,,,,,,,,,,LEGACY_UNVERIFIED,STOP_LOSS,,False,,,,,,,,,,2026-04-09T18:30:00,2026-09-04T12:45:05.692552,EQUITY,NSE,,,,,,,,,,,,,,,,,2026-09-04T12:45:07.065843,,,,,0,,,,,,,,SYSTEM,1.0,1.0,1.0,1.0,,,PENDING
cloud_hist_ABB_20260408_1,2026-04-07T18:30:00,ABB,LONG,EQUITY,,,,,,,6462.18359375,7108.401953125001,6203.69625,v2.2,NIFTY_200_AUG2026,TradeMind Core v2.2-CloudBackfill,,,,,,,,,,,,,,,LEGACY_UNVERIFIED,STOP_LOSS,,False,,,,,,,,,,2026-04-07T18:30:00,2026-09-04T12:45:05.587602,EQUITY,NSE,,,,,,,,,,,,,,,,,2026-09-04T12:45:07.063844,,,,,0,,,,,,,,SYSTEM,1.0,1.0,1.0,1.0,,,PENDING
cloud_hist_INDIANB_20260408_0,2026-04-07T18:30:00,INDIANB,LONG,EQUITY,,,,,,,936.5490112304688,1030.2039123535158,899.08705078125,v2.2,NIFTY_200_AUG2026,TradeMind Core v2.2-CloudBackfill,,,,,,,,,,,,,,,LEGACY_UNVERIFIED,TARGET_HIT,,False,,,,,,,,,,2026-04-07T18:30:00,2026-09-04T12:45:05.661568,EQUITY,NSE,,,,,,,,,,,,,,,,,2026-09-04T12:45:07.064844,,,,,0,,,,,,,,SYSTEM,1.0,1.0,1.0,1.0,,,PENDING
cloud_hist_JUBLFOOD_20260407_0,2026-04-06T18:30:00,JUBLFOOD,SHORT,EQUITY,,,,,,,411.9783630371094,370.78052673339846,428.4574975585938,v2.2,NIFTY_200_AUG2026,TradeMind Core v2.2-CloudBackfill,,,,,,,,,,,,,,,LEGACY_UNVERIFIED,TARGET_HIT,,False,,,,,,,,,,2026-04-06T18:30:00,2026-09-04T12:45:05.613596,EQUITY,NSE,,,,,,,,,,,,,,,,,2026-09-04T12:45:07.063844,,,,,0,,,,,,,,SYSTEM,1.0,1.0,1.0,1.0,,,PENDING
recon_RELIANCE_20260406_0,2026-04-05T18:30:00,RELIANCE,SHORT,EQUITY,,,,,,,1298.6953125,1168.82578125,1350.643125,v2.2,NIFTY_200_AUG2026,TradeMind-Quant-V2,,,,,,,,,,,,,,,LEGACY_UNVERIFIED,TARGET_HIT,,False,,,,,,,,,,2026-04-05T18:30:00,2026-09-04T12:45:05.594608,EQUITY,NSE,,,,,,,,,,,,,,,,,2026-09-04T12:45:07.063844,,,,,0,,,,,,,,SYSTEM,1.0,1.0,1.0,1.0,,,PENDING
cloud_hist_RELIANCE_20260406_2,2026-04-05T18:30:00,RELIANCE,SHORT,EQUITY,,,,,,,1298.6953125,1168.82578125,1350.643125,v2.2,NIFTY_200_AUG2026,TradeMind Core v2.2-CloudBackfill,,,,,,,,,,,,,,,LEGACY_UNVERIFIED,TARGET_HIT,,False,,,,,,,,,,2026-04-05T18:30:00,2026-09-04T12:45:05.686556,EQUITY,NSE,,,,,,,,,,,,,,,,,2026-09-04T12:45:07.064844,,,,,0,,,,,,,,SYSTEM,1.0,1.0,1.0,1.0,,,PENDING
cloud_hist_HEROMOTOCO_20260402_0,2026-04-01T18:30:00,HEROMOTOCO,SHORT,EQUITY,,,,,,,4938.85302734375,4444.967724609375,5136.4071484375,v2.2,NIFTY_200_AUG2026,TradeMind Core v2.2-CloudBackfill,,,,,,,,,,,,,,,LEGACY_UNVERIFIED,TARGET_HIT,,False,,,,,,,,,,2026-04-01T18:30:00,2026-09-04T12:45:05.652574,EQUITY,NSE,,,,,,,,,,,,,,,,,2026-09-04T12:45:07.064844,,,,,0,,,,,,,,SYSTEM,1.0,1.0,1.0,1.0,,,PENDING
cloud_hist_TECHM_20260402_0,2026-04-01T18:30:00,TECHM,LONG,EQUITY,,,,,,,1404.98828125,1545.487109375,1348.78875,v2.2,NIFTY_200_AUG2026,TradeMind Core v2.2-CloudBackfill,,,,,,,,,,,,,,,LEGACY_UNVERIFIED,TARGET_HIT,,False,,,,,,,,,,2026-04-01T18:30:00,2026-09-04T12:45:05.702545,EQUITY,NSE,,,,,,,,,,,,,,,,,2026-09-04T12:45:07.065843,,,,,0,,,,,,,,SYSTEM,1.0,1.0,1.0,1.0,,,PENDING
cloud_hist_HDFCLIFE_20260401_1,2026-03-31T18:30:00,HDFCLIFE,SHORT,EQUITY,,,,,,,570.9151611328125,513.8236450195312,593.751767578125,v2.2,NIFTY_200_AUG2026,TradeMind Core v2.2-CloudBackfill,,,,,,,,,,,,,,,LEGACY_UNVERIFIED,STOP_LOSS,,False,,,,,,,,,,2026-03-31T18:30:00,2026-09-04T12:45:05.651575,EQUITY,NSE,,,,,,,,,,,,,,,,,2026-09-04T12:45:07.064844,,,,,0,,,,,,,,SYSTEM,1.0,1.0,1.0,1.0,,,PENDING
recon_SUPREMEIND_20260401_0,2026-03-31T18:30:00,SUPREMEIND,SHORT,EQUITY,,,,,,,3632.7119140625,3269.4407226562503,3778.0203906250003,v2.2,NIFTY_200_AUG2026,TradeMind-Quant-V2,,,,,,,,,,,,,,,LEGACY_UNVERIFIED,TARGET_HIT,,False,,,,,,,,,,2026-03-31T18:30:00,2026-09-04T12:45:05.599604,EQUITY,NSE,,,,,,,,,,,,,,,,,2026-09-04T12:45:07.063844,,,,,0,,,,,,,,SYSTEM,1.0,1.0,1.0,1.0,,,PENDING
cloud_hist_SUPREMEIND_20260401_2,2026-03-31T18:30:00,SUPREMEIND,SHORT,EQUITY,,,,,,,3632.7119140625,3269.4407226562503,3778.0203906250003,v2.2,NIFTY_200_AUG2026,TradeMind Core v2.2-CloudBackfill,,,,,,,,,,,,,,,LEGACY_UNVERIFIED,TARGET_HIT,,False,,,,,,,,,,2026-03-31T18:30:00,2026-09-04T12:45:05.695550,EQUITY,NSE,,,,,,,,,,,,,,,,,2026-09-04T12:45:07.065843,,,,,0,,,,,,,,SYSTEM,1.0,1.0,1.0,1.0,,,PENDING
cloud_hist_ITC_20260330_0,2026-03-29T18:30:00,ITC,SHORT,EQUITY,,,,,,,280.0699768066406,252.06297912597657,291.27277587890626,v2.2,NIFTY_200_AUG2026,TradeMind Core v2.2-CloudBackfill,,,,,,,,,,,,,,,LEGACY_UNVERIFIED,TARGET_HIT,,False,,,,,,,,,,2026-03-29T18:30:00,2026-09-04T12:45:05.656572,EQUITY,NSE,,,,,,,,,,,,,,,,,2026-09-04T12:45:07.064844,,,,,0,,,,,,,,SYSTEM,1.0,1.0,1.0,1.0,,,PENDING
cloud_hist_SIEMENS_20260330_0,2026-03-29T18:30:00,SIEMENS,SHORT,EQUITY,,,,,,,2920.64794921875,2628.583154296875,3037.4738671875,v2.2,NIFTY_200_AUG2026,TradeMind Core v2.2-CloudBackfill,,,,,,,,,,,,,,,LEGACY_UNVERIFIED,TARGET_HIT,,False,,,,,,,,,,2026-03-29T18:30:00,2026-09-04T12:45:05.692552,EQUITY,NSE,,,,,,,,,,,,,,,,,2026-09-04T12:45:07.065843,,,,,0,,,,,,,,SYSTEM,1.0,1.0,1.0,1.0,,,PENDING
cloud_hist_BANKBARODA_20260330_1,2026-03-29T18:30:00,BANKBARODA,SHORT,EQUITY,,,,,,,239.84254455566406,215.85829010009766,249.43624633789062,v2.2,NIFTY_200_AUG2026,TradeMind Core v2.2-CloudBackfill,,,,,,,,,,,,,,,LEGACY_UNVERIFIED,STOP_LOSS,,False,,,,,,,,,,2026-03-29T18:30:00,2026-09-04T12:45:05.628588,EQUITY,NSE,,,,,,,,,,,,,,,,,2026-09-04T12:45:07.064844,,,,,0,,,,,,,,SYSTEM,1.0,1.0,1.0,1.0,,,PENDING
cloud_hist_EICHERMOT_20260330_1,2026-03-29T18:30:00,EICHERMOT,SHORT,EQUITY,,,,,,,6517.7470703125,5865.97236328125,6778.456953125,v2.2,NIFTY_200_AUG2026,TradeMind Core v2.2-CloudBackfill,,,,,,,,,,,,,,,LEGACY_UNVERIFIED,STOP_LOSS,,False,,,,,,,,,,2026-03-29T18:30:00,2026-09-04T12:45:05.644579,EQUITY,NSE,,,,,,,,,,,,,,,,,2026-09-04T12:45:07.064844,,,,,0,,,,,,,,SYSTEM,1.0,1.0,1.0,1.0,,,PENDING
cloud_hist_IOC_20260330_3,2026-03-29T18:30:00,IOC,SHORT,EQUITY,,,,,,,134.20387268066406,120.78348541259766,139.57202758789063,v2.2,NIFTY_200_AUG2026,TradeMind Core v2.2-CloudBackfill,,,,,,,,,,,,,,,LEGACY_UNVERIFIED,STOP_LOSS,,False,,,,,,,,,,2026-03-29T18:30:00,2026-09-04T12:45:05.664567,EQUITY,NSE,,,,,,,,,,,,,,,,,2026-09-04T12:45:07.064844,,,,,0,,,,,,,,SYSTEM,1.0,1.0,1.0,1.0,,,PENDING
cloud_hist_BANDHANBNK_20260330_0,2026-03-29T18:30:00,BANDHANBNK,SHORT,EQUITY,,,,,,,141.35000610351562,127.21500549316407,147.00400634765626,v2.2,NIFTY_200_AUG2026,TradeMind Core v2.2-CloudBackfill,,,,,,,,,,,,,,,LEGACY_UNVERIFIED,TARGET_HIT,,False,,,,,,,,,,2026-03-29T18:30:00,2026-09-04T12:45:05.627588,EQUITY,NSE,,,,,,,,,,,,,,,,,2026-09-04T12:45:07.064844,,,,,0,,,,,,,,SYSTEM,1.0,1.0,1.0,1.0,,,PENDING
cloud_hist_PATANJALI_20260330_1,2026-03-29T18:30:00,PATANJALI,SHORT,EQUITY,,,,,,,458.0354309082031,412.2318878173828,476.3568481445313,v2.2,NIFTY_200_AUG2026,TradeMind Core v2.2-CloudBackfill,,,,,,,,,,,,,,,LEGACY_UNVERIFIED,STOP_LOSS,,False,,,,,,,,,,2026-03-29T18:30:00,2026-09-04T12:45:05.614596,EQUITY,NSE,,,,,,,,,,,,,,,,,2026-09-04T12:45:07.063844,,,,,0,,,,,,,,SYSTEM,1.0,1.0,1.0,1.0,,,PENDING
cloud_hist_BAJAJHLDNG_20260330_0,2026-03-29T18:30:00,BAJAJHLDNG,SHORT,EQUITY,,,,,,,8638.65625,7774.790625000001,8984.2025,v2.2,NIFTY_200_AUG2026,TradeMind Core v2.2-CloudBackfill,,,,,,,,,,,,,,,LEGACY_UNVERIFIED,TARGET_HIT,,False,,,,,,,,,,2026-03-29T18:30:00,2026-09-04T12:45:05.626589,EQUITY,NSE,,,,,,,,,,,,,,,,,2026-09-04T12:45:07.064844,,,,,0,,,,,,,,SYSTEM,1.0,1.0,1.0,1.0,,,PENDING
cloud_hist_BANKINDIA_20260330_1,2026-03-29T18:30:00,BANKINDIA,SHORT,EQUITY,,,,,,,132.65664672851562,119.39098205566407,137.96291259765624,v2.2,NIFTY_200_AUG2026,TradeMind Core v2.2-CloudBackfill,,,,,,,,,,,,,,,LEGACY_UNVERIFIED,STOP_LOSS,,False,,,,,,,,,,2026-03-29T18:30:00,2026-09-04T12:45:05.629587,EQUITY,NSE,,,,,,,,,,,,,,,,,2026-09-04T12:45:07.064844,,,,,0,,,,,,,,SYSTEM,1.0,1.0,1.0,1.0,,,PENDING
cloud_hist_ICICIPRULI_20260330_2,2026-03-29T18:30:00,ICICIPRULI,SHORT,EQUITY,,,,,,,507.78778076171875,457.0090026855469,528.0992919921875,v2.2,NIFTY_200_AUG2026,TradeMind Core v2.2-CloudBackfill,,,,,,,,,,,,,,,LEGACY_UNVERIFIED,TARGET_HIT,,False,,,,,,,,,,2026-03-29T18:30:00,2026-09-04T12:45:05.613596,EQUITY,NSE,,,,,,,,,,,,,,,,,2026-09-04T12:45:07.063844,,,,,0,,,,,,,,SYSTEM,1.0,1.0,1.0,1.0,,,PENDING
recon_ICICIPRULI_20260330_0,2026-03-29T18:30:00,ICICIPRULI,SHORT,EQUITY,,,,,,,507.78778076171875,457.0090026855469,528.0992919921875,v2.2,NIFTY_200_AUG2026,TradeMind-Quant-V2,,,,,,,,,,,,,,,LEGACY_UNVERIFIED,TARGET_HIT,,False,,,,,,,,,,2026-03-29T18:30:00,2026-09-04T12:45:05.570621,EQUITY,NSE,,,,,,,,,,,,,,,,,2026-09-04T12:45:07.063844,,,,,0,,,,,,,,SYSTEM,1.0,1.0,1.0,1.0,,,PENDING
cloud_hist_SBICARD_20260330_0,2026-03-29T18:30:00,SBICARD,SHORT,EQUITY,,,,,,,635.4500122070312,571.9050109863282,660.8680126953125,v2.2,NIFTY_200_AUG2026,TradeMind Core v2.2-CloudBackfill,,,,,,,,,,,,,,,LEGACY_UNVERIFIED,TARGET_HIT,,False,,,,,,,,,,2026-03-29T18:30:00,2026-09-04T12:45:05.686556,EQUITY,NSE,,,,,,,,,,,,,,,,,2026-09-04T12:45:07.064844,,,,,0,,,,,,,,SYSTEM,1.0,1.0,1.0,1.0,,,PENDING
recon_IOC_20260330_1,2026-03-29T18:30:00,IOC,SHORT,EQUITY,,,,,,,134.20387268066406,120.78348541259766,139.57202758789063,v2.2,NIFTY_200_AUG2026,TradeMind-Quant-V2,,,,,,,,,,,,,,,LEGACY_UNVERIFIED,STOP_LOSS,,False,,,,,,,,,,2026-03-29T18:30:00,2026-09-04T12:45:05.574618,EQUITY,NSE,,,,,,,,,,,,,,,,,2026-09-04T12:45:07.063844,,,,,0,,,,,,,,SYSTEM,1.0,1.0,1.0,1.0,,,PENDING
cloud_hist_ACC_20260327_0,2026-03-26T18:30:00,ACC,SHORT,EQUITY,,,,,,,1306.8385009765625,1176.1546508789063,1359.112041015625,v2.2,NIFTY_200_AUG2026,TradeMind Core v2.2-CloudBackfill,,,,,,,,,,,,,,,LEGACY_UNVERIFIED,TARGET_HIT,,False,,,,,,,,,,2026-03-26T18:30:00,2026-09-04T12:45:05.588601,EQUITY,NSE,,,,,,,,,,,,,,,,,2026-09-04T12:45:07.063844,,,,,0,,,,,,,,SYSTEM,1.0,1.0,1.0,1.0,,,PENDING
cloud_hist_ASIANPAINT_20260323_1,2026-03-22T18:30:00,ASIANPAINT,SHORT,EQUITY,,,,,,,2103.053955078125,1892.7485595703126,2187.17611328125,v2.2,NIFTY_200_AUG2026,TradeMind Core v2.2-CloudBackfill,,,,,,,,,,,,,,,LEGACY_UNVERIFIED,STOP_LOSS,,False,,,,,,,,,,2026-03-22T18:30:00,2026-09-04T12:45:05.608599,EQUITY,NSE,,,,,,,,,,,,,,,,,2026-09-04T12:45:07.063844,,,,,0,,,,,,,,SYSTEM,1.0,1.0,1.0,1.0,,,PENDING
cloud_hist_BANKBARODA_20260323_0,2026-03-22T18:30:00,BANKBARODA,SHORT,EQUITY,,,,,,,257.5691833496094,231.81226501464843,267.87195068359375,v2.2,NIFTY_200_AUG2026,TradeMind Core v2.2-CloudBackfill,,,,,,,,,,,,,,,LEGACY_UNVERIFIED,TARGET_HIT,,False,,,,,,,,,,2026-03-22T18:30:00,2026-09-04T12:45:05.628588,EQUITY,NSE,,,,,,,,,,,,,,,,,2026-09-04T12:45:07.064844,,,,,0,,,,,,,,SYSTEM,1.0,1.0,1.0,1.0,,,PENDING
cloud_hist_MRF_20260323_0,2026-03-22T18:30:00,MRF,SHORT,EQUITY,,,,,,,124757.25,112281.52500000001,129747.54000000001,v2.2,NIFTY_200_AUG2026,TradeMind Core v2.2-CloudBackfill,,,,,,,,,,,,,,,LEGACY_UNVERIFIED,TARGET_HIT,,False,,,,,,,,,,2026-03-22T18:30:00,2026-09-04T12:45:05.669564,EQUITY,NSE,,,,,,,,,,,,,,,,,2026-09-04T12:45:07.064844,,,,,0,,,,,,,,SYSTEM,1.0,1.0,1.0,1.0,,,PENDING
cloud_hist_HDFCLIFE_20260323_0,2026-03-22T18:30:00,HDFCLIFE,SHORT,EQUITY,,,,,,,589.9971313476562,530.9974182128907,613.5970166015625,v2.2,NIFTY_200_AUG2026,TradeMind Core v2.2-CloudBackfill,,,,,,,,,,,,,,,LEGACY_UNVERIFIED,TARGET_HIT,,False,,,,,,,,,,2026-03-22T18:30:00,2026-09-04T12:45:05.651575,EQUITY,NSE,,,,,,,,,,,,,,,,,2026-09-04T12:45:07.064844,,,,,0,,,,,,,,SYSTEM,1.0,1.0,1.0,1.0,,,PENDING
recon_MARUTI_20260323_0,2026-03-22T18:30:00,MARUTI,SHORT,EQUITY,,,,,,,12232.15234375,11008.937109375,12721.4384375,v2.2,NIFTY_200_AUG2026,TradeMind-Quant-V2,,,,,,,,,,,,,,,LEGACY_UNVERIFIED,TARGET_HIT,,False,,,,,,,,,,2026-03-22T18:30:00,2026-09-04T12:45:05.581605,EQUITY,NSE,,,,,,,,,,,,,,,,,2026-09-04T12:45:07.063844,,,,,0,,,,,,,,SYSTEM,1.0,1.0,1.0,1.0,,,PENDING
cloud_hist_JSWSTEEL_20260323_0,2026-03-22T18:30:00,JSWSTEEL,SHORT,EQUITY,,,,,,,1103.262939453125,992.9366455078125,1147.3934570312501,v2.2,NIFTY_200_AUG2026,TradeMind Core v2.2-CloudBackfill,,,,,,,,,,,,,,,LEGACY_UNVERIFIED,TARGET_HIT,,False,,,,,,,,,,2026-03-22T18:30:00,2026-09-04T12:45:05.658570,EQUITY,NSE,,,,,,,,,,,,,,,,,2026-09-04T12:45:07.064844,,,,,0,,,,,,,,SYSTEM,1.0,1.0,1.0,1.0,,,PENDING
cloud_hist_INDUSTOWER_20260323_1,2026-03-22T18:30:00,INDUSTOWER,SHORT,EQUITY,,,,,,,398.5989685058594,358.73907165527345,414.54292724609377,v2.2,NIFTY_200_AUG2026,TradeMind Core v2.2-CloudBackfill,,,,,,,,,,,,,,,LEGACY_UNVERIFIED,STOP_LOSS,,False,,,,,,,,,,2026-03-22T18:30:00,2026-09-04T12:45:05.663568,EQUITY,NSE,,,,,,,,,,,,,,,,,2026-09-04T12:45:07.064844,,,,,0,,,,,,,,SYSTEM,1.0,1.0,1.0,1.0,,,PENDING
cloud_hist_BPCL_20260323_0,2026-03-22T18:30:00,BPCL,SHORT,EQUITY,,,,,,,271.29998779296875,244.16998901367188,282.1519873046875,v2.2,NIFTY_200_AUG2026,TradeMind Core v2.2-CloudBackfill,,,,,,,,,,,,,,,LEGACY_UNVERIFIED,TARGET_HIT,,False,,,,,,,,,,2026-03-22T18:30:00,2026-09-04T12:45:05.631586,EQUITY,NSE,,,,,,,,,,,,,,,,,2026-09-04T12:45:07.064844,,,,,0,,,,,,,,SYSTEM,1.0,1.0,1.0,1.0,,,PENDING
cloud_hist_IOC_20260323_2,2026-03-22T18:30:00,IOC,SHORT,EQUITY,,,,,,,136.8899383544922,123.20094451904298,142.36553588867187,v2.2,NIFTY_200_AUG2026,TradeMind Core v2.2-CloudBackfill,,,,,,,,,,,,,,,LEGACY_UNVERIFIED,TARGET_HIT,,False,,,,,,,,,,2026-03-22T18:30:00,2026-09-04T12:45:05.664567,EQUITY,NSE,,,,,,,,,,,,,,,,,2026-09-04T12:45:07.064844,,,,,0,,,,,,,,SYSTEM,1.0,1.0,1.0,1.0,,,PENDING
cloud_hist_MARICO_20260323_0,2026-03-22T18:30:00,MARICO,SHORT,EQUITY,,,,,,,721.998291015625,649.7984619140625,750.87822265625,v2.2,NIFTY_200_AUG2026,TradeMind Core v2.2-CloudBackfill,,,,,,,,,,,,,,,LEGACY_UNVERIFIED,TARGET_HIT,,False,,,,,,,,,,2026-03-22T18:30:00,2026-09-04T12:45:05.671553,EQUITY,NSE,,,,,,,,,,,,,,,,,2026-09-04T12:45:07.064844,,,,,0,,,,,,,,SYSTEM,1.0,1.0,1.0,1.0,,,PENDING
recon_IOC_20260323_0,2026-03-22T18:30:00,IOC,SHORT,EQUITY,,,,,,,136.8899383544922,123.20094451904298,142.36553588867187,v2.2,NIFTY_200_AUG2026,TradeMind-Quant-V2,,,,,,,,,,,,,,,LEGACY_UNVERIFIED,TARGET_HIT,,False,,,,,,,,,,2026-03-22T18:30:00,2026-09-04T12:45:05.574618,EQUITY,NSE,,,,,,,,,,,,,,,,,2026-09-04T12:45:07.063844,,,,,0,,,,,,,,SYSTEM,1.0,1.0,1.0,1.0,,,PENDING
cloud_hist_ASTRAL_20260323_0,2026-03-22T18:30:00,ASTRAL,SHORT,EQUITY,,,,,,,1553.8560791015625,1398.4704711914062,1616.010322265625,v2.2,NIFTY_200_AUG2026,TradeMind Core v2.2-CloudBackfill,,,,,,,,,,,,,,,LEGACY_UNVERIFIED,TARGET_HIT,,False,,,,,,,,,,2026-03-22T18:30:00,2026-09-04T12:45:05.608599,EQUITY,NSE,,,,,,,,,,,,,,,,,2026-09-04T12:45:07.063844,,,,,0,,,,,,,,SYSTEM,1.0,1.0,1.0,1.0,,,PENDING
cloud_hist_MARUTI_20260323_2,2026-03-22T18:30:00,MARUTI,SHORT,EQUITY,,,,,,,12232.15234375,11008.937109375,12721.4384375,v2.2,NIFTY_200_AUG2026,TradeMind Core v2.2-CloudBackfill,,,,,,,,,,,,,,,LEGACY_UNVERIFIED,TARGET_HIT,,False,,,,,,,,,,2026-03-22T18:30:00,2026-09-04T12:45:05.671553,EQUITY,NSE,,,,,,,,,,,,,,,,,2026-09-04T12:45:07.064844,,,,,0,,,,,,,,SYSTEM,1.0,1.0,1.0,1.0,,,PENDING
cloud_hist_SUPREMEIND_20260323_1,2026-03-22T18:30:00,SUPREMEIND,SHORT,EQUITY,,,,,,,3678.48828125,3310.6394531250003,3825.6278125000003,v2.2,NIFTY_200_AUG2026,TradeMind Core v2.2-CloudBackfill,,,,,,,,,,,,,,,LEGACY_UNVERIFIED,STOP_LOSS,,False,,,,,,,,,,2026-03-22T18:30:00,2026-09-04T12:45:05.695550,EQUITY,NSE,,,,,,,,,,,,,,,,,2026-09-04T12:45:07.065843,,,,,0,,,,,,,,SYSTEM,1.0,1.0,1.0,1.0,,,PENDING
cloud_hist_LT_20260323_0,2026-03-22T18:30:00,LT,SHORT,EQUITY,,,,,,,3310.0693359375,2979.06240234375,3442.472109375,v2.2,NIFTY_200_AUG2026,TradeMind Core v2.2-CloudBackfill,,,,,,,,,,,,,,,LEGACY_UNVERIFIED,TARGET_HIT,,False,,,,,,,,,,2026-03-22T18:30:00,2026-09-04T12:45:05.667567,EQUITY,NSE,,,,,,,,,,,,,,,,,2026-09-04T12:45:07.064844,,,,,0,,,,,,,,SYSTEM,1.0,1.0,1.0,1.0,,,PENDING
cloud_hist_ICICIPRULI_20260320_1,2026-03-19T18:30:00,ICICIPRULI,SHORT,EQUITY,,,,,,,550.1906127929688,495.1715515136719,572.1982373046875,v2.2,NIFTY_200_AUG2026,TradeMind Core v2.2-CloudBackfill,,,,,,,,,,,,,,,LEGACY_UNVERIFIED,STOP_LOSS,,False,,,,,,,,,,2026-03-19T18:30:00,2026-09-04T12:45:05.613596,EQUITY,NSE,,,,,,,,,,,,,,,,,2026-09-04T12:45:07.063844,,,,,0,,,,,,,,SYSTEM,1.0,1.0,1.0,1.0,,,PENDING
cloud_hist_BANKINDIA_20260319_0,2026-03-18T18:30:00,BANKINDIA,SHORT,EQUITY,,,,,,,141.15890502929688,127.04301452636719,146.80526123046874,v2.2,NIFTY_200_AUG2026,TradeMind Core v2.2-CloudBackfill,,,,,,,,,,,,,,,LEGACY_UNVERIFIED,TARGET_HIT,,False,,,,,,,,,,2026-03-18T18:30:00,2026-09-04T12:45:05.629587,EQUITY,NSE,,,,,,,,,,,,,,,,,2026-09-04T12:45:07.064844,,,,,0,,,,,,,,SYSTEM,1.0,1.0,1.0,1.0,,,PENDING
cloud_hist_ZYDUSLIFE_20260319_0,2026-03-18T18:30:00,ZYDUSLIFE,SHORT,EQUITY,,,,,,,875.3634033203125,787.8270629882812,910.377939453125,v2.2,NIFTY_200_AUG2026,TradeMind Core v2.2-CloudBackfill,,,,,,,,,,,,,,,LEGACY_UNVERIFIED,TARGET_HIT,,False,,,,,,,,,,2026-03-18T18:30:00,2026-09-04T12:45:05.617594,EQUITY,NSE,,,,,,,,,,,,,,,,,2026-09-04T12:45:07.063844,,,,,0,,,,,,,,SYSTEM,1.0,1.0,1.0,1.0,,,PENDING
cloud_hist_AMBUJACEM_20260319_0,2026-03-18T18:30:00,AMBUJACEM,SHORT,EQUITY,,,,,,,417.8815612792969,376.0934051513672,434.59682373046877,v2.2,NIFTY_200_AUG2026,TradeMind Core v2.2-CloudBackfill,,,,,,,,,,,,,,,LEGACY_UNVERIFIED,TARGET_HIT,,False,,,,,,,,,,2026-03-18T18:30:00,2026-09-04T12:45:05.621592,EQUITY,NSE,,,,,,,,,,,,,,,,,2026-09-04T12:45:07.064844,,,,,0,,,,,,,,SYSTEM,1.0,1.0,1.0,1.0,,,PENDING
cloud_hist_ICICIGI_20260319_1,2026-03-18T18:30:00,ICICIGI,SHORT,EQUITY,,,,,,,1785.3212890625,1606.78916015625,1856.734140625,v2.2,NIFTY_200_AUG2026,TradeMind Core v2.2-CloudBackfill,,,,,,,,,,,,,,,LEGACY_UNVERIFIED,STOP_LOSS,,False,,,,,,,,,,2026-03-18T18:30:00,2026-09-04T12:45:05.612597,EQUITY,NSE,,,,,,,,,,,,,,,,,2026-09-04T12:45:07.063844,,,,,0,,,,,,,,SYSTEM,1.0,1.0,1.0,1.0,,,PENDING
cloud_hist_BRITANNIA_20260319_0,2026-03-18T18:30:00,BRITANNIA,SHORT,EQUITY,,,,,,,5580.55908203125,5022.503173828125,5803.7814453125,v2.2,NIFTY_200_AUG2026,TradeMind Core v2.2-CloudBackfill,,,,,,,,,,,,,,,LEGACY_UNVERIFIED,TARGET_HIT,,False,,,,,,,,,,2026-03-18T18:30:00,2026-09-04T12:45:05.610598,EQUITY,NSE,,,,,,,,,,,,,,,,,2026-09-04T12:45:07.063844,,,,,0,,,,,,,,SYSTEM,1.0,1.0,1.0,1.0,,,PENDING
cloud_hist_PATANJALI_20260319_0,2026-03-18T18:30:00,PATANJALI,SHORT,EQUITY,,,,,,,472.5311584472656,425.2780426025391,491.4324047851563,v2.2,NIFTY_200_AUG2026,TradeMind Core v2.2-CloudBackfill,,,,,,,,,,,,,,,LEGACY_UNVERIFIED,TARGET_HIT,,False,,,,,,,,,,2026-03-18T18:30:00,2026-09-04T12:45:05.683560,EQUITY,NSE,,,,,,,,,,,,,,,,,2026-09-04T12:45:07.064844,,,,,0,,,,,,,,SYSTEM,1.0,1.0,1.0,1.0,,,PENDING
cloud_hist_NHPC_20260318_0,2026-03-17T18:30:00,NHPC,LONG,EQUITY,,,,,,,77.14888000488281,84.8637680053711,74.0629248046875,v2.2,NIFTY_200_AUG2026,TradeMind Core v2.2-CloudBackfill,,,,,,,,,,,,,,,LEGACY_UNVERIFIED,TARGET_HIT,,False,,,,,,,,,,2026-03-17T18:30:00,2026-09-04T12:45:05.674562,EQUITY,NSE,,,,,,,,,,,,,,,,,2026-09-04T12:45:07.064844,,,,,0,,,,,,,,SYSTEM,1.0,1.0,1.0,1.0,,,PENDING
cloud_hist_IOC_20260316_1,2026-03-15T18:30:00,IOC,SHORT,EQUITY,,,,,,,147.64410400390625,132.87969360351562,153.5498681640625,v2.2,NIFTY_200_AUG2026,TradeMind Core v2.2-CloudBackfill,,,,,,,,,,,,,,,LEGACY_UNVERIFIED,STOP_LOSS,,False,,,,,,,,,,2026-03-15T18:30:00,2026-09-04T12:45:05.664567,EQUITY,NSE,,,,,,,,,,,,,,,,,2026-09-04T12:45:07.064844,,,,,0,,,,,,,,SYSTEM,1.0,1.0,1.0,1.0,,,PENDING
cloud_hist_INDUSTOWER_20260313_0,2026-03-12T18:30:00,INDUSTOWER,SHORT,EQUITY,,,,,,,408.5735778808594,367.7162200927734,424.91652099609377,v2.2,NIFTY_200_AUG2026,TradeMind Core v2.2-CloudBackfill,,,,,,,,,,,,,,,LEGACY_UNVERIFIED,TARGET_HIT,,False,,,,,,,,,,2026-03-12T18:30:00,2026-09-04T12:45:05.662568,EQUITY,NSE,,,,,,,,,,,,,,,,,2026-09-04T12:45:07.064844,,,,,0,,,,,,,,SYSTEM,1.0,1.0,1.0,1.0,,,PENDING
cloud_hist_MARUTI_20260312_1,2026-03-11T18:30:00,MARUTI,SHORT,EQUITY,,,,,,,12881.62890625,11593.466015625001,13396.8940625,v2.2,NIFTY_200_AUG2026,TradeMind Core v2.2-CloudBackfill,,,,,,,,,,,,,,,LEGACY_UNVERIFIED,STOP_LOSS,,False,,,,,,,,,,2026-03-11T18:30:00,2026-09-04T12:45:05.671553,EQUITY,NSE,,,,,,,,,,,,,,,,,2026-09-04T12:45:07.064844,,,,,0,,,,,,,,SYSTEM,1.0,1.0,1.0,1.0,,,PENDING
cloud_hist_EICHERMOT_20260312_0,2026-03-11T18:30:00,EICHERMOT,SHORT,EQUITY,,,,,,,6903.21044921875,6212.889404296875,7179.3388671875,v2.2,NIFTY_200_AUG2026,TradeMind Core v2.2-CloudBackfill,,,,,,,,,,,,,,,LEGACY_UNVERIFIED,TARGET_HIT,,False,,,,,,,,,,2026-03-11T18:30:00,2026-09-04T12:45:05.644579,EQUITY,NSE,,,,,,,,,,,,,,,,,2026-09-04T12:45:07.064844,,,,,0,,,,,,,,SYSTEM,1.0,1.0,1.0,1.0,,,PENDING
cloud_hist_BHARTIARTL_20260311_0,2026-03-10T18:30:00,BHARTIARTL,SHORT,EQUITY,,,,,,,1784.5411376953125,1606.0870239257813,1855.9227832031252,v2.2,NIFTY_200_AUG2026,TradeMind Core v2.2-CloudBackfill,,,,,,,,,,,,,,,LEGACY_UNVERIFIED,TARGET_HIT,,False,,,,,,,,,,2026-03-10T18:30:00,2026-09-04T12:45:05.632585,EQUITY,NSE,,,,,,,,,,,,,,,,,2026-09-04T12:45:07.064844,,,,,0,,,,,,,,SYSTEM,1.0,1.0,1.0,1.0,,,PENDING
cloud_hist_ABB_20260311_0,2026-03-10T18:30:00,ABB,LONG,EQUITY,,,,,,,6181.6474609375,6799.81220703125,5934.3815625,v2.2,NIFTY_200_AUG2026,TradeMind Core v2.2-CloudBackfill,,,,,,,,,,,,,,,LEGACY_UNVERIFIED,TARGET_HIT,,False,,,,,,,,,,2026-03-10T18:30:00,2026-09-04T12:45:05.587602,EQUITY,NSE,,,,,,,,,,,,,,,,,2026-09-04T12:45:07.063844,,,,,0,,,,,,,,SYSTEM,1.0,1.0,1.0,1.0,,,PENDING
cloud_hist_IOC_20260306_0,2026-03-05T18:30:00,IOC,SHORT,EQUITY,,,,,,,165.1082000732422,148.59738006591797,171.71252807617188,v2.2,NIFTY_200_AUG2026,TradeMind Core v2.2-CloudBackfill,,,,,,,,,,,,,,,LEGACY_UNVERIFIED,TARGET_HIT,,False,,,,,,,,,,2026-03-05T18:30:00,2026-09-04T12:45:05.664567,EQUITY,NSE,,,,,,,,,,,,,,,,,2026-09-04T12:45:07.064844,,,,,0,,,,,,,,SYSTEM,1.0,1.0,1.0,1.0,,,PENDING
cloud_hist_MARUTI_20260304_0,2026-03-03T18:30:00,MARUTI,SHORT,EQUITY,,,,,,,14017.224609375,12615.502148437501,14577.913593750001,v2.2,NIFTY_200_AUG2026,TradeMind Core v2.2-CloudBackfill,,,,,,,,,,,,,,,LEGACY_UNVERIFIED,TARGET_HIT,,False,,,,,,,,,,2026-03-03T18:30:00,2026-09-04T12:45:05.671553,EQUITY,NSE,,,,,,,,,,,,,,,,,2026-09-04T12:45:07.064844,,,,,0,,,,,,,,SYSTEM,1.0,1.0,1.0,1.0,,,PENDING
cloud_hist_SYNGENE_20260304_0,2026-03-03T18:30:00,SYNGENE,SHORT,EQUITY,,,,,,,399.5692443847656,359.61231994628906,415.55201416015626,v2.2,NIFTY_200_AUG2026,TradeMind Core v2.2-CloudBackfill,,,,,,,,,,,,,,,LEGACY_UNVERIFIED,TARGET_HIT,,False,,,,,,,,,,2026-03-03T18:30:00,2026-09-04T12:45:05.696549,EQUITY,NSE,,,,,,,,,,,,,,,,,2026-09-04T12:45:07.065843,,,,,0,,,,,,,,SYSTEM,1.0,1.0,1.0,1.0,,,PENDING
cloud_hist_ICICIPRULI_20260304_0,2026-03-03T18:30:00,ICICIPRULI,SHORT,EQUITY,,,,,,,623.5859375,561.22734375,648.5293750000001,v2.2,NIFTY_200_AUG2026,TradeMind Core v2.2-CloudBackfill,,,,,,,,,,,,,,,LEGACY_UNVERIFIED,TARGET_HIT,,False,,,,,,,,,,2026-03-03T18:30:00,2026-09-04T12:45:05.613596,EQUITY,NSE,,,,,,,,,,,,,,,,,2026-09-04T12:45:07.063844,,,,,0,,,,,,,,SYSTEM,1.0,1.0,1.0,1.0,,,PENDING
cloud_hist_ASIANPAINT_20260302_0,2026-03-01T18:30:00,ASIANPAINT,SHORT,EQUITY,,,,,,,2287.255859375,2058.5302734375,2378.74609375,v2.2,NIFTY_200_AUG2026,TradeMind Core v2.2-CloudBackfill,,,,,,,,,,,,,,,LEGACY_UNVERIFIED,TARGET_HIT,,False,,,,,,,,,,2026-03-01T18:30:00,2026-09-04T12:45:05.608599,EQUITY,NSE,,,,,,,,,,,,,,,,,2026-09-04T12:45:07.063844,,,,,0,,,,,,,,SYSTEM,1.0,1.0,1.0,1.0,,,PENDING
cloud_hist_SUPREMEIND_20260225_0,2026-02-24T18:30:00,SUPREMEIND,LONG,EQUITY,,,,,,,4024.14404296875,4426.558447265626,3863.17828125,v2.2,NIFTY_200_AUG2026,TradeMind Core v2.2-CloudBackfill,,,,,,,,,,,,,,,LEGACY_UNVERIFIED,TARGET_HIT,,False,,,,,,,,,,2026-02-24T18:30:00,2026-09-04T12:45:05.695550,EQUITY,NSE,,,,,,,,,,,,,,,,,2026-09-04T12:45:07.065843,,,,,0,,,,,,,,SYSTEM,1.0,1.0,1.0,1.0,,,PENDING
cloud_hist_POWERGRID_20260223_0,2026-02-22T18:30:00,POWERGRID,LONG,EQUITY,,,,,,,303.3500061035156,333.6850067138672,291.216005859375,v2.2,NIFTY_200_AUG2026,TradeMind Core v2.2-CloudBackfill,,,,,,,,,,,,,,,LEGACY_UNVERIFIED,TARGET_HIT,,False,,,,,,,,,,2026-02-22T18:30:00,2026-09-04T12:45:05.614596,EQUITY,NSE,,,,,,,,,,,,,,,,,2026-09-04T12:45:07.063844,,,,,0,,,,,,,,SYSTEM,1.0,1.0,1.0,1.0,,,PENDING
cloud_hist_ICICIGI_20260218_0,2026-02-17T18:30:00,ICICIGI,LONG,EQUITY,,,,,,,1952.2872314453125,2147.515954589844,1874.1957421875,v2.2,NIFTY_200_AUG2026,TradeMind Core v2.2-CloudBackfill,,,,,,,,,,,,,,,LEGACY_UNVERIFIED,TARGET_HIT,,False,,,,,,,,,,2026-02-17T18:30:00,2026-09-04T12:45:05.612597,EQUITY,NSE,,,,,,,,,,,,,,,,,2026-09-04T12:45:07.063844,,,,,0,,,,,,,,SYSTEM,1.0,1.0,1.0,1.0,,,PENDING
cloud_hist_RELIANCE_20260119_1,2026-01-18T18:30:00,RELIANCE,SHORT,EQUITY,,,,,,,1407.0941162109375,1266.3847045898438,1463.377880859375,v2.2,NIFTY_200_AUG2026,TradeMind Core v2.2-CloudBackfill,,,,,,,,,,,,,,,LEGACY_UNVERIFIED,STOP_LOSS,,False,,,,,,,,,,2026-01-18T18:30:00,2026-09-04T12:45:05.685557,EQUITY,NSE,,,,,,,,,,,,,,,,,2026-09-04T12:45:07.064844,,,,,0,,,,,,,,SYSTEM,1.0,1.0,1.0,1.0,,,PENDING
cloud_hist_RELIANCE_20260106_0,2026-01-05T18:30:00,RELIANCE,SHORT,EQUITY,,,,,,,1500.6614990234375,1350.5953491210937,1560.687958984375,v2.2,NIFTY_200_AUG2026,TradeMind Core v2.2-CloudBackfill,,,,,,,,,,,,,,,LEGACY_UNVERIFIED,TARGET_HIT,,False,,,,,,,,,,2026-01-05T18:30:00,2026-09-04T12:45:05.685557,EQUITY,NSE,,,,,,,,,,,,,,,,,2026-09-04T12:45:07.064844,,,,,0,,,,,,,,SYSTEM,1.0,1.0,1.0,1.0,,,PENDING
