date,equity,cash,pos_count
2016-08-08T00:00:00,1000000.0,1000000.0,0
2016-08-09T00:00:00,1000000.0,1000000.0,0
2016-08-10T00:00:00,1000000.0,1000000.0,0
2016-08-11T00:00:00,1000000.0,1000000.0,0
2016-08-12T00:00:00,1000000.0,1000000.0,0
2016-08-16T00:00:00,1000000.0,1000000.0,0
2016-08-17T00:00:00,1000000.0,1000000.0,0
2016-08-18T00:00:00,1000000.0,1000000.0,0
2016-08-19T00:00:00,1000000.0,1000000.0,0
2016-08-22T00:00:00,1000000.0,1000000.0,0
2016-08-23T00:00:00,1000000.0,1000000.0,0
2016-08-24T00:00:00,1000000.0,1000000.0,0
2016-08-25T00:00:00,1000000.0,1000000.0,0
2016-08-26T00:00:00,1000000.0,1000000.0,0
2016-08-29T00:00:00,1000000.0,1000000.0,0
2016-08-30T00:00:00,1000000.0,1000000.0,0
2016-08-31T00:00:00,1000000.0,1000000.0,0
2016-09-01T00:00:00,1000000.0,1000000.0,0
2016-09-02T00:00:00,1000000.0,1000000.0,0
2016-09-06T00:00:00,1000000.0,1000000.0,0
2016-09-07T00:00:00,1000000.0,1000000.0,0
2016-09-08T00:00:00,1000000.0,1000000.0,0
2016-09-09T00:00:00,1000000.0,1000000.0,0
2016-09-12T00:00:00,1000000.0,1000000.0,0
2016-09-14T00:00:00,1000000.0,1000000.0,0
2016-09-15T00:00:00,1000000.0,1000000.0,0
2016-09-16T00:00:00,1000000.0,1000000.0,0
2016-09-19T00:00:00,1000000.0,1000000.0,0
2016-09-20T00:00:00,1000000.0,1000000.0,0
2016-09-21T00:00:00,1000000.0,1000000.0,0
2016-09-22T00:00:00,1000000.0,1000000.0,0
2016-09-23T00:00:00,1000000.0,1000000.0,0
2016-09-26T00:00:00,1000000.0,1000000.0,0
2016-09-27T00:00:00,1000000.0,1000000.0,0
2016-09-28T00:00:00,1000000.0,1000000.0,0
2016-09-29T00:00:00,1000000.0,1000000.0,0
2016-09-30T00:00:00,1000000.0,1000000.0,0
2016-10-03T00:00:00,1000000.0,1000000.0,0
2016-10-04T00:00:00,1000000.0,1000000.0,0
2016-10-05T00:00:00,1000000.0,1000000.0,0
2016-10-06T00:00:00,1000000.0,1000000.0,0
2016-10-07T00:00:00,1000000.0,1000000.0,0
2016-10-10T00:00:00,1000000.0,1000000.0,0
2016-10-13T00:00:00,1000000.0,1000000.0,0
2016-10-14T00:00:00,1000000.0,1000000.0,0
2016-10-17T00:00:00,1000000.0,1000000.0,0
2016-10-18T00:00:00,1000000.0,1000000.0,0
2016-10-19T00:00:00,1000000.0,1000000.0,0
2016-10-20T00:00:00,1000000.0,1000000.0,0
2016-10-21T00:00:00,1000000.0,1000000.0,0
2016-10-24T00:00:00,1000000.0,1000000.0,0
2016-10-25T00:00:00,1000000.0,1000000.0,0
2016-10-26T00:00:00,1000000.0,1000000.0,0
2016-10-27T00:00:00,1000000.0,1000000.0,0
2016-10-28T00:00:00,1000000.0,1000000.0,0
2016-11-01T00:00:00,1000000.0,1000000.0,0
2016-11-02T00:00:00,1000000.0,1000000.0,0
2016-11-03T00:00:00,1000000.0,1000000.0,0
2016-11-04T00:00:00,1000000.0,1000000.0,0
2016-11-07T00:00:00,1000000.0,1000000.0,0
2016-11-08T00:00:00,1000000.0,1000000.0,0
2016-11-09T00:00:00,1000000.0,1000000.0,0
2016-11-10T00:00:00,1000000.0,1000000.0,0
2016-11-11T00:00:00,1000000.0,1000000.0,0
2016-11-15T00:00:00,1000000.0,1000000.0,0
2016-11-16T00:00:00,1000000.0,1000000.0,0
2016-11-17T00:00:00,1000000.0,1000000.0,0
2016-11-18T00:00:00,1000000.0,1000000.0,0
2016-11-21T00:00:00,1000000.0,1000000.0,0
2016-11-22T00:00:00,1000000.0,1000000.0,0
2016-11-23T00:00:00,1000000.0,1000000.0,0
2016-11-24T00:00:00,1000000.0,1000000.0,0
2016-11-25T00:00:00,1000000.0,1000000.0,0
2016-11-28T00:00:00,1000000.0,1000000.0,0
2016-11-29T00:00:00,1000000.0,1000000.0,0
2016-11-30T00:00:00,1000000.0,1000000.0,0
2016-12-01T00:00:00,1000000.0,1000000.0,0
2016-12-02T00:00:00,1000000.0,1000000.0,0
2016-12-05T00:00:00,1000000.0,1000000.0,0
2016-12-06T00:00:00,1000000.0,1000000.0,0
2016-12-07T00:00:00,1000000.0,1000000.0,0
2016-12-08T00:00:00,1000000.0,1000000.0,0
2016-12-09T00:00:00,1000000.0,1000000.0,0
2016-12-12T00:00:00,1000000.0,1000000.0,0
2016-12-13T00:00:00,1000000.0,1000000.0,0
2016-12-14T00:00:00,1000000.0,1000000.0,0
2016-12-15T00:00:00,1000000.0,1000000.0,0
2016-12-16T00:00:00,1000000.0,1000000.0,0
2016-12-19T00:00:00,1000000.0,1000000.0,0
2016-12-20T00:00:00,1000000.0,1000000.0,0
2016-12-21T00:00:00,1000000.0,1000000.0,0
2016-12-22T00:00:00,1000000.0,1000000.0,0
2016-12-23T00:00:00,1000000.0,1000000.0,0
2016-12-26T00:00:00,1000000.0,1000000.0,0
2016-12-27T00:00:00,1000000.0,1000000.0,0
2016-12-28T00:00:00,1000000.0,1000000.0,0
2016-12-29T00:00:00,1000000.0,1000000.0,0
2016-12-30T00:00:00,1000000.0,1000000.0,0
2017-01-02T00:00:00,1000000.0,1000000.0,0
2017-01-03T00:00:00,1000000.0,1000000.0,0
2017-01-04T00:00:00,1000000.0,1000000.0,0
2017-01-05T00:00:00,1000000.0,1000000.0,0
2017-01-06T00:00:00,1000000.0,1000000.0,0
2017-01-09T00:00:00,1000000.0,1000000.0,0
2017-01-10T00:00:00,1000000.0,1000000.0,0
2017-01-11T00:00:00,1000000.0,1000000.0,0
2017-01-12T00:00:00,1000000.0,1000000.0,0
2017-01-13T00:00:00,1000000.0,1000000.0,0
2017-01-16T00:00:00,1000000.0,1000000.0,0
2017-01-17T00:00:00,1000000.0,1000000.0,0
2017-01-18T00:00:00,1000000.0,1000000.0,0
2017-01-19T00:00:00,1000000.0,1000000.0,0
2017-01-20T00:00:00,1000000.0,1000000.0,0
2017-01-23T00:00:00,1000000.0,1000000.0,0
2017-01-24T00:00:00,1000000.0,1000000.0,0
2017-01-25T00:00:00,1000000.0,1000000.0,0
2017-01-27T00:00:00,1000000.0,1000000.0,0
2017-01-30T00:00:00,1000000.0,1000000.0,0
2017-01-31T00:00:00,1000000.0,1000000.0,0
2017-02-01T00:00:00,1000000.0,1000000.0,0
2017-02-02T00:00:00,1000000.0,1000000.0,0
2017-02-03T00:00:00,1000000.0,1000000.0,0
2017-02-06T00:00:00,1000000.0,1000000.0,0
2017-02-07T00:00:00,1000000.0,1000000.0,0
2017-02-08T00:00:00,1000000.0,1000000.0,0
2017-02-09T00:00:00,1000000.0,1000000.0,0
2017-02-10T00:00:00,1000000.0,1000000.0,0
2017-02-13T00:00:00,1000000.0,1000000.0,0
2017-02-14T00:00:00,1000000.0,1000000.0,0
2017-02-15T00:00:00,1000000.0,1000000.0,0
2017-02-16T00:00:00,1000000.0,1000000.0,0
2017-02-17T00:00:00,1000000.0,1000000.0,0
2017-02-20T00:00:00,1000000.0,1000000.0,0
2017-02-21T00:00:00,1000000.0,1000000.0,0
2017-02-22T00:00:00,1000000.0,1000000.0,0
2017-02-23T00:00:00,1000000.0,1000000.0,0
2017-02-27T00:00:00,1000000.0,1000000.0,0
2017-02-28T00:00:00,1000000.0,1000000.0,0
2017-03-01T00:00:00,1000000.0,1000000.0,0
2017-03-02T00:00:00,1000000.0,1000000.0,0
2017-03-03T00:00:00,1000000.0,1000000.0,0
2017-03-06T00:00:00,1000000.0,1000000.0,0
2017-03-07T00:00:00,1000000.0,1000000.0,0
2017-03-08T00:00:00,1000000.0,1000000.0,0
2017-03-09T00:00:00,1000000.0,1000000.0,0
2017-03-10T00:00:00,1000000.0,1000000.0,0
2017-03-14T00:00:00,1000000.0,1000000.0,0
2017-03-15T00:00:00,1000000.0,1000000.0,0
2017-03-16T00:00:00,1000000.0,1000000.0,0
2017-03-17T00:00:00,1000000.0,1000000.0,0
2017-03-20T00:00:00,1000000.0,1000000.0,0
2017-03-21T00:00:00,1000000.0,1000000.0,0
2017-03-22T00:00:00,1000000.0,1000000.0,0
2017-03-23T00:00:00,1000000.0,1000000.0,0
2017-03-24T00:00:00,1000000.0,1000000.0,0
2017-03-27T00:00:00,1000000.0,1000000.0,0
2017-03-28T00:00:00,1000000.0,1000000.0,0
2017-03-29T00:00:00,1000000.0,1000000.0,0
2017-03-30T00:00:00,1000000.0,1000000.0,0
2017-03-31T00:00:00,1000000.0,1000000.0,0
2017-04-03T00:00:00,1000000.0,1000000.0,0
2017-04-05T00:00:00,1000000.0,1000000.0,0
2017-04-06T00:00:00,1000000.0,1000000.0,0
2017-04-07T00:00:00,1000000.0,1000000.0,0
2017-04-10T00:00:00,1000000.0,1000000.0,0
2017-04-11T00:00:00,1000000.0,1000000.0,0
2017-04-12T00:00:00,1000000.0,1000000.0,0
2017-04-13T00:00:00,1000000.0,1000000.0,0
2017-04-17T00:00:00,1000000.0,1000000.0,0
2017-04-18T00:00:00,1000000.0,1000000.0,0
2017-04-19T00:00:00,1000000.0,1000000.0,0
2017-04-20T00:00:00,1000000.0,1000000.0,0
2017-04-21T00:00:00,1000000.0,1000000.0,0
2017-04-24T00:00:00,1000000.0,1000000.0,0
2017-04-25T00:00:00,1000000.0,1000000.0,0
2017-04-26T00:00:00,1000000.0,1000000.0,0
2017-04-27T00:00:00,1000000.0,1000000.0,0
2017-04-28T00:00:00,1000000.0,1000000.0,0
2017-05-02T00:00:00,1000000.0,1000000.0,0
2017-05-03T00:00:00,1000000.0,1000000.0,0
2017-05-04T00:00:00,1000000.0,1000000.0,0
2017-05-05T00:00:00,1000000.0,1000000.0,0
2017-05-08T00:00:00,1000000.0,1000000.0,0
2017-05-09T00:00:00,1000000.0,1000000.0,0
2017-05-10T00:00:00,1000000.0,1000000.0,0
2017-05-11T00:00:00,1000000.0,1000000.0,0
2017-05-12T00:00:00,1000000.0,1000000.0,0
2017-05-15T00:00:00,1000000.0,1000000.0,0
2017-05-16T00:00:00,1000000.0,1000000.0,0
2017-05-17T00:00:00,1000000.0,1000000.0,0
2017-05-18T00:00:00,1000000.0,1000000.0,0
2017-05-19T00:00:00,1000000.0,1000000.0,0
2017-05-22T00:00:00,1000000.0,1000000.0,0
2017-05-23T00:00:00,1000000.0,1000000.0,0
2017-05-24T00:00:00,1000000.0,1000000.0,0
2017-05-25T00:00:00,1000000.0,1000000.0,0
2017-05-26T00:00:00,1000000.0,1000000.0,0
2017-05-29T00:00:00,1000000.0,1000000.0,0
2017-05-30T00:00:00,1000000.0,1000000.0,0
2017-05-31T00:00:00,1000000.0,1000000.0,0
2017-06-01T00:00:00,1000000.0,1000000.0,0
2017-06-02T00:00:00,1000000.0,1000000.0,0
2017-06-05T00:00:00,1000000.0,1000000.0,0
2017-06-06T00:00:00,1000000.0,1000000.0,0
2017-06-07T00:00:00,1000000.0,1000000.0,0
2017-06-08T00:00:00,1000000.0,1000000.0,0
2017-06-09T00:00:00,1000000.0,1000000.0,0
2017-06-12T00:00:00,1000000.0,1000000.0,0
2017-06-13T00:00:00,1000000.0,1000000.0,0
2017-06-14T00:00:00,1000000.0,1000000.0,0
2017-06-15T00:00:00,1000000.0,1000000.0,0
2017-06-16T00:00:00,1000000.0,1000000.0,0
2017-06-19T00:00:00,1000000.0,1000000.0,0
2017-06-20T00:00:00,1000000.0,1000000.0,0
2017-06-21T00:00:00,1000000.0,1000000.0,0
2017-06-22T00:00:00,1000000.0,1000000.0,0
2017-06-23T00:00:00,1000000.0,1000000.0,0
2017-06-27T00:00:00,1000000.0,1000000.0,0
2017-06-28T00:00:00,1000000.0,1000000.0,0
2017-06-29T00:00:00,1000000.0,1000000.0,0
2017-06-30T00:00:00,1000000.0,1000000.0,0
2017-07-03T00:00:00,1000000.0,1000000.0,0
2017-07-04T00:00:00,1000000.0,1000000.0,0
2017-07-05T00:00:00,1000000.0,1000000.0,0
2017-07-06T00:00:00,1000000.0,1000000.0,0
2017-07-07T00:00:00,1000000.0,1000000.0,0
2017-07-10T00:00:00,1000000.0,1000000.0,0
2017-07-11T00:00:00,1000000.0,1000000.0,0
2017-07-12T00:00:00,1000000.0,1000000.0,0
2017-07-13T00:00:00,1000000.0,1000000.0,0
2017-07-14T00:00:00,1000000.0,1000000.0,0
2017-07-17T00:00:00,1000000.0,1000000.0,0
2017-07-18T00:00:00,1000000.0,1000000.0,0
2017-07-19T00:00:00,1000000.0,1000000.0,0
2017-07-20T00:00:00,1000000.0,1000000.0,0
2017-07-21T00:00:00,1000000.0,1000000.0,0
2017-07-24T00:00:00,1000000.0,1000000.0,0
2017-07-25T00:00:00,1000000.0,1000000.0,0
2017-07-26T00:00:00,1000000.0,1000000.0,0
2017-07-27T00:00:00,1000000.0,1000000.0,0
2017-07-28T00:00:00,1000000.0,1000000.0,0
2017-07-31T00:00:00,1000000.0,1000000.0,0
2017-08-01T00:00:00,1000000.0,1000000.0,0
2017-08-02T00:00:00,1000000.0,1000000.0,0
2017-08-03T00:00:00,1000000.0,1000000.0,0
2017-08-04T00:00:00,1000000.0,1000000.0,0
2017-08-07T00:00:00,1000000.0,1000000.0,0
2017-08-08T00:00:00,1000000.0,1000000.0,0
2017-08-09T00:00:00,1000000.0,1000000.0,0
2017-08-10T00:00:00,1000000.0,1000000.0,0
2017-08-11T00:00:00,1000000.0,1000000.0,0
2017-08-14T00:00:00,1000000.0,1000000.0,0
2017-08-16T00:00:00,1000000.0,1000000.0,0
2017-08-17T00:00:00,1000000.0,1000000.0,0
2017-08-18T00:00:00,1000000.0,1000000.0,0
2017-08-21T00:00:00,1000000.0,1000000.0,0
2017-08-22T00:00:00,1000000.0,1000000.0,0
2017-08-23T00:00:00,1000000.0,1000000.0,0
2017-08-24T00:00:00,1000000.0,1000000.0,0
2017-08-28T00:00:00,1000000.0,1000000.0,0
2017-08-29T00:00:00,1000000.0,1000000.0,0
2017-08-30T00:00:00,1000000.0,1000000.0,0
2017-08-31T00:00:00,1000000.0,1000000.0,0
2017-09-01T00:00:00,1000000.0,1000000.0,0
2017-09-04T00:00:00,1000000.0,1000000.0,0
2017-09-05T00:00:00,1000000.0,1000000.0,0
2017-09-06T00:00:00,1000000.0,1000000.0,0
2017-09-07T00:00:00,1000000.0,1000000.0,0
2017-09-08T00:00:00,1000000.0,1000000.0,0
2017-09-11T00:00:00,1000000.0,1000000.0,0
2017-09-12T00:00:00,1000000.0,1000000.0,0
2017-09-13T00:00:00,1000000.0,1000000.0,0
2017-09-14T00:00:00,1000000.0,1000000.0,0
2017-09-15T00:00:00,1000000.0,1000000.0,0
2017-09-18T00:00:00,1000000.0,1000000.0,0
2017-09-19T00:00:00,1000000.0,1000000.0,0
2017-09-20T00:00:00,1000000.0,1000000.0,0
2017-09-21T00:00:00,1000000.0,1000000.0,0
2017-09-22T00:00:00,1000000.0,1000000.0,0
2017-09-25T00:00:00,1000000.0,1000000.0,0
2017-09-26T00:00:00,1000000.0,1000000.0,0
2017-09-27T00:00:00,1000000.0,1000000.0,0
2017-09-28T00:00:00,1000000.0,1000000.0,0
2017-09-29T00:00:00,1000000.0,1000000.0,0
2017-10-03T00:00:00,1000000.0,1000000.0,0
2017-10-04T00:00:00,1000000.0,1000000.0,0
2017-10-05T00:00:00,1000000.0,1000000.0,0
2017-10-06T00:00:00,1000000.0,1000000.0,0
2017-10-09T00:00:00,1000000.0,1000000.0,0
2017-10-10T00:00:00,1000000.0,1000000.0,0
2017-10-11T00:00:00,1000000.0,1000000.0,0
2017-10-12T00:00:00,1000000.0,1000000.0,0
2017-10-13T00:00:00,1000000.0,1000000.0,0
2017-10-16T00:00:00,1000000.0,1000000.0,0
2017-10-17T00:00:00,1000000.0,1000000.0,0
2017-10-18T00:00:00,1000000.0,1000000.0,0
2017-10-19T00:00:00,1000000.0,1000000.0,0
2017-10-23T00:00:00,1000000.0,1000000.0,0
2017-10-24T00:00:00,1000000.0,1000000.0,0
2017-10-25T00:00:00,1000000.0,1000000.0,0
2017-10-26T00:00:00,1000000.0,1000000.0,0
2017-10-27T00:00:00,1000000.0,1000000.0,0
2017-10-30T00:00:00,1000000.0,1000000.0,0
2017-10-31T00:00:00,1000000.0,1000000.0,0
2017-11-01T00:00:00,1000000.0,1000000.0,0
2017-11-02T00:00:00,1000000.0,1000000.0,0
2017-11-03T00:00:00,1000000.0,1000000.0,0
2017-11-06T00:00:00,1000000.0,1000000.0,0
2017-11-07T00:00:00,1000000.0,1000000.0,0
2017-11-08T00:00:00,1000000.0,1000000.0,0
2017-11-09T00:00:00,1000000.0,1000000.0,0
2017-11-10T00:00:00,1000000.0,1000000.0,0
2017-11-13T00:00:00,1000000.0,1000000.0,0
2017-11-14T00:00:00,1000000.0,1000000.0,0
2017-11-15T00:00:00,1000000.0,1000000.0,0
2017-11-16T00:00:00,1000000.0,1000000.0,0
2017-11-17T00:00:00,1000000.0,1000000.0,0
2017-11-20T00:00:00,1000000.0,1000000.0,0
2017-11-21T00:00:00,1000000.0,1000000.0,0
2017-11-22T00:00:00,1000000.0,1000000.0,0
2017-11-23T00:00:00,1000000.0,1000000.0,0
2017-11-24T00:00:00,1000000.0,1000000.0,0
2017-11-27T00:00:00,1000000.0,1000000.0,0
2017-11-28T00:00:00,1000000.0,1000000.0,0
2017-11-29T00:00:00,1000000.0,1000000.0,0
2017-11-30T00:00:00,1000000.0,1000000.0,0
2017-12-01T00:00:00,1000000.0,1000000.0,0
2017-12-04T00:00:00,1000000.0,1000000.0,0
2017-12-05T00:00:00,1000000.0,1000000.0,0
2017-12-06T00:00:00,1000000.0,1000000.0,0
2017-12-07T00:00:00,1000000.0,1000000.0,0
2017-12-08T00:00:00,1000000.0,1000000.0,0
2017-12-11T00:00:00,1000000.0,1000000.0,0
2017-12-12T00:00:00,1000000.0,1000000.0,0
2017-12-13T00:00:00,1000000.0,1000000.0,0
2017-12-14T00:00:00,1000000.0,1000000.0,0
2017-12-15T00:00:00,1000000.0,1000000.0,0
2017-12-18T00:00:00,1000000.0,1000000.0,0
2017-12-19T00:00:00,1000000.0,1000000.0,0
2017-12-20T00:00:00,1000000.0,1000000.0,0
2017-12-21T00:00:00,1000000.0,1000000.0,0
2017-12-22T00:00:00,1000000.0,1000000.0,0
2017-12-26T00:00:00,1000000.0,1000000.0,0
2017-12-27T00:00:00,1000000.0,1000000.0,0
2017-12-28T00:00:00,1000000.0,1000000.0,0
2017-12-29T00:00:00,1000000.0,1000000.0,0
2018-01-01T00:00:00,1000000.0,1000000.0,0
2018-01-02T00:00:00,1000000.0,1000000.0,0
2018-01-03T00:00:00,1000000.0,1000000.0,0
2018-01-04T00:00:00,1000000.0,1000000.0,0
2018-01-05T00:00:00,1000000.0,1000000.0,0
2018-01-08T00:00:00,1000000.0,1000000.0,0
2018-01-09T00:00:00,1000000.0,1000000.0,0
2018-01-10T00:00:00,1000000.0,1000000.0,0
2018-01-11T00:00:00,1000000.0,1000000.0,0
2018-01-12T00:00:00,1000000.0,1000000.0,0
2018-01-15T00:00:00,1000000.0,1000000.0,0
2018-01-16T00:00:00,1000000.0,1000000.0,0
2018-01-17T00:00:00,1000000.0,1000000.0,0
2018-01-18T00:00:00,1000000.0,1000000.0,0
2018-01-19T00:00:00,1000000.0,1000000.0,0
2018-01-22T00:00:00,1000000.0,1000000.0,0
2018-01-23T00:00:00,1000000.0,1000000.0,0
2018-01-24T00:00:00,1000000.0,1000000.0,0
2018-01-25T00:00:00,1000000.0,1000000.0,0
2018-01-29T00:00:00,1000000.0,1000000.0,0
2018-01-30T00:00:00,1000000.0,1000000.0,0
2018-01-31T00:00:00,1000000.0,1000000.0,0
2018-02-01T00:00:00,1000000.0,1000000.0,0
2018-02-02T00:00:00,1000000.0,1000000.0,0
2018-02-05T00:00:00,1000000.0,1000000.0,0
2018-02-06T00:00:00,1000000.0,1000000.0,0
2018-02-07T00:00:00,1000000.0,1000000.0,0
2018-02-08T00:00:00,1000000.0,1000000.0,0
2018-02-09T00:00:00,1000000.0,1000000.0,0
2018-02-12T00:00:00,1000000.0,1000000.0,0
2018-02-14T00:00:00,1000000.0,1000000.0,0
2018-02-15T00:00:00,1000000.0,1000000.0,0
2018-02-16T00:00:00,1000000.0,1000000.0,0
2018-02-19T00:00:00,1000000.0,1000000.0,0
2018-02-20T00:00:00,1000000.0,1000000.0,0
2018-02-21T00:00:00,1000000.0,1000000.0,0
2018-02-22T00:00:00,1000000.0,1000000.0,0
2018-02-23T00:00:00,1000000.0,1000000.0,0
2018-02-26T00:00:00,1000000.0,1000000.0,0
2018-02-27T00:00:00,1000000.0,1000000.0,0
2018-02-28T00:00:00,1000000.0,1000000.0,0
2018-03-01T00:00:00,1000000.0,1000000.0,0
2018-03-05T00:00:00,1000000.0,1000000.0,0
2018-03-06T00:00:00,1000000.0,1000000.0,0
2018-03-07T00:00:00,1000000.0,1000000.0,0
2018-03-08T00:00:00,1000000.0,1000000.0,0
2018-03-09T00:00:00,1000000.0,1000000.0,0
2018-03-12T00:00:00,1000000.0,1000000.0,0
2018-03-13T00:00:00,1000000.0,1000000.0,0
2018-03-14T00:00:00,1000000.0,1000000.0,0
2018-03-15T00:00:00,1000000.0,1000000.0,0
2018-03-16T00:00:00,1000000.0,1000000.0,0
2018-03-19T00:00:00,1000000.0,1000000.0,0
2018-03-20T00:00:00,1000000.0,1000000.0,0
2018-03-21T00:00:00,1000000.0,1000000.0,0
2018-03-22T00:00:00,1000000.0,1000000.0,0
2018-03-23T00:00:00,1000000.0,1000000.0,0
2018-03-26T00:00:00,1000000.0,1000000.0,0
2018-03-27T00:00:00,1000000.0,1000000.0,0
2018-03-28T00:00:00,1000000.0,1000000.0,0
2018-04-02T00:00:00,1000000.0,1000000.0,0
2018-04-03T00:00:00,1000000.0,1000000.0,0
2018-04-04T00:00:00,1000000.0,1000000.0,0
2018-04-05T00:00:00,1000000.0,1000000.0,0
2018-04-06T00:00:00,1000000.0,1000000.0,0
2018-04-09T00:00:00,1000000.0,1000000.0,0
2018-04-10T00:00:00,1000000.0,1000000.0,0
2018-04-11T00:00:00,1000000.0,1000000.0,0
2018-04-12T00:00:00,1000000.0,1000000.0,0
2018-04-13T00:00:00,1000000.0,1000000.0,0
2018-04-16T00:00:00,1000000.0,1000000.0,0
2018-04-17T00:00:00,1000000.0,1000000.0,0
2018-04-18T00:00:00,1000000.0,1000000.0,0
2018-04-19T00:00:00,1000000.0,1000000.0,0
2018-04-20T00:00:00,1000000.0,1000000.0,0
2018-04-23T00:00:00,1000000.0,1000000.0,0
2018-04-24T00:00:00,1000000.0,1000000.0,0
2018-04-25T00:00:00,1000000.0,1000000.0,0
2018-04-26T00:00:00,1000000.0,1000000.0,0
2018-04-27T00:00:00,1000000.0,1000000.0,0
2018-04-30T00:00:00,1000000.0,1000000.0,0
2018-05-02T00:00:00,1000000.0,1000000.0,0
2018-05-03T00:00:00,1000000.0,1000000.0,0
2018-05-04T00:00:00,1000000.0,1000000.0,0
2018-05-07T00:00:00,1000000.0,1000000.0,0
2018-05-08T00:00:00,1000000.0,1000000.0,0
2018-05-09T00:00:00,1000000.0,1000000.0,0
2018-05-10T00:00:00,1000000.0,1000000.0,0
2018-05-11T00:00:00,1000000.0,1000000.0,0
2018-05-14T00:00:00,1000000.0,1000000.0,0
2018-05-15T00:00:00,1000000.0,1000000.0,0
2018-05-16T00:00:00,1000000.0,1000000.0,0
2018-05-17T00:00:00,1000000.0,1000000.0,0
2018-05-18T00:00:00,1000000.0,1000000.0,0
2018-05-21T00:00:00,1000000.0,1000000.0,0
2018-05-22T00:00:00,1000000.0,1000000.0,0
2018-05-23T00:00:00,1000000.0,1000000.0,0
2018-05-24T00:00:00,1000000.0,1000000.0,0
2018-05-25T00:00:00,1000000.0,1000000.0,0
2018-05-28T00:00:00,1000000.0,1000000.0,0
2018-05-29T00:00:00,1000000.0,1000000.0,0
2018-05-30T00:00:00,1000000.0,1000000.0,0
2018-05-31T00:00:00,1000000.0,1000000.0,0
2018-06-01T00:00:00,1000000.0,1000000.0,0
2018-06-04T00:00:00,1000000.0,1000000.0,0
2018-06-05T00:00:00,1000000.0,1000000.0,0
2018-06-06T00:00:00,1000000.0,1000000.0,0
2018-06-07T00:00:00,1000000.0,1000000.0,0
2018-06-08T00:00:00,1000000.0,1000000.0,0
2018-06-11T00:00:00,1000000.0,1000000.0,0
2018-06-12T00:00:00,1000000.0,1000000.0,0
2018-06-13T00:00:00,1000000.0,1000000.0,0
2018-06-14T00:00:00,1000000.0,1000000.0,0
2018-06-15T00:00:00,1000000.0,1000000.0,0
2018-06-18T00:00:00,1000000.0,1000000.0,0
2018-06-19T00:00:00,1000000.0,1000000.0,0
2018-06-20T00:00:00,1000000.0,1000000.0,0
2018-06-21T00:00:00,1000000.0,1000000.0,0
2018-06-22T00:00:00,1000000.0,1000000.0,0
2018-06-25T00:00:00,1000000.0,1000000.0,0
2018-06-26T00:00:00,1000000.0,1000000.0,0
2018-06-27T00:00:00,1000000.0,1000000.0,0
2018-06-28T00:00:00,1000000.0,1000000.0,0
2018-06-29T00:00:00,1000000.0,1000000.0,0
2018-07-02T00:00:00,1000000.0,1000000.0,0
2018-07-03T00:00:00,1000000.0,1000000.0,0
2018-07-04T00:00:00,1000000.0,1000000.0,0
2018-07-05T00:00:00,1000000.0,1000000.0,0
2018-07-06T00:00:00,1000000.0,1000000.0,0
2018-07-09T00:00:00,1000000.0,1000000.0,0
2018-07-10T00:00:00,1000000.0,1000000.0,0
2018-07-11T00:00:00,1000000.0,1000000.0,0
2018-07-12T00:00:00,1000000.0,1000000.0,0
2018-07-13T00:00:00,1000000.0,1000000.0,0
2018-07-16T00:00:00,1000000.0,1000000.0,0
2018-07-17T00:00:00,1000000.0,1000000.0,0
2018-07-18T00:00:00,1000000.0,1000000.0,0
2018-07-19T00:00:00,1000000.0,1000000.0,0
2018-07-20T00:00:00,1000000.0,1000000.0,0
2018-07-23T00:00:00,1000000.0,1000000.0,0
2018-07-24T00:00:00,1000000.0,1000000.0,0
2018-07-25T00:00:00,1000000.0,1000000.0,0
2018-07-26T00:00:00,1000000.0,1000000.0,0
2018-07-27T00:00:00,1000000.0,1000000.0,0
2018-07-30T00:00:00,1000000.0,1000000.0,0
2018-07-31T00:00:00,1000000.0,1000000.0,0
2018-08-01T00:00:00,1000000.0,1000000.0,0
2018-08-02T00:00:00,1000000.0,1000000.0,0
2018-08-03T00:00:00,1000000.0,1000000.0,0
2018-08-06T00:00:00,1000000.0,1000000.0,0
2018-08-07T00:00:00,1000000.0,1000000.0,0
2018-08-08T00:00:00,1000000.0,1000000.0,0
2018-08-09T00:00:00,1000000.0,1000000.0,0
2018-08-10T00:00:00,1000000.0,1000000.0,0
2018-08-13T00:00:00,1000000.0,1000000.0,0
2018-08-14T00:00:00,1000000.0,1000000.0,0
2018-08-16T00:00:00,1000000.0,1000000.0,0
2018-08-17T00:00:00,1000000.0,1000000.0,0
2018-08-20T00:00:00,1000000.0,1000000.0,0
2018-08-21T00:00:00,1000000.0,1000000.0,0
2018-08-23T00:00:00,1000000.0,1000000.0,0
2018-08-24T00:00:00,1000000.0,1000000.0,0
2018-08-27T00:00:00,1000000.0,1000000.0,0
2018-08-28T00:00:00,1000000.0,1000000.0,0
2018-08-29T00:00:00,1000000.0,1000000.0,0
2018-08-30T00:00:00,1000000.0,1000000.0,0
2018-08-31T00:00:00,1000000.0,1000000.0,0
2018-09-03T00:00:00,1000000.0,1000000.0,0
2018-09-04T00:00:00,1000000.0,1000000.0,0
2018-09-05T00:00:00,1000000.0,1000000.0,0
2018-09-06T00:00:00,1000000.0,1000000.0,0
2018-09-07T00:00:00,1000000.0,1000000.0,0
2018-09-10T00:00:00,1000000.0,1000000.0,0
2018-09-11T00:00:00,1000000.0,1000000.0,0
2018-09-12T00:00:00,1000000.0,1000000.0,0
2018-09-14T00:00:00,1000000.0,1000000.0,0
2018-09-17T00:00:00,1000000.0,1000000.0,0
2018-09-18T00:00:00,1000000.0,1000000.0,0
2018-09-19T00:00:00,1000000.0,1000000.0,0
2018-09-21T00:00:00,1000000.0,1000000.0,0
2018-09-24T00:00:00,1000000.0,1000000.0,0
2018-09-25T00:00:00,1000000.0,1000000.0,0
2018-09-26T00:00:00,1000000.0,1000000.0,0
2018-09-27T00:00:00,1000000.0,1000000.0,0
2018-09-28T00:00:00,1000000.0,1000000.0,0
2018-10-01T00:00:00,1000000.0,1000000.0,0
2018-10-03T00:00:00,1000000.0,1000000.0,0
2018-10-04T00:00:00,1000000.0,1000000.0,0
2018-10-05T00:00:00,1000000.0,1000000.0,0
2018-10-08T00:00:00,1000000.0,1000000.0,0
2018-10-09T00:00:00,1000000.0,1000000.0,0
2018-10-10T00:00:00,1000000.0,1000000.0,0
2018-10-11T00:00:00,1000000.0,1000000.0,0
2018-10-12T00:00:00,1000000.0,1000000.0,0
2018-10-15T00:00:00,1000000.0,1000000.0,0
2018-10-16T00:00:00,1000000.0,1000000.0,0
2018-10-17T00:00:00,1000000.0,1000000.0,0
2018-10-19T00:00:00,1000000.0,1000000.0,0
2018-10-22T00:00:00,1000000.0,1000000.0,0
2018-10-23T00:00:00,1000000.0,1000000.0,0
2018-10-24T00:00:00,1000000.0,1000000.0,0
2018-10-25T00:00:00,1000000.0,1000000.0,0
2018-10-26T00:00:00,1000000.0,1000000.0,0
2018-10-29T00:00:00,1000000.0,1000000.0,0
2018-10-30T00:00:00,1000000.0,1000000.0,0
2018-10-31T00:00:00,1000000.0,1000000.0,0
2018-11-01T00:00:00,1000000.0,1000000.0,0
2018-11-02T00:00:00,1000000.0,1000000.0,0
2018-11-05T00:00:00,1000000.0,1000000.0,0
2018-11-06T00:00:00,1000000.0,1000000.0,0
2018-11-07T00:00:00,1000000.0,1000000.0,0
2018-11-09T00:00:00,1000000.0,1000000.0,0
2018-11-12T00:00:00,1000000.0,1000000.0,0
2018-11-13T00:00:00,1000000.0,1000000.0,0
2018-11-14T00:00:00,1000000.0,1000000.0,0
2018-11-15T00:00:00,1000000.0,1000000.0,0
2018-11-16T00:00:00,1000000.0,1000000.0,0
2018-11-19T00:00:00,1000000.0,1000000.0,0
2018-11-20T00:00:00,1000000.0,1000000.0,0
2018-11-21T00:00:00,1000000.0,1000000.0,0
2018-11-22T00:00:00,1000000.0,1000000.0,0
2018-11-26T00:00:00,1000000.0,1000000.0,0
2018-11-27T00:00:00,1000000.0,1000000.0,0
2018-11-28T00:00:00,1000000.0,1000000.0,0
2018-11-29T00:00:00,1000000.0,1000000.0,0
2018-11-30T00:00:00,1000000.0,1000000.0,0
2018-12-03T00:00:00,1000000.0,1000000.0,0
2018-12-04T00:00:00,1000000.0,1000000.0,0
2018-12-05T00:00:00,1000000.0,1000000.0,0
2018-12-06T00:00:00,1000000.0,1000000.0,0
2018-12-07T00:00:00,1000000.0,1000000.0,0
2018-12-10T00:00:00,1000000.0,1000000.0,0
2018-12-11T00:00:00,1000000.0,1000000.0,0
2018-12-12T00:00:00,1000000.0,1000000.0,0
2018-12-13T00:00:00,1000000.0,1000000.0,0
2018-12-14T00:00:00,1000000.0,1000000.0,0
2018-12-17T00:00:00,1000000.0,1000000.0,0
2018-12-18T00:00:00,1000000.0,1000000.0,0
2018-12-19T00:00:00,1000000.0,1000000.0,0
2018-12-20T00:00:00,1000000.0,1000000.0,0
2018-12-21T00:00:00,1000000.0,1000000.0,0
2018-12-24T00:00:00,1000000.0,1000000.0,0
2018-12-26T00:00:00,1000000.0,1000000.0,0
2018-12-27T00:00:00,1000000.0,1000000.0,0
2018-12-28T00:00:00,1000000.0,1000000.0,0
2018-12-31T00:00:00,1000000.0,1000000.0,0
2019-01-01T00:00:00,1000000.0,1000000.0,0
2019-01-02T00:00:00,1000000.0,1000000.0,0
2019-01-03T00:00:00,1000000.0,1000000.0,0
2019-01-04T00:00:00,1000000.0,1000000.0,0
2019-01-07T00:00:00,1000000.0,1000000.0,0
2019-01-08T00:00:00,1000000.0,1000000.0,0
2019-01-09T00:00:00,1000000.0,1000000.0,0
2019-01-10T00:00:00,1000000.0,1000000.0,0
2019-01-11T00:00:00,1000000.0,1000000.0,0
2019-01-14T00:00:00,1000000.0,1000000.0,0
2019-01-15T00:00:00,1000000.0,1000000.0,0
2019-01-16T00:00:00,1000000.0,1000000.0,0
2019-01-17T00:00:00,1000000.0,1000000.0,0
2019-01-18T00:00:00,1000000.0,1000000.0,0
2019-01-21T00:00:00,1000000.0,1000000.0,0
2019-01-22T00:00:00,1000000.0,1000000.0,0
2019-01-23T00:00:00,1000000.0,1000000.0,0
2019-01-24T00:00:00,1000000.0,1000000.0,0
2019-01-25T00:00:00,1000000.0,1000000.0,0
2019-01-28T00:00:00,1000000.0,1000000.0,0
2019-01-29T00:00:00,1000000.0,1000000.0,0
2019-01-30T00:00:00,1000000.0,1000000.0,0
2019-01-31T00:00:00,1000000.0,1000000.0,0
2019-02-01T00:00:00,1000000.0,1000000.0,0
2019-02-04T00:00:00,1000000.0,1000000.0,0
2019-02-05T00:00:00,1000000.0,1000000.0,0
2019-02-06T00:00:00,1000000.0,1000000.0,0
2019-02-07T00:00:00,1000000.0,1000000.0,0
2019-02-08T00:00:00,1000000.0,1000000.0,0
2019-02-11T00:00:00,1000000.0,1000000.0,0
2019-02-12T00:00:00,1000000.0,1000000.0,0
2019-02-14T00:00:00,1000000.0,1000000.0,0
2019-02-15T00:00:00,1000000.0,1000000.0,0
2019-02-18T00:00:00,1000000.0,1000000.0,0
2019-02-19T00:00:00,1000000.0,1000000.0,0
2019-02-20T00:00:00,1000000.0,1000000.0,0
2019-02-21T00:00:00,1000000.0,1000000.0,0
2019-02-22T00:00:00,1000000.0,1000000.0,0
2019-02-25T00:00:00,1000000.0,1000000.0,0
2019-02-26T00:00:00,1000000.0,1000000.0,0
2019-02-27T00:00:00,1000000.0,1000000.0,0
2019-02-28T00:00:00,1000000.0,1000000.0,0
2019-03-01T00:00:00,1000000.0,1000000.0,0
2019-03-05T00:00:00,1000000.0,1000000.0,0
2019-03-06T00:00:00,1000000.0,1000000.0,0
2019-03-07T00:00:00,1000000.0,1000000.0,0
2019-03-08T00:00:00,1000000.0,1000000.0,0
2019-03-11T00:00:00,1000000.0,1000000.0,0
2019-03-12T00:00:00,1000000.0,1000000.0,0
2019-03-13T00:00:00,1000000.0,1000000.0,0
2019-03-14T00:00:00,1000000.0,1000000.0,0
2019-03-15T00:00:00,1000000.0,1000000.0,0
2019-03-18T00:00:00,1000000.0,1000000.0,0
2019-03-19T00:00:00,1000000.0,1000000.0,0
2019-03-20T00:00:00,1000000.0,1000000.0,0
2019-03-22T00:00:00,1000000.0,1000000.0,0
2019-03-25T00:00:00,1000000.0,1000000.0,0
2019-03-26T00:00:00,1000000.0,1000000.0,0
2019-03-27T00:00:00,1000000.0,1000000.0,0
2019-03-28T00:00:00,1000000.0,1000000.0,0
2019-04-01T00:00:00,1000000.0,1000000.0,0
2019-04-02T00:00:00,1000000.0,1000000.0,0
2019-04-03T00:00:00,1000000.0,1000000.0,0
2019-04-04T00:00:00,1000000.0,1000000.0,0
2019-04-05T00:00:00,1000000.0,1000000.0,0
2019-04-08T00:00:00,1000000.0,1000000.0,0
2019-04-09T00:00:00,1000000.0,1000000.0,0
2019-04-10T00:00:00,1000000.0,1000000.0,0
2019-04-11T00:00:00,1000000.0,1000000.0,0
2019-04-12T00:00:00,1000000.0,1000000.0,0
2019-04-15T00:00:00,1000000.0,1000000.0,0
2019-04-16T00:00:00,1000000.0,1000000.0,0
2019-04-18T00:00:00,1000000.0,1000000.0,0
2019-04-22T00:00:00,1000000.0,1000000.0,0
2019-04-23T00:00:00,1000000.0,1000000.0,0
2019-04-24T00:00:00,1000000.0,1000000.0,0
2019-04-25T00:00:00,1000000.0,1000000.0,0
2019-04-26T00:00:00,1000000.0,1000000.0,0
2019-04-30T00:00:00,1000000.0,1000000.0,0
2019-05-02T00:00:00,1000000.0,1000000.0,0
2019-05-03T00:00:00,1000000.0,1000000.0,0
2019-05-06T00:00:00,1000000.0,1000000.0,0
2019-05-07T00:00:00,1000000.0,1000000.0,0
2019-05-08T00:00:00,1000000.0,1000000.0,0
2019-05-09T00:00:00,1000000.0,1000000.0,0
2019-05-10T00:00:00,1000000.0,1000000.0,0
2019-05-13T00:00:00,1000000.0,1000000.0,0
2019-05-14T00:00:00,1000000.0,1000000.0,0
2019-05-15T00:00:00,1000000.0,1000000.0,0
2019-05-16T00:00:00,1000000.0,1000000.0,0
2019-05-17T00:00:00,1000000.0,1000000.0,0
2019-05-20T00:00:00,1000000.0,1000000.0,0
2019-05-21T00:00:00,1000000.0,1000000.0,0
2019-05-22T00:00:00,1000000.0,1000000.0,0
2019-05-23T00:00:00,1000000.0,1000000.0,0
2019-05-24T00:00:00,1000000.0,1000000.0,0
2019-05-27T00:00:00,1000000.0,1000000.0,0
2019-05-28T00:00:00,1000000.0,1000000.0,0
2019-05-29T00:00:00,1000000.0,1000000.0,0
2019-05-30T00:00:00,1000000.0,1000000.0,0
2019-05-31T00:00:00,1000000.0,1000000.0,0
2019-06-03T00:00:00,1000000.0,1000000.0,0
2019-06-04T00:00:00,1000000.0,1000000.0,0
2019-06-06T00:00:00,1000000.0,1000000.0,0
2019-06-07T00:00:00,1000000.0,1000000.0,0
2019-06-10T00:00:00,1000000.0,1000000.0,0
2019-06-11T00:00:00,1000000.0,1000000.0,0
2019-06-12T00:00:00,1000000.0,1000000.0,0
2019-06-13T00:00:00,1000000.0,1000000.0,0
2019-06-14T00:00:00,1000000.0,1000000.0,0
2019-06-17T00:00:00,1000000.0,1000000.0,0
2019-06-18T00:00:00,1000000.0,1000000.0,0
2019-06-19T00:00:00,1000000.0,1000000.0,0
2019-06-20T00:00:00,1000000.0,1000000.0,0
2019-06-21T00:00:00,1000000.0,1000000.0,0
2019-06-24T00:00:00,1000000.0,1000000.0,0
2019-06-25T00:00:00,1000000.0,1000000.0,0
2019-06-26T00:00:00,1000000.0,1000000.0,0
2019-06-27T00:00:00,1000000.0,1000000.0,0
2019-06-28T00:00:00,1000000.0,1000000.0,0
2019-07-01T00:00:00,1000000.0,1000000.0,0
2019-07-02T00:00:00,1000000.0,1000000.0,0
2019-07-03T00:00:00,1000000.0,1000000.0,0
2019-07-04T00:00:00,1000000.0,1000000.0,0
2019-07-05T00:00:00,1000000.0,1000000.0,0
2019-07-08T00:00:00,1000000.0,1000000.0,0
2019-07-09T00:00:00,1000000.0,1000000.0,0
2019-07-10T00:00:00,1000000.0,1000000.0,0
2019-07-11T00:00:00,1000000.0,1000000.0,0
2019-07-12T00:00:00,1000000.0,1000000.0,0
2019-07-15T00:00:00,1000000.0,1000000.0,0
2019-07-16T00:00:00,1000000.0,1000000.0,0
2019-07-17T00:00:00,1000000.0,1000000.0,0
2019-07-18T00:00:00,1000000.0,1000000.0,0
2019-07-19T00:00:00,1000000.0,1000000.0,0
2019-07-22T00:00:00,1000000.0,1000000.0,0
2019-07-23T00:00:00,1000000.0,1000000.0,0
2019-07-24T00:00:00,1000000.0,1000000.0,0
2019-07-25T00:00:00,1000000.0,1000000.0,0
2019-07-26T00:00:00,1000000.0,1000000.0,0
2019-07-29T00:00:00,1000000.0,1000000.0,0
2019-07-30T00:00:00,1000000.0,1000000.0,0
2019-07-31T00:00:00,1000000.0,1000000.0,0
2019-08-01T00:00:00,1000000.0,1000000.0,0
2019-08-02T00:00:00,1000000.0,1000000.0,0
2019-08-05T00:00:00,1000000.0,1000000.0,0
2019-08-06T00:00:00,1000000.0,1000000.0,0
2019-08-07T00:00:00,1000000.0,1000000.0,0
2019-08-08T00:00:00,1000000.0,1000000.0,0
2019-08-09T00:00:00,1000000.0,1000000.0,0
2019-08-13T00:00:00,1000000.0,1000000.0,0
2019-08-14T00:00:00,1000000.0,1000000.0,0
2019-08-16T00:00:00,1000000.0,1000000.0,0
2019-08-19T00:00:00,1000000.0,1000000.0,0
2019-08-20T00:00:00,1000000.0,1000000.0,0
2019-08-21T00:00:00,1000000.0,1000000.0,0
2019-08-22T00:00:00,1000000.0,1000000.0,0
2019-08-23T00:00:00,1000000.0,1000000.0,0
2019-08-26T00:00:00,1000000.0,1000000.0,0
2019-08-27T00:00:00,1000000.0,1000000.0,0
2019-08-28T00:00:00,1000000.0,1000000.0,0
2019-08-29T00:00:00,1000000.0,1000000.0,0
2019-08-30T00:00:00,1000000.0,1000000.0,0
2019-09-03T00:00:00,1000000.0,1000000.0,0
2019-09-04T00:00:00,1000000.0,1000000.0,0
2019-09-05T00:00:00,1000000.0,1000000.0,0
2019-09-06T00:00:00,1000000.0,1000000.0,0
2019-09-09T00:00:00,1000000.0,1000000.0,0
2019-09-11T00:00:00,1000000.0,1000000.0,0
2019-09-12T00:00:00,1000000.0,1000000.0,0
2019-09-13T00:00:00,1000000.0,1000000.0,0
2019-09-16T00:00:00,1000000.0,1000000.0,0
2019-09-17T00:00:00,1000000.0,1000000.0,0
2019-09-18T00:00:00,1000000.0,1000000.0,0
2019-09-19T00:00:00,1000000.0,1000000.0,0
2019-09-20T00:00:00,1000000.0,1000000.0,0
2019-09-23T00:00:00,1000000.0,1000000.0,0
2019-09-24T00:00:00,1000000.0,1000000.0,0
2019-09-25T00:00:00,1000000.0,1000000.0,0
2019-09-26T00:00:00,1000000.0,1000000.0,0
2019-09-27T00:00:00,1000000.0,1000000.0,0
2019-09-30T00:00:00,1000000.0,1000000.0,0
2019-10-01T00:00:00,1000000.0,1000000.0,0
2019-10-03T00:00:00,1000000.0,1000000.0,0
2019-10-04T00:00:00,1000000.0,1000000.0,0
2019-10-07T00:00:00,1000000.0,1000000.0,0
2019-10-09T00:00:00,1000000.0,1000000.0,0
2019-10-10T00:00:00,1000000.0,1000000.0,0
2019-10-11T00:00:00,1000000.0,1000000.0,0
2019-10-14T00:00:00,1000000.0,1000000.0,0
2019-10-15T00:00:00,1000000.0,1000000.0,0
2019-10-16T00:00:00,1000000.0,1000000.0,0
2019-10-17T00:00:00,1000000.0,1000000.0,0
2019-10-18T00:00:00,1000000.0,1000000.0,0
2019-10-22T00:00:00,1000000.0,1000000.0,0
2019-10-23T00:00:00,1000000.0,1000000.0,0
2019-10-24T00:00:00,1000000.0,1000000.0,0
2019-10-25T00:00:00,1000000.0,1000000.0,0
2019-10-27T00:00:00,1000000.0,1000000.0,0
2019-10-29T00:00:00,1000000.0,1000000.0,0
2019-10-30T00:00:00,1000000.0,1000000.0,0
2019-10-31T00:00:00,1000000.0,1000000.0,0
2019-11-01T00:00:00,1000000.0,1000000.0,0
2019-11-04T00:00:00,1000000.0,1000000.0,0
2019-11-05T00:00:00,1000000.0,1000000.0,0
2019-11-06T00:00:00,1000000.0,1000000.0,0
2019-11-07T00:00:00,1000000.0,1000000.0,0
2019-11-08T00:00:00,1000000.0,1000000.0,0
2019-11-11T00:00:00,1000000.0,1000000.0,0
2019-11-13T00:00:00,1000000.0,1000000.0,0
2019-11-14T00:00:00,1000000.0,1000000.0,0
2019-11-15T00:00:00,1000000.0,1000000.0,0
2019-11-18T00:00:00,1000000.0,1000000.0,0
2019-11-19T00:00:00,1000000.0,1000000.0,0
2019-11-20T00:00:00,1000000.0,1000000.0,0
2019-11-21T00:00:00,1000000.0,1000000.0,0
2019-11-22T00:00:00,1000000.0,1000000.0,0
2019-11-25T00:00:00,1000000.0,1000000.0,0
2019-11-26T00:00:00,1000000.0,1000000.0,0
2019-11-27T00:00:00,1000000.0,1000000.0,0
2019-11-28T00:00:00,1000000.0,1000000.0,0
2019-11-29T00:00:00,1000000.0,1000000.0,0
2019-12-02T00:00:00,1000000.0,1000000.0,0
2019-12-03T00:00:00,1000000.0,1000000.0,0
2019-12-04T00:00:00,1000000.0,1000000.0,0
2019-12-05T00:00:00,1000000.0,1000000.0,0
2019-12-06T00:00:00,1000000.0,1000000.0,0
2019-12-09T00:00:00,1000000.0,1000000.0,0
2019-12-10T00:00:00,1000000.0,1000000.0,0
2019-12-11T00:00:00,1000000.0,1000000.0,0
2019-12-12T00:00:00,1000000.0,1000000.0,0
2019-12-13T00:00:00,1000000.0,1000000.0,0
2019-12-16T00:00:00,1000000.0,1000000.0,0
2019-12-17T00:00:00,1000000.0,1000000.0,0
2019-12-18T00:00:00,1000000.0,1000000.0,0
2019-12-19T00:00:00,1000000.0,1000000.0,0
2019-12-20T00:00:00,1000000.0,1000000.0,0
2019-12-23T00:00:00,1000000.0,1000000.0,0
2019-12-24T00:00:00,1000000.0,1000000.0,0
2019-12-26T00:00:00,1000000.0,1000000.0,0
2019-12-27T00:00:00,1000000.0,1000000.0,0
2019-12-30T00:00:00,1000000.0,1000000.0,0
2019-12-31T00:00:00,1000000.0,1000000.0,0
2020-01-01T00:00:00,1000000.0,1000000.0,0
2020-01-02T00:00:00,1000000.0,1000000.0,0
2020-01-03T00:00:00,1000000.0,1000000.0,0
2020-01-06T00:00:00,1000000.0,1000000.0,0
2020-01-07T00:00:00,1000000.0,1000000.0,0
2020-01-08T00:00:00,1000000.0,1000000.0,0
2020-01-09T00:00:00,1000000.0,1000000.0,0
2020-01-10T00:00:00,1000000.0,1000000.0,0
2020-01-13T00:00:00,1000000.0,1000000.0,0
2020-01-14T00:00:00,1000000.0,1000000.0,0
2020-01-15T00:00:00,1000000.0,1000000.0,0
2020-01-16T00:00:00,1000000.0,1000000.0,0
2020-01-17T00:00:00,1000000.0,1000000.0,0
2020-01-20T00:00:00,1000000.0,1000000.0,0
2020-01-21T00:00:00,1000000.0,1000000.0,0
2020-01-22T00:00:00,1000000.0,1000000.0,0
2020-01-23T00:00:00,1000000.0,1000000.0,0
2020-01-24T00:00:00,1000000.0,1000000.0,0
2020-01-27T00:00:00,1000000.0,1000000.0,0
2020-01-28T00:00:00,1000000.0,1000000.0,0
2020-01-29T00:00:00,1000000.0,1000000.0,0
2020-01-30T00:00:00,1000000.0,1000000.0,0
2020-01-31T00:00:00,1000000.0,1000000.0,0
2020-02-03T00:00:00,1000000.0,1000000.0,0
2020-02-04T00:00:00,1000000.0,1000000.0,0
2020-02-05T00:00:00,1000000.0,1000000.0,0
2020-02-06T00:00:00,1000000.0,1000000.0,0
2020-02-07T00:00:00,1000000.0,1000000.0,0
2020-02-10T00:00:00,1000000.0,1000000.0,0
2020-02-11T00:00:00,1000000.0,1000000.0,0
2020-02-12T00:00:00,1000000.0,1000000.0,0
2020-02-13T00:00:00,1000000.0,1000000.0,0
2020-02-14T00:00:00,1000000.0,1000000.0,0
2020-02-17T00:00:00,1000000.0,1000000.0,0
2020-02-18T00:00:00,1000000.0,1000000.0,0
2020-02-19T00:00:00,1000000.0,1000000.0,0
2020-02-20T00:00:00,1000000.0,1000000.0,0
2020-02-24T00:00:00,1000000.0,1000000.0,0
2020-02-25T00:00:00,1000000.0,1000000.0,0
2020-02-26T00:00:00,1000000.0,1000000.0,0
2020-02-27T00:00:00,1000000.0,1000000.0,0
2020-02-28T00:00:00,1000000.0,1000000.0,0
2020-03-02T00:00:00,1000000.0,1000000.0,0
2020-03-03T00:00:00,1000000.0,1000000.0,0
2020-03-04T00:00:00,1000000.0,1000000.0,0
2020-03-05T00:00:00,1000000.0,1000000.0,0
2020-03-06T00:00:00,1000000.0,1000000.0,0
2020-03-09T00:00:00,1000000.0,1000000.0,0
2020-03-11T00:00:00,1000000.0,1000000.0,0
2020-03-12T00:00:00,1000000.0,1000000.0,0
2020-03-13T00:00:00,1000000.0,1000000.0,0
2020-03-16T00:00:00,1000000.0,1000000.0,0
2020-03-17T00:00:00,1000000.0,1000000.0,0
2020-03-18T00:00:00,1000000.0,1000000.0,0
2020-03-19T00:00:00,1000000.0,1000000.0,0
2020-03-20T00:00:00,1000000.0,1000000.0,0
2020-03-23T00:00:00,1000000.0,1000000.0,0
2020-03-24T00:00:00,1000000.0,1000000.0,0
2020-03-25T00:00:00,1000000.0,1000000.0,0
2020-03-26T00:00:00,1000000.0,1000000.0,0
2020-03-27T00:00:00,1000000.0,1000000.0,0
2020-03-30T00:00:00,1000000.0,1000000.0,0
2020-03-31T00:00:00,1000000.0,1000000.0,0
2020-04-01T00:00:00,1000000.0,1000000.0,0
2020-04-03T00:00:00,1000000.0,1000000.0,0
2020-04-07T00:00:00,1000000.0,1000000.0,0
2020-04-08T00:00:00,1000000.0,1000000.0,0
2020-04-09T00:00:00,1000000.0,1000000.0,0
2020-04-13T00:00:00,1000000.0,1000000.0,0
2020-04-15T00:00:00,1000000.0,1000000.0,0
2020-04-16T00:00:00,1000000.0,1000000.0,0
2020-04-17T00:00:00,1000000.0,1000000.0,0
2020-04-20T00:00:00,1000000.0,1000000.0,0
2020-04-21T00:00:00,1000000.0,1000000.0,0
2020-04-22T00:00:00,1000000.0,1000000.0,0
2020-04-23T00:00:00,1000000.0,1000000.0,0
2020-04-24T00:00:00,1000000.0,1000000.0,0
2020-04-27T00:00:00,1000000.0,1000000.0,0
2020-04-28T00:00:00,1000000.0,1000000.0,0
2020-04-29T00:00:00,1000000.0,1000000.0,0
2020-04-30T00:00:00,1000000.0,1000000.0,0
2020-05-04T00:00:00,1000000.0,1000000.0,0
2020-05-05T00:00:00,1000000.0,1000000.0,0
2020-05-06T00:00:00,1000000.0,1000000.0,0
2020-05-07T00:00:00,1000000.0,1000000.0,0
2020-05-08T00:00:00,1000000.0,1000000.0,0
2020-05-11T00:00:00,1000000.0,1000000.0,0
2020-05-12T00:00:00,1000000.0,1000000.0,0
2020-05-13T00:00:00,1000000.0,1000000.0,0
2020-05-14T00:00:00,1000000.0,1000000.0,0
2020-05-15T00:00:00,1000000.0,1000000.0,0
2020-05-18T00:00:00,1000000.0,1000000.0,0
2020-05-19T00:00:00,1000000.0,1000000.0,0
2020-05-20T00:00:00,1000000.0,1000000.0,0
2020-05-21T00:00:00,1000000.0,1000000.0,0
2020-05-22T00:00:00,1000000.0,1000000.0,0
2020-05-26T00:00:00,1000000.0,1000000.0,0
2020-05-27T00:00:00,1000000.0,1000000.0,0
2020-05-28T00:00:00,1000000.0,1000000.0,0
2020-05-29T00:00:00,1000000.0,1000000.0,0
2020-06-01T00:00:00,1000000.0,1000000.0,0
2020-06-02T00:00:00,1000000.0,1000000.0,0
2020-06-03T00:00:00,1000000.0,1000000.0,0
2020-06-04T00:00:00,1000000.0,1000000.0,0
2020-06-05T00:00:00,1000000.0,1000000.0,0
2020-06-08T00:00:00,1000000.0,1000000.0,0
2020-06-09T00:00:00,1000000.0,1000000.0,0
2020-06-10T00:00:00,1000000.0,1000000.0,0
2020-06-11T00:00:00,1000000.0,1000000.0,0
2020-06-12T00:00:00,1000000.0,1000000.0,0
2020-06-15T00:00:00,1000000.0,1000000.0,0
2020-06-16T00:00:00,1000000.0,1000000.0,0
2020-06-17T00:00:00,1000000.0,1000000.0,0
2020-06-18T00:00:00,1000000.0,1000000.0,0
2020-06-19T00:00:00,1000000.0,1000000.0,0
2020-06-22T00:00:00,1000000.0,1000000.0,0
2020-06-23T00:00:00,1000000.0,1000000.0,0
2020-06-24T00:00:00,1000000.0,1000000.0,0
2020-06-25T00:00:00,1000000.0,1000000.0,0
2020-06-26T00:00:00,1000000.0,1000000.0,0
2020-06-29T00:00:00,1000000.0,1000000.0,0
2020-06-30T00:00:00,1000000.0,1000000.0,0
2020-07-01T00:00:00,1000000.0,1000000.0,0
2020-07-02T00:00:00,1000000.0,1000000.0,0
2020-07-03T00:00:00,1000000.0,1000000.0,0
2020-07-06T00:00:00,1000000.0,1000000.0,0
2020-07-07T00:00:00,1000000.0,1000000.0,0
2020-07-08T00:00:00,1000000.0,1000000.0,0
2020-07-09T00:00:00,1000000.0,1000000.0,0
2020-07-10T00:00:00,1000000.0,1000000.0,0
2020-07-13T00:00:00,1000000.0,1000000.0,0
2020-07-14T00:00:00,1000000.0,1000000.0,0
2020-07-15T00:00:00,1000000.0,1000000.0,0
2020-07-16T00:00:00,1000000.0,1000000.0,0
2020-07-17T00:00:00,1000000.0,1000000.0,0
2020-07-20T00:00:00,1000000.0,1000000.0,0
2020-07-21T00:00:00,1000000.0,1000000.0,0
2020-07-22T00:00:00,1000000.0,1000000.0,0
2020-07-23T00:00:00,1000000.0,1000000.0,0
2020-07-24T00:00:00,1000000.0,1000000.0,0
2020-07-27T00:00:00,1000000.0,1000000.0,0
2020-07-28T00:00:00,1000000.0,1000000.0,0
2020-07-29T00:00:00,1000000.0,1000000.0,0
2020-07-30T00:00:00,1000000.0,1000000.0,0
2020-07-31T00:00:00,1000000.0,1000000.0,0
2020-08-03T00:00:00,1000000.0,1000000.0,0
2020-08-04T00:00:00,1000000.0,1000000.0,0
2020-08-05T00:00:00,1000000.0,1000000.0,0
2020-08-06T00:00:00,1000000.0,1000000.0,0
2020-08-07T00:00:00,1000000.0,1000000.0,0
2020-08-10T00:00:00,1000000.0,1000000.0,0
2020-08-11T00:00:00,1000000.0,1000000.0,0
2020-08-12T00:00:00,1000000.0,1000000.0,0
2020-08-13T00:00:00,1000000.0,1000000.0,0
2020-08-14T00:00:00,1000000.0,1000000.0,0
2020-08-17T00:00:00,1000000.0,1000000.0,0
2020-08-18T00:00:00,1000000.0,1000000.0,0
2020-08-19T00:00:00,1000000.0,1000000.0,0
2020-08-20T00:00:00,1000000.0,1000000.0,0
2020-08-21T00:00:00,1000000.0,1000000.0,0
2020-08-24T00:00:00,1000000.0,1000000.0,0
2020-08-25T00:00:00,1000000.0,1000000.0,0
2020-08-26T00:00:00,1000000.0,1000000.0,0
2020-08-27T00:00:00,1000000.0,1000000.0,0
2020-08-28T00:00:00,1000000.0,1000000.0,0
2020-08-31T00:00:00,1000000.0,1000000.0,0
2020-09-01T00:00:00,1000000.0,1000000.0,0
2020-09-02T00:00:00,1000000.0,1000000.0,0
2020-09-03T00:00:00,1000000.0,1000000.0,0
2020-09-04T00:00:00,1000000.0,1000000.0,0
2020-09-07T00:00:00,1000000.0,1000000.0,0
2020-09-08T00:00:00,1000000.0,1000000.0,0
2020-09-09T00:00:00,1000000.0,1000000.0,0
2020-09-10T00:00:00,1000000.0,1000000.0,0
2020-09-11T00:00:00,1000000.0,1000000.0,0
2020-09-14T00:00:00,1000000.0,1000000.0,0
2020-09-15T00:00:00,1000000.0,1000000.0,0
2020-09-16T00:00:00,1000000.0,1000000.0,0
2020-09-17T00:00:00,1000000.0,1000000.0,0
2020-09-18T00:00:00,1000000.0,1000000.0,0
2020-09-21T00:00:00,1000000.0,1000000.0,0
2020-09-22T00:00:00,1000000.0,1000000.0,0
2020-09-23T00:00:00,1000000.0,1000000.0,0
2020-09-24T00:00:00,1000000.0,1000000.0,0
2020-09-25T00:00:00,1000000.0,1000000.0,0
2020-09-28T00:00:00,1000000.0,1000000.0,0
2020-09-29T00:00:00,1000000.0,1000000.0,0
2020-09-30T00:00:00,1000000.0,1000000.0,0
2020-10-01T00:00:00,1000000.0,1000000.0,0
2020-10-05T00:00:00,1000000.0,1000000.0,0
2020-10-06T00:00:00,1000000.0,1000000.0,0
2020-10-07T00:00:00,1000000.0,1000000.0,0
2020-10-08T00:00:00,1000000.0,1000000.0,0
2020-10-09T00:00:00,1000000.0,1000000.0,0
2020-10-12T00:00:00,1000000.0,1000000.0,0
2020-10-13T00:00:00,1000000.0,1000000.0,0
2020-10-14T00:00:00,1000000.0,1000000.0,0
2020-10-15T00:00:00,1000000.0,1000000.0,0
2020-10-16T00:00:00,1000000.0,1000000.0,0
2020-10-19T00:00:00,1000000.0,1000000.0,0
2020-10-20T00:00:00,1000000.0,1000000.0,0
2020-10-21T00:00:00,1000000.0,1000000.0,0
2020-10-22T00:00:00,1000000.0,1000000.0,0
2020-10-23T00:00:00,1000000.0,1000000.0,0
2020-10-26T00:00:00,1000000.0,1000000.0,0
2020-10-27T00:00:00,1000000.0,1000000.0,0
2020-10-28T00:00:00,1000000.0,1000000.0,0
2020-10-29T00:00:00,1000000.0,1000000.0,0
2020-10-30T00:00:00,1000000.0,1000000.0,0
2020-11-02T00:00:00,1000000.0,1000000.0,0
2020-11-03T00:00:00,1000000.0,1000000.0,0
2020-11-04T00:00:00,1000000.0,1000000.0,0
2020-11-05T00:00:00,1000000.0,1000000.0,0
2020-11-06T00:00:00,1000000.0,1000000.0,0
2020-11-09T00:00:00,1000000.0,1000000.0,0
2020-11-10T00:00:00,1000000.0,1000000.0,0
2020-11-11T00:00:00,1000000.0,1000000.0,0
2020-11-12T00:00:00,1000000.0,1000000.0,0
2020-11-13T00:00:00,1000000.0,1000000.0,0
2020-11-14T00:00:00,1000000.0,1000000.0,0
2020-11-15T00:00:00,1000000.0,1000000.0,0
2020-11-17T00:00:00,1000000.0,1000000.0,0
2020-11-18T00:00:00,1000000.0,1000000.0,0
2020-11-19T00:00:00,1000000.0,1000000.0,0
2020-11-20T00:00:00,1000000.0,1000000.0,0
2020-11-23T00:00:00,1000000.0,1000000.0,0
2020-11-24T00:00:00,1000000.0,1000000.0,0
2020-11-25T00:00:00,1000000.0,1000000.0,0
2020-11-26T00:00:00,1000000.0,1000000.0,0
2020-11-27T00:00:00,1000000.0,1000000.0,0
2020-12-01T00:00:00,1000000.0,1000000.0,0
2020-12-02T00:00:00,1000000.0,1000000.0,0
2020-12-03T00:00:00,1000000.0,1000000.0,0
2020-12-04T00:00:00,1000000.0,1000000.0,0
2020-12-07T00:00:00,1000000.0,1000000.0,0
2020-12-08T00:00:00,1000000.0,1000000.0,0
2020-12-09T00:00:00,1000000.0,1000000.0,0
2020-12-10T00:00:00,1000000.0,1000000.0,0
2020-12-11T00:00:00,1000000.0,1000000.0,0
2020-12-14T00:00:00,1000000.0,1000000.0,0
2020-12-15T00:00:00,1000000.0,1000000.0,0
2020-12-16T00:00:00,1000000.0,1000000.0,0
2020-12-17T00:00:00,1000000.0,1000000.0,0
2020-12-18T00:00:00,1000000.0,1000000.0,0
2020-12-21T00:00:00,1000000.0,1000000.0,0
2020-12-22T00:00:00,1000000.0,1000000.0,0
2020-12-23T00:00:00,1000000.0,1000000.0,0
2020-12-24T00:00:00,1000000.0,1000000.0,0
2020-12-28T00:00:00,1000000.0,1000000.0,0
2020-12-29T00:00:00,1000000.0,1000000.0,0
2020-12-30T00:00:00,1000000.0,1000000.0,0
2020-12-31T00:00:00,1000000.0,1000000.0,0
2021-01-01T00:00:00,1000000.0,1000000.0,0
2021-01-04T00:00:00,1000000.0,1000000.0,0
2021-01-05T00:00:00,1000000.0,1000000.0,0
2021-01-06T00:00:00,1000000.0,1000000.0,0
2021-01-07T00:00:00,1000000.0,1000000.0,0
2021-01-08T00:00:00,1000000.0,1000000.0,0
2021-01-11T00:00:00,1000000.0,1000000.0,0
2021-01-12T00:00:00,1000000.0,1000000.0,0
2021-01-13T00:00:00,1000000.0,1000000.0,0
2021-01-14T00:00:00,1000000.0,1000000.0,0
2021-01-15T00:00:00,1000000.0,1000000.0,0
2021-01-18T00:00:00,1000000.0,1000000.0,0
2021-01-19T00:00:00,1000000.0,1000000.0,0
2021-01-20T00:00:00,1000000.0,1000000.0,0
2021-01-21T00:00:00,1000000.0,1000000.0,0
2021-01-22T00:00:00,1000000.0,1000000.0,0
2021-01-25T00:00:00,1000000.0,1000000.0,0
2021-01-27T00:00:00,1000000.0,1000000.0,0
2021-01-28T00:00:00,1000000.0,1000000.0,0
2021-01-29T00:00:00,1000000.0,1000000.0,0
2021-02-01T00:00:00,1000000.0,1000000.0,0
2021-02-02T00:00:00,1000000.0,1000000.0,0
2021-02-03T00:00:00,1000000.0,1000000.0,0
2021-02-04T00:00:00,1000000.0,1000000.0,0
2021-02-05T00:00:00,1000000.0,1000000.0,0
2021-02-08T00:00:00,1000000.0,1000000.0,0
2021-02-09T00:00:00,1000000.0,1000000.0,0
2021-02-10T00:00:00,1000000.0,1000000.0,0
2021-02-11T00:00:00,1000000.0,1000000.0,0
2021-02-12T00:00:00,1000000.0,1000000.0,0
2021-02-15T00:00:00,1000000.0,1000000.0,0
2021-02-16T00:00:00,1000000.0,1000000.0,0
2021-02-17T00:00:00,1000000.0,1000000.0,0
2021-02-18T00:00:00,1000000.0,1000000.0,0
2021-02-19T00:00:00,1000000.0,1000000.0,0
2021-02-22T00:00:00,1000000.0,1000000.0,0
2021-02-23T00:00:00,1000000.0,1000000.0,0
2021-02-24T00:00:00,1000000.0,1000000.0,0
2021-02-25T00:00:00,1000000.0,1000000.0,0
2021-02-26T00:00:00,1000000.0,1000000.0,0
2021-03-01T00:00:00,1000000.0,1000000.0,0
2021-03-02T00:00:00,1000000.0,1000000.0,0
2021-03-03T00:00:00,1000000.0,1000000.0,0
2021-03-04T00:00:00,1000000.0,1000000.0,0
2021-03-05T00:00:00,1000000.0,1000000.0,0
2021-03-08T00:00:00,1000000.0,1000000.0,0
2021-03-09T00:00:00,1000000.0,1000000.0,0
2021-03-10T00:00:00,1000000.0,1000000.0,0
2021-03-12T00:00:00,1000000.0,1000000.0,0
2021-03-15T00:00:00,1000000.0,1000000.0,0
2021-03-16T00:00:00,1000000.0,1000000.0,0
2021-03-17T00:00:00,1000000.0,1000000.0,0
2021-03-18T00:00:00,1000000.0,1000000.0,0
2021-03-19T00:00:00,1000000.0,1000000.0,0
2021-03-22T00:00:00,1000000.0,1000000.0,0
2021-03-23T00:00:00,1000000.0,1000000.0,0
2021-03-24T00:00:00,1000000.0,1000000.0,0
2021-03-25T00:00:00,1000000.0,1000000.0,0
2021-03-26T00:00:00,1000000.0,1000000.0,0
2021-03-30T00:00:00,1000000.0,1000000.0,0
2021-03-31T00:00:00,1000000.0,1000000.0,0
2021-04-01T00:00:00,1000000.0,1000000.0,0
2021-04-05T00:00:00,1000000.0,1000000.0,0
2021-04-06T00:00:00,1000000.0,1000000.0,0
2021-04-07T00:00:00,1000000.0,1000000.0,0
2021-04-08T00:00:00,1000000.0,1000000.0,0
2021-04-09T00:00:00,1000000.0,1000000.0,0
2021-04-12T00:00:00,1000000.0,1000000.0,0
2021-04-13T00:00:00,1000000.0,1000000.0,0
2021-04-15T00:00:00,1000000.0,1000000.0,0
2021-04-16T00:00:00,1000000.0,1000000.0,0
2021-04-19T00:00:00,1000000.0,1000000.0,0
2021-04-20T00:00:00,1000000.0,1000000.0,0
2021-04-22T00:00:00,1000000.0,1000000.0,0
2021-04-23T00:00:00,1000000.0,1000000.0,0
2021-04-26T00:00:00,1000000.0,1000000.0,0
2021-04-27T00:00:00,1000000.0,1000000.0,0
2021-04-28T00:00:00,1000000.0,1000000.0,0
2021-04-29T00:00:00,1000000.0,1000000.0,0
2021-04-30T00:00:00,1000000.0,1000000.0,0
2021-05-03T00:00:00,1000000.0,1000000.0,0
2021-05-04T00:00:00,1000000.0,1000000.0,0
2021-05-05T00:00:00,1000000.0,1000000.0,0
2021-05-06T00:00:00,1000000.0,1000000.0,0
2021-05-07T00:00:00,1000000.0,1000000.0,0
2021-05-10T00:00:00,1000000.0,1000000.0,0
2021-05-11T00:00:00,1000000.0,1000000.0,0
2021-05-12T00:00:00,1000000.0,1000000.0,0
2021-05-14T00:00:00,1000000.0,1000000.0,0
2021-05-17T00:00:00,1000000.0,1000000.0,0
2021-05-18T00:00:00,1000000.0,1000000.0,0
2021-05-19T00:00:00,1000000.0,1000000.0,0
2021-05-20T00:00:00,1000000.0,1000000.0,0
2021-05-21T00:00:00,1000000.0,1000000.0,0
2021-05-24T00:00:00,1000000.0,1000000.0,0
2021-05-25T00:00:00,1000000.0,1000000.0,0
2021-05-26T00:00:00,1000000.0,1000000.0,0
2021-05-27T00:00:00,1000000.0,1000000.0,0
2021-05-28T00:00:00,1000000.0,1000000.0,0
2021-05-31T00:00:00,1000000.0,1000000.0,0
2021-06-01T00:00:00,1000000.0,1000000.0,0
2021-06-02T00:00:00,1009001.7528723693,4282.187351128974,10
2021-06-03T00:00:00,1016073.8662081694,5206.1331454252795,10
2021-06-04T00:00:00,1026490.6480588571,6508.848925556245,10
2021-06-07T00:00:00,1032202.9601431701,6866.531142315653,10
2021-06-08T00:00:00,1046928.3502166847,9276.343228159356,10
2021-06-09T00:00:00,1042814.4380175401,7962.146589927885,10
2021-06-10T00:00:00,1056587.241282993,9735.730022006566,10
2021-06-11T00:00:00,1061255.6280308946,9116.703867076125,10
2021-06-14T00:00:00,1059616.4794286245,16066.463437413564,10
2021-06-15T00:00:00,1062232.8348487793,1596.6907714782283,10
2021-06-16T00:00:00,1041032.6221821788,16050.859256077121,10
2021-06-17T00:00:00,1050427.8962882077,10718.396910003343,10
2021-06-18T00:00:00,1055443.4877159845,11839.752284313305,10
2021-06-21T00:00:00,1085767.169102463,635.0447013704106,10
2021-06-22T00:00:00,1070996.0301663443,336.8833996816538,10
2021-06-23T00:00:00,1056808.8702505494,11166.916747894269,10
2021-06-24T00:00:00,1084501.2466076298,14030.356379358243,10
2021-06-25T00:00:00,1091281.469881723,16294.002825448537,10
2021-06-28T00:00:00,1095826.3412135746,13274.496059766156,10
2021-06-29T00:00:00,1087672.1513136448,15452.954627853862,10
2021-06-30T00:00:00,1083945.2877964512,14590.889992191078,10
2021-07-01T00:00:00,1091486.0997415734,6042.542568798075,10
2021-07-02T00:00:00,1098820.6447695578,995.1242464864335,10
2021-07-05T00:00:00,1109684.0635668547,6132.189581564278,10
2021-07-06T00:00:00,1107130.6001613224,8110.5740687931975,10
2021-07-07T00:00:00,1120815.3450847014,9240.882003341525,10
2021-07-08T00:00:00,1120650.2528471788,15367.556947215548,10
2021-07-09T00:00:00,1115413.8015524459,20003.20938173044,10
2021-07-12T00:00:00,1122769.088028774,17383.87413488356,10
2021-07-13T00:00:00,1128874.6202327705,24065.922883222025,10
2021-07-14T00:00:00,1133350.0823680854,24065.922883222025,10
2021-07-15T00:00:00,1134447.6739343526,23166.577048671446,10
2021-07-16T00:00:00,1137967.9734498006,21648.17473611656,10
2021-07-19T00:00:00,1127013.6805184474,22358.858554183418,10
2021-07-20T00:00:00,1122008.890484886,7701.835591392446,10
2021-07-22T00:00:00,1153422.0566083158,56.864835854881676,10
2021-07-23T00:00:00,1153402.2692572784,5519.826206893878,10
2021-07-26T00:00:00,1153261.011185814,11606.203286338743,10
2021-07-27T00:00:00,1150692.1572238172,17240.75500213752,10
2021-07-28T00:00:00,1160430.0416543242,7133.582257961971,10
2021-07-29T00:00:00,1150773.7505739413,19725.732248135537,10
2021-07-30T00:00:00,1162947.7894659005,24077.580674167795,10
2021-08-02T00:00:00,1159137.862976499,29209.94338268778,10
2021-08-03T00:00:00,1161252.6682243352,490.6718940740102,10
2021-08-04T00:00:00,1160394.5040151754,234.69103452350828,10
2021-08-05T00:00:00,1168226.0512358788,9723.817211830872,10
2021-08-06T00:00:00,1171456.027508303,13253.802328630874,10
2021-08-09T00:00:00,1175360.9578629418,13832.742879955375,10
2021-08-10T00:00:00,1165093.7609771527,22559.311155680596,10
2021-08-11T00:00:00,1190585.7550116351,12401.374701576511,10
2021-08-12T00:00:00,1204534.5675858166,11742.104710450367,10
2021-08-13T00:00:00,1195172.577519587,11588.665045908492,10
2021-08-16T00:00:00,1191800.3256445802,12413.310759631553,10
2021-08-17T00:00:00,1195585.71873679,14825.521444462007,10
2021-08-18T00:00:00,1196978.7004038638,7434.192429239149,10
2021-08-20T00:00:00,1181042.7108952743,23834.386123393226,10
2021-08-23T00:00:00,1195411.6558361107,6853.911813741361,10
2021-08-24T00:00:00,1211446.2572655282,1836.3042244515236,10
2021-08-25T00:00:00,1218859.3581649265,121.04456247901544,10
2021-08-26T00:00:00,1215082.2445663929,6112.992739152818,10
2021-08-27T00:00:00,1229453.8552281337,484.67806787067093,10
2021-08-30T00:00:00,1242626.6964341886,2835.2093354951066,10
2021-08-31T00:00:00,1254008.9532562299,67.51999817324395,10
2021-09-01T00:00:00,1254827.4507826183,44.91373809303332,10
2021-09-02T00:00:00,1277319.3868467384,5166.154367642928,10
2021-09-03T00:00:00,1281097.7214693548,12322.418744516646,10
2021-09-06T00:00:00,1296483.4729160669,22507.99376338735,10
2021-09-07T00:00:00,1296633.2209236922,25990.964810639824,10
2021-09-08T00:00:00,1324560.3189006466,21684.488219799503,10
2021-09-09T00:00:00,1312648.0235471195,29479.76686376988,10
2021-09-13T00:00:00,1339369.3723630374,29479.76686376988,10
2021-09-14T00:00:00,1323550.396053053,32922.14126942272,10
2021-09-15T00:00:00,1322743.20267818,31547.21914241351,10
2021-09-16T00:00:00,1331270.2250177232,30056.617660697957,10
2021-09-17T00:00:00,1328039.294577556,34460.08684058691,10
2021-09-20T00:00:00,1315906.2335646653,9666.947004606685,10
2021-09-21T00:00:00,1350461.4896290575,4343.385777739022,10
2021-09-22T00:00:00,1342887.0627753949,1842.9086463666463,10
2021-09-23T00:00:00,1350301.0314616687,4285.51490588265,10
2021-09-24T00:00:00,1354169.481742238,11227.972220753494,10
2021-09-27T00:00:00,1346675.556223902,18080.148142847174,10
2021-09-28T00:00:00,1357283.4331802458,25063.67295685713,10
2021-09-29T00:00:00,1380125.3988482652,22731.271071165655,10
2021-09-30T00:00:00,1358361.020115381,13446.354847436887,10
2021-10-01T00:00:00,1363890.4786012322,14267.357873693167,10
2021-10-04T00:00:00,1388979.1510652106,20059.35823378965,10
2021-10-05T00:00:00,1382884.1941984335,20239.76905042329,10
2021-10-06T00:00:00,1369407.4215115877,24334.192990240612,10
2021-10-07T00:00:00,1382782.3984942473,22609.63758802775,10
2021-10-08T00:00:00,1377713.5912643108,15549.842210355768,10
2021-10-11T00:00:00,1396970.5817678436,19528.572994039743,10
2021-10-12T00:00:00,1426365.0098219702,12902.177767831978,10
2021-10-13T00:00:00,1394790.5567505697,20773.98026588955,10
2021-10-14T00:00:00,1392500.1192764943,19869.70131537362,10
2021-10-18T00:00:00,1405457.8445229237,19869.70131537362,10
2021-10-19T00:00:00,1388050.8132428206,30205.918955711095,10
2021-10-20T00:00:00,1396215.7460202645,27845.564455933403,10
2021-10-21T00:00:00,1407269.3461598782,29072.823271694506,10
2021-10-22T00:00:00,1405801.501831389,31401.298645353963,10
2021-10-25T00:00:00,1413532.7892095046,13432.642328401038,10
2021-10-26T00:00:00,1431072.4039107265,2381.1824065150577,10
2021-10-27T00:00:00,1437591.1347019256,863.538602072018,10
2021-10-28T00:00:00,1435155.320260386,69355.96802649915,10
2021-10-29T00:00:00,1509297.2654067357,62532.118022092065,10
2021-11-01T00:00:00,1529365.1162825427,93429.65488727909,10
2021-11-02T00:00:00,1544315.0618980676,89841.86952288446,10
2021-11-03T00:00:00,1539782.0397294143,95623.25719767596,10
2021-11-04T00:00:00,1532675.4503281692,95623.25719767596,10
2021-11-05T00:00:00,1551056.7487251484,102276.33784410593,10
2021-11-08T00:00:00,1548791.658745787,96429.43630316012,10
2021-11-09T00:00:00,1559651.6383716154,94108.2395831632,10
2021-11-10T00:00:00,1566462.599584035,92567.50729887895,10
2021-11-11T00:00:00,1560970.473195584,82284.2474723174,10
2021-11-12T00:00:00,1584239.0261865112,88445.20256285384,10
2021-11-15T00:00:00,1594633.5998844258,95505.1743473165,10
2021-11-16T00:00:00,1591853.063688804,85120.77728133317,10
2021-11-17T00:00:00,1594093.4750712751,74144.74923356756,10
2021-11-18T00:00:00,1555444.472043932,81513.78444474973,10
2021-11-22T00:00:00,1553968.6991893356,91796.44400134732,10
2021-11-23T00:00:00,1655027.84093517,430.48697703998187,10
2021-11-24T00:00:00,1617705.0888117128,33288.94757636127,10
2021-11-25T00:00:00,1636835.1742814886,42362.82050646425,10
2021-11-26T00:00:00,1594005.3693087944,63949.33120759812,10
2021-11-29T00:00:00,1660272.334217233,32740.14177338517,10
2021-11-30T00:00:00,1694457.5786027825,922.9450044547848,10
2021-12-01T00:00:00,1679019.7114715322,5129.0163116201875,10
2021-12-02T00:00:00,1712028.5022863687,6526.5828832926345,10
2021-12-03T00:00:00,1693271.6914676253,9071.782654148847,10
2021-12-06T00:00:00,1676454.911925438,18907.80944741072,10
2021-12-07T00:00:00,1690702.501289247,9064.659614442382,10
2021-12-08T00:00:00,1704767.880809676,3217.11718357724,10
2021-12-09T00:00:00,1690912.8094498294,3545.9593979496276,10
2021-12-10T00:00:00,1697760.3460999588,8661.211502180522,10
2021-12-13T00:00:00,1681000.4911531957,17690.315799191885,10
2021-12-14T00:00:00,1711924.257541625,9290.644214598753,10
2021-12-15T00:00:00,1704325.194202883,16199.824268800992,10
2021-12-16T00:00:00,1715189.2984009574,23785.438537676062,10
2021-12-17T00:00:00,1686075.3155933153,38294.74114568354,10
2021-12-20T00:00:00,1681238.2026571874,21561.02444978978,10
2021-12-21T00:00:00,1716267.1578729374,440.76216676068725,10
2021-12-22T00:00:00,1731160.5218543406,7407.075931488915,10
2021-12-23T00:00:00,1749982.1034327277,10271.750847888907,10
2021-12-24T00:00:00,1726192.004111377,22434.32124241948,10
2021-12-27T00:00:00,1752423.332393225,14440.527080114669,10
2021-12-28T00:00:00,1749486.2135002273,5156.414061750722,10
2021-12-29T00:00:00,1770994.8513464518,958.8272299357632,10
2021-12-30T00:00:00,1748535.879472422,16442.540170359018,10
2021-12-31T00:00:00,1764280.608562199,334.4782368816668,10
2022-01-03T00:00:00,1770108.2078978773,944.0690810437663,10
2022-01-04T00:00:00,1780428.1583330615,10375.190757988137,10
2022-01-05T00:00:00,1778368.966360986,18143.084464013315,10
2022-01-06T00:00:00,1781162.7423748907,1632.9454541142622,10
2022-01-07T00:00:00,1782859.6614615729,553.0776297858101,10
2022-01-10T00:00:00,1781554.3965448884,4395.278533413657,10
2022-01-11T00:00:00,1778934.907249572,5359.25002300943,10
2022-01-12T00:00:00,1783630.713867782,342.72949278188753,10
2022-01-13T00:00:00,1772530.9082224471,4715.499477635225,10
2022-01-14T00:00:00,1764340.402813555,74.84959089884069,10
2022-01-17T00:00:00,1766113.9995974451,45.32064236709266,10
2022-01-18T00:00:00,1725067.8604117704,39029.755423672235,10
2022-01-19T00:00:00,1745509.0775278513,19165.434949726245,10
2022-01-20T00:00:00,1740491.3774431318,11813.920778092725,10
2022-01-21T00:00:00,1723747.018529872,30691.572301844513,10
2022-01-24T00:00:00,1701911.220072092,25813.73087531468,10
2022-01-25T00:00:00,1789552.2891985336,18080.00468315289,10
2022-01-27T00:00:00,1784804.0760496478,16962.738738856686,10
2022-01-28T00:00:00,1812326.4917814385,6655.650320256798,10
2022-01-31T00:00:00,1811202.2020194158,6128.986061774136,10
2022-02-01T00:00:00,1830208.0142813388,48.94213778403355,10
2022-02-02T00:00:00,1843273.0113366733,1087.5997537264193,10
2022-02-03T00:00:00,1832448.6304451197,12919.811383840366,10
2022-02-04T00:00:00,1844995.8395790556,1664.4570564725436,10
2022-02-07T00:00:00,1854740.6911453926,205.35484168163384,10
2022-02-08T00:00:00,1844707.2723496165,26595.179881354707,10
2022-02-09T00:00:00,1876045.3388774078,16600.078745572013,10
2022-02-10T00:00:00,1888829.6909830929,6417.090992248093,10
2022-02-11T00:00:00,1869812.8776626803,11041.505287192122,10
2022-02-14T00:00:00,1846660.4012487484,40003.59846859716,10
2022-02-15T00:00:00,1905122.8029867478,10881.636376030016,10
2022-02-16T00:00:00,1880168.3583689155,669.1571474493539,10
2022-02-17T00:00:00,1856578.9645200626,19123.152950848627,10
2022-02-18T00:00:00,1866203.5350164298,21541.731000316504,10
2022-02-21T00:00:00,1872537.8315817716,13428.326065719302,10
2022-02-22T00:00:00,1856360.0574652348,16137.690014520573,10
2022-02-23T00:00:00,1838996.1808405335,26.44831947630155,10
2022-02-24T00:00:00,1736544.7034296072,98209.5600770987,10
2022-02-25T00:00:00,1818988.5626650285,772.5998506975593,10
2022-02-28T00:00:00,1854537.766453192,5678.359821722377,10
2022-03-02T00:00:00,1848482.7505810938,16304.458947487932,10
2022-03-03T00:00:00,1827724.3228310267,703.1757401148789,10
2022-03-04T00:00:00,1818203.6434697623,26500.540030431206,10
2022-03-07T00:00:00,1782631.5974779152,52292.29849720228,10
2022-03-08T00:00:00,1828134.4331305607,2523.765802679787,10
2022-03-09T00:00:00,1836611.7075358168,129.63664348289603,10
2022-03-10T00:00:00,1829648.2055638519,120.95113880309509,10
2022-03-11T00:00:00,1857200.0736839005,11499.78343121495,10
2022-03-14T00:00:00,1848875.063336709,9277.366727211862,10
2022-03-15T00:00:00,1856157.9994179904,7754.915496557893,10
2022-03-16T00:00:00,1901327.786981035,212.95000975194853,10
2022-03-17T00:00:00,1901434.431312272,1973.5329739542503,10
2022-03-21T00:00:00,1873003.1660510632,19938.440133247117,10
2022-03-22T00:00:00,1870200.2854569005,20009.492289786256,10
2022-03-23T00:00:00,1863273.387411388,11552.729521068366,10
2022-03-24T00:00:00,1888127.2912704998,13229.877139335324,10
2022-03-25T00:00:00,1904321.8865875,13755.982378363202,10
2022-03-28T00:00:00,1900892.7811477263,10317.223652609275,10
2022-03-29T00:00:00,1903030.7296942635,110.79932774754707,10
2022-03-30T00:00:00,1890443.876849615,1121.0748781795264,10
2022-03-31T00:00:00,1887754.1086698752,68.39515363995451,10
2022-04-01T00:00:00,1915564.9386894493,7334.358931758907,10
2022-04-04T00:00:00,1922572.998653505,4876.781459901598,10
2022-04-05T00:00:00,1931585.3358357365,44.324330609611934,10
2022-04-06T00:00:00,1902371.2581723717,4845.320214607898,10
2022-04-07T00:00:00,1904529.3556621694,11455.91950494278,10
2022-04-08T00:00:00,1938511.4652359392,52.977771034493344,10
2022-04-11T00:00:00,1937496.0077439358,111.39611826409237,10
2022-04-12T00:00:00,1902576.5332432836,16593.54361163074,10
2022-04-13T00:00:00,1902416.280254034,7454.544635442813,10
2022-04-18T00:00:00,1883513.337058787,19032.443088297558,10
2022-04-19T00:00:00,1858149.9666052859,26628.090170959622,10
2022-04-20T00:00:00,1887636.7812860776,26750.938539342897,10
2022-04-21T00:00:00,1907231.182566107,1305.1141189939226,10
2022-04-22T00:00:00,1891749.0014029655,11096.554907909274,10
2022-04-25T00:00:00,1854282.0938325163,51132.559996151685,10
2022-04-26T00:00:00,1870465.1662082302,26844.366022072907,10
2022-04-27T00:00:00,1886355.1207029345,29049.954824638524,10
2022-04-28T00:00:00,1874105.1420325602,42307.92358773603,10
2022-04-29T00:00:00,1840779.9250518677,36048.60125273437,10
2022-05-02T00:00:00,1907119.1466919216,10.014939907414373,10
2022-05-04T00:00:00,1886833.9452271906,33806.57641462964,10
2022-05-05T00:00:00,1910482.5696981284,19528.877467903803,10
2022-05-06T00:00:00,1934402.4485407923,17128.249306783488,10
2022-05-09T00:00:00,1927378.0855957544,30612.198663381365,10
2022-05-10T00:00:00,1913373.0492119736,8948.794435972493,10
2022-05-11T00:00:00,1960248.2853541875,19708.99005084281,10
2022-05-12T00:00:00,1971986.9124610624,38443.950150271325,10
2022-05-13T00:00:00,1974822.2836334028,19055.954409769998,10
2022-05-16T00:00:00,2015327.6650702748,8531.818962791847,10
2022-05-17T00:00:00,2057069.7120212428,875.182358156977,10
2022-05-18T00:00:00,2030737.2142328352,0.015544328081887215,10
2022-05-19T00:00:00,2030797.3614967861,14746.342949728074,10
2022-05-20T00:00:00,2055333.1418624802,166.26233824924566,10
2022-05-23T00:00:00,2062787.4521845982,16317.78482619967,10
2022-05-24T00:00:00,2090966.2041963118,42631.80144057458,10
2022-05-25T00:00:00,2093772.6626819118,32033.025253628293,10
2022-05-26T00:00:00,2241860.7915763194,12138.641918116162,10
2022-05-27T00:00:00,2233808.419936632,5627.789176438819,10
2022-05-30T00:00:00,2305014.5204268275,98.7533140956075,10
2022-05-31T00:00:00,2289074.953499074,3511.631569142046,10
2022-06-01T00:00:00,2284901.052077758,21053.487655150297,10
2022-06-02T00:00:00,2309829.6306425184,6403.218533142819,10
2022-06-03T00:00:00,2263736.757254068,17890.94885868157,10
2022-06-06T00:00:00,2310895.3984294194,16309.205459143035,10
2022-06-07T00:00:00,2293115.547255921,30318.566543030145,10
2022-06-08T00:00:00,2278657.906392329,13807.899861566897,10
2022-06-09T00:00:00,2288036.68264068,518.6387106266047,10
2022-06-10T00:00:00,2277542.233065455,238.34854397081654,10
2022-06-13T00:00:00,2228937.581063672,40953.77085249056,10
2022-06-14T00:00:00,2244942.1953825797,14707.196992381883,10
2022-06-15T00:00:00,2263672.724022881,24374.953362480708,10
2022-06-16T00:00:00,2224217.150061672,36341.76876742148,10
2022-06-17T00:00:00,2209377.5356267584,37968.90300117849,10
2022-06-20T00:00:00,2227172.307864264,14630.068835333368,10
2022-06-21T00:00:00,2404661.5766545786,100.79892554428079,10
2022-06-22T00:00:00,2294874.166626438,13216.373840793385,10
2022-06-23T00:00:00,2309960.958973617,254.81903526221868,10
2022-06-24T00:00:00,2332155.557673183,31.103533473215066,10
2022-06-27T00:00:00,2347143.9596623387,12.630171677301405,10
2022-06-28T00:00:00,2353449.15182818,1690.8993524413672,10
2022-06-29T00:00:00,2370417.8999783876,494.26603673704085,10
2022-06-30T00:00:00,2344720.3315102444,7747.989377676073,10
2022-07-01T00:00:00,2347549.8271860876,470.49128291988745,10
2022-07-04T00:00:00,2393588.207319711,47.568281624728115,10
2022-07-05T00:00:00,2416316.2212956017,27101.11847043672,10
2022-07-06T00:00:00,2448246.9678172767,27147.137281388103,10
2022-07-07T00:00:00,2508700.651837162,132.55656128327246,10
2022-07-08T00:00:00,2460269.0226294557,6199.596955017361,10
2022-07-11T00:00:00,2480567.5023351437,611.5048528437619,10
2022-07-12T00:00:00,2473852.6585854893,8050.97146695893,10
2022-07-13T00:00:00,2482596.347568404,2269.655155074084,10
2022-07-14T00:00:00,2500379.524001115,11638.36390590007,10
2022-07-15T00:00:00,2522978.587438488,15756.785085582553,10
2022-07-18T00:00:00,2542869.636615916,54.24543778487714,10
2022-07-19T00:00:00,2538034.5187794873,60.523601264547324,10
2022-07-20T00:00:00,2519077.669526681,20.906282052164897,10
2022-07-21T00:00:00,2532378.0549669126,153.5020494320488,10
2022-07-22T00:00:00,2531715.0249054665,14412.10122229997,10
2022-07-25T00:00:00,2548869.6026509083,2717.2590954576735,10
2022-07-26T00:00:00,2554460.134776428,26437.34464581276,10
2022-07-27T00:00:00,2574544.035731628,26437.34464581276,10
2022-07-28T00:00:00,2581441.633516937,18647.037615447975,10
2022-07-29T00:00:00,2604946.041889392,2447.0969278438133,10
2022-08-01T00:00:00,2628212.4123393856,615.1741496881295,10
2022-08-02T00:00:00,2621367.6711370964,94.90424561663531,10
2022-08-03T00:00:00,2625462.672059559,80.29217674635584,10
2022-08-04T00:00:00,2617331.883119584,155.3507938394905,10
2022-08-05T00:00:00,2614309.96753916,12747.046022741473,10
2022-08-08T00:00:00,2659383.3274166477,146.54219936253503,10
2022-08-10T00:00:00,2651266.3303537974,565.8594370492501,10
2022-08-11T00:00:00,2668301.1474071345,14531.206824859197,10
2022-08-12T00:00:00,2686260.149064125,8522.533097327978,10
2022-08-16T00:00:00,2700230.4505319702,5305.219452868856,10
2022-08-17T00:00:00,2704694.4596574297,391.1071946613374,10
2022-08-18T00:00:00,2704149.693109138,1541.1123596259858,10
2022-08-19T00:00:00,2691778.805821617,716.083226402232,10
2022-08-22T00:00:00,2667791.800469846,35863.978814572445,10
2022-08-23T00:00:00,2714385.460167412,14183.727318291203,10
2022-08-24T00:00:00,2710776.5446006567,5888.959197214281,10
2022-08-25T00:00:00,2711394.0365684265,322.28118970338255,10
2022-08-26T00:00:00,2723460.59334908,22015.481288533018,10
2022-08-29T00:00:00,2721467.092896533,37812.64489848638,10
2022-08-30T00:00:00,2723386.0664812857,27.56050746998517,10
2022-09-01T00:00:00,2704266.393841144,240.1962398259202,10
2022-09-02T00:00:00,2683291.16560068,856.9588097559172,10
2022-09-05T00:00:00,2704349.3575946214,19405.171139848593,10
2022-09-06T00:00:00,2724467.8383638225,35439.72361009935,10
2022-09-07T00:00:00,2719517.819191144,33931.70975510887,10
2022-09-08T00:00:00,2736061.335980425,35992.4714403252,10
2022-09-09T00:00:00,2739617.0855254885,33633.23865125165,10
2022-09-12T00:00:00,2743353.8738241037,50264.485552772065,10
2022-09-13T00:00:00,2737124.0098720444,47046.88702162646,10
2022-09-14T00:00:00,2743617.772484021,55393.77761097369,10
2022-09-15T00:00:00,2708679.869350481,21431.20930104301,10
2022-09-16T00:00:00,2681382.686796704,58131.1455598271,10
2022-09-19T00:00:00,2710512.427888748,11227.691270705895,10
2022-09-20T00:00:00,2740767.2311884565,11093.265970866021,10
2022-09-21T00:00:00,2744226.6904384284,44329.71776691958,10
2022-09-22T00:00:00,2768121.6421778384,52803.70236613171,10
2022-09-23T00:00:00,2727544.7923640464,37767.77132217615,10
2022-09-26T00:00:00,2767054.951063497,18518.937940938456,10
2022-09-27T00:00:00,2780264.7714812774,20794.744168045232,10
2022-09-28T00:00:00,2763293.2102015903,22.260326712334063,10
2022-09-29T00:00:00,2753455.4269873016,12351.086334835796,10
2022-09-30T00:00:00,2795607.175433246,832.2220030700555,10
2022-10-03T00:00:00,2769355.0314607755,13258.708996786154,10
2022-10-04T00:00:00,2867141.11249308,4136.1355033340515,10
2022-10-06T00:00:00,2872832.2786671375,486.9741703721811,10
2022-10-07T00:00:00,2863009.634287005,1535.9165440848446,10
2022-10-10T00:00:00,2920138.090945659,396.8493379933643,10
2022-10-11T00:00:00,2859867.954855131,75687.32982461352,10
2022-10-12T00:00:00,2942146.868908338,43725.233387402724,10
2022-10-13T00:00:00,2921389.047806978,17643.676606416702,10
2022-10-14T00:00:00,2917543.399865389,17643.676606416702,10
2022-10-17T00:00:00,2944631.1600499004,31504.549194798106,10
2022-10-18T00:00:00,2939821.9982666667,38921.330725162814,10
2022-10-19T00:00:00,2934719.9265440963,20629.21424856427,10
2022-10-20T00:00:00,2968298.3316780184,10284.32027970301,10
2022-10-21T00:00:00,2950372.839703255,28875.605633431347,10
2022-10-24T00:00:00,2949260.7570467587,16615.916317999596,10
2022-10-25T00:00:00,2985142.714947789,2226.784100621473,10
2022-10-27T00:00:00,2956261.4706805767,13389.87937770522,10
2022-10-28T00:00:00,3025108.052092418,6273.021452769637,10
2022-10-31T00:00:00,2954975.0695243087,28395.800908586185,10
2022-11-01T00:00:00,3006802.1809792854,759.6846413948806,10
2022-11-02T00:00:00,3021250.1022194014,6384.257706461998,10
2022-11-03T00:00:00,3024212.7605810245,38.028586395375896,10
2022-11-04T00:00:00,3004368.453984185,8668.625737114693,10
2022-11-07T00:00:00,2992368.6949231755,12141.776168598037,10
2022-11-09T00:00:00,3011735.7919714283,1312.9144155812683,10
2022-11-10T00:00:00,2996638.4559565857,1662.6853724794346,10
2022-11-11T00:00:00,3016053.9213572713,11307.181336519483,10
2022-11-14T00:00:00,2990911.0683258744,19460.03498542047,10
2022-11-15T00:00:00,3010316.461941658,215.05708020780003,10
2022-11-16T00:00:00,3014969.978972579,8999.126822615566,10
2022-11-17T00:00:00,2962252.901419916,15849.186301508103,10
2022-11-18T00:00:00,2984176.8347107316,28420.85192264564,10
2022-11-21T00:00:00,2991025.972613049,44859.85197706276,10
2022-11-22T00:00:00,3022837.0236905427,52345.42786534736,10
2022-11-23T00:00:00,3037553.729836783,52345.42786534736,10
2022-11-24T00:00:00,3046863.776833853,52345.42786534736,10
2022-11-25T00:00:00,3044047.8429575153,42605.02809621714,10
2022-11-28T00:00:00,3068463.6355646653,27947.395650725055,10
2022-11-29T00:00:00,3057034.0339499093,37117.77703767794,10
2022-11-30T00:00:00,3045830.901835254,49730.10219841299,10
2022-12-01T00:00:00,3086010.1915170923,12791.398891665041,10
2022-12-02T00:00:00,3076492.51880201,15430.481596314115,10
2022-12-05T00:00:00,3113227.28463521,1183.850863122847,10
2022-12-06T00:00:00,3117825.2304108203,100.1912262502592,10
2022-12-07T00:00:00,3116213.3191853506,14886.916437242588,10
2022-12-08T00:00:00,3091176.906403846,58520.14814884117,10
2022-12-09T00:00:00,3116457.8562336653,57931.487169334316,10
2022-12-12T00:00:00,3086973.782761031,38331.14315074036,10
2022-12-13T00:00:00,3095934.0400824687,35691.818280710664,10
2022-12-14T00:00:00,3087126.4129780843,33309.90249529615,10
2022-12-15T00:00:00,3114888.4873478184,43288.78030130977,10
2022-12-16T00:00:00,3087047.2192532723,16261.180221290037,10
2022-12-19T00:00:00,3065015.287632781,23054.34146578895,10
2022-12-20T00:00:00,3079601.598846915,267.16391039150767,10
2022-12-21T00:00:00,3059256.614563468,267.16391039150767,10
2022-12-22T00:00:00,3039299.9937239895,6196.526377797825,10
2022-12-23T00:00:00,3068196.901421239,4991.625481297728,10
2022-12-26T00:00:00,3092524.2437708434,36557.402221923694,10
2022-12-27T00:00:00,3213765.1341849975,53636.49633328244,10
2022-12-28T00:00:00,3163184.4862575494,39329.10855292884,10
2022-12-29T00:00:00,3159452.584327425,40334.09455844294,10
2022-12-30T00:00:00,3146054.7283451273,22512.70409509662,10
2023-01-02T00:00:00,3150072.407711965,13013.312127095822,10
2023-01-03T00:00:00,3153876.266980561,24393.287175568403,10
2023-01-04T00:00:00,3150429.5370560237,22776.03510289878,10
2023-01-05T00:00:00,3133000.5908308923,31808.60309895879,10
2023-01-06T00:00:00,3130953.171965547,29744.235106416105,10
2023-01-09T00:00:00,3138013.9446133412,8826.956057433214,10
2023-01-10T00:00:00,3125133.8073048126,19443.476433230506,10
2023-01-11T00:00:00,3117544.449464052,15755.034577577258,10
2023-01-12T00:00:00,3086107.4259556383,41607.60883222509,10
2023-01-13T00:00:00,3079956.3516122447,27816.261188660574,10
2023-01-16T00:00:00,3077947.322685882,18406.421868011064,10
2023-01-17T00:00:00,3087917.9872624367,45111.76114244142,10
2023-01-18T00:00:00,3099691.447785549,33649.45820730162,10
2023-01-19T00:00:00,3127694.065481141,43152.97188372904,10
2023-01-20T00:00:00,3121914.2556958976,42360.84543283592,10
2023-01-23T00:00:00,3106957.5192285017,79576.51597837947,10
2023-01-24T00:00:00,3120610.6296265046,90175.45230411703,10
2023-01-25T00:00:00,3113234.4615470762,83383.47822493262,10
2023-01-27T00:00:00,3076439.5281655556,77638.45448086294,10
2023-01-30T00:00:00,3107144.068312568,69668.32939807832,10
2023-01-31T00:00:00,3158391.5451588463,49974.29409073107,10
2023-02-01T00:00:00,3208923.4855957367,46017.32402614126,10
2023-02-02T00:00:00,3160032.6590507766,77360.88216479035,10
2023-02-03T00:00:00,3284189.5816728873,34473.41673300695,10
2023-02-06T00:00:00,3281088.3193838685,49966.78158784786,10
2023-02-07T00:00:00,3324152.7550686034,69510.03026086412,10
2023-02-08T00:00:00,3295589.587152341,62271.52904687205,10
2023-02-09T00:00:00,3266262.217406278,49507.54955959809,10
2023-02-10T00:00:00,3265270.2798221214,46.11450840032194,10
2023-02-13T00:00:00,3284685.524794061,7707.963423211302,10
2023-02-14T00:00:00,3278146.2724110754,54747.946407046984,10
2023-02-15T00:00:00,3286624.3676649,49571.05847414996,10
2023-02-16T00:00:00,3315034.0007243888,62709.33978612581,10
2023-02-17T00:00:00,3311840.691099871,54404.4923961052,10
2023-02-20T00:00:00,3321635.1559198974,39645.8622015593,10
2023-02-21T00:00:00,3336314.8889048332,26574.089963220817,10
2023-02-22T00:00:00,3313524.152030304,30534.92783291661,10
2023-02-23T00:00:00,3300719.7757021026,51350.118292434665,10
2023-02-24T00:00:00,3312621.4341496928,28929.683783481654,10
2023-02-27T00:00:00,3305660.1276692296,2347.9565838720882,10
2023-02-28T00:00:00,3304908.388934828,11831.625186658814,10
2023-03-01T00:00:00,3309772.9291746737,260.12497545487713,10
2023-03-02T00:00:00,3336035.5506346347,260.12497545487713,10
2023-03-03T00:00:00,3412476.910450887,52.72607893880922,10
2023-03-06T00:00:00,3427838.4541454795,2491.93797879247,10
2023-03-08T00:00:00,3441985.2881852556,9285.01723112393,10
2023-03-09T00:00:00,3474189.4565992793,1200.064044042374,10
2023-03-10T00:00:00,3469994.166656145,50981.74271357892,10
2023-03-13T00:00:00,3515851.730306102,29280.05173630826,10
2023-03-14T00:00:00,3470529.646955598,59662.954118836904,10
2023-03-15T00:00:00,3458286.3108079657,52113.58425691002,10
2023-03-16T00:00:00,3463609.977642803,19312.368321208574,10
2023-03-17T00:00:00,3484783.162809124,7267.920469036209,10
2023-03-20T00:00:00,3493146.2568953675,4702.577886883693,10
2023-03-21T00:00:00,3457325.0831476883,19595.41353098926,10
2023-03-22T00:00:00,3506389.7431202014,61.81525612686528,10
2023-03-23T00:00:00,3496657.4500958323,15736.93215149641,10
2023-03-24T00:00:00,3479477.2255573263,28004.41876411345,10
2023-03-27T00:00:00,3475332.0682133883,20479.688055917853,10
2023-03-28T00:00:00,3460306.4083078005,18369.750837097585,10
2023-03-29T00:00:00,3489910.65259145,48347.40988705843,10
2023-03-31T00:00:00,3563144.1428882186,19402.30116763746,10
2023-04-03T00:00:00,3547257.0076111685,33170.078244102944,10
2023-04-05T00:00:00,3564858.750780067,16464.1219653695,10
2023-04-06T00:00:00,3624410.98907942,79835.51585859462,10
2023-04-10T00:00:00,3650060.0266415374,87988.74536101997,10
2023-04-11T00:00:00,3655951.2872013184,34098.27164498309,10
2023-04-12T00:00:00,3665571.855183951,25146.610698095814,10
2023-04-13T00:00:00,3651736.0319352355,2641.3804059233516,10
2023-04-17T00:00:00,3643285.846907743,14387.543440946087,10
2023-04-18T00:00:00,3652706.326273283,716.9480269754422,10
2023-04-19T00:00:00,3683937.779998722,33.78346628200961,10
2023-04-20T00:00:00,3630591.9413215737,26980.21800156642,10
2023-04-21T00:00:00,3662254.465981338,30212.522721145535,10
2023-04-24T00:00:00,3656781.671136958,27926.097311121877,10
2023-04-25T00:00:00,3680290.4238455445,97.62410952150822,10
2023-04-26T00:00:00,3692390.2242944827,20268.741914569284,10
2023-04-27T00:00:00,3728935.1062180987,8861.709871052823,10
2023-04-28T00:00:00,3738317.8713580216,34907.05516539485,10
2023-05-02T00:00:00,3823788.651702783,3594.255020043638,10
2023-05-03T00:00:00,3835646.303570516,36167.78537822474,10
2023-05-04T00:00:00,3845720.382591373,1335.2939149203594,10
2023-05-05T00:00:00,3909774.532224373,42865.68153925316,10
2023-05-08T00:00:00,3860606.393019702,11452.04763701139,10
2023-05-09T00:00:00,3899828.002650667,7780.887187410262,10
2023-05-10T00:00:00,3893651.5626654467,12351.26044987049,10
2023-05-11T00:00:00,3921265.9136696183,13313.50575259619,10
2023-05-12T00:00:00,3926113.2724485723,6513.37428954558,10
2023-05-15T00:00:00,3948073.5167619456,703.9343339671032,10
2023-05-16T00:00:00,3960395.9942458267,10745.636976539798,10
2023-05-17T00:00:00,3981682.4363929112,39331.46849740355,10
2023-05-18T00:00:00,3992029.5531929173,54827.931336227746,10
2023-05-19T00:00:00,3954760.922766201,34686.96503304673,10
2023-05-22T00:00:00,4033379.91690825,6670.9916000227095,10
2023-05-23T00:00:00,4021331.9331701556,20074.171176747186,10
2023-05-24T00:00:00,3990921.683590247,25462.02042801556,10
2023-05-25T00:00:00,3999154.1714504724,19040.57750210818,10
2023-05-26T00:00:00,4033247.1146676205,13046.470166887855,10
2023-05-29T00:00:00,4109301.1840387564,21883.901302931714,10
2023-05-30T00:00:00,4132366.6275980384,13244.673828354746,10
2023-05-31T00:00:00,4096804.870167418,37485.26010577229,10
2023-06-01T00:00:00,4099356.6979715205,50884.7256051873,10
2023-06-02T00:00:00,4101811.6798757142,50363.26682792365,10
2023-06-05T00:00:00,4115004.9929942167,43334.850171950995,10
2023-06-06T00:00:00,4109835.7208105642,27253.708618791657,10
2023-06-07T00:00:00,4161596.8234868003,35628.508056159306,10
2023-06-08T00:00:00,4187925.495284056,55469.7352742902,10
2023-06-09T00:00:00,4162423.6576466803,75413.75782063062,10
2023-06-12T00:00:00,4160619.7295766165,75499.83313801792,10
2023-06-13T00:00:00,4190111.6970828464,39241.46918520221,10
2023-06-14T00:00:00,4202558.303221099,45209.55572354066,10
2023-06-15T00:00:00,4200348.025018596,50538.15221586166,10
2023-06-16T00:00:00,4199959.318963909,50538.15221586166,10
2023-06-19T00:00:00,4211925.968975661,26073.43841230747,10
2023-06-20T00:00:00,4190728.134052446,35121.97093599115,10
2023-06-21T00:00:00,4198608.279102495,35121.97093599115,10
2023-06-22T00:00:00,4185335.9863266395,1566.988645975478,10
2023-06-23T00:00:00,4161144.573332255,1566.988645975478,10
2023-06-26T00:00:00,4131595.9991132235,39274.00839056703,10
2023-06-27T00:00:00,4198743.870820453,8247.076856067404,10
2023-06-28T00:00:00,4205601.103688538,35.82146197534166,10
2023-06-30T00:00:00,4237848.674512863,17055.12759208714,10
2023-07-03T00:00:00,4237356.767109103,18183.49608249095,10
2023-07-04T00:00:00,4251834.212635721,8234.444241250982,10
2023-07-05T00:00:00,4258637.082394095,4017.2528385832557,10
2023-07-06T00:00:00,4269813.902142378,33962.9134949171,10
2023-07-07T00:00:00,4314387.539844014,72377.09776637738,10
2023-07-10T00:00:00,4274687.159011376,64030.70265151322,10
2023-07-11T00:00:00,4254696.960802496,66431.42500537704,10
2023-07-12T00:00:00,4269023.753576718,67775.36484380817,10
2023-07-13T00:00:00,4302454.813856754,59072.36750665691,10
2023-07-14T00:00:00,4286828.534456414,50514.69783226901,10
2023-07-17T00:00:00,4359123.958993315,67984.83774697687,10
2023-07-18T00:00:00,4377928.809309977,74035.21049405914,10
2023-07-19T00:00:00,4374231.861408544,73350.28445847082,10
2023-07-20T00:00:00,4405413.192713591,72650.03075680375,10
2023-07-21T00:00:00,4419360.187830779,72650.03075680375,10
2023-07-24T00:00:00,4412502.202806682,81624.00659391406,10
2023-07-25T00:00:00,4458131.970331214,75097.0599918593,10
2023-07-26T00:00:00,4481090.127380834,42562.04155014554,10
2023-07-27T00:00:00,4514769.737270239,61139.647334936075,10
2023-07-28T00:00:00,4534230.22735527,74078.92837455653,10
2023-07-31T00:00:00,4602056.36769452,24287.90084424091,10
2023-08-01T00:00:00,4614541.296196098,17749.86431896343,10
2023-08-02T00:00:00,4612262.975383553,12111.102885994886,10
2023-08-03T00:00:00,4572194.343125408,51075.4536371883,10
2023-08-04T00:00:00,4570675.345504337,59054.67350726732,10
2023-08-07T00:00:00,4612177.744370998,50105.290071072406,10
2023-08-08T00:00:00,4669058.458920578,25285.89855680865,10
2023-08-09T00:00:00,4703965.549220813,93753.01633812382,10
2023-08-10T00:00:00,4709261.543795879,87796.0995514947,10
2023-08-11T00:00:00,4700801.864977856,61916.48251630808,10
2023-08-14T00:00:00,4706077.889180027,54975.26947482693,10
2023-08-16T00:00:00,4653032.1552709555,56686.60888423666,10
2023-08-17T00:00:00,4676437.091943234,35394.340447872586,10
2023-08-18T00:00:00,4708132.370825286,28519.05794381589,10
2023-08-21T00:00:00,4666163.763560819,25294.072688627,10
2023-08-22T00:00:00,4704481.906646669,15634.425079286098,10
2023-08-23T00:00:00,4725952.619995058,15634.425079286098,10
2023-08-24T00:00:00,4757769.112922794,23859.225959903677,10
2023-08-25T00:00:00,4783627.404754193,19649.260177165794,10
2023-08-28T00:00:00,4747916.144812174,31828.915075845667,10
2023-08-29T00:00:00,4783821.500498856,26432.19581135601,10
2023-08-30T00:00:00,4808984.840501355,36751.1932845586,10
2023-08-31T00:00:00,4847431.204110362,68828.85605738265,10
2023-09-01T00:00:00,4862331.790446286,68179.63823986548,10
2023-09-04T00:00:00,4867096.335047282,45286.67613462312,10
2023-09-05T00:00:00,4907137.175766138,55201.811569361365,10
2023-09-06T00:00:00,4926839.104309302,63589.09231589397,10
2023-09-07T00:00:00,4937048.262294002,84393.1139022783,10
2023-09-08T00:00:00,4954716.516459651,84393.1139022783,10
2023-09-11T00:00:00,5012016.644818588,43244.211026474135,10
2023-09-12T00:00:00,5042544.2080247495,33520.79646469053,10
2023-09-13T00:00:00,5019114.700970695,54913.32676415198,10
2023-09-14T00:00:00,5220701.0644617295,70285.87015630992,10
2023-09-15T00:00:00,5225072.988139231,57841.04050739511,10
2023-09-18T00:00:00,5211374.05946346,39294.01945491461,10
2023-09-20T00:00:00,5241517.43974285,178.17826824088115,10
2023-09-21T00:00:00,5259868.787434219,16610.309651016025,10
2023-09-22T00:00:00,5227248.581126042,23913.668650455365,10
2023-09-25T00:00:00,5240449.729915309,23903.506831812614,10
2023-09-26T00:00:00,5294652.366441079,899.9214947905857,10
2023-09-27T00:00:00,5320031.184185764,4469.758892794722,10
2023-09-28T00:00:00,5295796.934000883,16784.58884707431,10
2023-09-29T00:00:00,5244198.826022661,44882.10061982926,10
2023-10-03T00:00:00,5282539.170029065,10104.882187268231,10
2023-10-04T00:00:00,5305744.8522571,40551.08712038153,10
2023-10-05T00:00:00,5278004.90485416,50279.11020694324,10
2023-10-06T00:00:00,5335005.562301826,22375.626358222216,10
2023-10-09T00:00:00,5353739.167917945,46231.46668503538,10
2023-10-10T00:00:00,5357365.2900395915,16708.937492899247,10
2023-10-11T00:00:00,5404742.679191997,2476.70663492952,10
2023-10-12T00:00:00,5398258.76119164,20078.865203175228,10
2023-10-13T00:00:00,5394316.3305082265,59930.06309794856,10
2023-10-16T00:00:00,5364700.706300339,46636.737733443966,10
2023-10-17T00:00:00,5369396.494790634,46636.737733443966,10
2023-10-18T00:00:00,5395292.277551254,46636.737733443966,10
2023-10-19T00:00:00,5351385.308167037,81283.07458549342,10
2023-10-20T00:00:00,5350607.243386344,91546.66684825788,10
2023-10-23T00:00:00,5307437.400089682,92068.14693874237,10
2023-10-25T00:00:00,5225861.127596836,90690.09784601117,10
2023-10-26T00:00:00,5206706.989965637,94679.34244747896,10
2023-10-27T00:00:00,5245702.200089096,15.617294906580355,10
2023-10-30T00:00:00,5315642.246682053,33.410469895461574,10
2023-10-31T00:00:00,5295776.963371187,22192.986686617136,10
2023-11-01T00:00:00,5308914.005723807,42092.08546623879,10
2023-11-02T00:00:00,5285469.662757261,71190.33551727049,10
2023-11-03T00:00:00,5362332.099231691,23835.760120363208,10
2023-11-06T00:00:00,5346789.406969846,41988.8916805397,10
2023-11-07T00:00:00,5406510.247113936,43264.66465543944,10
2023-11-08T00:00:00,5432319.195216843,25764.708606430097,10
2023-11-09T00:00:00,5440140.070157839,13213.52941687184,10
2023-11-10T00:00:00,5420180.409009888,25641.90595050028,10
2023-11-13T00:00:00,5432836.38217467,62079.811625658185,10
2023-11-15T00:00:00,5503450.874145198,20930.531600642134,10
2023-11-16T00:00:00,5508345.724865323,31813.854961758014,10
2023-11-17T00:00:00,5491035.752717438,13566.623628082452,10
2023-11-20T00:00:00,5485374.235566637,913.2948470325209,10
2023-11-21T00:00:00,5468246.845195431,3087.1878773159115,10
2023-11-22T00:00:00,5476030.484834265,25156.186677526683,10
2023-11-23T00:00:00,5461740.14190824,25156.186677526683,10
2023-11-24T00:00:00,5497589.783006262,25156.186677526683,10
2023-11-28T00:00:00,5543421.731967002,726.483004599344,10
2023-11-29T00:00:00,5540967.614164293,11891.86526292609,10
2023-11-30T00:00:00,5609681.124739199,19880.85502484336,10
2023-12-01T00:00:00,5593494.726694007,25301.7581576308,10
2023-12-04T00:00:00,5644650.683176505,7954.573244559346,10
2023-12-05T00:00:00,5712500.682263401,369.3948793680174,10
2023-12-06T00:00:00,5736446.762344261,6470.212051292183,10
2023-12-07T00:00:00,5788032.808602111,251.5306480100262,10
2023-12-08T00:00:00,5799304.645224676,14274.62909613538,10
2023-12-11T00:00:00,5777511.560970685,8854.972599408706,10
2023-12-12T00:00:00,5806225.350613611,29115.547146813828,10
2023-12-13T00:00:00,5856490.3918192,398.4172708601691,10
2023-12-14T00:00:00,5980665.661802763,33383.66256570222,10
2023-12-15T00:00:00,6048287.001378426,20808.74738062371,10
2023-12-18T00:00:00,6015579.180716195,43736.382132210885,10
2023-12-19T00:00:00,6050105.344070433,61851.722244261065,10
2023-12-20T00:00:00,6063407.651367329,70424.24646010273,10
2023-12-21T00:00:00,5988557.926124141,52685.841025874484,10
2023-12-22T00:00:00,6163876.90779204,8038.421433397802,10
2023-12-26T00:00:00,6138881.080790388,4728.726427900605,10
2023-12-27T00:00:00,6122462.502284037,25855.349085794995,10
2023-12-28T00:00:00,6186361.075722801,5085.927254783106,10
2023-12-29T00:00:00,6145012.369148619,29637.72605932376,10
2024-01-01T00:00:00,6207329.160069776,103.65997250110377,10
2024-01-02T00:00:00,6179305.412281983,131.6384210512042,10
2024-01-03T00:00:00,6175302.889138027,15180.46617965307,10
2024-01-04T00:00:00,6157145.551456828,479.6508068034891,10
2024-01-05T00:00:00,6180659.195207391,1430.8650758597068,10
2024-01-08T00:00:00,6160117.067247999,48037.356684339116,10
2024-01-09T00:00:00,6114691.882224637,50799.71704824583,10
2024-01-10T00:00:00,6124085.227825603,30844.179790935596,10
2024-01-11T00:00:00,6254846.588738803,22932.398003939306,10
2024-01-12T00:00:00,6230099.39934421,4280.764471772942,10
2024-01-15T00:00:00,6305286.404644097,104574.03029259609,10
2024-01-16T00:00:00,6280741.520275201,104574.03029259609,10
2024-01-17T00:00:00,6287358.661295602,46018.35500592878,10
2024-01-18T00:00:00,6209477.871672709,45123.55810459342,10
2024-01-19T00:00:00,6242391.38196911,23323.934062616085,10
2024-01-23T00:00:00,6248478.986292925,157.0922499562148,10
2024-01-24T00:00:00,6265707.937965577,61701.89615649462,10
2024-01-25T00:00:00,6322607.865576789,104418.84484009421,10
2024-01-29T00:00:00,6348606.1447674,108673.79459726484,10
2024-01-30T00:00:00,6477744.744687736,30044.340806663153,10
2024-01-31T00:00:00,6514173.683496733,42665.82193591143,10
2024-02-01T00:00:00,6595228.084852153,43377.79462998547,10
2024-02-02T00:00:00,6631288.756571255,21304.175699672196,10
2024-02-05T00:00:00,6692914.34921666,35173.464283187524,10
2024-02-06T00:00:00,6634822.6425136505,50537.48647727363,10
2024-02-07T00:00:00,6740856.18673125,43523.26714506862,10
2024-02-08T00:00:00,6739039.883895297,60648.16026248445,10
2024-02-09T00:00:00,6724101.66426727,61907.4763400238,10
2024-02-12T00:00:00,6794569.199976464,189.66094448103104,10
2024-02-13T00:00:00,6864133.0600310555,60229.603182910825,10
2024-02-14T00:00:00,6979768.827690455,105852.59461245255,10
2024-02-15T00:00:00,7014651.893970156,121228.74689068843,10
2024-02-16T00:00:00,7044227.895090714,175097.34665931773,10
2024-02-19T00:00:00,7111941.191110314,158577.42371529422,10
2024-02-20T00:00:00,7163737.900726989,129671.1189734491,10
2024-02-21T00:00:00,7181539.215686918,104676.85681545816,10
2024-02-22T00:00:00,7134248.144475016,117303.39171317534,10
2024-02-23T00:00:00,7243361.2963499855,133756.06986377924,10
2024-02-26T00:00:00,7236130.628528089,142359.0922274302,10
2024-02-27T00:00:00,7237201.221499295,196180.3167141385,10
2024-02-28T00:00:00,7254944.826998725,172399.3009672301,10
2024-02-29T00:00:00,7173746.745671387,194299.10266601574,10
2024-03-01T00:00:00,7231594.329502865,15672.518040462048,10
2024-03-04T00:00:00,7340413.682886169,20310.860986754997,10
2024-03-05T00:00:00,7367860.123531906,21090.374569503125,10
2024-03-06T00:00:00,7317880.562857026,64467.76720272959,10
2024-03-07T00:00:00,7377927.75975644,64467.76720272959,10
2024-03-11T00:00:00,7286080.9084472,13136.553314143792,10
2024-03-12T00:00:00,7256199.8194230115,50119.006404212676,10
2024-03-13T00:00:00,7277169.437411518,61485.11029359826,10
2024-03-14T00:00:00,7343508.7354666535,56802.84661167278,10
2024-03-15T00:00:00,7807244.941745211,318.79808371223044,10
2024-03-18T00:00:00,7653776.109372938,62385.29731544305,10
2024-03-19T00:00:00,7588058.614862529,149147.2584095865,10
2024-03-20T00:00:00,7619498.102367518,72519.87366878719,10
2024-03-21T00:00:00,7686289.469710673,65888.77159818518,10
2024-03-22T00:00:00,7824616.446662109,2023.3039466550108,10
2024-03-26T00:00:00,7881117.71488241,4539.951942957239,10
2024-03-27T00:00:00,7879563.805670356,64482.93753681169,10
2024-03-28T00:00:00,7882095.327291136,40734.28560412361,10
2024-04-01T00:00:00,7837287.407639038,53594.560440551955,10
2024-04-02T00:00:00,8060409.673297006,86.65751941816416,10
2024-04-03T00:00:00,7992565.997578161,43705.22276736982,10
2024-04-04T00:00:00,8059511.726774603,56676.81710663403,10
2024-04-05T00:00:00,8017516.200314931,80426.19628661033,10
2024-04-08T00:00:00,8180225.847669918,79521.19715722243,10
2024-04-09T00:00:00,8408411.778202973,73187.53989120491,10
2024-04-10T00:00:00,8251346.736034029,213210.94518625096,10
2024-04-12T00:00:00,8275411.702390052,204177.6631749646,10
2024-04-15T00:00:00,8209679.889782613,230020.08172292076,10
2024-04-16T00:00:00,8128974.83755635,201539.11276386993,10
2024-04-18T00:00:00,8101144.1760971425,108764.3588058824,10
2024-04-19T00:00:00,8103940.521726286,88054.19117513904,10
2024-04-22T00:00:00,8072096.079002331,46004.618507335894,10
2024-04-23T00:00:00,8038596.303887196,13525.544243641081,10
2024-04-24T00:00:00,8094574.430321926,134.7884762226604,10
2024-04-25T00:00:00,8199166.342884168,233.820362195489,10
2024-04-26T00:00:00,8149573.354014068,2015.446879058145,10
2024-04-29T00:00:00,8204590.928138822,40109.080909818644,10
2024-04-30T00:00:00,8301245.835647684,61561.16505442199,10
2024-05-02T00:00:00,8179204.188716082,40463.38866725413,10
2024-05-03T00:00:00,8207934.272441523,31231.308208124246,10
2024-05-06T00:00:00,8107901.938125121,106460.8682398675,10
2024-05-07T00:00:00,8062711.1595365275,90143.1615201704,10
2024-05-08T00:00:00,8133025.123474376,128006.95420862874,10
2024-05-09T00:00:00,8265694.91853762,60617.940327171586,10
2024-05-10T00:00:00,8197812.526289034,165665.61127285927,10
2024-05-13T00:00:00,8365988.09543091,121557.23778015305,10
2024-05-14T00:00:00,8527940.326892346,168070.94565150177,10
2024-05-15T00:00:00,8505058.765785055,165300.2176588357,10
2024-05-16T00:00:00,8550831.560388954,139462.16950455552,10
2024-05-17T00:00:00,8596145.584508317,23001.03668727132,10
2024-05-21T00:00:00,8600412.377806053,12316.731901510735,10
2024-05-22T00:00:00,8606577.416342547,4704.30063514912,10
2024-05-23T00:00:00,8651103.000986839,23291.290049338015,10
2024-05-24T00:00:00,8637955.507817926,553.899068535422,10
2024-05-27T00:00:00,8664283.506670471,146925.6142144174,10
2024-05-28T00:00:00,8702921.038564779,87741.18837557046,10
2024-05-29T00:00:00,8615075.8025413,85322.03337626078,10
2024-05-30T00:00:00,8515825.09327208,112715.95566832088,10
2024-05-31T00:00:00,8463099.773495637,154403.85921951476,10
2024-06-03T00:00:00,8493726.446846807,92113.29364856565,10
2024-06-04T00:00:00,8643715.979474181,133803.22088348307,10
2024-06-05T00:00:00,9122173.439221183,151561.3929412763,10
2024-06-06T00:00:00,10163717.328864615,372.79106859501917,10
2024-06-07T00:00:00,10209303.22864007,574.6396202952601,10
2024-06-10T00:00:00,10219670.224140735,3539.2336851083674,10
2024-06-11T00:00:00,10067402.335755203,5695.492028090288,10
2024-06-12T00:00:00,10302340.341633866,347.1813898769906,10
2024-06-13T00:00:00,10307569.797649095,246.37472123920452,10
2024-06-14T00:00:00,10360209.866782453,195.9071495801909,10
2024-06-18T00:00:00,10458128.162209127,3068.571907611913,10
2024-06-19T00:00:00,10370344.90554409,1035.4841268529417,10
2024-06-20T00:00:00,10424811.54021006,24732.137027076562,10
2024-06-21T00:00:00,10420658.679316508,85740.42031382257,10
2024-06-24T00:00:00,10354221.823010508,98484.58881861356,10
2024-06-25T00:00:00,10436606.266841937,95701.40205006709,10
2024-06-26T00:00:00,10370670.299030973,32960.09262533358,10
2024-06-27T00:00:00,10395169.515490878,24.10603653313592,10
2024-06-28T00:00:00,10390691.886489926,125.88334661442786,10
2024-07-01T00:00:00,10427121.099044858,125.88334661442786,10
2024-07-02T00:00:00,10481150.74378854,36208.28413277841,10
2024-07-03T00:00:00,10473246.589735745,89170.9666125765,10
2024-07-04T00:00:00,10613455.859259669,60725.7451010386,10
2024-07-05T00:00:00,10627513.400539473,49530.00347526441,10
2024-07-08T00:00:00,10668203.732327206,48521.3907058062,10
2024-07-09T00:00:00,10634096.775392462,99020.25123016885,10
2024-07-10T00:00:00,10681670.82511224,54505.466347592184,10
2024-07-11T00:00:00,10651486.443198735,101633.30757861678,10
2024-07-12T00:00:00,10740487.688699614,119800.16343105957,10
2024-07-15T00:00:00,10635913.113077689,63073.41155486205,10
2024-07-16T00:00:00,10703364.553893661,22679.753478621133,10
2024-07-18T00:00:00,10670663.657842731,3967.355840778677,10
2024-07-19T00:00:00,10553358.00021174,116476.30929377128,10
2024-07-22T00:00:00,10603449.735493654,148620.4934358541,10
2024-07-23T00:00:00,10927224.878404407,82191.75886705378,10
2024-07-24T00:00:00,11109779.872311112,586.7379498451483,10
2024-07-25T00:00:00,11443647.331274176,17701.606878423365,10
2024-07-26T00:00:00,11410207.367610615,60198.519038836705,10
2024-07-29T00:00:00,11537324.91188337,43254.487307562726,10
2024-07-30T00:00:00,11602407.865461571,1856.2102186505217,10
2024-07-31T00:00:00,11682665.765331266,22286.035762785235,10
2024-08-01T00:00:00,11685310.741298694,53404.50379564171,10
2024-08-02T00:00:00,11612118.332328249,146631.43251745868,10
2024-08-05T00:00:00,11370320.15944843,255416.17427997268,10
2024-08-06T00:00:00,11459510.007892283,140718.5755344939,10
2024-08-07T00:00:00,11439176.97903689,190619.50866182987,10
2024-08-08T00:00:00,11779328.55654816,39311.33660797379,10
2024-08-09T00:00:00,11654701.524239972,66689.09986253036,10
2024-08-12T00:00:00,11689129.938226417,20620.236367896898,10
2024-08-13T00:00:00,11620927.43506363,57439.63319900539,10
2024-08-14T00:00:00,11459235.838384237,130828.46468123375,10
2024-08-16T00:00:00,11556080.914536024,42233.32650807011,10
2024-08-19T00:00:00,11771374.106920872,73755.71737924614,10
2024-08-20T00:00:00,11852003.12838004,61202.48526785686,10
2024-08-21T00:00:00,11972194.796074396,753.6295704890508,10
2024-08-22T00:00:00,11911604.512481615,4323.537414476741,10
2024-08-23T00:00:00,11901241.727484299,20090.96179826418,10
2024-08-26T00:00:00,11894390.485905025,42377.49342760723,10
2024-08-27T00:00:00,11965767.414195623,91888.67507513938,10
2024-08-28T00:00:00,12060882.202639993,120684.46203940804,10
2024-08-29T00:00:00,12050931.57453108,137927.78928327793,10
2024-08-30T00:00:00,12045679.427478066,68178.13075565337,10
2024-09-02T00:00:00,12115903.444110524,52494.43658793997,10
2024-09-03T00:00:00,12111680.94419982,101526.60933043342,10
2024-09-04T00:00:00,12250203.567343894,94548.63281935919,10
2024-09-05T00:00:00,12147339.021304218,83845.39200123912,10
2024-09-06T00:00:00,12172655.000381054,42436.10546833393,10
2024-09-09T00:00:00,11991023.80838442,178466.68863344355,10
2024-09-10T00:00:00,12077745.212082768,33131.75222482672,10
2024-09-11T00:00:00,12118758.755150722,275.9130105241202,10
2024-09-12T00:00:00,12045607.632992255,49345.07127045351,10
2024-09-13T00:00:00,12283978.990618393,48268.66278140154,10
2024-09-16T00:00:00,12378595.286792053,8318.78871466103,10
2024-09-17T00:00:00,12441946.14063422,158.41538397502154,10
2024-09-18T00:00:00,12318299.953597717,63483.16053741472,10
2024-09-19T00:00:00,12267946.51614679,72310.02542413468,10
2024-09-20T00:00:00,12044406.36812416,329612.6635037998,10
2024-09-23T00:00:00,12455423.385480536,346.40968097629957,10
2024-09-24T00:00:00,12571642.645981794,111.50933933793567,10
2024-09-25T00:00:00,12542187.276422301,550.485894958023,10
2024-09-26T00:00:00,12567978.148334727,268.7638437608257,10
2024-09-27T00:00:00,12506460.080842096,46985.267792780185,10
2024-09-30T00:00:00,12616980.641377034,387.7701917316299,10
2024-10-01T00:00:00,12505013.365438543,100802.17004975001,10
2024-10-03T00:00:00,12472294.453823542,2816.1602444413584,10
2024-10-04T00:00:00,12265999.737514775,202394.08456067345,10
2024-10-07T00:00:00,12272759.982099423,112029.74671734264,10
2024-10-08T00:00:00,12261068.864545815,205312.486642831,10
2024-10-09T00:00:00,12915861.982726164,71640.88815219025,10
2024-10-10T00:00:00,12989497.27335772,150046.41298326757,10
2024-10-11T00:00:00,12938844.512403043,170962.5100226726,10
2024-10-14T00:00:00,13121529.40993276,158937.80009999708,10
2024-10-15T00:00:00,13192530.25154653,158937.80009999708,10
2024-10-16T00:00:00,13204226.254492274,209441.27530526253,10
2024-10-17T00:00:00,13149593.035986414,209441.27530526253,10
2024-10-18T00:00:00,12954305.521908067,167613.19837596174,10
2024-10-21T00:00:00,13017087.90065365,196043.72118740156,10
2024-10-22T00:00:00,12674090.586007252,251794.02887834655,10
2024-10-23T00:00:00,12647272.463785628,192999.05221793987,10
2024-10-24T00:00:00,13065451.28384098,78274.2662399679,10
2024-10-25T00:00:00,13058620.945615565,154749.01292208396,10
2024-10-28T00:00:00,12988260.511997662,308685.389477215,10
2024-10-29T00:00:00,13379342.092638042,117595.26793101057,10
2024-10-30T00:00:00,13510673.67595645,181521.90993472096,10
2024-10-31T00:00:00,13780330.42279408,262964.4777867552,10
2024-11-01T00:00:00,13813129.322140578,312941.40487373155,10
2024-11-04T00:00:00,13881438.510344392,366982.67669571005,10
2024-11-05T00:00:00,13702849.672014752,362238.3259454167,10
2024-11-06T00:00:00,13690028.46268154,306777.2337997034,10
2024-11-07T00:00:00,13840232.032995066,631.4446009011008,10
2024-11-08T00:00:00,13622975.698168818,79027.2302275342,10
2024-11-11T00:00:00,13720754.689769419,58037.66437879368,10
2024-11-12T00:00:00,13959631.269281143,1665.965936416993,10
2024-11-13T00:00:00,14112417.136192968,174073.2187887933,10
2024-11-14T00:00:00,14123098.728000455,228780.0267980625,10
2024-11-18T00:00:00,14082015.211740168,210127.19848028058,10
2024-11-19T00:00:00,14066375.087941363,35156.95276375208,10
2024-11-21T00:00:00,14129720.380868161,55181.20249291719,10
2024-11-22T00:00:00,14123290.761296801,51228.27934031887,10
2024-11-25T00:00:00,14501372.798650727,148.97111318958923,10
2024-11-26T00:00:00,14688430.872937806,6249.261594422394,10
2024-11-27T00:00:00,14560663.73712788,110254.94621906662,10
2024-11-28T00:00:00,14843011.16943387,181.52640560944565,10
2024-11-29T00:00:00,14853876.634287868,4306.676699671894,10
2024-12-02T00:00:00,15125672.567025213,749.6692285810132,10
2024-12-03T00:00:00,14961977.635386333,25601.814860209357,10
2024-12-04T00:00:00,15105605.330562625,112.69878772343509,10
2024-12-05T00:00:00,15027562.803698048,109055.50233696331,10
2024-12-06T00:00:00,15049006.893009432,94255.18943429831,10
2024-12-09T00:00:00,14997197.363177875,229.84772072173655,10
2024-12-10T00:00:00,14994243.507246792,339.6108463408891,10
2024-12-11T00:00:00,14993678.994473556,3847.6378451385535,10
2024-12-12T00:00:00,15043274.073907882,361.9476261436939,10
2024-12-13T00:00:00,14966553.5505009,361.9476261436939,10
2024-12-16T00:00:00,14976456.37759454,733.7102361409925,10
2024-12-17T00:00:00,14894582.499924112,204.30009501124732,10
2024-12-18T00:00:00,14755843.261789698,128023.29413833027,10
2024-12-19T00:00:00,14650859.722330745,157738.1640497998,10
2024-12-20T00:00:00,14775105.742872326,155304.0462475703,10
2024-12-23T00:00:00,14590681.038959578,115301.09668357647,10
2024-12-24T00:00:00,14880734.08437506,130012.34731451282,10
2024-12-26T00:00:00,14881178.079841446,102112.23252088879,10
2024-12-27T00:00:00,14942057.5169142,102112.23252088879,10
2024-12-30T00:00:00,14847472.917021131,137647.40981898224,10
2024-12-31T00:00:00,14846030.864425717,185848.89619451622,10
2025-01-01T00:00:00,14987689.849501347,51215.80659363163,10
2025-01-02T00:00:00,15039593.059503628,111259.75048263161,10
2025-01-03T00:00:00,15152828.33241841,186003.3921718276,10
2025-01-06T00:00:00,15084500.721334426,186003.3921718276,10
2025-01-07T00:00:00,14958756.752922814,181070.2634361193,10
2025-01-08T00:00:00,15168976.2999536,48658.39992918656,10
2025-01-09T00:00:00,15049463.788571004,84861.41906416719,10
2025-01-10T00:00:00,14971795.199868772,147069.96592101897,10
2025-01-13T00:00:00,14786848.139334252,279477.85195021867,10
2025-01-14T00:00:00,14425626.635731,453299.6281626413,10
2025-01-15T00:00:00,14781856.648347074,106619.62936514057,10
2025-01-16T00:00:00,14595154.660526006,39374.61169788102,10
2025-01-17T00:00:00,14774680.951901704,5456.2519963094965,10
2025-01-20T00:00:00,14654277.820788419,101687.73086074577,10
2025-01-21T00:00:00,14756412.113330677,88437.24366362323,10
2025-01-22T00:00:00,14479695.201232634,129169.73362704413,10
2025-01-23T00:00:00,14969948.220586047,33579.411504014395,10
2025-01-24T00:00:00,15383611.736217735,616.3789217458107,10
2025-01-27T00:00:00,15235887.45532365,78280.17584366957,10
2025-01-28T00:00:00,15133314.417367589,250176.94709933898,10
2025-01-29T00:00:00,15585910.355465768,41287.85080039338,10
2025-01-30T00:00:00,15994535.218595408,273.399625682272,10
2025-01-31T00:00:00,15943869.227985345,135.32164379162714,10
2025-02-01T00:00:00,16208367.155600747,415.0052101223264,10
2025-02-03T00:00:00,15813409.994370842,18845.40726223006,10
2025-02-04T00:00:00,15913143.701920152,60221.21070921398,10
2025-02-05T00:00:00,15993884.066139491,39837.70423153136,10
2025-02-06T00:00:00,16232998.426639324,368.2090184742119,10
2025-02-07T00:00:00,16015978.449033195,126598.04836791288,10
2025-02-10T00:00:00,16022249.318472821,111181.93837638549,10
2025-02-11T00:00:00,15779406.082804516,93642.64025767078,10
2025-02-12T00:00:00,15739124.833091127,217620.5222123738,10
2025-02-13T00:00:00,16058003.006400146,55.81436065514572,10
2025-02-14T00:00:00,16046172.809758307,84220.98575318116,10
2025-02-17T00:00:00,15889714.203571627,270120.12718612957,10
2025-02-18T00:00:00,16563044.20729615,2793.751378791174,10
2025-02-19T00:00:00,16497286.001719886,19898.042491370114,10
2025-02-20T00:00:00,16704573.529674444,129623.05976477545,10
2025-02-21T00:00:00,16892335.309599843,56531.90145775303,10
2025-02-24T00:00:00,16552056.4818338,105652.9152902225,10
2025-02-25T00:00:00,16610318.175302435,129103.93671600893,10
2025-02-27T00:00:00,16623019.130487096,126658.27984012198,10
2025-02-28T00:00:00,16332721.256470144,220417.29089397145,10
2025-03-03T00:00:00,16199047.037173646,265228.7786744996,10
2025-03-04T00:00:00,16261556.947732467,292.7570738985669,10
2025-03-05T00:00:00,16515672.582130315,350.2650526785292,10
2025-03-06T00:00:00,16838586.184598204,561.4852268663235,10
2025-03-07T00:00:00,16539130.36089349,16448.68715691683,10
2025-03-10T00:00:00,16566410.469441755,660.0130666324403,10
2025-03-11T00:00:00,16374882.380177839,660.0130666324403,10
2025-03-12T00:00:00,16574658.8794805,281.41338552883826,10
2025-03-13T00:00:00,16429272.874572515,1311.8564832205884,10
2025-03-17T00:00:00,16416991.955056319,5757.234849104425,10
2025-03-18T00:00:00,16609573.636642838,173592.09096565214,10
2025-03-19T00:00:00,16486663.466093414,123879.04431759636,10
2025-03-20T00:00:00,17178328.21549832,123879.04431759636,10
2025-03-21T00:00:00,16881342.652515978,49331.95753917284,10
2025-03-24T00:00:00,16874355.061505117,981.5015075553674,10
2025-03-25T00:00:00,16814959.205213267,1317.676496227039,10
2025-03-26T00:00:00,16579982.308309382,170297.35867864382,10
2025-03-27T00:00:00,16670736.752785886,105439.24475976336,10
2025-03-28T00:00:00,16887898.38026321,920.0654438752681,10
2025-04-01T00:00:00,16718384.49778862,141940.77583427238,10
2025-04-02T00:00:00,16692807.376091458,98051.74333999306,10
2025-04-03T00:00:00,16864972.600288227,69741.39266188396,10
2025-04-04T00:00:00,16744682.426691048,778.6565189284738,10
2025-04-07T00:00:00,16728450.19233659,188943.86350968527,10
2025-04-08T00:00:00,16915143.899072923,12413.337137497263,10
2025-04-09T00:00:00,16715204.477799295,22841.61085593491,10
2025-04-11T00:00:00,16797129.804565266,27428.040458514588,10
2025-04-15T00:00:00,16734309.066894526,699.3859558044933,10
2025-04-16T00:00:00,16921254.213193245,463.5969212728087,10
2025-04-17T00:00:00,16745590.84447407,16980.56493305508,10
2025-04-21T00:00:00,17048740.1786657,871.8771825474687,10
2025-04-22T00:00:00,17183262.412037604,314.93259119219147,10
2025-04-23T00:00:00,17049541.992165767,32327.5149318811,10
2025-04-24T00:00:00,17211306.417089526,249.31226164475083,10
2025-04-25T00:00:00,16972170.80039517,106063.7591354025,10
2025-04-28T00:00:00,17189538.668736372,154.94043818465434,10
2025-04-29T00:00:00,17523932.464962997,161815.7841768649,10
2025-04-30T00:00:00,17590158.793669328,149607.42758046254,10
2025-05-02T00:00:00,17511005.18191286,194839.29971071472,10
2025-05-05T00:00:00,17463749.766260024,34373.21708094585,10
2025-05-06T00:00:00,17815595.07666494,100.53930379636586,10
2025-05-07T00:00:00,17456471.638190355,125688.83448704728,10
2025-05-08T00:00:00,17903357.802545883,30134.750671721064,10
2025-05-09T00:00:00,17584729.624119114,69375.10727341147,10
2025-05-12T00:00:00,18245840.942013115,181386.82406267663,10
2025-05-13T00:00:00,18481515.05182927,58.723856857046485,10
2025-05-14T00:00:00,18367902.97221645,42966.50108608045,10
2025-05-15T00:00:00,18368397.68777927,47629.181111180456,10
2025-05-16T00:00:00,18526364.90660365,322.9028805040289,10
2025-05-19T00:00:00,18610409.36714225,183.93481497839093,10
2025-05-20T00:00:00,18554630.65970515,81918.35941218096,10
2025-05-21T00:00:00,18283766.00334946,192453.06525436812,10
2025-05-22T00:00:00,18553179.217936713,15818.573359687347,10
2025-05-23T00:00:00,18536407.648131922,2233.2137065676507,10
2025-05-26T00:00:00,18578315.04668499,34346.86650920939,10
2025-05-27T00:00:00,18589185.44854679,44485.75296726194,10
2025-05-28T00:00:00,18621228.342717092,156388.33520213794,10
2025-05-29T00:00:00,18556564.312485136,199943.72593728616,10
2025-05-30T00:00:00,18580574.00425593,138676.03175226878,10
2025-06-02T00:00:00,18462058.480168737,64102.77280179551,10
2025-06-03T00:00:00,18534037.58869256,19738.39304436627,10
2025-06-04T00:00:00,18402153.627050813,64595.57005923707,10
2025-06-05T00:00:00,18577887.72083286,52143.39598849788,10
2025-06-06T00:00:00,18708058.300319288,102239.8643909418,10
2025-06-09T00:00:00,19082345.76246335,592.698406952899,10
2025-06-10T00:00:00,19148136.657748204,144003.77902505826,10
2025-06-11T00:00:00,19119936.85587887,115550.10438350891,10
2025-06-12T00:00:00,19191944.928501166,149350.1995888136,10
2025-06-13T00:00:00,19026091.195108723,430715.9296668272,10
2025-06-16T00:00:00,19244561.565368637,228918.78973387298,10
2025-06-17T00:00:00,19315381.77598089,69285.39594548894,10
2025-06-18T00:00:00,19317409.19261821,170382.1639316869,10
2025-06-19T00:00:00,19417920.37465577,242995.73738770024,10
2025-06-20T00:00:00,19447976.25000049,263674.4694829143,10
2025-06-23T00:00:00,19468401.71018944,291654.4360805538,10
2025-06-24T00:00:00,19503622.489586838,83017.63295842032,10
2025-06-25T00:00:00,19600531.251024127,120308.51976192021,10
2025-06-26T00:00:00,19626984.202229504,191392.69971180405,10
2025-06-27T00:00:00,19775737.453886922,157243.14857381233,10
2025-06-30T00:00:00,19930308.936172236,1153.8286130316556,10
2025-07-01T00:00:00,19915686.754773732,106030.48905717791,10
2025-07-02T00:00:00,19847028.55746057,106759.3451955542,10
2025-07-03T00:00:00,19762238.74283593,86892.58509819955,10
2025-07-04T00:00:00,19851127.41186636,86692.17666738317,10
2025-07-07T00:00:00,19963159.39871408,9443.820100800367,10
2025-07-08T00:00:00,20071674.07095529,9443.820100800367,10
2025-07-09T00:00:00,20051337.073452063,82.36983878165483,10
2025-07-10T00:00:00,19942048.826853227,48237.77604145976,10
2025-07-11T00:00:00,19910691.11672773,35715.622495549265,10
2025-07-14T00:00:00,19860471.349151485,154157.26165758772,10
2025-07-15T00:00:00,19865974.441277713,1540.9082882103976,10
2025-07-16T00:00:00,20037267.078246277,2922.799529235577,10
2025-07-17T00:00:00,20118301.64476836,29484.38604033389,10
2025-07-18T00:00:00,20157129.947396815,52457.37949520466,10
2025-07-21T00:00:00,20185438.272028662,128985.37914536335,10
2025-07-22T00:00:00,20252334.504912164,122027.48480107845,10
2025-07-23T00:00:00,20179751.226897027,122027.48480107845,10
2025-07-24T00:00:00,20175913.97538379,180092.5455742171,10
2025-07-25T00:00:00,20115539.504802734,180092.5455742171,10
2025-07-28T00:00:00,19928329.952728294,191703.44680788554,10
2025-07-29T00:00:00,19866437.275434345,124619.41828713007,10
2025-07-30T00:00:00,20151707.47382993,156745.41607922572,10
2025-07-31T00:00:00,20151597.06814607,175129.4714358647,10
2025-08-01T00:00:00,20071886.496092908,209347.67257606052,10
2025-08-04T00:00:00,19977447.039214246,209347.67257606052,10
2025-08-05T00:00:00,20143491.00935419,110224.96070917114,10
2025-08-06T00:00:00,20069932.97835181,161327.13859961182,10
2025-08-07T00:00:00,20076966.210225195,102509.32143124985,10
2025-08-08T00:00:00,20075368.99613423,170216.4315590337,10
2025-08-11T00:00:00,20033606.911499154,89428.58941663476,10
2025-08-12T00:00:00,20205105.065656323,126688.3796211665,10
2025-08-13T00:00:00,20185046.82074688,208195.3267283265,10
2025-08-14T00:00:00,20384685.783504885,274888.19701806875,10
2025-08-18T00:00:00,20432633.876903012,406908.6102327844,10
2025-08-19T00:00:00,20757166.876563653,345266.266028984,10
2025-08-20T00:00:00,20963638.943701986,412834.2233650724,10
2025-08-21T00:00:00,21103556.334026378,459400.1936150016,10
2025-08-22T00:00:00,20986739.309614636,425754.3731522327,10
2025-08-25T00:00:00,21012145.206867218,333020.64183425903,10
2025-08-26T00:00:00,21083684.898681592,234729.743354748,10
2025-08-28T00:00:00,20952499.819316573,332376.98115128884,10
2025-08-29T00:00:00,20808252.35562907,290611.5980454546,10
2025-09-01T00:00:00,20861560.352325544,290611.5980454546,10
2025-09-02T00:00:00,20931586.464972794,64865.405494033825,10
2025-09-03T00:00:00,20972352.728186905,64865.405494033825,10
2025-09-04T00:00:00,21032038.25332852,188047.79724331712,10
2025-09-05T00:00:00,20946290.050386626,188047.79724331712,10
2025-09-08T00:00:00,21053150.14793706,270493.5075867176,10
2025-09-09T00:00:00,21216946.903323628,176705.92081019888,10
2025-09-10T00:00:00,21370827.668830227,240012.14157802984,10
2025-09-11T00:00:00,21669646.98236067,284390.5052793715,10
2025-09-12T00:00:00,21666126.894908533,334885.85016976297,10
2025-09-15T00:00:00,21673876.703067403,132476.2785068578,10
2025-09-16T00:00:00,21889164.008355044,167128.36187067023,10
2025-09-17T00:00:00,21913863.02811174,80979.89407853922,10
2025-09-18T00:00:00,21972920.598790452,80979.89407853922,10
2025-09-19T00:00:00,22073139.932492338,55865.75707729999,10
2025-09-22T00:00:00,21933161.128870398,12854.599207311869,10
2025-09-23T00:00:00,21887826.026209265,12854.599207311869,10
2025-09-24T00:00:00,21815110.62630692,12854.599207311869,10
2025-09-25T00:00:00,21788537.249584846,164508.41340320557,10
2025-09-26T00:00:00,21642116.74831813,13050.49068873562,10
2025-09-29T00:00:00,21433383.488407694,271429.5577741477,10
2025-09-30T00:00:00,21529809.695234515,109511.61344740354,10
2025-10-01T00:00:00,21530403.278083723,1017.4149855768774,10
2025-10-03T00:00:00,21996347.34632786,65910.52659519343,10
2025-10-06T00:00:00,22010097.276715707,190454.56339783687,10
2025-10-07T00:00:00,22199241.542401742,190454.56339783687,10
2025-10-08T00:00:00,22228687.909240555,243644.0364378211,10
2025-10-09T00:00:00,22048685.209520083,338804.963796359,10
2025-10-10T00:00:00,22142263.171087008,338804.963796359,10
2025-10-13T00:00:00,22258480.26839768,206870.94364105724,10
2025-10-14T00:00:00,22223122.927922457,249098.23645517044,10
2025-10-15T00:00:00,22075262.641576022,249098.23645517044,10
2025-10-16T00:00:00,22243922.337089024,115726.44985147426,10
2025-10-17T00:00:00,22323946.3195279,135263.48371247342,10
2025-10-20T00:00:00,22286683.449810345,186502.77686722996,10
2025-10-21T00:00:00,22284742.2115913,209796.699262199,10
2025-10-23T00:00:00,22324737.3388877,304767.3051047409,10
2025-10-24T00:00:00,22280431.711324222,304767.3051047409,10
2025-10-27T00:00:00,22140787.228608627,370913.3758254233,10
2025-10-28T00:00:00,22293299.410355363,223819.18844679417,10
2025-10-29T00:00:00,22341248.088532243,223819.18844679417,10
2025-10-30T00:00:00,22545261.379486833,223819.18844679417,10
2025-10-31T00:00:00,22506665.616022907,260197.2807567953,10
2025-11-03T00:00:00,22475738.649115186,444261.73145161197,10
2025-11-04T00:00:00,22732525.572855707,258706.39542650897,10
2025-11-06T00:00:00,22606888.227320902,91585.27836155146,10
2025-11-07T00:00:00,22432609.608625643,211114.34483169904,10
2025-11-10T00:00:00,22633747.929128822,282843.5011808225,10
2025-11-11T00:00:00,22491914.00312471,91232.62475251732,10
2025-11-12T00:00:00,22504581.42158478,180522.6776577779,10
2025-11-13T00:00:00,22508736.86040448,33782.411979186814,10
2025-11-14T00:00:00,22505928.493179463,406.6344758491032,10
2025-11-17T00:00:00,22531784.952624716,365.3299898277037,10
2025-11-18T00:00:00,22570176.406983577,160.2403576001525,10
2025-11-19T00:00:00,22385085.88382595,73138.0548922345,10
2025-11-20T00:00:00,22443499.110837325,75897.64841972152,10
2025-11-21T00:00:00,22426084.74397026,75897.64841972152,10
2025-11-24T00:00:00,22159053.10246025,75897.64841972152,10
2025-11-25T00:00:00,21909543.136929855,75897.64841972152,10
2025-11-26T00:00:00,22115034.91412883,1467.8567176347133,10
2025-11-27T00:00:00,22291012.913260337,31128.504080650862,10
2025-11-28T00:00:00,22234603.74913515,451.8819247633219,10
2025-12-01T00:00:00,22343338.609608784,451.8819247633219,10
2025-12-02T00:00:00,22085716.56972233,137108.05244937865,10
2025-12-03T00:00:00,22088430.87932233,1096.3392985267565,10
2025-12-04T00:00:00,21989526.763047628,30687.79610579461,10
2025-12-05T00:00:00,22072265.343406036,14532.744490936864,10
2025-12-08T00:00:00,21966620.667886168,102942.20538464002,10
2025-12-09T00:00:00,21527971.33375741,336903.9530964,10
2025-12-10T00:00:00,21703283.41275114,79324.97555631539,10
2025-12-11T00:00:00,21423359.93563339,150987.68789169122,10
2025-12-12T00:00:00,21863180.060560256,2703.9445629431866,10
2025-12-15T00:00:00,21957366.372297317,2703.9445629431866,10
2025-12-16T00:00:00,21974105.99549678,2703.9445629431866,10
2025-12-17T00:00:00,21917729.456342727,2703.9445629431866,10
2025-12-18T00:00:00,21812475.867919393,359.3956598727964,10
2025-12-19T00:00:00,21784507.805926945,28627.11513104569,10
2025-12-22T00:00:00,21974089.91262765,743.0337213980965,10
2025-12-23T00:00:00,22211218.84896798,743.0337213980965,10
2025-12-24T00:00:00,21989214.45259393,134989.78810418397,10
2025-12-26T00:00:00,21930595.666160204,122660.00820121728,10
2025-12-29T00:00:00,21871718.714631736,105461.62375038723,10
2025-12-30T00:00:00,21808274.368135154,105461.62375038723,10
2025-12-31T00:00:00,21759834.717306126,46081.121816623025,10
2026-01-01T00:00:00,21912129.39481652,296.95868981210515,10
2026-01-02T00:00:00,22011324.25773156,296.95868981210515,10
2026-01-05T00:00:00,22251538.79464748,69295.62683131918,10
2026-01-06T00:00:00,21927477.824686076,995.065408734139,10
2026-01-07T00:00:00,21821459.235842396,107739.69031017041,10
2026-01-08T00:00:00,21824286.05831177,276480.68117554206,10
2026-01-09T00:00:00,21786088.307862904,261163.94024815923,10
2026-01-12T00:00:00,22037951.29357989,329855.58923418634,10
2026-01-13T00:00:00,22226486.48837967,305800.02274246095,10
2026-01-14T00:00:00,22096426.15402738,136934.22171536693,10
2026-01-15T00:00:00,22035173.142911285,153790.9489415586,10
2026-01-16T00:00:00,22079524.563435283,22896.09322043881,10
2026-01-19T00:00:00,21997085.830525126,22896.09322043881,10
2026-01-20T00:00:00,21876693.3301728,22484.184329294367,10
2026-01-21T00:00:00,21557143.28792004,242709.6260242879,10
2026-01-22T00:00:00,21882624.745283972,305155.84788407106,10
2026-01-23T00:00:00,21807372.758672576,124688.23773751943,10
2026-01-27T00:00:00,21474650.78252517,565244.9196406484,10
2026-01-28T00:00:00,22183739.45106442,110034.33317501331,10
2026-01-29T00:00:00,22290849.031612154,950.01330160629,10
2026-01-30T00:00:00,22270933.996034253,148254.6564956801,10
2026-02-02T00:00:00,22699893.15836831,68932.06638833322,10
2026-02-03T00:00:00,23116385.252337094,274.6727167344652,10
2026-02-04T00:00:00,23275053.302121088,41291.01672069635,10
2026-02-05T00:00:00,23658811.293486856,7623.887847206555,10
2026-02-06T00:00:00,23484267.488668922,141770.37142038578,10
2026-02-09T00:00:00,23550934.422650542,156743.47395059,10
2026-02-10T00:00:00,23657513.589006037,83302.69996795058,10
2026-02-11T00:00:00,23730013.008634597,140775.10958674364,10
2026-02-12T00:00:00,23806454.708518915,92590.94799035136,10
2026-02-13T00:00:00,23631170.382214326,292.1766174011864,10
2026-02-16T00:00:00,23658318.616968956,35605.44582637865,10
2026-02-17T00:00:00,23871510.634063497,360.01708198944107,10
2026-02-18T00:00:00,23914800.2196591,106358.6662457101,10
2026-02-19T00:00:00,23935445.508730635,125446.06766007654,10
2026-02-20T00:00:00,23787232.918831628,166328.44715957018,10
2026-02-23T00:00:00,23832906.996398635,100043.25003785454,10
2026-02-24T00:00:00,23904322.222963274,1841.5716723818332,10
2026-02-25T00:00:00,23828061.972901136,137169.72094801068,10
2026-02-26T00:00:00,23825143.10832273,115648.18907223921,10
2026-02-27T00:00:00,23742455.418808274,14302.601791672874,10
2026-03-02T00:00:00,23590845.031634152,267807.6846187697,10
2026-03-04T00:00:00,23364794.780976325,232448.4114389727,10
2026-03-05T00:00:00,23208349.917754855,24302.70357486047,10
2026-03-06T00:00:00,23614218.802458003,347.53127880534157,10
2026-03-09T00:00:00,23489507.09695689,1158.115725201089,10
2026-03-10T00:00:00,23330572.994102962,201537.45543719083,10
2026-03-11T00:00:00,23198064.371177927,240.11183954961598,10
2026-03-12T00:00:00,22883958.10598872,361378.5572826648,10
2026-03-13T00:00:00,23004104.700549662,366084.6969180722,10
2026-03-16T00:00:00,23142241.89589915,148615.88115916494,10
2026-03-17T00:00:00,23497504.93650598,138676.43259973172,10
2026-03-18T00:00:00,23770262.46318518,97921.20317541622,10
2026-03-19T00:00:00,23783774.556142442,118793.12483751075,10
2026-03-20T00:00:00,23420887.537174705,197267.82693910925,10
2026-03-23T00:00:00,23566168.132045127,58601.217921591364,10
2026-03-24T00:00:00,23378303.522090945,338214.71789172664,10
2026-03-25T00:00:00,23858051.909836046,138564.45467781415,10
2026-03-27T00:00:00,24052385.28752434,315.3348265849054,10
2026-03-30T00:00:00,23576108.482342638,257472.77102366788,10
2026-04-01T00:00:00,23478023.19448921,281193.62815162586,10
2026-04-02T00:00:00,24037055.25736087,1419.0690979291685,10
2026-04-06T00:00:00,24289746.302357335,95219.12730850745,10
2026-04-07T00:00:00,24292449.539332252,274.4578197998926,10
2026-04-08T00:00:00,24473111.735651698,433.323420252651,10
2026-04-09T00:00:00,24603688.520974874,911.7522218227386,10
2026-04-10T00:00:00,24801148.597045694,28566.324432169087,10
2026-04-13T00:00:00,25129944.690456577,290.443050570786,10
2026-04-15T00:00:00,25371466.2803166,20554.854016548023,10
2026-04-16T00:00:00,25420558.871717013,1284.2127509498969,10
2026-04-17T00:00:00,25574382.75436049,1870.4548609768972,10
2026-04-20T00:00:00,25771574.709243335,431.6168589978479,10
2026-04-21T00:00:00,25552353.400487535,63933.84024583455,10
2026-04-22T00:00:00,25638686.932399545,41941.35717371525,10
2026-04-23T00:00:00,25498212.6016478,1352.159539649263,10
2026-04-24T00:00:00,25354722.034872636,130832.07051717071,10
2026-04-27T00:00:00,25372916.817771956,194851.36449436657,10
2026-04-28T00:00:00,25746997.82498431,139029.91409563553,10
2026-04-29T00:00:00,25776482.787981287,104460.34340120712,10
2026-04-30T00:00:00,25675018.838590577,149385.45116992434,10
2026-05-01T00:00:00,25632701.08888467,49271.91337807756,10
2026-05-04T00:00:00,25588632.279192034,36709.355089250486,10
2026-05-05T00:00:00,25799579.540170453,2433.404336714186,10
2026-05-06T00:00:00,25822834.061520755,134957.69091528654,10
2026-05-07T00:00:00,25947531.27691893,160164.34990171762,10
2026-05-08T00:00:00,25926029.221893538,71300.81430076482,10
2026-05-11T00:00:00,25870062.08912335,75124.5598875098,10
2026-05-12T00:00:00,25598079.165427547,474135.4450906385,10
2026-05-13T00:00:00,25847013.21541879,246018.25559518207,10
2026-05-14T00:00:00,26174328.151176315,227622.95858751005,10
2026-05-15T00:00:00,26228077.07184054,66312.12982393708,10
2026-05-18T00:00:00,26349496.581515778,234278.95387600595,10
2026-05-19T00:00:00,26709746.61610661,236012.31286869617,10
2026-05-20T00:00:00,26733388.1588813,165460.76401435444,10
2026-05-21T00:00:00,27191197.093360633,191410.85991641972,10
2026-05-22T00:00:00,26820578.847816825,432709.95351445675,10
2026-05-25T00:00:00,27150119.81444326,309969.283727319,10
2026-05-26T00:00:00,27349751.726525713,498959.7758116005,10
2026-05-27T00:00:00,27516188.65865135,468864.08324241405,10
2026-05-28T00:00:00,27525652.06737428,557972.1240759413,10
2026-05-29T00:00:00,27310344.45464114,561962.2039392386,10
2026-06-01T00:00:00,26959052.288563944,567342.9755756645,10
2026-06-02T00:00:00,27277980.13428552,324961.2905355189,10
2026-06-03T00:00:00,27484817.812869143,297744.5887175328,10
2026-06-04T00:00:00,27328186.14679262,239695.03595277853,10
2026-06-05T00:00:00,27489946.99555111,128041.21362972446,10
2026-06-08T00:00:00,27485964.985036075,241502.4979755301,10
2026-06-09T00:00:00,27467788.483800367,31457.532659008633,10
2026-06-10T00:00:00,27829315.623949934,65202.12016575318,10
2026-06-11T00:00:00,27777532.717953466,216042.47893979494,10
2026-06-12T00:00:00,27827205.485947132,203981.20919847302,10
2026-06-15T00:00:00,28289117.983408343,202.22985304379836,10
2026-06-16T00:00:00,27804076.899433758,206511.16766801104,10
2026-06-17T00:00:00,28019406.425436147,255191.12907994352,10
2026-06-18T00:00:00,28149520.9560035,367.9321082341485,10
2026-06-19T00:00:00,28297618.05521571,74.30390345444903,10
2026-06-22T00:00:00,28323847.159457467,30380.336489937734,10
2026-06-23T00:00:00,28321371.46841038,95019.72811496817,10
2026-06-24T00:00:00,28042734.969971415,57028.67712473543,10
2026-06-25T00:00:00,28157263.447380826,118786.64479904063,10
2026-06-26T00:00:00,28159024.2581636,59121.59010330029,10
2026-06-29T00:00:00,28199027.058570944,1551.2445145458914,10
2026-06-30T00:00:00,27676868.709785543,1551.2445145458914,10
2026-07-01T00:00:00,27740350.51226716,636.2353811743669,10
2026-07-02T00:00:00,27795764.15320766,127.63854396203533,10
2026-07-03T00:00:00,28034854.152577907,1328.9313407246955,10
2026-07-06T00:00:00,28032387.243432615,33826.60514220875,10
2026-07-07T00:00:00,28097298.250167437,192874.996505328,10
2026-07-08T00:00:00,28018319.031113427,270465.5915420479,10
2026-07-09T00:00:00,27385339.69810358,689038.8521601306,10
2026-07-10T00:00:00,27599701.908987325,297613.70493916795,10
2026-07-13T00:00:00,27967023.261852838,280737.3042798992,10
2026-07-14T00:00:00,27875973.79665129,377754.0941671571,10
2026-07-15T00:00:00,27724215.532460615,377754.0941671571,10
2026-07-16T00:00:00,27783947.15538285,2515.225146032404,10
2026-07-17T00:00:00,27584287.45965143,141120.20385309076,10
2026-07-20T00:00:00,27603812.076408494,198787.9478379367,10
2026-07-21T00:00:00,27785977.240977872,48918.2170215724,10
2026-07-22T00:00:00,27754017.619182218,48918.2170215724,10
2026-07-23T00:00:00,27630529.884783834,189280.98021230008,10
2026-07-24T00:00:00,27471126.067119673,143848.44874198874,10
2026-07-27T00:00:00,27605118.440618988,64.35716866981238,10
2026-07-28T00:00:00,27731424.434137717,46507.01499403827,10
2026-07-29T00:00:00,27586318.68364485,155879.31741865352,10
2026-07-30T00:00:00,27765585.15968557,567.2774223862216,10
2026-07-31T00:00:00,27633386.95616959,2305.0885548428632,10
2026-08-03T00:00:00,27777033.26790665,2305.0885548428632,10
2026-08-04T00:00:00,27895877.039216258,1135.9047558074817,10
2026-08-05T00:00:00,27581082.939742777,196.26954624289647,10
2026-08-06T00:00:00,27733519.522736225,4694.982483540662,10
2026-08-07T00:00:00,27770457.588189207,44349.92571362108,10
2026-08-10T00:00:00,27975487.492720563,5662218.633711775,8
2026-08-11T00:00:00,27892165.79634509,3051004.279606196,9
2026-08-12T00:00:00,28277683.178163707,8638394.664247692,7
2026-08-13T00:00:00,28073311.12593256,386048.6734789456,10
2026-08-14T00:00:00,28343361.041402586,11366968.607564695,6
2026-08-17T00:00:00,28472930.150128458,22657696.650128458,2
2026-08-18T00:00:00,28517413.749604885,25643725.788057033,1
2026-08-19T00:00:00,28573387.38247994,28573387.38247994,0
2026-08-20T00:00:00,28573387.38247994,28573387.38247994,0
