date,equity,cash,pos_count
2016-08-08T00:00:00,1000000.0,1000000.0,0
2016-08-09T00:00:00,1000000.0,1000000.0,0
2016-08-10T00:00:00,1000000.0,1000000.0,0
2016-08-11T00:00:00,1000000.0,1000000.0,0
2016-08-12T00:00:00,1000000.0,1000000.0,0
2016-08-16T00:00:00,1000000.0,1000000.0,0
2016-08-17T00:00:00,1000000.0,1000000.0,0
2016-08-18T00:00:00,1000000.0,1000000.0,0
2016-08-19T00:00:00,1000000.0,1000000.0,0
2016-08-22T00:00:00,1000000.0,1000000.0,0
2016-08-23T00:00:00,1000000.0,1000000.0,0
2016-08-24T00:00:00,1000000.0,1000000.0,0
2016-08-25T00:00:00,1000000.0,1000000.0,0
2016-08-26T00:00:00,1000000.0,1000000.0,0
2016-08-29T00:00:00,1000000.0,1000000.0,0
2016-08-30T00:00:00,1000000.0,1000000.0,0
2016-08-31T00:00:00,1000000.0,1000000.0,0
2016-09-01T00:00:00,1000000.0,1000000.0,0
2016-09-02T00:00:00,1000000.0,1000000.0,0
2016-09-06T00:00:00,1000000.0,1000000.0,0
2016-09-07T00:00:00,1000000.0,1000000.0,0
2016-09-08T00:00:00,1000000.0,1000000.0,0
2016-09-09T00:00:00,1000000.0,1000000.0,0
2016-09-12T00:00:00,1000000.0,1000000.0,0
2016-09-14T00:00:00,1000000.0,1000000.0,0
2016-09-15T00:00:00,1000000.0,1000000.0,0
2016-09-16T00:00:00,1000000.0,1000000.0,0
2016-09-19T00:00:00,1000000.0,1000000.0,0
2016-09-20T00:00:00,1000000.0,1000000.0,0
2016-09-21T00:00:00,1000000.0,1000000.0,0
2016-09-22T00:00:00,1000000.0,1000000.0,0
2016-09-23T00:00:00,1000000.0,1000000.0,0
2016-09-26T00:00:00,1000000.0,1000000.0,0
2016-09-27T00:00:00,1000000.0,1000000.0,0
2016-09-28T00:00:00,1000000.0,1000000.0,0
2016-09-29T00:00:00,1000000.0,1000000.0,0
2016-09-30T00:00:00,1000000.0,1000000.0,0
2016-10-03T00:00:00,1000000.0,1000000.0,0
2016-10-04T00:00:00,1000000.0,1000000.0,0
2016-10-05T00:00:00,1000000.0,1000000.0,0
2016-10-06T00:00:00,1000000.0,1000000.0,0
2016-10-07T00:00:00,1000000.0,1000000.0,0
2016-10-10T00:00:00,1000000.0,1000000.0,0
2016-10-13T00:00:00,1000000.0,1000000.0,0
2016-10-14T00:00:00,1000000.0,1000000.0,0
2016-10-17T00:00:00,1000000.0,1000000.0,0
2016-10-18T00:00:00,1000000.0,1000000.0,0
2016-10-19T00:00:00,1000000.0,1000000.0,0
2016-10-20T00:00:00,1000000.0,1000000.0,0
2016-10-21T00:00:00,1000000.0,1000000.0,0
2016-10-24T00:00:00,1000000.0,1000000.0,0
2016-10-25T00:00:00,1000000.0,1000000.0,0
2016-10-26T00:00:00,1000000.0,1000000.0,0
2016-10-27T00:00:00,1000000.0,1000000.0,0
2016-10-28T00:00:00,1000000.0,1000000.0,0
2016-11-01T00:00:00,1000000.0,1000000.0,0
2016-11-02T00:00:00,1000000.0,1000000.0,0
2016-11-03T00:00:00,1000000.0,1000000.0,0
2016-11-04T00:00:00,1000000.0,1000000.0,0
2016-11-07T00:00:00,1000000.0,1000000.0,0
2016-11-08T00:00:00,1000000.0,1000000.0,0
2016-11-09T00:00:00,1000000.0,1000000.0,0
2016-11-10T00:00:00,1000000.0,1000000.0,0
2016-11-11T00:00:00,1000000.0,1000000.0,0
2016-11-15T00:00:00,1000000.0,1000000.0,0
2016-11-16T00:00:00,1000000.0,1000000.0,0
2016-11-17T00:00:00,1000000.0,1000000.0,0
2016-11-18T00:00:00,1000000.0,1000000.0,0
2016-11-21T00:00:00,1000000.0,1000000.0,0
2016-11-22T00:00:00,1000000.0,1000000.0,0
2016-11-23T00:00:00,1000000.0,1000000.0,0
2016-11-24T00:00:00,1000000.0,1000000.0,0
2016-11-25T00:00:00,1000000.0,1000000.0,0
2016-11-28T00:00:00,1000000.0,1000000.0,0
2016-11-29T00:00:00,1000000.0,1000000.0,0
2016-11-30T00:00:00,1000000.0,1000000.0,0
2016-12-01T00:00:00,1000000.0,1000000.0,0
2016-12-02T00:00:00,1000000.0,1000000.0,0
2016-12-05T00:00:00,1000000.0,1000000.0,0
2016-12-06T00:00:00,1000000.0,1000000.0,0
2016-12-07T00:00:00,1000000.0,1000000.0,0
2016-12-08T00:00:00,1000000.0,1000000.0,0
2016-12-09T00:00:00,1000000.0,1000000.0,0
2016-12-12T00:00:00,1000000.0,1000000.0,0
2016-12-13T00:00:00,1000000.0,1000000.0,0
2016-12-14T00:00:00,1000000.0,1000000.0,0
2016-12-15T00:00:00,1000000.0,1000000.0,0
2016-12-16T00:00:00,1000000.0,1000000.0,0
2016-12-19T00:00:00,1000000.0,1000000.0,0
2016-12-20T00:00:00,1000000.0,1000000.0,0
2016-12-21T00:00:00,1000000.0,1000000.0,0
2016-12-22T00:00:00,1000000.0,1000000.0,0
2016-12-23T00:00:00,1000000.0,1000000.0,0
2016-12-26T00:00:00,1000000.0,1000000.0,0
2016-12-27T00:00:00,1000000.0,1000000.0,0
2016-12-28T00:00:00,1000000.0,1000000.0,0
2016-12-29T00:00:00,1000000.0,1000000.0,0
2016-12-30T00:00:00,1000000.0,1000000.0,0
2017-01-02T00:00:00,1000000.0,1000000.0,0
2017-01-03T00:00:00,1000000.0,1000000.0,0
2017-01-04T00:00:00,1000000.0,1000000.0,0
2017-01-05T00:00:00,1000000.0,1000000.0,0
2017-01-06T00:00:00,1000000.0,1000000.0,0
2017-01-09T00:00:00,1000000.0,1000000.0,0
2017-01-10T00:00:00,1000000.0,1000000.0,0
2017-01-11T00:00:00,1000000.0,1000000.0,0
2017-01-12T00:00:00,1000000.0,1000000.0,0
2017-01-13T00:00:00,1000000.0,1000000.0,0
2017-01-16T00:00:00,1000000.0,1000000.0,0
2017-01-17T00:00:00,1000000.0,1000000.0,0
2017-01-18T00:00:00,1000000.0,1000000.0,0
2017-01-19T00:00:00,1000000.0,1000000.0,0
2017-01-20T00:00:00,1000000.0,1000000.0,0
2017-01-23T00:00:00,1000000.0,1000000.0,0
2017-01-24T00:00:00,1000000.0,1000000.0,0
2017-01-25T00:00:00,1000000.0,1000000.0,0
2017-01-27T00:00:00,1000000.0,1000000.0,0
2017-01-30T00:00:00,1000000.0,1000000.0,0
2017-01-31T00:00:00,1000000.0,1000000.0,0
2017-02-01T00:00:00,1000000.0,1000000.0,0
2017-02-02T00:00:00,1000000.0,1000000.0,0
2017-02-03T00:00:00,1000000.0,1000000.0,0
2017-02-06T00:00:00,1000000.0,1000000.0,0
2017-02-07T00:00:00,1000000.0,1000000.0,0
2017-02-08T00:00:00,1000000.0,1000000.0,0
2017-02-09T00:00:00,1000000.0,1000000.0,0
2017-02-10T00:00:00,1000000.0,1000000.0,0
2017-02-13T00:00:00,1000000.0,1000000.0,0
2017-02-14T00:00:00,1000000.0,1000000.0,0
2017-02-15T00:00:00,1000000.0,1000000.0,0
2017-02-16T00:00:00,1000000.0,1000000.0,0
2017-02-17T00:00:00,1000000.0,1000000.0,0
2017-02-20T00:00:00,1000000.0,1000000.0,0
2017-02-21T00:00:00,1000000.0,1000000.0,0
2017-02-22T00:00:00,1000000.0,1000000.0,0
2017-02-23T00:00:00,1000000.0,1000000.0,0
2017-02-27T00:00:00,1000000.0,1000000.0,0
2017-02-28T00:00:00,1000000.0,1000000.0,0
2017-03-01T00:00:00,1000000.0,1000000.0,0
2017-03-02T00:00:00,1000000.0,1000000.0,0
2017-03-03T00:00:00,1000000.0,1000000.0,0
2017-03-06T00:00:00,1000000.0,1000000.0,0
2017-03-07T00:00:00,1000000.0,1000000.0,0
2017-03-08T00:00:00,1000000.0,1000000.0,0
2017-03-09T00:00:00,1000000.0,1000000.0,0
2017-03-10T00:00:00,1000000.0,1000000.0,0
2017-03-14T00:00:00,1000000.0,1000000.0,0
2017-03-15T00:00:00,1000000.0,1000000.0,0
2017-03-16T00:00:00,1000000.0,1000000.0,0
2017-03-17T00:00:00,1000000.0,1000000.0,0
2017-03-20T00:00:00,1000000.0,1000000.0,0
2017-03-21T00:00:00,1000000.0,1000000.0,0
2017-03-22T00:00:00,1000000.0,1000000.0,0
2017-03-23T00:00:00,1000000.0,1000000.0,0
2017-03-24T00:00:00,1000000.0,1000000.0,0
2017-03-27T00:00:00,1000000.0,1000000.0,0
2017-03-28T00:00:00,1000000.0,1000000.0,0
2017-03-29T00:00:00,1000000.0,1000000.0,0
2017-03-30T00:00:00,1000000.0,1000000.0,0
2017-03-31T00:00:00,1000000.0,1000000.0,0
2017-04-03T00:00:00,1000000.0,1000000.0,0
2017-04-05T00:00:00,1000000.0,1000000.0,0
2017-04-06T00:00:00,1000000.0,1000000.0,0
2017-04-07T00:00:00,1000000.0,1000000.0,0
2017-04-10T00:00:00,1000000.0,1000000.0,0
2017-04-11T00:00:00,1000000.0,1000000.0,0
2017-04-12T00:00:00,1000000.0,1000000.0,0
2017-04-13T00:00:00,1000000.0,1000000.0,0
2017-04-17T00:00:00,1000000.0,1000000.0,0
2017-04-18T00:00:00,1000000.0,1000000.0,0
2017-04-19T00:00:00,1000000.0,1000000.0,0
2017-04-20T00:00:00,1000000.0,1000000.0,0
2017-04-21T00:00:00,1000000.0,1000000.0,0
2017-04-24T00:00:00,1000000.0,1000000.0,0
2017-04-25T00:00:00,1000000.0,1000000.0,0
2017-04-26T00:00:00,1000000.0,1000000.0,0
2017-04-27T00:00:00,1000000.0,1000000.0,0
2017-04-28T00:00:00,1000000.0,1000000.0,0
2017-05-02T00:00:00,1000000.0,1000000.0,0
2017-05-03T00:00:00,1000000.0,1000000.0,0
2017-05-04T00:00:00,1000000.0,1000000.0,0
2017-05-05T00:00:00,1000000.0,1000000.0,0
2017-05-08T00:00:00,1000000.0,1000000.0,0
2017-05-09T00:00:00,1000000.0,1000000.0,0
2017-05-10T00:00:00,1000000.0,1000000.0,0
2017-05-11T00:00:00,1000000.0,1000000.0,0
2017-05-12T00:00:00,1000000.0,1000000.0,0
2017-05-15T00:00:00,1000000.0,1000000.0,0
2017-05-16T00:00:00,1000000.0,1000000.0,0
2017-05-17T00:00:00,1000000.0,1000000.0,0
2017-05-18T00:00:00,1000000.0,1000000.0,0
2017-05-19T00:00:00,1000000.0,1000000.0,0
2017-05-22T00:00:00,1000000.0,1000000.0,0
2017-05-23T00:00:00,1000000.0,1000000.0,0
2017-05-24T00:00:00,1000000.0,1000000.0,0
2017-05-25T00:00:00,1000000.0,1000000.0,0
2017-05-26T00:00:00,1000000.0,1000000.0,0
2017-05-29T00:00:00,1000000.0,1000000.0,0
2017-05-30T00:00:00,1000000.0,1000000.0,0
2017-05-31T00:00:00,1000000.0,1000000.0,0
2017-06-01T00:00:00,1000000.0,1000000.0,0
2017-06-02T00:00:00,1000000.0,1000000.0,0
2017-06-05T00:00:00,1000000.0,1000000.0,0
2017-06-06T00:00:00,1000000.0,1000000.0,0
2017-06-07T00:00:00,1000000.0,1000000.0,0
2017-06-08T00:00:00,1000000.0,1000000.0,0
2017-06-09T00:00:00,1000000.0,1000000.0,0
2017-06-12T00:00:00,1000000.0,1000000.0,0
2017-06-13T00:00:00,1000000.0,1000000.0,0
2017-06-14T00:00:00,1000000.0,1000000.0,0
2017-06-15T00:00:00,1000000.0,1000000.0,0
2017-06-16T00:00:00,1000000.0,1000000.0,0
2017-06-19T00:00:00,1000000.0,1000000.0,0
2017-06-20T00:00:00,1000000.0,1000000.0,0
2017-06-21T00:00:00,1000000.0,1000000.0,0
2017-06-22T00:00:00,1000000.0,1000000.0,0
2017-06-23T00:00:00,1000000.0,1000000.0,0
2017-06-27T00:00:00,1000000.0,1000000.0,0
2017-06-28T00:00:00,1000000.0,1000000.0,0
2017-06-29T00:00:00,1000000.0,1000000.0,0
2017-06-30T00:00:00,1000000.0,1000000.0,0
2017-07-03T00:00:00,1000000.0,1000000.0,0
2017-07-04T00:00:00,1000000.0,1000000.0,0
2017-07-05T00:00:00,1000000.0,1000000.0,0
2017-07-06T00:00:00,1000000.0,1000000.0,0
2017-07-07T00:00:00,1000000.0,1000000.0,0
2017-07-10T00:00:00,1000000.0,1000000.0,0
2017-07-11T00:00:00,1000000.0,1000000.0,0
2017-07-12T00:00:00,1000000.0,1000000.0,0
2017-07-13T00:00:00,1000000.0,1000000.0,0
2017-07-14T00:00:00,1000000.0,1000000.0,0
2017-07-17T00:00:00,1000000.0,1000000.0,0
2017-07-18T00:00:00,1000000.0,1000000.0,0
2017-07-19T00:00:00,1000000.0,1000000.0,0
2017-07-20T00:00:00,1000000.0,1000000.0,0
2017-07-21T00:00:00,1000000.0,1000000.0,0
2017-07-24T00:00:00,1000000.0,1000000.0,0
2017-07-25T00:00:00,1000000.0,1000000.0,0
2017-07-26T00:00:00,1000000.0,1000000.0,0
2017-07-27T00:00:00,1000000.0,1000000.0,0
2017-07-28T00:00:00,1000000.0,1000000.0,0
2017-07-31T00:00:00,1000000.0,1000000.0,0
2017-08-01T00:00:00,1000000.0,1000000.0,0
2017-08-02T00:00:00,1000000.0,1000000.0,0
2017-08-03T00:00:00,1000000.0,1000000.0,0
2017-08-04T00:00:00,1000000.0,1000000.0,0
2017-08-07T00:00:00,1000000.0,1000000.0,0
2017-08-08T00:00:00,1000000.0,1000000.0,0
2017-08-09T00:00:00,1000000.0,1000000.0,0
2017-08-10T00:00:00,1000000.0,1000000.0,0
2017-08-11T00:00:00,1000000.0,1000000.0,0
2017-08-14T00:00:00,1000000.0,1000000.0,0
2017-08-16T00:00:00,1000000.0,1000000.0,0
2017-08-17T00:00:00,1000000.0,1000000.0,0
2017-08-18T00:00:00,1000000.0,1000000.0,0
2017-08-21T00:00:00,1000000.0,1000000.0,0
2017-08-22T00:00:00,1000000.0,1000000.0,0
2017-08-23T00:00:00,1000000.0,1000000.0,0
2017-08-24T00:00:00,1000000.0,1000000.0,0
2017-08-28T00:00:00,1000000.0,1000000.0,0
2017-08-29T00:00:00,1000000.0,1000000.0,0
2017-08-30T00:00:00,1000000.0,1000000.0,0
2017-08-31T00:00:00,1000000.0,1000000.0,0
2017-09-01T00:00:00,1000000.0,1000000.0,0
2017-09-04T00:00:00,1000000.0,1000000.0,0
2017-09-05T00:00:00,1000000.0,1000000.0,0
2017-09-06T00:00:00,1000000.0,1000000.0,0
2017-09-07T00:00:00,1000000.0,1000000.0,0
2017-09-08T00:00:00,1000000.0,1000000.0,0
2017-09-11T00:00:00,1000000.0,1000000.0,0
2017-09-12T00:00:00,1000000.0,1000000.0,0
2017-09-13T00:00:00,1000000.0,1000000.0,0
2017-09-14T00:00:00,1000000.0,1000000.0,0
2017-09-15T00:00:00,1000000.0,1000000.0,0
2017-09-18T00:00:00,1000000.0,1000000.0,0
2017-09-19T00:00:00,1000000.0,1000000.0,0
2017-09-20T00:00:00,1000000.0,1000000.0,0
2017-09-21T00:00:00,1000000.0,1000000.0,0
2017-09-22T00:00:00,1000000.0,1000000.0,0
2017-09-25T00:00:00,1000000.0,1000000.0,0
2017-09-26T00:00:00,1000000.0,1000000.0,0
2017-09-27T00:00:00,1000000.0,1000000.0,0
2017-09-28T00:00:00,1000000.0,1000000.0,0
2017-09-29T00:00:00,1000000.0,1000000.0,0
2017-10-03T00:00:00,1000000.0,1000000.0,0
2017-10-04T00:00:00,1000000.0,1000000.0,0
2017-10-05T00:00:00,1000000.0,1000000.0,0
2017-10-06T00:00:00,1000000.0,1000000.0,0
2017-10-09T00:00:00,1000000.0,1000000.0,0
2017-10-10T00:00:00,1000000.0,1000000.0,0
2017-10-11T00:00:00,1000000.0,1000000.0,0
2017-10-12T00:00:00,1000000.0,1000000.0,0
2017-10-13T00:00:00,1000000.0,1000000.0,0
2017-10-16T00:00:00,1000000.0,1000000.0,0
2017-10-17T00:00:00,1000000.0,1000000.0,0
2017-10-18T00:00:00,1000000.0,1000000.0,0
2017-10-19T00:00:00,1000000.0,1000000.0,0
2017-10-23T00:00:00,1000000.0,1000000.0,0
2017-10-24T00:00:00,1000000.0,1000000.0,0
2017-10-25T00:00:00,1000000.0,1000000.0,0
2017-10-26T00:00:00,1000000.0,1000000.0,0
2017-10-27T00:00:00,1000000.0,1000000.0,0
2017-10-30T00:00:00,1000000.0,1000000.0,0
2017-10-31T00:00:00,1000000.0,1000000.0,0
2017-11-01T00:00:00,1000000.0,1000000.0,0
2017-11-02T00:00:00,1000000.0,1000000.0,0
2017-11-03T00:00:00,1000000.0,1000000.0,0
2017-11-06T00:00:00,1000000.0,1000000.0,0
2017-11-07T00:00:00,1000000.0,1000000.0,0
2017-11-08T00:00:00,1000000.0,1000000.0,0
2017-11-09T00:00:00,1000000.0,1000000.0,0
2017-11-10T00:00:00,1000000.0,1000000.0,0
2017-11-13T00:00:00,1000000.0,1000000.0,0
2017-11-14T00:00:00,1000000.0,1000000.0,0
2017-11-15T00:00:00,1000000.0,1000000.0,0
2017-11-16T00:00:00,1000000.0,1000000.0,0
2017-11-17T00:00:00,1000000.0,1000000.0,0
2017-11-20T00:00:00,1000000.0,1000000.0,0
2017-11-21T00:00:00,1000000.0,1000000.0,0
2017-11-22T00:00:00,1000000.0,1000000.0,0
2017-11-23T00:00:00,1000000.0,1000000.0,0
2017-11-24T00:00:00,1000000.0,1000000.0,0
2017-11-27T00:00:00,1000000.0,1000000.0,0
2017-11-28T00:00:00,1000000.0,1000000.0,0
2017-11-29T00:00:00,1000000.0,1000000.0,0
2017-11-30T00:00:00,1000000.0,1000000.0,0
2017-12-01T00:00:00,1000000.0,1000000.0,0
2017-12-04T00:00:00,1000000.0,1000000.0,0
2017-12-05T00:00:00,1000000.0,1000000.0,0
2017-12-06T00:00:00,1000000.0,1000000.0,0
2017-12-07T00:00:00,1000000.0,1000000.0,0
2017-12-08T00:00:00,1000000.0,1000000.0,0
2017-12-11T00:00:00,1000000.0,1000000.0,0
2017-12-12T00:00:00,1000000.0,1000000.0,0
2017-12-13T00:00:00,1000000.0,1000000.0,0
2017-12-14T00:00:00,1000000.0,1000000.0,0
2017-12-15T00:00:00,1000000.0,1000000.0,0
2017-12-18T00:00:00,1000000.0,1000000.0,0
2017-12-19T00:00:00,1000000.0,1000000.0,0
2017-12-20T00:00:00,1000000.0,1000000.0,0
2017-12-21T00:00:00,1000000.0,1000000.0,0
2017-12-22T00:00:00,1000000.0,1000000.0,0
2017-12-26T00:00:00,1000000.0,1000000.0,0
2017-12-27T00:00:00,1000000.0,1000000.0,0
2017-12-28T00:00:00,1000000.0,1000000.0,0
2017-12-29T00:00:00,1000000.0,1000000.0,0
2018-01-01T00:00:00,1000000.0,1000000.0,0
2018-01-02T00:00:00,1000000.0,1000000.0,0
2018-01-03T00:00:00,1000000.0,1000000.0,0
2018-01-04T00:00:00,1000000.0,1000000.0,0
2018-01-05T00:00:00,1000000.0,1000000.0,0
2018-01-08T00:00:00,1000000.0,1000000.0,0
2018-01-09T00:00:00,1000000.0,1000000.0,0
2018-01-10T00:00:00,1000000.0,1000000.0,0
2018-01-11T00:00:00,1000000.0,1000000.0,0
2018-01-12T00:00:00,1000000.0,1000000.0,0
2018-01-15T00:00:00,1000000.0,1000000.0,0
2018-01-16T00:00:00,1000000.0,1000000.0,0
2018-01-17T00:00:00,1000000.0,1000000.0,0
2018-01-18T00:00:00,1000000.0,1000000.0,0
2018-01-19T00:00:00,1000000.0,1000000.0,0
2018-01-22T00:00:00,1000000.0,1000000.0,0
2018-01-23T00:00:00,1000000.0,1000000.0,0
2018-01-24T00:00:00,1000000.0,1000000.0,0
2018-01-25T00:00:00,1000000.0,1000000.0,0
2018-01-29T00:00:00,1000000.0,1000000.0,0
2018-01-30T00:00:00,1000000.0,1000000.0,0
2018-01-31T00:00:00,1000000.0,1000000.0,0
2018-02-01T00:00:00,1000000.0,1000000.0,0
2018-02-02T00:00:00,1000000.0,1000000.0,0
2018-02-05T00:00:00,1000000.0,1000000.0,0
2018-02-06T00:00:00,1000000.0,1000000.0,0
2018-02-07T00:00:00,1000000.0,1000000.0,0
2018-02-08T00:00:00,1000000.0,1000000.0,0
2018-02-09T00:00:00,1000000.0,1000000.0,0
2018-02-12T00:00:00,1000000.0,1000000.0,0
2018-02-14T00:00:00,1000000.0,1000000.0,0
2018-02-15T00:00:00,1000000.0,1000000.0,0
2018-02-16T00:00:00,1000000.0,1000000.0,0
2018-02-19T00:00:00,1000000.0,1000000.0,0
2018-02-20T00:00:00,1000000.0,1000000.0,0
2018-02-21T00:00:00,1000000.0,1000000.0,0
2018-02-22T00:00:00,1000000.0,1000000.0,0
2018-02-23T00:00:00,1000000.0,1000000.0,0
2018-02-26T00:00:00,1000000.0,1000000.0,0
2018-02-27T00:00:00,1000000.0,1000000.0,0
2018-02-28T00:00:00,1000000.0,1000000.0,0
2018-03-01T00:00:00,1000000.0,1000000.0,0
2018-03-05T00:00:00,1000000.0,1000000.0,0
2018-03-06T00:00:00,1000000.0,1000000.0,0
2018-03-07T00:00:00,1000000.0,1000000.0,0
2018-03-08T00:00:00,1000000.0,1000000.0,0
2018-03-09T00:00:00,1000000.0,1000000.0,0
2018-03-12T00:00:00,1000000.0,1000000.0,0
2018-03-13T00:00:00,1000000.0,1000000.0,0
2018-03-14T00:00:00,1000000.0,1000000.0,0
2018-03-15T00:00:00,1000000.0,1000000.0,0
2018-03-16T00:00:00,1000000.0,1000000.0,0
2018-03-19T00:00:00,1000000.0,1000000.0,0
2018-03-20T00:00:00,1000000.0,1000000.0,0
2018-03-21T00:00:00,1000000.0,1000000.0,0
2018-03-22T00:00:00,1000000.0,1000000.0,0
2018-03-23T00:00:00,1000000.0,1000000.0,0
2018-03-26T00:00:00,1000000.0,1000000.0,0
2018-03-27T00:00:00,1000000.0,1000000.0,0
2018-03-28T00:00:00,1000000.0,1000000.0,0
2018-04-02T00:00:00,1000000.0,1000000.0,0
2018-04-03T00:00:00,1000000.0,1000000.0,0
2018-04-04T00:00:00,1000000.0,1000000.0,0
2018-04-05T00:00:00,1000000.0,1000000.0,0
2018-04-06T00:00:00,1000000.0,1000000.0,0
2018-04-09T00:00:00,1000000.0,1000000.0,0
2018-04-10T00:00:00,1000000.0,1000000.0,0
2018-04-11T00:00:00,1000000.0,1000000.0,0
2018-04-12T00:00:00,1000000.0,1000000.0,0
2018-04-13T00:00:00,1000000.0,1000000.0,0
2018-04-16T00:00:00,1000000.0,1000000.0,0
2018-04-17T00:00:00,1000000.0,1000000.0,0
2018-04-18T00:00:00,1000000.0,1000000.0,0
2018-04-19T00:00:00,1000000.0,1000000.0,0
2018-04-20T00:00:00,1000000.0,1000000.0,0
2018-04-23T00:00:00,1000000.0,1000000.0,0
2018-04-24T00:00:00,1000000.0,1000000.0,0
2018-04-25T00:00:00,1000000.0,1000000.0,0
2018-04-26T00:00:00,1000000.0,1000000.0,0
2018-04-27T00:00:00,1000000.0,1000000.0,0
2018-04-30T00:00:00,1000000.0,1000000.0,0
2018-05-02T00:00:00,1000000.0,1000000.0,0
2018-05-03T00:00:00,1000000.0,1000000.0,0
2018-05-04T00:00:00,1000000.0,1000000.0,0
2018-05-07T00:00:00,1000000.0,1000000.0,0
2018-05-08T00:00:00,1000000.0,1000000.0,0
2018-05-09T00:00:00,1000000.0,1000000.0,0
2018-05-10T00:00:00,1000000.0,1000000.0,0
2018-05-11T00:00:00,1000000.0,1000000.0,0
2018-05-14T00:00:00,1000000.0,1000000.0,0
2018-05-15T00:00:00,1000000.0,1000000.0,0
2018-05-16T00:00:00,1000000.0,1000000.0,0
2018-05-17T00:00:00,1000000.0,1000000.0,0
2018-05-18T00:00:00,1000000.0,1000000.0,0
2018-05-21T00:00:00,1000000.0,1000000.0,0
2018-05-22T00:00:00,1000000.0,1000000.0,0
2018-05-23T00:00:00,1000000.0,1000000.0,0
2018-05-24T00:00:00,1000000.0,1000000.0,0
2018-05-25T00:00:00,1000000.0,1000000.0,0
2018-05-28T00:00:00,1000000.0,1000000.0,0
2018-05-29T00:00:00,1000000.0,1000000.0,0
2018-05-30T00:00:00,1000000.0,1000000.0,0
2018-05-31T00:00:00,1000000.0,1000000.0,0
2018-06-01T00:00:00,1000000.0,1000000.0,0
2018-06-04T00:00:00,1000000.0,1000000.0,0
2018-06-05T00:00:00,1000000.0,1000000.0,0
2018-06-06T00:00:00,1000000.0,1000000.0,0
2018-06-07T00:00:00,1000000.0,1000000.0,0
2018-06-08T00:00:00,1000000.0,1000000.0,0
2018-06-11T00:00:00,1000000.0,1000000.0,0
2018-06-12T00:00:00,1000000.0,1000000.0,0
2018-06-13T00:00:00,1000000.0,1000000.0,0
2018-06-14T00:00:00,1000000.0,1000000.0,0
2018-06-15T00:00:00,1000000.0,1000000.0,0
2018-06-18T00:00:00,1000000.0,1000000.0,0
2018-06-19T00:00:00,1000000.0,1000000.0,0
2018-06-20T00:00:00,1000000.0,1000000.0,0
2018-06-21T00:00:00,1000000.0,1000000.0,0
2018-06-22T00:00:00,1000000.0,1000000.0,0
2018-06-25T00:00:00,1000000.0,1000000.0,0
2018-06-26T00:00:00,1000000.0,1000000.0,0
2018-06-27T00:00:00,1000000.0,1000000.0,0
2018-06-28T00:00:00,1000000.0,1000000.0,0
2018-06-29T00:00:00,1000000.0,1000000.0,0
2018-07-02T00:00:00,1000000.0,1000000.0,0
2018-07-03T00:00:00,1000000.0,1000000.0,0
2018-07-04T00:00:00,1000000.0,1000000.0,0
2018-07-05T00:00:00,1000000.0,1000000.0,0
2018-07-06T00:00:00,1000000.0,1000000.0,0
2018-07-09T00:00:00,1000000.0,1000000.0,0
2018-07-10T00:00:00,1000000.0,1000000.0,0
2018-07-11T00:00:00,1000000.0,1000000.0,0
2018-07-12T00:00:00,1000000.0,1000000.0,0
2018-07-13T00:00:00,1000000.0,1000000.0,0
2018-07-16T00:00:00,1000000.0,1000000.0,0
2018-07-17T00:00:00,1000000.0,1000000.0,0
2018-07-18T00:00:00,1000000.0,1000000.0,0
2018-07-19T00:00:00,1000000.0,1000000.0,0
2018-07-20T00:00:00,1000000.0,1000000.0,0
2018-07-23T00:00:00,1000000.0,1000000.0,0
2018-07-24T00:00:00,1000000.0,1000000.0,0
2018-07-25T00:00:00,1000000.0,1000000.0,0
2018-07-26T00:00:00,1000000.0,1000000.0,0
2018-07-27T00:00:00,1000000.0,1000000.0,0
2018-07-30T00:00:00,1000000.0,1000000.0,0
2018-07-31T00:00:00,1000000.0,1000000.0,0
2018-08-01T00:00:00,1000000.0,1000000.0,0
2018-08-02T00:00:00,1000000.0,1000000.0,0
2018-08-03T00:00:00,1000000.0,1000000.0,0
2018-08-06T00:00:00,1000000.0,1000000.0,0
2018-08-07T00:00:00,1000000.0,1000000.0,0
2018-08-08T00:00:00,1000000.0,1000000.0,0
2018-08-09T00:00:00,1000000.0,1000000.0,0
2018-08-10T00:00:00,1000000.0,1000000.0,0
2018-08-13T00:00:00,1000000.0,1000000.0,0
2018-08-14T00:00:00,1000000.0,1000000.0,0
2018-08-16T00:00:00,1000000.0,1000000.0,0
2018-08-17T00:00:00,1000000.0,1000000.0,0
2018-08-20T00:00:00,1000000.0,1000000.0,0
2018-08-21T00:00:00,1000000.0,1000000.0,0
2018-08-23T00:00:00,1000000.0,1000000.0,0
2018-08-24T00:00:00,1000000.0,1000000.0,0
2018-08-27T00:00:00,1000000.0,1000000.0,0
2018-08-28T00:00:00,1000000.0,1000000.0,0
2018-08-29T00:00:00,1000000.0,1000000.0,0
2018-08-30T00:00:00,1000000.0,1000000.0,0
2018-08-31T00:00:00,1000000.0,1000000.0,0
2018-09-03T00:00:00,1000000.0,1000000.0,0
2018-09-04T00:00:00,1000000.0,1000000.0,0
2018-09-05T00:00:00,1000000.0,1000000.0,0
2018-09-06T00:00:00,1000000.0,1000000.0,0
2018-09-07T00:00:00,1000000.0,1000000.0,0
2018-09-10T00:00:00,1000000.0,1000000.0,0
2018-09-11T00:00:00,1000000.0,1000000.0,0
2018-09-12T00:00:00,1000000.0,1000000.0,0
2018-09-14T00:00:00,1000000.0,1000000.0,0
2018-09-17T00:00:00,1000000.0,1000000.0,0
2018-09-18T00:00:00,1000000.0,1000000.0,0
2018-09-19T00:00:00,1000000.0,1000000.0,0
2018-09-21T00:00:00,1000000.0,1000000.0,0
2018-09-24T00:00:00,1000000.0,1000000.0,0
2018-09-25T00:00:00,1000000.0,1000000.0,0
2018-09-26T00:00:00,1000000.0,1000000.0,0
2018-09-27T00:00:00,1000000.0,1000000.0,0
2018-09-28T00:00:00,1000000.0,1000000.0,0
2018-10-01T00:00:00,1000000.0,1000000.0,0
2018-10-03T00:00:00,1000000.0,1000000.0,0
2018-10-04T00:00:00,1000000.0,1000000.0,0
2018-10-05T00:00:00,1000000.0,1000000.0,0
2018-10-08T00:00:00,1000000.0,1000000.0,0
2018-10-09T00:00:00,1000000.0,1000000.0,0
2018-10-10T00:00:00,1000000.0,1000000.0,0
2018-10-11T00:00:00,1000000.0,1000000.0,0
2018-10-12T00:00:00,1000000.0,1000000.0,0
2018-10-15T00:00:00,1000000.0,1000000.0,0
2018-10-16T00:00:00,1000000.0,1000000.0,0
2018-10-17T00:00:00,1000000.0,1000000.0,0
2018-10-19T00:00:00,1000000.0,1000000.0,0
2018-10-22T00:00:00,1000000.0,1000000.0,0
2018-10-23T00:00:00,1000000.0,1000000.0,0
2018-10-24T00:00:00,1000000.0,1000000.0,0
2018-10-25T00:00:00,1000000.0,1000000.0,0
2018-10-26T00:00:00,1000000.0,1000000.0,0
2018-10-29T00:00:00,1000000.0,1000000.0,0
2018-10-30T00:00:00,1000000.0,1000000.0,0
2018-10-31T00:00:00,1000000.0,1000000.0,0
2018-11-01T00:00:00,1000000.0,1000000.0,0
2018-11-02T00:00:00,1000000.0,1000000.0,0
2018-11-05T00:00:00,1000000.0,1000000.0,0
2018-11-06T00:00:00,1000000.0,1000000.0,0
2018-11-07T00:00:00,1000000.0,1000000.0,0
2018-11-09T00:00:00,1000000.0,1000000.0,0
2018-11-12T00:00:00,1000000.0,1000000.0,0
2018-11-13T00:00:00,1000000.0,1000000.0,0
2018-11-14T00:00:00,1000000.0,1000000.0,0
2018-11-15T00:00:00,1000000.0,1000000.0,0
2018-11-16T00:00:00,1000000.0,1000000.0,0
2018-11-19T00:00:00,1000000.0,1000000.0,0
2018-11-20T00:00:00,1000000.0,1000000.0,0
2018-11-21T00:00:00,1000000.0,1000000.0,0
2018-11-22T00:00:00,1000000.0,1000000.0,0
2018-11-26T00:00:00,1000000.0,1000000.0,0
2018-11-27T00:00:00,1000000.0,1000000.0,0
2018-11-28T00:00:00,1000000.0,1000000.0,0
2018-11-29T00:00:00,1000000.0,1000000.0,0
2018-11-30T00:00:00,1000000.0,1000000.0,0
2018-12-03T00:00:00,1000000.0,1000000.0,0
2018-12-04T00:00:00,1000000.0,1000000.0,0
2018-12-05T00:00:00,1000000.0,1000000.0,0
2018-12-06T00:00:00,1000000.0,1000000.0,0
2018-12-07T00:00:00,1000000.0,1000000.0,0
2018-12-10T00:00:00,1000000.0,1000000.0,0
2018-12-11T00:00:00,1000000.0,1000000.0,0
2018-12-12T00:00:00,1000000.0,1000000.0,0
2018-12-13T00:00:00,1000000.0,1000000.0,0
2018-12-14T00:00:00,1000000.0,1000000.0,0
2018-12-17T00:00:00,1000000.0,1000000.0,0
2018-12-18T00:00:00,1000000.0,1000000.0,0
2018-12-19T00:00:00,1000000.0,1000000.0,0
2018-12-20T00:00:00,1000000.0,1000000.0,0
2018-12-21T00:00:00,1000000.0,1000000.0,0
2018-12-24T00:00:00,1000000.0,1000000.0,0
2018-12-26T00:00:00,1000000.0,1000000.0,0
2018-12-27T00:00:00,1000000.0,1000000.0,0
2018-12-28T00:00:00,1000000.0,1000000.0,0
2018-12-31T00:00:00,1000000.0,1000000.0,0
2019-01-01T00:00:00,1000000.0,1000000.0,0
2019-01-02T00:00:00,1000000.0,1000000.0,0
2019-01-03T00:00:00,1000000.0,1000000.0,0
2019-01-04T00:00:00,1000000.0,1000000.0,0
2019-01-07T00:00:00,1000000.0,1000000.0,0
2019-01-08T00:00:00,1000000.0,1000000.0,0
2019-01-09T00:00:00,1000000.0,1000000.0,0
2019-01-10T00:00:00,1000000.0,1000000.0,0
2019-01-11T00:00:00,1000000.0,1000000.0,0
2019-01-14T00:00:00,1000000.0,1000000.0,0
2019-01-15T00:00:00,1000000.0,1000000.0,0
2019-01-16T00:00:00,1000000.0,1000000.0,0
2019-01-17T00:00:00,1000000.0,1000000.0,0
2019-01-18T00:00:00,1000000.0,1000000.0,0
2019-01-21T00:00:00,1000000.0,1000000.0,0
2019-01-22T00:00:00,1000000.0,1000000.0,0
2019-01-23T00:00:00,1000000.0,1000000.0,0
2019-01-24T00:00:00,1000000.0,1000000.0,0
2019-01-25T00:00:00,1000000.0,1000000.0,0
2019-01-28T00:00:00,1000000.0,1000000.0,0
2019-01-29T00:00:00,1000000.0,1000000.0,0
2019-01-30T00:00:00,1000000.0,1000000.0,0
2019-01-31T00:00:00,1000000.0,1000000.0,0
2019-02-01T00:00:00,1000000.0,1000000.0,0
2019-02-04T00:00:00,1000000.0,1000000.0,0
2019-02-05T00:00:00,1000000.0,1000000.0,0
2019-02-06T00:00:00,1000000.0,1000000.0,0
2019-02-07T00:00:00,1000000.0,1000000.0,0
2019-02-08T00:00:00,1000000.0,1000000.0,0
2019-02-11T00:00:00,1000000.0,1000000.0,0
2019-02-12T00:00:00,1000000.0,1000000.0,0
2019-02-14T00:00:00,1000000.0,1000000.0,0
2019-02-15T00:00:00,1000000.0,1000000.0,0
2019-02-18T00:00:00,1000000.0,1000000.0,0
2019-02-19T00:00:00,1000000.0,1000000.0,0
2019-02-20T00:00:00,1000000.0,1000000.0,0
2019-02-21T00:00:00,1000000.0,1000000.0,0
2019-02-22T00:00:00,1000000.0,1000000.0,0
2019-02-25T00:00:00,1000000.0,1000000.0,0
2019-02-26T00:00:00,1000000.0,1000000.0,0
2019-02-27T00:00:00,1000000.0,1000000.0,0
2019-02-28T00:00:00,1000000.0,1000000.0,0
2019-03-01T00:00:00,1000000.0,1000000.0,0
2019-03-05T00:00:00,1000000.0,1000000.0,0
2019-03-06T00:00:00,1000000.0,1000000.0,0
2019-03-07T00:00:00,1000000.0,1000000.0,0
2019-03-08T00:00:00,1000000.0,1000000.0,0
2019-03-11T00:00:00,1000000.0,1000000.0,0
2019-03-12T00:00:00,1000000.0,1000000.0,0
2019-03-13T00:00:00,1000000.0,1000000.0,0
2019-03-14T00:00:00,1000000.0,1000000.0,0
2019-03-15T00:00:00,1000000.0,1000000.0,0
2019-03-18T00:00:00,1000000.0,1000000.0,0
2019-03-19T00:00:00,1000000.0,1000000.0,0
2019-03-20T00:00:00,1000000.0,1000000.0,0
2019-03-22T00:00:00,1000000.0,1000000.0,0
2019-03-25T00:00:00,1000000.0,1000000.0,0
2019-03-26T00:00:00,1000000.0,1000000.0,0
2019-03-27T00:00:00,1000000.0,1000000.0,0
2019-03-28T00:00:00,1000000.0,1000000.0,0
2019-04-01T00:00:00,1000000.0,1000000.0,0
2019-04-02T00:00:00,1000000.0,1000000.0,0
2019-04-03T00:00:00,1000000.0,1000000.0,0
2019-04-04T00:00:00,1000000.0,1000000.0,0
2019-04-05T00:00:00,1000000.0,1000000.0,0
2019-04-08T00:00:00,1000000.0,1000000.0,0
2019-04-09T00:00:00,1000000.0,1000000.0,0
2019-04-10T00:00:00,1000000.0,1000000.0,0
2019-04-11T00:00:00,1000000.0,1000000.0,0
2019-04-12T00:00:00,1000000.0,1000000.0,0
2019-04-15T00:00:00,1000000.0,1000000.0,0
2019-04-16T00:00:00,1000000.0,1000000.0,0
2019-04-18T00:00:00,1000000.0,1000000.0,0
2019-04-22T00:00:00,1000000.0,1000000.0,0
2019-04-23T00:00:00,1000000.0,1000000.0,0
2019-04-24T00:00:00,1000000.0,1000000.0,0
2019-04-25T00:00:00,1000000.0,1000000.0,0
2019-04-26T00:00:00,1000000.0,1000000.0,0
2019-04-30T00:00:00,1000000.0,1000000.0,0
2019-05-02T00:00:00,1000000.0,1000000.0,0
2019-05-03T00:00:00,1000000.0,1000000.0,0
2019-05-06T00:00:00,1000000.0,1000000.0,0
2019-05-07T00:00:00,1000000.0,1000000.0,0
2019-05-08T00:00:00,1000000.0,1000000.0,0
2019-05-09T00:00:00,1000000.0,1000000.0,0
2019-05-10T00:00:00,1000000.0,1000000.0,0
2019-05-13T00:00:00,1000000.0,1000000.0,0
2019-05-14T00:00:00,1000000.0,1000000.0,0
2019-05-15T00:00:00,1000000.0,1000000.0,0
2019-05-16T00:00:00,1000000.0,1000000.0,0
2019-05-17T00:00:00,1000000.0,1000000.0,0
2019-05-20T00:00:00,1000000.0,1000000.0,0
2019-05-21T00:00:00,1000000.0,1000000.0,0
2019-05-22T00:00:00,1000000.0,1000000.0,0
2019-05-23T00:00:00,1000000.0,1000000.0,0
2019-05-24T00:00:00,1000000.0,1000000.0,0
2019-05-27T00:00:00,1000000.0,1000000.0,0
2019-05-28T00:00:00,1000000.0,1000000.0,0
2019-05-29T00:00:00,1000000.0,1000000.0,0
2019-05-30T00:00:00,1000000.0,1000000.0,0
2019-05-31T00:00:00,1000000.0,1000000.0,0
2019-06-03T00:00:00,1000000.0,1000000.0,0
2019-06-04T00:00:00,1000000.0,1000000.0,0
2019-06-06T00:00:00,1000000.0,1000000.0,0
2019-06-07T00:00:00,1000000.0,1000000.0,0
2019-06-10T00:00:00,1000000.0,1000000.0,0
2019-06-11T00:00:00,1000000.0,1000000.0,0
2019-06-12T00:00:00,1000000.0,1000000.0,0
2019-06-13T00:00:00,1000000.0,1000000.0,0
2019-06-14T00:00:00,1000000.0,1000000.0,0
2019-06-17T00:00:00,1000000.0,1000000.0,0
2019-06-18T00:00:00,1000000.0,1000000.0,0
2019-06-19T00:00:00,1000000.0,1000000.0,0
2019-06-20T00:00:00,1000000.0,1000000.0,0
2019-06-21T00:00:00,1000000.0,1000000.0,0
2019-06-24T00:00:00,1000000.0,1000000.0,0
2019-06-25T00:00:00,1000000.0,1000000.0,0
2019-06-26T00:00:00,1000000.0,1000000.0,0
2019-06-27T00:00:00,1000000.0,1000000.0,0
2019-06-28T00:00:00,1000000.0,1000000.0,0
2019-07-01T00:00:00,1000000.0,1000000.0,0
2019-07-02T00:00:00,1000000.0,1000000.0,0
2019-07-03T00:00:00,1000000.0,1000000.0,0
2019-07-04T00:00:00,1000000.0,1000000.0,0
2019-07-05T00:00:00,1000000.0,1000000.0,0
2019-07-08T00:00:00,1000000.0,1000000.0,0
2019-07-09T00:00:00,1000000.0,1000000.0,0
2019-07-10T00:00:00,1000000.0,1000000.0,0
2019-07-11T00:00:00,1000000.0,1000000.0,0
2019-07-12T00:00:00,1000000.0,1000000.0,0
2019-07-15T00:00:00,1000000.0,1000000.0,0
2019-07-16T00:00:00,1000000.0,1000000.0,0
2019-07-17T00:00:00,1000000.0,1000000.0,0
2019-07-18T00:00:00,1000000.0,1000000.0,0
2019-07-19T00:00:00,1000000.0,1000000.0,0
2019-07-22T00:00:00,1000000.0,1000000.0,0
2019-07-23T00:00:00,1000000.0,1000000.0,0
2019-07-24T00:00:00,1000000.0,1000000.0,0
2019-07-25T00:00:00,1000000.0,1000000.0,0
2019-07-26T00:00:00,1000000.0,1000000.0,0
2019-07-29T00:00:00,1000000.0,1000000.0,0
2019-07-30T00:00:00,1000000.0,1000000.0,0
2019-07-31T00:00:00,1000000.0,1000000.0,0
2019-08-01T00:00:00,1000000.0,1000000.0,0
2019-08-02T00:00:00,1000000.0,1000000.0,0
2019-08-05T00:00:00,1000000.0,1000000.0,0
2019-08-06T00:00:00,1000000.0,1000000.0,0
2019-08-07T00:00:00,1000000.0,1000000.0,0
2019-08-08T00:00:00,1000000.0,1000000.0,0
2019-08-09T00:00:00,1000000.0,1000000.0,0
2019-08-13T00:00:00,1000000.0,1000000.0,0
2019-08-14T00:00:00,1000000.0,1000000.0,0
2019-08-16T00:00:00,1000000.0,1000000.0,0
2019-08-19T00:00:00,1000000.0,1000000.0,0
2019-08-20T00:00:00,1000000.0,1000000.0,0
2019-08-21T00:00:00,1000000.0,1000000.0,0
2019-08-22T00:00:00,1000000.0,1000000.0,0
2019-08-23T00:00:00,1000000.0,1000000.0,0
2019-08-26T00:00:00,1000000.0,1000000.0,0
2019-08-27T00:00:00,1000000.0,1000000.0,0
2019-08-28T00:00:00,1000000.0,1000000.0,0
2019-08-29T00:00:00,1000000.0,1000000.0,0
2019-08-30T00:00:00,1000000.0,1000000.0,0
2019-09-03T00:00:00,1000000.0,1000000.0,0
2019-09-04T00:00:00,1000000.0,1000000.0,0
2019-09-05T00:00:00,1000000.0,1000000.0,0
2019-09-06T00:00:00,1000000.0,1000000.0,0
2019-09-09T00:00:00,1000000.0,1000000.0,0
2019-09-11T00:00:00,1000000.0,1000000.0,0
2019-09-12T00:00:00,1000000.0,1000000.0,0
2019-09-13T00:00:00,1000000.0,1000000.0,0
2019-09-16T00:00:00,1000000.0,1000000.0,0
2019-09-17T00:00:00,1000000.0,1000000.0,0
2019-09-18T00:00:00,1000000.0,1000000.0,0
2019-09-19T00:00:00,1000000.0,1000000.0,0
2019-09-20T00:00:00,1000000.0,1000000.0,0
2019-09-23T00:00:00,1000000.0,1000000.0,0
2019-09-24T00:00:00,1000000.0,1000000.0,0
2019-09-25T00:00:00,1000000.0,1000000.0,0
2019-09-26T00:00:00,1000000.0,1000000.0,0
2019-09-27T00:00:00,1000000.0,1000000.0,0
2019-09-30T00:00:00,1000000.0,1000000.0,0
2019-10-01T00:00:00,1000000.0,1000000.0,0
2019-10-03T00:00:00,1000000.0,1000000.0,0
2019-10-04T00:00:00,1000000.0,1000000.0,0
2019-10-07T00:00:00,1000000.0,1000000.0,0
2019-10-09T00:00:00,1000000.0,1000000.0,0
2019-10-10T00:00:00,1000000.0,1000000.0,0
2019-10-11T00:00:00,1000000.0,1000000.0,0
2019-10-14T00:00:00,1000000.0,1000000.0,0
2019-10-15T00:00:00,1000000.0,1000000.0,0
2019-10-16T00:00:00,1000000.0,1000000.0,0
2019-10-17T00:00:00,1000000.0,1000000.0,0
2019-10-18T00:00:00,1000000.0,1000000.0,0
2019-10-22T00:00:00,1000000.0,1000000.0,0
2019-10-23T00:00:00,1000000.0,1000000.0,0
2019-10-24T00:00:00,1000000.0,1000000.0,0
2019-10-25T00:00:00,1000000.0,1000000.0,0
2019-10-27T00:00:00,1000000.0,1000000.0,0
2019-10-29T00:00:00,1000000.0,1000000.0,0
2019-10-30T00:00:00,1000000.0,1000000.0,0
2019-10-31T00:00:00,1000000.0,1000000.0,0
2019-11-01T00:00:00,1000000.0,1000000.0,0
2019-11-04T00:00:00,1000000.0,1000000.0,0
2019-11-05T00:00:00,1000000.0,1000000.0,0
2019-11-06T00:00:00,1000000.0,1000000.0,0
2019-11-07T00:00:00,1000000.0,1000000.0,0
2019-11-08T00:00:00,1000000.0,1000000.0,0
2019-11-11T00:00:00,1000000.0,1000000.0,0
2019-11-13T00:00:00,1000000.0,1000000.0,0
2019-11-14T00:00:00,1000000.0,1000000.0,0
2019-11-15T00:00:00,1000000.0,1000000.0,0
2019-11-18T00:00:00,1000000.0,1000000.0,0
2019-11-19T00:00:00,1000000.0,1000000.0,0
2019-11-20T00:00:00,1000000.0,1000000.0,0
2019-11-21T00:00:00,1000000.0,1000000.0,0
2019-11-22T00:00:00,1000000.0,1000000.0,0
2019-11-25T00:00:00,1000000.0,1000000.0,0
2019-11-26T00:00:00,1000000.0,1000000.0,0
2019-11-27T00:00:00,1000000.0,1000000.0,0
2019-11-28T00:00:00,1000000.0,1000000.0,0
2019-11-29T00:00:00,1000000.0,1000000.0,0
2019-12-02T00:00:00,1000000.0,1000000.0,0
2019-12-03T00:00:00,1000000.0,1000000.0,0
2019-12-04T00:00:00,1000000.0,1000000.0,0
2019-12-05T00:00:00,1000000.0,1000000.0,0
2019-12-06T00:00:00,1000000.0,1000000.0,0
2019-12-09T00:00:00,1000000.0,1000000.0,0
2019-12-10T00:00:00,1000000.0,1000000.0,0
2019-12-11T00:00:00,1000000.0,1000000.0,0
2019-12-12T00:00:00,1000000.0,1000000.0,0
2019-12-13T00:00:00,1000000.0,1000000.0,0
2019-12-16T00:00:00,1000000.0,1000000.0,0
2019-12-17T00:00:00,1000000.0,1000000.0,0
2019-12-18T00:00:00,1000000.0,1000000.0,0
2019-12-19T00:00:00,1000000.0,1000000.0,0
2019-12-20T00:00:00,1000000.0,1000000.0,0
2019-12-23T00:00:00,1000000.0,1000000.0,0
2019-12-24T00:00:00,1000000.0,1000000.0,0
2019-12-26T00:00:00,1000000.0,1000000.0,0
2019-12-27T00:00:00,1000000.0,1000000.0,0
2019-12-30T00:00:00,1000000.0,1000000.0,0
2019-12-31T00:00:00,1000000.0,1000000.0,0
2020-01-01T00:00:00,1000000.0,1000000.0,0
2020-01-02T00:00:00,1000000.0,1000000.0,0
2020-01-03T00:00:00,1000000.0,1000000.0,0
2020-01-06T00:00:00,1000000.0,1000000.0,0
2020-01-07T00:00:00,1000000.0,1000000.0,0
2020-01-08T00:00:00,1000000.0,1000000.0,0
2020-01-09T00:00:00,1000000.0,1000000.0,0
2020-01-10T00:00:00,1000000.0,1000000.0,0
2020-01-13T00:00:00,1000000.0,1000000.0,0
2020-01-14T00:00:00,1000000.0,1000000.0,0
2020-01-15T00:00:00,1000000.0,1000000.0,0
2020-01-16T00:00:00,1000000.0,1000000.0,0
2020-01-17T00:00:00,1000000.0,1000000.0,0
2020-01-20T00:00:00,1000000.0,1000000.0,0
2020-01-21T00:00:00,1000000.0,1000000.0,0
2020-01-22T00:00:00,1000000.0,1000000.0,0
2020-01-23T00:00:00,1000000.0,1000000.0,0
2020-01-24T00:00:00,1000000.0,1000000.0,0
2020-01-27T00:00:00,1000000.0,1000000.0,0
2020-01-28T00:00:00,1000000.0,1000000.0,0
2020-01-29T00:00:00,1000000.0,1000000.0,0
2020-01-30T00:00:00,1000000.0,1000000.0,0
2020-01-31T00:00:00,1000000.0,1000000.0,0
2020-02-03T00:00:00,1000000.0,1000000.0,0
2020-02-04T00:00:00,1000000.0,1000000.0,0
2020-02-05T00:00:00,1000000.0,1000000.0,0
2020-02-06T00:00:00,1000000.0,1000000.0,0
2020-02-07T00:00:00,1000000.0,1000000.0,0
2020-02-10T00:00:00,1000000.0,1000000.0,0
2020-02-11T00:00:00,1000000.0,1000000.0,0
2020-02-12T00:00:00,1000000.0,1000000.0,0
2020-02-13T00:00:00,1000000.0,1000000.0,0
2020-02-14T00:00:00,1000000.0,1000000.0,0
2020-02-17T00:00:00,1000000.0,1000000.0,0
2020-02-18T00:00:00,1000000.0,1000000.0,0
2020-02-19T00:00:00,1000000.0,1000000.0,0
2020-02-20T00:00:00,1000000.0,1000000.0,0
2020-02-24T00:00:00,1000000.0,1000000.0,0
2020-02-25T00:00:00,1000000.0,1000000.0,0
2020-02-26T00:00:00,1000000.0,1000000.0,0
2020-02-27T00:00:00,1000000.0,1000000.0,0
2020-02-28T00:00:00,1000000.0,1000000.0,0
2020-03-02T00:00:00,1000000.0,1000000.0,0
2020-03-03T00:00:00,1000000.0,1000000.0,0
2020-03-04T00:00:00,1000000.0,1000000.0,0
2020-03-05T00:00:00,1000000.0,1000000.0,0
2020-03-06T00:00:00,1000000.0,1000000.0,0
2020-03-09T00:00:00,1000000.0,1000000.0,0
2020-03-11T00:00:00,1000000.0,1000000.0,0
2020-03-12T00:00:00,1000000.0,1000000.0,0
2020-03-13T00:00:00,1000000.0,1000000.0,0
2020-03-16T00:00:00,1000000.0,1000000.0,0
2020-03-17T00:00:00,1000000.0,1000000.0,0
2020-03-18T00:00:00,1000000.0,1000000.0,0
2020-03-19T00:00:00,1000000.0,1000000.0,0
2020-03-20T00:00:00,1000000.0,1000000.0,0
2020-03-23T00:00:00,1000000.0,1000000.0,0
2020-03-24T00:00:00,1000000.0,1000000.0,0
2020-03-25T00:00:00,1000000.0,1000000.0,0
2020-03-26T00:00:00,1000000.0,1000000.0,0
2020-03-27T00:00:00,1000000.0,1000000.0,0
2020-03-30T00:00:00,1000000.0,1000000.0,0
2020-03-31T00:00:00,1000000.0,1000000.0,0
2020-04-01T00:00:00,1000000.0,1000000.0,0
2020-04-03T00:00:00,1000000.0,1000000.0,0
2020-04-07T00:00:00,1000000.0,1000000.0,0
2020-04-08T00:00:00,1000000.0,1000000.0,0
2020-04-09T00:00:00,1000000.0,1000000.0,0
2020-04-13T00:00:00,1000000.0,1000000.0,0
2020-04-15T00:00:00,1000000.0,1000000.0,0
2020-04-16T00:00:00,1000000.0,1000000.0,0
2020-04-17T00:00:00,1000000.0,1000000.0,0
2020-04-20T00:00:00,1000000.0,1000000.0,0
2020-04-21T00:00:00,1000000.0,1000000.0,0
2020-04-22T00:00:00,1000000.0,1000000.0,0
2020-04-23T00:00:00,1000000.0,1000000.0,0
2020-04-24T00:00:00,1000000.0,1000000.0,0
2020-04-27T00:00:00,1000000.0,1000000.0,0
2020-04-28T00:00:00,1000000.0,1000000.0,0
2020-04-29T00:00:00,1000000.0,1000000.0,0
2020-04-30T00:00:00,1000000.0,1000000.0,0
2020-05-04T00:00:00,1000000.0,1000000.0,0
2020-05-05T00:00:00,1000000.0,1000000.0,0
2020-05-06T00:00:00,1000000.0,1000000.0,0
2020-05-07T00:00:00,1000000.0,1000000.0,0
2020-05-08T00:00:00,1000000.0,1000000.0,0
2020-05-11T00:00:00,1000000.0,1000000.0,0
2020-05-12T00:00:00,1000000.0,1000000.0,0
2020-05-13T00:00:00,1000000.0,1000000.0,0
2020-05-14T00:00:00,1000000.0,1000000.0,0
2020-05-15T00:00:00,1000000.0,1000000.0,0
2020-05-18T00:00:00,1000000.0,1000000.0,0
2020-05-19T00:00:00,1000000.0,1000000.0,0
2020-05-20T00:00:00,1000000.0,1000000.0,0
2020-05-21T00:00:00,1000000.0,1000000.0,0
2020-05-22T00:00:00,1000000.0,1000000.0,0
2020-05-26T00:00:00,1000000.0,1000000.0,0
2020-05-27T00:00:00,1000000.0,1000000.0,0
2020-05-28T00:00:00,1000000.0,1000000.0,0
2020-05-29T00:00:00,1000000.0,1000000.0,0
2020-06-01T00:00:00,1000000.0,1000000.0,0
2020-06-02T00:00:00,1000000.0,1000000.0,0
2020-06-03T00:00:00,1000000.0,1000000.0,0
2020-06-04T00:00:00,1000000.0,1000000.0,0
2020-06-05T00:00:00,1000000.0,1000000.0,0
2020-06-08T00:00:00,1000000.0,1000000.0,0
2020-06-09T00:00:00,1000000.0,1000000.0,0
2020-06-10T00:00:00,1000000.0,1000000.0,0
2020-06-11T00:00:00,1000000.0,1000000.0,0
2020-06-12T00:00:00,1000000.0,1000000.0,0
2020-06-15T00:00:00,1000000.0,1000000.0,0
2020-06-16T00:00:00,1000000.0,1000000.0,0
2020-06-17T00:00:00,1000000.0,1000000.0,0
2020-06-18T00:00:00,1000000.0,1000000.0,0
2020-06-19T00:00:00,1000000.0,1000000.0,0
2020-06-22T00:00:00,1000000.0,1000000.0,0
2020-06-23T00:00:00,1000000.0,1000000.0,0
2020-06-24T00:00:00,1000000.0,1000000.0,0
2020-06-25T00:00:00,1000000.0,1000000.0,0
2020-06-26T00:00:00,1000000.0,1000000.0,0
2020-06-29T00:00:00,1000000.0,1000000.0,0
2020-06-30T00:00:00,1000000.0,1000000.0,0
2020-07-01T00:00:00,1000000.0,1000000.0,0
2020-07-02T00:00:00,1000000.0,1000000.0,0
2020-07-03T00:00:00,1000000.0,1000000.0,0
2020-07-06T00:00:00,1000000.0,1000000.0,0
2020-07-07T00:00:00,1000000.0,1000000.0,0
2020-07-08T00:00:00,1000000.0,1000000.0,0
2020-07-09T00:00:00,1000000.0,1000000.0,0
2020-07-10T00:00:00,1000000.0,1000000.0,0
2020-07-13T00:00:00,1000000.0,1000000.0,0
2020-07-14T00:00:00,1000000.0,1000000.0,0
2020-07-15T00:00:00,1000000.0,1000000.0,0
2020-07-16T00:00:00,1000000.0,1000000.0,0
2020-07-17T00:00:00,1000000.0,1000000.0,0
2020-07-20T00:00:00,1000000.0,1000000.0,0
2020-07-21T00:00:00,1000000.0,1000000.0,0
2020-07-22T00:00:00,1000000.0,1000000.0,0
2020-07-23T00:00:00,1000000.0,1000000.0,0
2020-07-24T00:00:00,1000000.0,1000000.0,0
2020-07-27T00:00:00,1000000.0,1000000.0,0
2020-07-28T00:00:00,1000000.0,1000000.0,0
2020-07-29T00:00:00,1000000.0,1000000.0,0
2020-07-30T00:00:00,1000000.0,1000000.0,0
2020-07-31T00:00:00,1000000.0,1000000.0,0
2020-08-03T00:00:00,1000000.0,1000000.0,0
2020-08-04T00:00:00,1000000.0,1000000.0,0
2020-08-05T00:00:00,1000000.0,1000000.0,0
2020-08-06T00:00:00,1000000.0,1000000.0,0
2020-08-07T00:00:00,1000000.0,1000000.0,0
2020-08-10T00:00:00,1000000.0,1000000.0,0
2020-08-11T00:00:00,1000000.0,1000000.0,0
2020-08-12T00:00:00,1000000.0,1000000.0,0
2020-08-13T00:00:00,1000000.0,1000000.0,0
2020-08-14T00:00:00,1000000.0,1000000.0,0
2020-08-17T00:00:00,1000000.0,1000000.0,0
2020-08-18T00:00:00,1000000.0,1000000.0,0
2020-08-19T00:00:00,1000000.0,1000000.0,0
2020-08-20T00:00:00,1000000.0,1000000.0,0
2020-08-21T00:00:00,1000000.0,1000000.0,0
2020-08-24T00:00:00,1000000.0,1000000.0,0
2020-08-25T00:00:00,1000000.0,1000000.0,0
2020-08-26T00:00:00,1000000.0,1000000.0,0
2020-08-27T00:00:00,1000000.0,1000000.0,0
2020-08-28T00:00:00,1000000.0,1000000.0,0
2020-08-31T00:00:00,1000000.0,1000000.0,0
2020-09-01T00:00:00,1000000.0,1000000.0,0
2020-09-02T00:00:00,1000000.0,1000000.0,0
2020-09-03T00:00:00,1000000.0,1000000.0,0
2020-09-04T00:00:00,1000000.0,1000000.0,0
2020-09-07T00:00:00,1000000.0,1000000.0,0
2020-09-08T00:00:00,1000000.0,1000000.0,0
2020-09-09T00:00:00,1000000.0,1000000.0,0
2020-09-10T00:00:00,1000000.0,1000000.0,0
2020-09-11T00:00:00,1000000.0,1000000.0,0
2020-09-14T00:00:00,1000000.0,1000000.0,0
2020-09-15T00:00:00,1000000.0,1000000.0,0
2020-09-16T00:00:00,1000000.0,1000000.0,0
2020-09-17T00:00:00,1000000.0,1000000.0,0
2020-09-18T00:00:00,1000000.0,1000000.0,0
2020-09-21T00:00:00,1000000.0,1000000.0,0
2020-09-22T00:00:00,1000000.0,1000000.0,0
2020-09-23T00:00:00,1000000.0,1000000.0,0
2020-09-24T00:00:00,1000000.0,1000000.0,0
2020-09-25T00:00:00,1000000.0,1000000.0,0
2020-09-28T00:00:00,1000000.0,1000000.0,0
2020-09-29T00:00:00,1000000.0,1000000.0,0
2020-09-30T00:00:00,1000000.0,1000000.0,0
2020-10-01T00:00:00,1000000.0,1000000.0,0
2020-10-05T00:00:00,1000000.0,1000000.0,0
2020-10-06T00:00:00,1000000.0,1000000.0,0
2020-10-07T00:00:00,1000000.0,1000000.0,0
2020-10-08T00:00:00,1000000.0,1000000.0,0
2020-10-09T00:00:00,1000000.0,1000000.0,0
2020-10-12T00:00:00,1000000.0,1000000.0,0
2020-10-13T00:00:00,1000000.0,1000000.0,0
2020-10-14T00:00:00,1000000.0,1000000.0,0
2020-10-15T00:00:00,1000000.0,1000000.0,0
2020-10-16T00:00:00,1000000.0,1000000.0,0
2020-10-19T00:00:00,1000000.0,1000000.0,0
2020-10-20T00:00:00,1000000.0,1000000.0,0
2020-10-21T00:00:00,1000000.0,1000000.0,0
2020-10-22T00:00:00,1000000.0,1000000.0,0
2020-10-23T00:00:00,1000000.0,1000000.0,0
2020-10-26T00:00:00,1000000.0,1000000.0,0
2020-10-27T00:00:00,1000000.0,1000000.0,0
2020-10-28T00:00:00,1000000.0,1000000.0,0
2020-10-29T00:00:00,1000000.0,1000000.0,0
2020-10-30T00:00:00,1000000.0,1000000.0,0
2020-11-02T00:00:00,1000000.0,1000000.0,0
2020-11-03T00:00:00,1000000.0,1000000.0,0
2020-11-04T00:00:00,1000000.0,1000000.0,0
2020-11-05T00:00:00,1000000.0,1000000.0,0
2020-11-06T00:00:00,1000000.0,1000000.0,0
2020-11-09T00:00:00,1000000.0,1000000.0,0
2020-11-10T00:00:00,1000000.0,1000000.0,0
2020-11-11T00:00:00,1000000.0,1000000.0,0
2020-11-12T00:00:00,1000000.0,1000000.0,0
2020-11-13T00:00:00,1000000.0,1000000.0,0
2020-11-14T00:00:00,1000000.0,1000000.0,0
2020-11-15T00:00:00,1000000.0,1000000.0,0
2020-11-17T00:00:00,1000000.0,1000000.0,0
2020-11-18T00:00:00,1000000.0,1000000.0,0
2020-11-19T00:00:00,1000000.0,1000000.0,0
2020-11-20T00:00:00,1000000.0,1000000.0,0
2020-11-23T00:00:00,1000000.0,1000000.0,0
2020-11-24T00:00:00,1000000.0,1000000.0,0
2020-11-25T00:00:00,1000000.0,1000000.0,0
2020-11-26T00:00:00,1000000.0,1000000.0,0
2020-11-27T00:00:00,1000000.0,1000000.0,0
2020-12-01T00:00:00,1000000.0,1000000.0,0
2020-12-02T00:00:00,1000000.0,1000000.0,0
2020-12-03T00:00:00,1000000.0,1000000.0,0
2020-12-04T00:00:00,1000000.0,1000000.0,0
2020-12-07T00:00:00,1000000.0,1000000.0,0
2020-12-08T00:00:00,1000000.0,1000000.0,0
2020-12-09T00:00:00,1000000.0,1000000.0,0
2020-12-10T00:00:00,1000000.0,1000000.0,0
2020-12-11T00:00:00,1000000.0,1000000.0,0
2020-12-14T00:00:00,1000000.0,1000000.0,0
2020-12-15T00:00:00,1000000.0,1000000.0,0
2020-12-16T00:00:00,1000000.0,1000000.0,0
2020-12-17T00:00:00,1000000.0,1000000.0,0
2020-12-18T00:00:00,1000000.0,1000000.0,0
2020-12-21T00:00:00,1000000.0,1000000.0,0
2020-12-22T00:00:00,1000000.0,1000000.0,0
2020-12-23T00:00:00,1000000.0,1000000.0,0
2020-12-24T00:00:00,1000000.0,1000000.0,0
2020-12-28T00:00:00,1000000.0,1000000.0,0
2020-12-29T00:00:00,1000000.0,1000000.0,0
2020-12-30T00:00:00,1000000.0,1000000.0,0
2020-12-31T00:00:00,1000000.0,1000000.0,0
2021-01-01T00:00:00,1000000.0,1000000.0,0
2021-01-04T00:00:00,1000000.0,1000000.0,0
2021-01-05T00:00:00,1000000.0,1000000.0,0
2021-01-06T00:00:00,1000000.0,1000000.0,0
2021-01-07T00:00:00,1000000.0,1000000.0,0
2021-01-08T00:00:00,1000000.0,1000000.0,0
2021-01-11T00:00:00,1000000.0,1000000.0,0
2021-01-12T00:00:00,1000000.0,1000000.0,0
2021-01-13T00:00:00,1000000.0,1000000.0,0
2021-01-14T00:00:00,1000000.0,1000000.0,0
2021-01-15T00:00:00,1000000.0,1000000.0,0
2021-01-18T00:00:00,1000000.0,1000000.0,0
2021-01-19T00:00:00,1000000.0,1000000.0,0
2021-01-20T00:00:00,1000000.0,1000000.0,0
2021-01-21T00:00:00,1000000.0,1000000.0,0
2021-01-22T00:00:00,1000000.0,1000000.0,0
2021-01-25T00:00:00,1000000.0,1000000.0,0
2021-01-27T00:00:00,1000000.0,1000000.0,0
2021-01-28T00:00:00,1000000.0,1000000.0,0
2021-01-29T00:00:00,1000000.0,1000000.0,0
2021-02-01T00:00:00,1000000.0,1000000.0,0
2021-02-02T00:00:00,1000000.0,1000000.0,0
2021-02-03T00:00:00,1000000.0,1000000.0,0
2021-02-04T00:00:00,1000000.0,1000000.0,0
2021-02-05T00:00:00,1000000.0,1000000.0,0
2021-02-08T00:00:00,1000000.0,1000000.0,0
2021-02-09T00:00:00,1000000.0,1000000.0,0
2021-02-10T00:00:00,1000000.0,1000000.0,0
2021-02-11T00:00:00,1000000.0,1000000.0,0
2021-02-12T00:00:00,1000000.0,1000000.0,0
2021-02-15T00:00:00,1000000.0,1000000.0,0
2021-02-16T00:00:00,1000000.0,1000000.0,0
2021-02-17T00:00:00,1000000.0,1000000.0,0
2021-02-18T00:00:00,1000000.0,1000000.0,0
2021-02-19T00:00:00,1000000.0,1000000.0,0
2021-02-22T00:00:00,1000000.0,1000000.0,0
2021-02-23T00:00:00,1000000.0,1000000.0,0
2021-02-24T00:00:00,1000000.0,1000000.0,0
2021-02-25T00:00:00,1000000.0,1000000.0,0
2021-02-26T00:00:00,1000000.0,1000000.0,0
2021-03-01T00:00:00,1000000.0,1000000.0,0
2021-03-02T00:00:00,1000000.0,1000000.0,0
2021-03-03T00:00:00,1000000.0,1000000.0,0
2021-03-04T00:00:00,1000000.0,1000000.0,0
2021-03-05T00:00:00,1000000.0,1000000.0,0
2021-03-08T00:00:00,1000000.0,1000000.0,0
2021-03-09T00:00:00,1000000.0,1000000.0,0
2021-03-10T00:00:00,1000000.0,1000000.0,0
2021-03-12T00:00:00,1000000.0,1000000.0,0
2021-03-15T00:00:00,1000000.0,1000000.0,0
2021-03-16T00:00:00,1000000.0,1000000.0,0
2021-03-17T00:00:00,1000000.0,1000000.0,0
2021-03-18T00:00:00,1000000.0,1000000.0,0
2021-03-19T00:00:00,1000000.0,1000000.0,0
2021-03-22T00:00:00,1000000.0,1000000.0,0
2021-03-23T00:00:00,1000000.0,1000000.0,0
2021-03-24T00:00:00,1000000.0,1000000.0,0
2021-03-25T00:00:00,1000000.0,1000000.0,0
2021-03-26T00:00:00,1000000.0,1000000.0,0
2021-03-30T00:00:00,1000000.0,1000000.0,0
2021-03-31T00:00:00,1000000.0,1000000.0,0
2021-04-01T00:00:00,1000000.0,1000000.0,0
2021-04-05T00:00:00,1000000.0,1000000.0,0
2021-04-06T00:00:00,1000000.0,1000000.0,0
2021-04-07T00:00:00,1000000.0,1000000.0,0
2021-04-08T00:00:00,1000000.0,1000000.0,0
2021-04-09T00:00:00,1000000.0,1000000.0,0
2021-04-12T00:00:00,1000000.0,1000000.0,0
2021-04-13T00:00:00,1000000.0,1000000.0,0
2021-04-15T00:00:00,1000000.0,1000000.0,0
2021-04-16T00:00:00,1000000.0,1000000.0,0
2021-04-19T00:00:00,1000000.0,1000000.0,0
2021-04-20T00:00:00,1000000.0,1000000.0,0
2021-04-22T00:00:00,1000000.0,1000000.0,0
2021-04-23T00:00:00,1000000.0,1000000.0,0
2021-04-26T00:00:00,1000000.0,1000000.0,0
2021-04-27T00:00:00,1000000.0,1000000.0,0
2021-04-28T00:00:00,1000000.0,1000000.0,0
2021-04-29T00:00:00,1000000.0,1000000.0,0
2021-04-30T00:00:00,1000000.0,1000000.0,0
2021-05-03T00:00:00,1000000.0,1000000.0,0
2021-05-04T00:00:00,1000000.0,1000000.0,0
2021-05-05T00:00:00,1000000.0,1000000.0,0
2021-05-06T00:00:00,1000000.0,1000000.0,0
2021-05-07T00:00:00,1000000.0,1000000.0,0
2021-05-10T00:00:00,1000000.0,1000000.0,0
2021-05-11T00:00:00,1000000.0,1000000.0,0
2021-05-12T00:00:00,1000000.0,1000000.0,0
2021-05-14T00:00:00,1000000.0,1000000.0,0
2021-05-17T00:00:00,1000000.0,1000000.0,0
2021-05-18T00:00:00,1000000.0,1000000.0,0
2021-05-19T00:00:00,1000000.0,1000000.0,0
2021-05-20T00:00:00,1000000.0,1000000.0,0
2021-05-21T00:00:00,1000000.0,1000000.0,0
2021-05-24T00:00:00,1000000.0,1000000.0,0
2021-05-25T00:00:00,1000000.0,1000000.0,0
2021-05-26T00:00:00,1000000.0,1000000.0,0
2021-05-27T00:00:00,1000000.0,1000000.0,0
2021-05-28T00:00:00,1000000.0,1000000.0,0
2021-05-31T00:00:00,1000000.0,1000000.0,0
2021-06-01T00:00:00,1000000.0,1000000.0,0
2021-06-02T00:00:00,1012724.650515908,143.66360794901266,10
2021-06-03T00:00:00,1015610.9175687493,1067.609402245318,10
2021-06-04T00:00:00,1011168.4130918339,6517.130499060469,10
2021-06-07T00:00:00,1021393.8614428452,8296.286491673323,10
2021-06-08T00:00:00,1021281.1650131366,13690.768284620935,10
2021-06-09T00:00:00,1008940.1365406474,11859.603215452007,10
2021-06-10T00:00:00,1006637.8364716338,12239.154708938455,10
2021-06-11T00:00:00,1009954.2995283012,7446.759733379309,10
2021-06-14T00:00:00,1007573.6375834331,12065.98755901905,10
2021-06-15T00:00:00,1013611.3785396748,7206.11669885453,10
2021-06-16T00:00:00,1000752.6236229173,14409.076198600975,10
2021-06-17T00:00:00,1007832.4610493793,6416.520558656703,10
2021-06-18T00:00:00,1029708.9726426682,3946.6194932539656,10
2021-06-21T00:00:00,1033273.6147745867,5836.721341969547,10
2021-06-22T00:00:00,1025444.5412979887,6639.361038284129,10
2021-06-23T00:00:00,1019838.2362303926,6607.042590637342,10
2021-06-24T00:00:00,1038781.7571656825,16142.721521151296,10
2021-06-25T00:00:00,1035598.9357086229,14158.737163166938,10
2021-06-28T00:00:00,1037336.4057588432,12158.449231133185,10
2021-06-29T00:00:00,1031801.3287621356,12688.408596120003,10
2021-06-30T00:00:00,1028541.5431629635,16213.573070190003,10
2021-07-01T00:00:00,1019719.5068449134,18678.214599048442,10
2021-07-02T00:00:00,1020370.2711233048,16647.8747610001,10
2021-07-05T00:00:00,1026836.1897935004,6911.009388837279,10
2021-07-06T00:00:00,1036911.0043856606,11623.970083902852,10
2021-07-07T00:00:00,1036846.967706111,13302.779092219469,10
2021-07-08T00:00:00,1036620.4107641471,12472.235715318951,10
2021-07-09T00:00:00,1033640.7247315592,7023.0715027993865,10
2021-07-12T00:00:00,1035006.0013264347,8675.082869403384,10
2021-07-13T00:00:00,1034864.9965451321,11084.883902843954,10
2021-07-14T00:00:00,1030561.6225350462,4111.895989712371,10
2021-07-15T00:00:00,1035949.9134107623,4377.248776057706,10
2021-07-16T00:00:00,1041796.7100828892,6094.135892749371,10
2021-07-19T00:00:00,1026513.5957039152,16999.44179613929,10
2021-07-20T00:00:00,1035831.7043849841,5832.949868382391,10
2021-07-22T00:00:00,1044626.7643253044,2969.630292101283,10
2021-07-23T00:00:00,1040245.6328147871,10038.052042387135,10
2021-07-26T00:00:00,1034505.6217651815,7585.57152943332,10
2021-07-27T00:00:00,1014674.409366464,17353.408737038888,10
2021-07-28T00:00:00,1021690.2661073396,7817.921136636374,10
2021-07-29T00:00:00,1001947.5354893018,5599.742070417342,10
2021-07-30T00:00:00,998178.7936022351,12280.459945924027,10
2021-08-02T00:00:00,1006025.8408106077,99441.76329595926,9
2021-08-03T00:00:00,1004949.3558156652,582.3229921026068,10
2021-08-04T00:00:00,1001472.9285391984,7112.116519850257,10
2021-08-05T00:00:00,1004932.4853424849,11936.732294541769,10
2021-08-06T00:00:00,1023737.8584913192,8118.615510362171,10
2021-08-09T00:00:00,1017246.2247574017,13638.904628007222,10
2021-08-10T00:00:00,1008522.7802680372,10793.483682954276,10
2021-08-11T00:00:00,1011317.4248461662,7027.20084714274,10
2021-08-12T00:00:00,1011714.7411283235,688.9819120149332,10
2021-08-13T00:00:00,1013915.6627669114,382.63036296553037,10
2021-08-16T00:00:00,1022134.7728785188,4202.744726052988,10
2021-08-17T00:00:00,1026185.9961025373,3066.655598844678,10
2021-08-18T00:00:00,1034476.2202224463,6505.922126743084,10
2021-08-20T00:00:00,1028160.7502420691,11105.242063358193,10
2021-08-23T00:00:00,1022932.0698652209,9224.492991441599,10
2021-08-24T00:00:00,1054165.3415155245,798.9557647539768,10
2021-08-25T00:00:00,1051150.411077656,1482.0920716897526,10
2021-08-26T00:00:00,1054136.247669286,11942.619379109601,10
2021-08-27T00:00:00,1060645.6808339916,12826.378944572134,10
2021-08-30T00:00:00,1081085.7186358408,64.49840573823894,10
2021-08-31T00:00:00,1089903.014085466,111.69272010956774,10
2021-09-01T00:00:00,1079770.490313298,15158.06318927453,10
2021-09-02T00:00:00,1091392.5208005586,14930.476061789144,10
2021-09-03T00:00:00,1088136.4965780203,11414.117341798861,10
2021-09-06T00:00:00,1102742.7440850583,17453.280158743073,10
2021-09-07T00:00:00,1103763.5849427758,24744.06546302409,10
2021-09-08T00:00:00,1119728.4262961347,20652.46295919022,10
2021-09-09T00:00:00,1102562.1397392838,17932.823821315047,10
2021-09-13T00:00:00,1102322.713489481,15376.22655100435,10
2021-09-14T00:00:00,1095679.8545349534,6724.339276164377,10
2021-09-15T00:00:00,1096945.0183658,3192.8971499797044,10
2021-09-16T00:00:00,1101621.9371275802,521.3999647993187,10
2021-09-17T00:00:00,1095519.3813082501,11646.049338035213,10
2021-09-20T00:00:00,1079097.211318652,20596.59260527305,10
2021-09-21T00:00:00,1096404.2492462436,7016.886521939494,10
2021-09-22T00:00:00,1104601.7927693268,5018.037306680344,10
2021-09-23T00:00:00,1126817.5683092102,5441.627559088258,10
2021-09-24T00:00:00,1115176.8789203132,12216.902365442555,10
2021-09-27T00:00:00,1125792.791993381,8535.300591708728,10
2021-09-28T00:00:00,1103951.715945401,11672.330645718379,10
2021-09-29T00:00:00,1108474.0745947654,15970.260675697995,10
2021-09-30T00:00:00,1100313.804952778,12158.721363224133,10
2021-10-01T00:00:00,1094473.2913079855,11228.504641115374,10
2021-10-04T00:00:00,1103907.4363801044,4225.969705299722,10
2021-10-05T00:00:00,1105738.5325891762,9634.912685611853,10
2021-10-06T00:00:00,1085111.562618473,9634.912685611853,10
2021-10-07T00:00:00,1092346.2683117182,111981.29237482863,9
2021-10-08T00:00:00,1088000.3514422167,5788.152955888523,10
2021-10-11T00:00:00,1092142.6728563758,6028.727360770339,10
2021-10-12T00:00:00,1093652.2422169286,856.504546030119,10
2021-10-13T00:00:00,1096493.631838535,1515.0196559176693,10
2021-10-14T00:00:00,1099690.0603422534,10888.481240690933,10
2021-10-18T00:00:00,1101158.3699673626,19702.63336457948,10
2021-10-19T00:00:00,1095895.9541320521,21790.861297579497,10
2021-10-20T00:00:00,1100469.1202513687,17878.021115016323,10
2021-10-21T00:00:00,1095555.9773564804,7040.359436558661,10
2021-10-22T00:00:00,1108136.6433246676,17818.2822406832,10
2021-10-25T00:00:00,1126845.9813451122,3159.3182839701476,10
2021-10-26T00:00:00,1131731.4942229711,2410.994755121501,10
2021-10-27T00:00:00,1130792.6514206612,230159.2227402412,8
2021-10-28T00:00:00,1099504.8338387397,25599.498862543347,10
2021-10-29T00:00:00,1124868.9661542845,2128.276428408615,10
2021-11-01T00:00:00,1138427.7498554604,7557.577972830986,10
2021-11-02T00:00:00,1131225.740549668,7571.91090641843,10
2021-11-03T00:00:00,1146728.9648137216,6295.314722550305,10
2021-11-04T00:00:00,1131199.4338002328,6295.314722550305,10
2021-11-05T00:00:00,1150457.3411791618,10180.997324257507,10
2021-11-08T00:00:00,1171631.103359264,9613.303457301736,10
2021-11-09T00:00:00,1176748.9593057027,7394.245135246776,10
2021-11-10T00:00:00,1182335.2142996711,14412.891973011065,10
2021-11-11T00:00:00,1174618.8160246504,18461.325790275427,10
2021-11-12T00:00:00,1177764.169243694,7429.433934093264,10
2021-11-15T00:00:00,1183278.8967908737,13489.23231638645,10
2021-11-16T00:00:00,1175222.4533443886,13507.332681699336,10
2021-11-17T00:00:00,1186136.6973769332,8590.800373759397,10
2021-11-18T00:00:00,1162038.3049404118,12475.91018981683,10
2021-11-22T00:00:00,1142566.1752605082,17809.250312769625,10
2021-11-23T00:00:00,1167582.0282501362,1512.714580931628,10
2021-11-24T00:00:00,1156181.6692226804,2779.1318691647757,10
2021-11-25T00:00:00,1157723.1228355197,719.5393508700072,10
2021-11-26T00:00:00,1126062.9531117685,26859.516313672706,10
2021-11-29T00:00:00,1130481.4712559944,3392.298625684387,10
2021-11-30T00:00:00,1127513.7377795968,111811.17367742393,9
2021-12-01T00:00:00,1134683.4896195163,10278.919108652146,10
2021-12-02T00:00:00,1154412.139981384,185.53824722253194,10
2021-12-03T00:00:00,1135354.4341699246,11305.949314272642,10
2021-12-06T00:00:00,1122942.3827994892,24867.700811726638,10
2021-12-07T00:00:00,1147643.2973451426,9582.20623491329,10
2021-12-08T00:00:00,1170559.1952405537,7001.300968703101,10
2021-12-09T00:00:00,1170396.9590569697,9148.101818200084,10
2021-12-10T00:00:00,1177393.4487550508,10425.054309631552,10
2021-12-13T00:00:00,1163752.354512295,23761.632466396462,10
2021-12-14T00:00:00,1177220.0515970034,17929.75740755025,10
2021-12-15T00:00:00,1161660.3153167516,8397.179574564143,10
2021-12-16T00:00:00,1158432.158032338,6679.064984242199,10
2021-12-17T00:00:00,1138725.2649384134,25126.644237577275,10
2021-12-20T00:00:00,1107597.0006406575,37053.12787797734,10
2021-12-21T00:00:00,1132784.1441452138,1713.8558036915056,10
2021-12-22T00:00:00,1155635.0900097366,790.1025600907014,10
2021-12-23T00:00:00,1155738.6198414103,7090.701994730698,10
2021-12-24T00:00:00,1146543.4820256543,13427.881130726397,10
2021-12-27T00:00:00,1151124.657776556,10880.354660711193,10
2021-12-28T00:00:00,1170524.46310915,5670.080643787616,10
2021-12-29T00:00:00,1161396.6224646927,12558.342067277583,10
2021-12-30T00:00:00,1151473.1222836627,20692.005202974105,10
2021-12-31T00:00:00,1166366.685228538,12275.728714179815,10
2022-01-03T00:00:00,1182603.1565197892,14154.236924071098,10
2022-01-04T00:00:00,1187957.3959431944,12524.422935992377,10
2022-01-05T00:00:00,1197565.0180772594,8619.819100742927,10
2022-01-06T00:00:00,1196401.994176753,15743.695041545056,10
2022-01-07T00:00:00,1206174.464610942,15743.695041545056,10
2022-01-10T00:00:00,1224975.8160342055,15743.695041545056,10
2022-01-11T00:00:00,1239404.801541131,7096.1322906427085,10
2022-01-12T00:00:00,1235360.2379714013,12672.622737026279,10
2022-01-13T00:00:00,1237450.6669553078,17636.950646714016,10
2022-01-14T00:00:00,1235417.929531383,15225.023220348026,10
2022-01-17T00:00:00,1237244.4434997921,6726.905841100801,10
2022-01-18T00:00:00,1214029.6006127647,20761.54012692484,10
2022-01-19T00:00:00,1223192.8043429686,22514.317160351493,10
2022-01-20T00:00:00,1214679.8045263141,12194.909750923442,10
2022-01-21T00:00:00,1203923.820509511,12480.045698720001,10
2022-01-24T00:00:00,1163460.123896116,36710.28173303002,10
2022-01-25T00:00:00,1218723.809626667,155.7307997628086,10
2022-01-27T00:00:00,1199456.674737233,381.97742583155923,10
2022-01-28T00:00:00,1197085.9116373318,3504.167616869905,10
2022-01-31T00:00:00,1211476.7400173564,373926.40517848905,7
2022-02-01T00:00:00,1226078.0200661633,8238.710507294905,10
2022-02-02T00:00:00,1238357.1979434555,4359.215033299231,10
2022-02-03T00:00:00,1227914.15545501,10674.644987480657,10
2022-02-04T00:00:00,1224936.954067893,795.4863249730988,10
2022-02-07T00:00:00,1212717.4298929276,16056.366202742327,10
2022-02-08T00:00:00,1215364.1186718585,8945.063206160456,10
2022-02-09T00:00:00,1228771.3993812352,599.1847205907397,10
2022-02-10T00:00:00,1249770.0407212293,339.42647867585765,10
2022-02-11T00:00:00,1224057.7469470077,10132.611601548982,10
2022-02-14T00:00:00,1186636.2071075505,43260.13185120297,10
2022-02-15T00:00:00,1231039.7224195173,22748.88846565997,10
2022-02-16T00:00:00,1209197.4388035205,31404.68868145031,10
2022-02-17T00:00:00,1209578.936223447,31910.556279599477,10
2022-02-18T00:00:00,1189977.1249441502,31910.556279599477,10
2022-02-21T00:00:00,1189657.4967971542,6148.987479756135,10
2022-02-22T00:00:00,1212923.2745732635,3266.116248068094,10
2022-02-23T00:00:00,1188963.4187997708,336.0354837309569,10
2022-02-24T00:00:00,1122590.3326042062,62515.538723743855,10
2022-02-25T00:00:00,1163300.85001763,158144.26083954476,9
2022-02-28T00:00:00,1196617.5004252438,888.3013285640045,10
2022-03-02T00:00:00,1196200.820185493,165.77993280747614,10
2022-03-03T00:00:00,1171904.8331858953,250730.07427476253,8
2022-03-04T00:00:00,1185297.1018230363,10919.439683143602,10
2022-03-07T00:00:00,1147492.7245129275,36526.53957640375,10
2022-03-08T00:00:00,1168898.6230282253,179.48811382702843,10
2022-03-09T00:00:00,1184764.9681778057,1610.2193641764607,10
2022-03-10T00:00:00,1186465.12764636,124824.54439440704,9
2022-03-11T00:00:00,1186888.2822409712,1895.9279318892804,10
2022-03-14T00:00:00,1180173.6425386132,4844.934347695293,10
2022-03-15T00:00:00,1176552.9815288533,3867.675590132625,10
2022-03-16T00:00:00,1213284.0334710737,5.178980793469236,10
2022-03-17T00:00:00,1222122.600614035,273.3070845245529,10
2022-03-21T00:00:00,1210420.9277400936,24042.32980918532,10
2022-03-22T00:00:00,1229807.1606677778,23783.498070121583,10
2022-03-23T00:00:00,1227488.0842798587,19335.236440503213,10
2022-03-24T00:00:00,1237239.0538927196,19548.794417011508,10
2022-03-25T00:00:00,1250409.2059804066,12389.945818053093,10
2022-03-28T00:00:00,1247919.9746553076,10409.532100833749,10
2022-03-29T00:00:00,1280727.6808540751,11936.720046274873,10
2022-03-30T00:00:00,1261309.6525945195,141739.3248967657,9
2022-03-31T00:00:00,1279839.936805067,6774.055793103922,10
2022-04-01T00:00:00,1282658.4796706773,10906.198542747574,10
2022-04-04T00:00:00,1307120.9662316823,40.4170068288804,10
2022-04-05T00:00:00,1317628.4699263538,755.4626364673022,10
2022-04-06T00:00:00,1307621.7090610038,5668.289902068165,10
2022-04-07T00:00:00,1298639.3821335444,9542.196643889984,10
2022-04-08T00:00:00,1348444.1755080817,8110.745942651643,10
2022-04-11T00:00:00,1363535.188688169,10336.36666668448,10
2022-04-12T00:00:00,1340794.7172714444,19165.923997518374,10
2022-04-13T00:00:00,1332969.1653614265,17888.43242838196,10
2022-04-18T00:00:00,1354201.1049829705,8172.771486876794,10
2022-04-19T00:00:00,1340828.043849629,1801.478233021131,10
2022-04-20T00:00:00,1386503.307859671,13588.524805319146,10
2022-04-21T00:00:00,1398738.5244425652,8574.053251158854,10
2022-04-22T00:00:00,1395678.795438162,6740.4115880642785,10
2022-04-25T00:00:00,1387650.0053799187,10908.70673489914,10
2022-04-26T00:00:00,1409192.333671898,135103.64293703492,9
2022-04-27T00:00:00,1390658.8092611479,13510.807552163664,10
2022-04-28T00:00:00,1404502.061636776,10798.384634822985,10
2022-04-29T00:00:00,1381183.98692219,28089.002638742793,10
2022-05-02T00:00:00,1398045.4594586913,12282.093339306506,10
2022-05-04T00:00:00,1366186.0357206385,30862.20237713265,10
2022-05-05T00:00:00,1380023.7651556365,13712.19414886157,10
2022-05-06T00:00:00,1366401.9261843783,17776.13943739963,10
2022-05-09T00:00:00,1347043.1064709118,7026.835558741353,10
2022-05-10T00:00:00,1345902.4237080202,10928.945070324931,10
2022-05-11T00:00:00,1368610.492287034,28545.123817795713,10
2022-05-12T00:00:00,1373935.0830390274,9615.764862758137,10
2022-05-13T00:00:00,1389871.2684509815,20344.65385747567,10
2022-05-16T00:00:00,1418993.1633761404,10733.990860271297,10
2022-05-17T00:00:00,1431743.3629227637,278343.78681192384,8
2022-05-18T00:00:00,1433801.1726508946,114.01119764754549,10
2022-05-19T00:00:00,1428428.2884402561,15703.170238046587,10
2022-05-20T00:00:00,1432051.0840109326,434427.22317108884,7
2022-05-23T00:00:00,1422710.3771754678,15989.771401542064,10
2022-05-24T00:00:00,1419972.6889470022,18317.09773759052,10
2022-05-25T00:00:00,1419870.9526248346,26464.667766130966,10
2022-05-26T00:00:00,1486247.1538514202,305892.58921518957,8
2022-05-27T00:00:00,1481932.1417584252,19743.510372621997,10
2022-05-30T00:00:00,1490968.7536318167,17773.616363750218,10
2022-05-31T00:00:00,1454195.9797900694,37262.865837432764,10
2022-06-01T00:00:00,1483903.246422866,25629.770363905962,10
2022-06-02T00:00:00,1495077.345762032,29704.703664558823,10
2022-06-03T00:00:00,1456925.337147641,23598.55141918626,10
2022-06-06T00:00:00,1497526.2185263396,15681.722058749117,10
2022-06-07T00:00:00,1482944.3747212244,17374.11855667364,10
2022-06-08T00:00:00,1477788.0816494694,21093.817123102257,10
2022-06-09T00:00:00,1488781.2950093905,15815.695392386056,10
2022-06-10T00:00:00,1469270.59911151,6427.889593077416,10
2022-06-13T00:00:00,1452602.295827633,7413.286885982554,10
2022-06-14T00:00:00,1464567.1337242231,945.8562278852041,10
2022-06-15T00:00:00,1485142.0878112526,23025.758923313202,10
2022-06-16T00:00:00,1448700.911366706,27937.633107428584,10
2022-06-17T00:00:00,1441493.9880026474,29687.15021501927,10
2022-06-20T00:00:00,1429861.7673339334,18339.170959421695,10
2022-06-21T00:00:00,1501369.328881636,750.7385763077473,10
2022-06-22T00:00:00,1450693.8155276587,29306.80504487027,10
2022-06-23T00:00:00,1488646.344765107,18475.156544129044,10
2022-06-24T00:00:00,1506352.8547285756,155344.7508925159,9
2022-06-27T00:00:00,1523092.1878961392,158755.41157472806,9
2022-06-28T00:00:00,1524803.9859871238,19640.682154115988,10
2022-06-29T00:00:00,1521374.8407790356,15739.537430494296,10
2022-06-30T00:00:00,1506969.7815784384,24958.869568245427,10
2022-07-01T00:00:00,1516860.577304058,19792.008082561515,10
2022-07-04T00:00:00,1529813.8888121904,3712.4465400041663,10
2022-07-05T00:00:00,1526622.888210298,16844.63295745998,10
2022-07-06T00:00:00,1555960.173844531,15382.208321764774,10
2022-07-07T00:00:00,1558328.9214676414,160266.65787587504,9
2022-07-08T00:00:00,1565277.128486025,6701.281958925247,10
2022-07-11T00:00:00,1630151.8272487668,1914.566712572996,10
2022-07-12T00:00:00,1595684.8677928278,329207.1791941951,8
2022-07-13T00:00:00,1603508.3044694585,173103.92539536196,9
2022-07-14T00:00:00,1604758.6170813085,20888.671539926756,10
2022-07-15T00:00:00,1617662.8615511225,19454.93150504105,10
2022-07-18T00:00:00,1631437.513826208,19454.93150504105,10
2022-07-19T00:00:00,1640304.0548714828,19215.25346462251,10
2022-07-20T00:00:00,1632877.0885050136,25798.65348075214,10
2022-07-21T00:00:00,1664474.436524591,32239.958527764684,10
2022-07-22T00:00:00,1657188.6738685344,37901.116190311644,10
2022-07-25T00:00:00,1664679.57243593,37012.137697770784,10
2022-07-26T00:00:00,1650309.9560570654,29122.06395196289,10
2022-07-27T00:00:00,1665605.1656429302,32417.64954490782,10
2022-07-28T00:00:00,1678189.6747552897,26695.03136844898,10
2022-07-29T00:00:00,1697797.7682045626,187776.87493979203,9
2022-08-01T00:00:00,1725333.8503785548,8593.504095595854,10
2022-08-02T00:00:00,1728365.7129306523,185.6893176761805,10
2022-08-03T00:00:00,1740514.1586255687,8706.366953815683,10
2022-08-04T00:00:00,1744297.2885852095,3218.642024540546,10
2022-08-05T00:00:00,1744156.819222542,10695.362130256835,10
2022-08-08T00:00:00,1756300.8190549372,12236.069451665739,10
2022-08-10T00:00:00,1752534.3094550164,20601.058478453837,10
2022-08-11T00:00:00,1758632.7826605828,20601.058478453837,10
2022-08-12T00:00:00,1770474.199164489,20601.058478453837,10
2022-08-16T00:00:00,1797557.260993755,195859.06226328624,9
2022-08-17T00:00:00,1785134.3318924364,370541.4213699753,8
2022-08-18T00:00:00,1806238.93641039,187624.41269823196,9
2022-08-19T00:00:00,1815520.5511802775,10797.060015116236,10
2022-08-22T00:00:00,1806843.0396921996,1117125.220936096,4
2022-08-23T00:00:00,1837973.550495511,970.0655025300221,10
2022-08-24T00:00:00,1863073.3836175492,3666.3714486650133,10
2022-08-25T00:00:00,1855581.1542506474,382900.347602393,8
2022-08-26T00:00:00,1862725.755821507,577416.8420336653,7
2022-08-29T00:00:00,1887642.2911866792,199145.9581254608,9
2022-08-30T00:00:00,1882872.2833834896,559452.0572940122,7
2022-09-01T00:00:00,1864734.4021419587,385974.76145592367,8
2022-09-02T00:00:00,1852015.8380118941,17587.914427909884,10
2022-09-05T00:00:00,1843623.8132745093,215769.77222836687,9
2022-09-06T00:00:00,1869611.0395979665,395584.64178607706,8
2022-09-07T00:00:00,1852500.983453932,219219.43226069497,9
2022-09-08T00:00:00,1873230.5403709547,383077.67136765877,8
2022-09-09T00:00:00,1853721.5940705123,205361.3222657027,9
2022-09-12T00:00:00,1878716.866154651,17832.130459765613,10
2022-09-13T00:00:00,1872752.476749302,208597.7220801125,9
2022-09-14T00:00:00,1895266.6498154146,24959.037907455495,10
2022-09-15T00:00:00,1884556.5225585185,194330.65927726837,9
2022-09-16T00:00:00,1838021.2079585455,216333.6869319343,9
2022-09-19T00:00:00,1853379.9424155452,373987.6121848323,8
2022-09-20T00:00:00,1871189.81164913,187563.95399837312,9
2022-09-21T00:00:00,1857902.6033295372,14524.455716011813,10
2022-09-22T00:00:00,1904069.134958993,18324.54096485232,10
2022-09-23T00:00:00,1865980.6071186338,409916.2652302061,8
2022-09-26T00:00:00,1818818.0299803144,64861.97001327356,10
2022-09-27T00:00:00,1851281.581911102,588413.9643726497,7
2022-09-28T00:00:00,1842617.2704586054,5844.378895189846,10
2022-09-29T00:00:00,1815018.638482966,31472.90831939166,10
2022-09-30T00:00:00,1883894.8548833623,373.3066961064178,10
2022-10-03T00:00:00,1832817.4029304981,566432.7606880664,7
2022-10-04T00:00:00,1880575.7159161686,376826.1635480046,8
2022-10-06T00:00:00,1889841.9985762273,392571.4748106633,8
2022-10-07T00:00:00,1880823.5886043378,211653.4464153118,9
2022-10-10T00:00:00,1897869.8781382903,212357.0530879363,9
2022-10-11T00:00:00,1884101.762930785,218788.78118792654,9
2022-10-12T00:00:00,1894656.873107445,205971.3621516344,9
2022-10-13T00:00:00,1873936.737799534,384744.6574467509,8
2022-10-14T00:00:00,1853473.9326382454,30595.988485413312,10
2022-10-17T00:00:00,1876923.9478715232,20741.726451235212,10
2022-10-18T00:00:00,1859959.5200540968,560978.3026468701,7
2022-10-19T00:00:00,1849074.992219227,14684.111939686001,10
2022-10-20T00:00:00,1873679.2402007338,19657.676907276735,10
2022-10-21T00:00:00,1844987.3864230393,399083.9685153245,8
2022-10-24T00:00:00,1852962.3049837134,577497.7262865088,7
2022-10-25T00:00:00,1848017.5873575765,214421.03920083828,9
2022-10-27T00:00:00,1848368.8422633698,30933.486916690104,10
2022-10-28T00:00:00,1865977.1024476432,19884.657425060257,10
2022-10-31T00:00:00,1867314.0742086223,22661.83708704036,10
2022-11-01T00:00:00,1889991.000723183,381134.87863761163,8
2022-11-02T00:00:00,1904450.1543745813,385746.5127119835,8
2022-11-03T00:00:00,1894642.1111195295,766273.6058018415,6
2022-11-04T00:00:00,1905822.401282517,575109.9094535985,7
2022-11-07T00:00:00,1902715.909707495,767247.9129957639,6
2022-11-09T00:00:00,1897739.0388332687,203849.166564592,9
2022-11-10T00:00:00,1904702.772970961,383844.17166023084,8
2022-11-11T00:00:00,1898741.253645069,207416.00393498607,9
2022-11-14T00:00:00,1901483.8133877064,583723.5056484485,7
2022-11-15T00:00:00,1897099.8546537634,594685.1482328649,7
2022-11-16T00:00:00,1898523.8645193446,203540.85231231342,9
2022-11-17T00:00:00,1879981.7821741318,208659.58017828225,9
2022-11-18T00:00:00,1876390.197873455,8356.097318035085,10
2022-11-21T00:00:00,1868010.3891663118,17258.246077017306,10
2022-11-22T00:00:00,1857023.9446205797,15071.082842320408,10
2022-11-23T00:00:00,1851877.333224604,1879.8816102240817,10
2022-11-24T00:00:00,1854202.8105786666,3727.58115514362,10
2022-11-25T00:00:00,1848546.0434904129,2467.64576244654,10
2022-11-28T00:00:00,1846455.4831823125,6540.2466481937445,10
2022-11-29T00:00:00,1837421.4920957603,11298.145416072832,10
2022-11-30T00:00:00,1824560.812914571,7922.362414082658,10
2022-12-01T00:00:00,1860534.3300200491,682.1690856009664,10
2022-12-02T00:00:00,1851048.3154921366,14196.334489329136,10
2022-12-05T00:00:00,1847541.8775932093,9154.28500287712,10
2022-12-06T00:00:00,1837598.158044359,23611.523263475276,10
2022-12-07T00:00:00,1839577.3115162593,4064.875481102965,10
2022-12-08T00:00:00,1833332.9052460021,10328.438090545475,10
2022-12-09T00:00:00,1829663.895688488,7736.458432628453,10
2022-12-12T00:00:00,1813748.0321630973,7736.458432628453,10
2022-12-13T00:00:00,1805859.2780716307,9935.03354953602,10
2022-12-14T00:00:00,1808547.7923512754,5919.790947466827,10
2022-12-15T00:00:00,1813032.1898367654,264.8010046730633,10
2022-12-16T00:00:00,1793429.4027251704,23838.954429577192,10
2022-12-19T00:00:00,1779095.9773704791,29221.37803576229,10
2022-12-20T00:00:00,1794557.2401599372,10545.891366907454,10
2022-12-21T00:00:00,1788148.5191272544,14683.154991512245,10
2022-12-22T00:00:00,1764690.9519375875,22991.536898524995,10
2022-12-23T00:00:00,1746052.8058347432,16373.408865901642,10
2022-12-26T00:00:00,1687465.99349005,51712.418897459866,10
2022-12-27T00:00:00,1770407.902222879,455.19473386523896,10
2022-12-28T00:00:00,1749438.6002342242,2257.2544128434965,10
2022-12-29T00:00:00,1767300.0885446956,355863.9197367122,8
2022-12-30T00:00:00,1773057.5673634193,349831.05424086074,8
2023-01-02T00:00:00,1756371.7643817388,534316.1664927923,7
2023-01-03T00:00:00,1749399.8034828152,18489.853207393957,10
2023-01-04T00:00:00,1751963.5871187767,8129.621031435498,10
2023-01-05T00:00:00,1734614.750804291,28094.25934158347,10
2023-01-06T00:00:00,1754530.4065353319,15194.397830192756,10
2023-01-09T00:00:00,1747050.17230514,23281.62627700271,10
2023-01-10T00:00:00,1752014.6280969055,198248.3389657411,9
2023-01-11T00:00:00,1753189.0290909633,4134.113178335072,10
2023-01-12T00:00:00,1737214.3742308,10836.826501307805,10
2023-01-13T00:00:00,1741145.4024393472,174964.77674888712,9
2023-01-16T00:00:00,1745734.4419813321,2002.974394814897,10
2023-01-17T00:00:00,1731547.6600522967,11888.889258381823,10
2023-01-18T00:00:00,1742593.5038924862,6153.6271835018415,10
2023-01-19T00:00:00,1734078.4492428412,2298.824437390809,10
2023-01-20T00:00:00,1730431.8129927954,14780.251770719013,10
2023-01-23T00:00:00,1726856.0835280735,10869.694989712996,10
2023-01-24T00:00:00,1741628.027352972,7948.98723761554,10
2023-01-25T00:00:00,1741129.6505660703,187046.1026305845,9
2023-01-27T00:00:00,1673954.8580115656,65123.14648278765,10
2023-01-30T00:00:00,1747106.272612799,563151.6231834777,7
2023-01-31T00:00:00,1749923.1323987017,691788.614614583,6
2023-02-01T00:00:00,1790458.9715779903,3932.1217244746513,10
2023-02-02T00:00:00,1753643.5741211683,547263.9488770277,7
2023-02-03T00:00:00,1778655.993820793,713675.9475790329,6
2023-02-06T00:00:00,1812806.2487838971,173340.40814669014,9
2023-02-07T00:00:00,1814236.9058766381,162308.29161882552,9
2023-02-08T00:00:00,1774505.9451042726,336410.1838738039,8
2023-02-09T00:00:00,1772910.9422136042,57.97526414124877,10
2023-02-10T00:00:00,1758753.3555217905,7788.297629944835,10
2023-02-13T00:00:00,1758822.6806992616,179874.24255839255,9
2023-02-14T00:00:00,1747804.7156903464,356787.04347965296,8
2023-02-15T00:00:00,1760011.9497551788,172251.3522820343,9
2023-02-16T00:00:00,1769141.9950478005,2575.129706613894,10
2023-02-17T00:00:00,1772280.9132214272,174151.63677794577,9
2023-02-20T00:00:00,1789439.3566629956,11481.944341905037,10
2023-02-21T00:00:00,1799409.1318442472,18051.068062508915,10
2023-02-22T00:00:00,1758034.615754017,15774.92678917307,10
2023-02-23T00:00:00,1727033.2400620328,44635.66349724401,10
2023-02-24T00:00:00,1748754.0495729616,518121.2655153444,7
2023-02-27T00:00:00,1742095.0606062298,164221.79320358098,9
2023-02-28T00:00:00,1752910.8874959056,528036.1767987316,7
2023-03-01T00:00:00,1787874.942051362,159291.22516293428,9
2023-03-02T00:00:00,1775554.1083268307,352103.66185466276,8
2023-03-03T00:00:00,1816817.2182282212,543.9355744123168,10
2023-03-06T00:00:00,1805922.019888767,5083.75104416252,10
2023-03-08T00:00:00,1815016.7529145712,17065.2960664267,10
2023-03-09T00:00:00,1827363.600091364,26107.81188335622,10
2023-03-10T00:00:00,1837399.4316680674,27819.435314917908,10
2023-03-13T00:00:00,1848984.0227729639,30654.046874221152,10
2023-03-14T00:00:00,1804251.8974020528,381689.2300245806,8
2023-03-15T00:00:00,1796329.537932526,5891.989565979427,10
2023-03-16T00:00:00,1805554.9869965804,18219.511227537383,10
2023-03-17T00:00:00,1807195.49586342,2935.0585770430916,10
2023-03-20T00:00:00,1815777.091675693,2011.6383675874968,10
2023-03-21T00:00:00,1800486.5739218527,9037.412865334307,10
2023-03-22T00:00:00,1815556.2734728763,588.593381018436,10
2023-03-23T00:00:00,1804495.9755821247,553767.3658409136,7
2023-03-24T00:00:00,1795481.6360185621,381658.10405139904,8
2023-03-27T00:00:00,1811704.5939921972,22231.809049570264,10
2023-03-28T00:00:00,1778675.6526898616,27955.70550815997,10
2023-03-29T00:00:00,1835236.5930982123,26429.6410222541,10
2023-03-31T00:00:00,1856231.431920614,34485.435430135694,10
2023-04-03T00:00:00,1834877.1150594314,22002.23731284929,10
2023-04-05T00:00:00,1833909.1933963988,9662.9548099729,10
2023-04-06T00:00:00,1843744.7197111244,22289.063812076667,10
2023-04-10T00:00:00,1890575.8744143504,657.746873762022,10
2023-04-11T00:00:00,1890352.6364644768,387001.70223748696,8
2023-04-12T00:00:00,1903669.8186111802,387307.1775551195,8
2023-04-13T00:00:00,1897727.5260390525,13207.717479634914,10
2023-04-17T00:00:00,1907162.131668358,20365.112274437153,10
2023-04-18T00:00:00,1922734.5902567247,5037.038361583225,10
2023-04-19T00:00:00,1907559.1718897938,8470.247451317235,10
2023-04-20T00:00:00,1897113.4540602614,11561.336949055316,10
2023-04-21T00:00:00,1904241.4693076063,11561.336949055316,10
2023-04-24T00:00:00,1890192.910041342,17363.84896803883,10
2023-04-25T00:00:00,1903461.0875109998,4634.470056470862,10
2023-04-26T00:00:00,1943046.9785254335,9109.757253918622,10
2023-04-27T00:00:00,1931658.9922583876,14386.695856410108,10
2023-04-28T00:00:00,1948455.4233064316,17541.16637131205,10
2023-05-02T00:00:00,1986217.4007552257,16543.710241614812,10
2023-05-03T00:00:00,1978219.969078661,221170.88162672607,9
2023-05-04T00:00:00,1989688.790106326,17126.55251172188,10
2023-05-05T00:00:00,2037526.1781397564,9399.983975480282,10
2023-05-08T00:00:00,2030574.993155072,10992.351828167768,10
2023-05-09T00:00:00,2017217.7934626634,23813.76836958481,10
2023-05-10T00:00:00,2027843.3315435625,228951.07615339514,9
2023-05-11T00:00:00,2039865.124050734,228951.07615339514,9
2023-05-12T00:00:00,2042826.528832733,434357.66399508633,8
2023-05-15T00:00:00,2039498.5475273088,15991.18777083917,10
2023-05-16T00:00:00,2017022.671826008,25753.293331745284,10
2023-05-17T00:00:00,2005285.0060402665,17145.22579734662,10
2023-05-18T00:00:00,2004332.4209355488,6832.4752110615955,10
2023-05-19T00:00:00,1973129.3484868184,6832.4752110615955,10
2023-05-22T00:00:00,2015752.024021429,383806.3541300716,8
2023-05-23T00:00:00,2007530.3319361522,789312.0421717479,6
2023-05-24T00:00:00,1987156.3813700792,605622.0371394274,7
2023-05-25T00:00:00,2007325.6874759418,206103.78800084448,9
2023-05-26T00:00:00,2002956.127847012,204192.50612765152,9
2023-05-29T00:00:00,1999516.9178737497,597770.5408290722,7
2023-05-30T00:00:00,2013347.350477072,608081.754133078,7
2023-05-31T00:00:00,2001983.9205556787,211911.36766871603,9
2023-06-01T00:00:00,2023995.724113321,2972.0678938387136,10
2023-06-02T00:00:00,2018408.6102387165,207472.11771552317,9
2023-06-05T00:00:00,2018350.431117248,5056.1506912226905,10
2023-06-06T00:00:00,2026725.813079927,6961.062149140722,10
2023-06-07T00:00:00,2038171.3619126373,2784.3067368560005,10
2023-06-08T00:00:00,2028795.455680752,6403.280937099626,10
2023-06-09T00:00:00,2019515.4763843028,2022.8840991464967,10
2023-06-12T00:00:00,2027702.655766627,2022.8840991464967,10
2023-06-13T00:00:00,2036761.6574216238,5964.87427953392,10
2023-06-14T00:00:00,2045001.758617913,5964.87427953392,10
2023-06-15T00:00:00,2047015.74045705,660.6142973819806,10
2023-06-16T00:00:00,2047730.5216460149,660.6142973819806,10
2023-06-19T00:00:00,2067858.8837109162,870.3735790801002,10
2023-06-20T00:00:00,2035157.1454701435,9448.343834401458,10
2023-06-21T00:00:00,2039449.8280162197,7257.311841903313,10
2023-06-22T00:00:00,2040811.835626315,1099.6588685026509,10
2023-06-23T00:00:00,2038707.4704756576,5334.214585764945,10
2023-06-26T00:00:00,2032449.833743889,26038.498325187596,10
2023-06-27T00:00:00,2054973.9857681668,4142.239418832061,10
2023-06-28T00:00:00,2048900.5123530603,630.5519648768241,10
2023-06-30T00:00:00,2072206.4360502558,4350.024856408039,10
2023-07-03T00:00:00,2054379.7995686491,11097.47260331706,10
2023-07-04T00:00:00,2047777.033882614,11097.47260331706,10
2023-07-05T00:00:00,2049748.9974544148,219.69630695393425,10
2023-07-06T00:00:00,2044941.6794166132,256.60283275082475,10
2023-07-07T00:00:00,2051560.654621081,256.60283275082475,10
2023-07-10T00:00:00,2027026.0182783243,22205.135877811554,10
2023-07-11T00:00:00,2022671.9726353742,19431.688524351222,10
2023-07-12T00:00:00,2027206.4828819104,7812.153093702364,10
2023-07-13T00:00:00,2033113.4238838025,7812.153093702364,10
2023-07-14T00:00:00,2023896.0956423115,27680.1743471456,10
2023-07-17T00:00:00,2038521.348278407,9499.44202840692,10
2023-07-18T00:00:00,2042131.3334350379,3910.9736327918654,10
2023-07-19T00:00:00,2052649.3230901575,13371.830414376134,10
2023-07-20T00:00:00,2070128.2685316505,14586.983772129053,10
2023-07-21T00:00:00,2058099.5224889468,15732.214444513142,10
2023-07-24T00:00:00,2059493.8834992603,16761.201957817393,10
2023-07-25T00:00:00,2069519.2836457447,16761.201957817393,10
2023-07-26T00:00:00,2114737.6071862862,17491.328499762923,10
2023-07-27T00:00:00,2094679.557611217,34502.31597303337,10
2023-07-28T00:00:00,2099674.667083721,24578.950012187997,10
2023-07-31T00:00:00,2106813.8067749245,31465.94118959742,10
2023-08-01T00:00:00,2128678.6061090673,18727.914397641376,10
2023-08-02T00:00:00,2111821.9547467465,25884.772297405667,10
2023-08-03T00:00:00,2088768.2680064873,22842.977143450174,10
2023-08-04T00:00:00,2095583.757980172,13939.030074898503,10
2023-08-07T00:00:00,2089719.6491701894,11886.66296413468,10
2023-08-08T00:00:00,2104444.959326114,2733.100088443083,10
2023-08-09T00:00:00,2110050.053320686,31935.227804938826,10
2023-08-10T00:00:00,2108963.9600274866,23758.87660768663,10
2023-08-11T00:00:00,2101454.3619793225,21827.312784986745,10
2023-08-14T00:00:00,2090993.2156170178,21827.312784986745,10
2023-08-16T00:00:00,2063017.8998928342,20724.127279308945,10
2023-08-17T00:00:00,2053418.476296589,15236.72303120821,10
2023-08-18T00:00:00,2058766.0098211279,9174.764612387691,10
2023-08-21T00:00:00,2054515.5635802145,1626.5629393454292,10
2023-08-22T00:00:00,2069101.278433586,210600.4463718185,9
2023-08-23T00:00:00,2077292.835606668,7152.550786111213,10
2023-08-24T00:00:00,2073085.2326645097,15850.244108601444,10
2023-08-25T00:00:00,2078133.926939412,15850.244108601444,10
2023-08-28T00:00:00,2066891.5491376345,14576.931294006616,10
2023-08-29T00:00:00,2074289.7855878856,1677.7001997019688,10
2023-08-30T00:00:00,2075856.3603864696,1677.7001997019688,10
2023-08-31T00:00:00,2072774.9263268723,12751.989727140899,10
2023-09-01T00:00:00,2068816.6827213706,12055.12214397805,10
2023-09-04T00:00:00,2070120.9761471483,6620.233303520334,10
2023-09-05T00:00:00,2078196.894563528,2716.2685564479325,10
2023-09-06T00:00:00,2082926.64153839,8291.68664337034,10
2023-09-07T00:00:00,2079749.910352694,9723.761594759562,10
2023-09-08T00:00:00,2080351.6839835257,2539.1668326468207,10
2023-09-11T00:00:00,2097794.1835420057,5548.496835462662,10
2023-09-12T00:00:00,2103943.168935447,17645.617238669685,10
2023-09-13T00:00:00,2095921.0686706698,25197.531210342597,10
2023-09-14T00:00:00,2116177.5025895224,29959.323909102503,10
2023-09-15T00:00:00,2115928.642146407,29959.323909102503,10
2023-09-18T00:00:00,2108641.9026139365,29959.323909102503,10
2023-09-20T00:00:00,2100283.9158585654,29959.323909102503,10
2023-09-21T00:00:00,2100602.0476797693,33116.514232504036,10
2023-09-22T00:00:00,2096123.834937326,16446.66367267762,10
2023-09-25T00:00:00,2099696.8152968655,17330.640553213278,10
2023-09-26T00:00:00,2104632.2474298407,1741.8769464424113,10
2023-09-27T00:00:00,2115059.6540140933,5504.472434503288,10
2023-09-28T00:00:00,2110987.4551805467,16000.866984746128,10
2023-09-29T00:00:00,2086950.2328222583,11602.259372551664,10
2023-10-03T00:00:00,2090353.4774191163,6771.28137419463,10
2023-10-04T00:00:00,2083921.327039462,1907.7970712003298,10
2023-10-05T00:00:00,2063563.8314266477,5246.135862377792,10
2023-10-06T00:00:00,2078674.3753238937,1405.973895671108,10
2023-10-09T00:00:00,2093836.3822113008,1811.812127682264,10
2023-10-10T00:00:00,2077603.4295216824,21345.644968154404,10
2023-10-11T00:00:00,2090102.336961446,13501.856919942045,10
2023-10-12T00:00:00,2108144.7616745806,13501.856919942045,10
2023-10-13T00:00:00,2097546.6771039953,9696.60657787227,10
2023-10-16T00:00:00,2098020.4566487153,20096.450240023725,10
2023-10-17T00:00:00,2100369.6933125337,20096.450240023725,10
2023-10-18T00:00:00,2100911.6798847993,20096.450240023725,10
2023-10-19T00:00:00,2090491.6266989107,22365.579884945735,10
2023-10-20T00:00:00,2087075.2213182463,16102.06360340264,10
2023-10-23T00:00:00,2078522.5089854735,14346.686948730407,10
2023-10-25T00:00:00,2056692.8091716203,25510.18917650322,10
2023-10-26T00:00:00,2033901.6435390548,39719.02915917206,10
2023-10-27T00:00:00,2030017.6634304018,26123.971162030182,10
2023-10-30T00:00:00,2028666.3311967822,18329.818699833733,10
2023-10-31T00:00:00,2034297.6986970874,18329.818699833733,10
2023-11-01T00:00:00,2023985.1871004077,18329.818699833733,10
2023-11-02T00:00:00,2007587.0861679888,18278.95941322774,10
2023-11-03T00:00:00,2019498.892017345,310.81096265735687,10
2023-11-06T00:00:00,2030204.0784263415,310.81096265735687,10
2023-11-07T00:00:00,2043763.4451982493,1730.1734773634234,10
2023-11-08T00:00:00,2048278.127234093,5271.292059532629,10
2023-11-09T00:00:00,2061591.8657154911,11473.335861670465,10
2023-11-10T00:00:00,2059235.2632045038,20001.201421666832,10
2023-11-13T00:00:00,2064141.1699748076,30278.06908369434,10
2023-11-15T00:00:00,2063647.8973065931,34665.832060011075,10
2023-11-16T00:00:00,2077451.7880440946,30075.550647854398,10
2023-11-17T00:00:00,2081097.3010140653,30075.550647854398,10
2023-11-20T00:00:00,2089030.7282048906,30508.6448613845,10
2023-11-21T00:00:00,2087843.3819997627,22024.345683844876,10
2023-11-22T00:00:00,2098619.6989858467,22024.345683844876,10
2023-11-23T00:00:00,2092932.0987356026,22024.345683844876,10
2023-11-24T00:00:00,2094108.3457075297,22072.243260019808,10
2023-11-28T00:00:00,2094797.0174878864,27721.565339448745,10
2023-11-29T00:00:00,2114644.1382158594,30721.327241738298,10
2023-11-30T00:00:00,2125252.4316032766,28448.704888188542,10
2023-12-01T00:00:00,2150048.7684868216,28448.704888188542,10
2023-12-04T00:00:00,2167338.1099251546,23376.218933943863,10
2023-12-05T00:00:00,2191641.9970652885,6118.414751750912,10
2023-12-06T00:00:00,2227464.472443658,275.7102671440516,10
2023-12-07T00:00:00,2221660.253824089,15171.092019890057,10
2023-12-08T00:00:00,2207790.8561773947,8743.809363429726,10
2023-12-11T00:00:00,2194772.694875636,10565.224904932838,10
2023-12-12T00:00:00,2206643.7011350514,28766.203210246662,10
2023-12-13T00:00:00,2205337.938431038,15212.920822395652,10
2023-12-14T00:00:00,2226176.057999879,8461.261887818779,10
2023-12-15T00:00:00,2251107.6212408724,10107.835748929065,10
2023-12-18T00:00:00,2245817.9700622554,22912.591064452718,10
2023-12-19T00:00:00,2266181.5714519164,28972.714487805264,10
2023-12-20T00:00:00,2239525.2262207875,35323.986322105746,10
2023-12-21T00:00:00,2193295.5931589124,64797.732929420075,10
2023-12-22T00:00:00,2255884.0339089036,8340.63112264857,10
2023-12-26T00:00:00,2265615.467586354,1837.98553068997,10
2023-12-27T00:00:00,2274580.1978729763,5156.281018118054,10
2023-12-28T00:00:00,2293248.7360420143,3307.25146864992,10
2023-12-29T00:00:00,2281330.1025462737,23053.520606576407,10
2024-01-01T00:00:00,2304331.816549717,15518.876669346064,10
2024-01-02T00:00:00,2308587.565494324,21834.05810907,10
2024-01-03T00:00:00,2315944.648446204,24126.01943314256,10
2024-01-04T00:00:00,2349977.341611588,20766.194036209723,10
2024-01-05T00:00:00,2352531.2984930263,19289.53228819216,10
2024-01-08T00:00:00,2344022.674567142,31259.118109622475,10
2024-01-09T00:00:00,2330989.7710680403,13103.496104661142,10
2024-01-10T00:00:00,2351461.848896739,4879.561146494991,10
2024-01-11T00:00:00,2365684.1299053533,14900.009971271124,10
2024-01-12T00:00:00,2369952.551875422,19090.92336590012,10
2024-01-15T00:00:00,2361882.1500398177,32298.677414085192,10
2024-01-16T00:00:00,2354147.5590609987,15508.729165978963,10
2024-01-17T00:00:00,2325891.6568867224,31176.770747806586,10
2024-01-18T00:00:00,2295077.8414219436,36662.79064069386,10
2024-01-19T00:00:00,2310541.263881669,45516.557582840556,10
2024-01-23T00:00:00,2269748.1515185847,455901.5654437556,8
2024-01-24T00:00:00,2280503.460855352,4315.186288701632,10
2024-01-25T00:00:00,2313698.8500704886,26923.127276909596,10
2024-01-29T00:00:00,2358107.550700354,79.65800015858258,10
2024-01-30T00:00:00,2349096.842311821,15872.301074943418,10
2024-01-31T00:00:00,2352739.757119095,28486.9380730743,10
2024-02-01T00:00:00,2365288.8969514584,33117.110986492626,10
2024-02-02T00:00:00,2350549.218117615,31120.103188415902,10
2024-02-05T00:00:00,2358357.0914001544,279417.04965210735,9
2024-02-06T00:00:00,2344182.8066375516,40474.71899106729,10
2024-02-07T00:00:00,2376149.1027088305,253397.5820789476,9
2024-02-08T00:00:00,2372602.689233495,29993.113610936358,10
2024-02-09T00:00:00,2371664.4081281256,40694.199021680484,10
2024-02-12T00:00:00,2381419.240281767,41865.37419290011,10
2024-02-13T00:00:00,2399523.4962992934,32985.21065476205,10
2024-02-14T00:00:00,2415720.7425521193,34125.26885827162,10
2024-02-15T00:00:00,2409475.320723731,29845.040755469556,10
2024-02-16T00:00:00,2405521.1009175694,32133.10622762816,10
2024-02-19T00:00:00,2432626.310071522,21734.47289043048,10
2024-02-20T00:00:00,2433101.1015852476,34511.79748521102,10
2024-02-21T00:00:00,2430727.82521806,34511.79748521102,10
2024-02-22T00:00:00,2454032.430030682,34511.79748521102,10
2024-02-23T00:00:00,2453811.0816134075,44150.07355676676,10
2024-02-26T00:00:00,2433879.9985257443,36009.350820666295,10
2024-02-27T00:00:00,2425426.7918624766,29501.53429411759,10
2024-02-28T00:00:00,2412840.690026412,12844.931603560515,10
2024-02-29T00:00:00,2378882.157370796,37665.89275287645,10
2024-03-01T00:00:00,2407458.46218335,15899.007532471354,10
2024-03-04T00:00:00,2393859.943206187,248364.68740784726,9
2024-03-05T00:00:00,2400370.0044399877,1031.1125942843792,10
2024-03-06T00:00:00,2405965.5168265826,4288.855632735038,10
2024-03-07T00:00:00,2403168.2802358414,2212.815949036827,10
2024-03-11T00:00:00,2397265.6912230086,1026.147636278154,10
2024-03-12T00:00:00,2393254.222645353,3897.196323941782,10
2024-03-13T00:00:00,2366136.409689159,26420.534925670334,10
2024-03-14T00:00:00,2360786.856048653,259520.90016944127,9
2024-03-15T00:00:00,2399740.8802454113,769.9775964855799,10
2024-03-18T00:00:00,2367507.594488167,237.71100428054342,10
2024-03-19T00:00:00,2364644.5048094145,33.44914535197313,10
2024-03-20T00:00:00,2353448.9108124357,11937.428878842038,10
2024-03-21T00:00:00,2358591.6644997075,24413.17829365295,10
2024-03-22T00:00:00,2387891.3090048404,4702.805220660637,10
2024-03-26T00:00:00,2399950.2800966953,324.3584048006742,10
2024-03-27T00:00:00,2420738.7216715007,7097.355765738786,10
2024-03-28T00:00:00,2434333.025518414,9782.631475445145,10
2024-04-01T00:00:00,2442327.967477197,490956.55854164995,8
2024-04-02T00:00:00,2445380.3431135905,747342.3720442546,7
2024-04-03T00:00:00,2459200.813250913,14445.062152279977,10
2024-04-04T00:00:00,2468358.119606389,16257.461098088621,10
2024-04-05T00:00:00,2453233.8264404335,32685.318811038887,10
2024-04-08T00:00:00,2464265.775572054,34033.83654617524,10
2024-04-09T00:00:00,2453187.2051625825,24120.631523666292,10
2024-04-10T00:00:00,2458005.7696425687,30612.85023949243,10
2024-04-12T00:00:00,2464014.237826163,28479.52847557707,10
2024-04-15T00:00:00,2445450.395781003,43692.69430395236,10
2024-04-16T00:00:00,2426416.3928439254,23104.25337859351,10
2024-04-18T00:00:00,2431153.505804671,18021.92066062789,10
2024-04-19T00:00:00,2412046.8056834904,118.817829486361,10
2024-04-22T00:00:00,2409125.482099948,21803.793531832926,10
2024-04-23T00:00:00,2415699.5933512235,1251.967435696366,10
2024-04-24T00:00:00,2425069.83230386,1251.967435696366,10
2024-04-25T00:00:00,2452210.836301022,4676.273007565411,10
2024-04-26T00:00:00,2435055.324010604,14778.117162459297,10
2024-04-29T00:00:00,2448968.0081111696,3031.103417566046,10
2024-04-30T00:00:00,2450995.297616376,11669.239114178927,10
2024-05-02T00:00:00,2460546.7517789737,11669.239114178927,10
2024-05-03T00:00:00,2456946.9554310357,17263.930833867722,10
2024-05-06T00:00:00,2448674.4290975463,24548.960408581595,10
2024-05-07T00:00:00,2428594.4577137223,33761.13785898604,10
2024-05-08T00:00:00,2397896.5247686827,29674.936481329205,10
2024-05-09T00:00:00,2430844.728711752,4440.608716635004,10
2024-05-10T00:00:00,2426504.009908766,266841.55486115837,9
2024-05-13T00:00:00,2474034.4309612727,17041.060660979536,10
2024-05-14T00:00:00,2527257.799774739,1855.2375799145957,10
2024-05-15T00:00:00,2509631.791254153,17119.988885988918,10
2024-05-16T00:00:00,2503063.328095273,30710.21261675749,10
2024-05-17T00:00:00,2507623.3542153663,7614.131681186205,10
2024-05-21T00:00:00,2515853.1295472737,5835.972870027268,10
2024-05-22T00:00:00,2536328.6073530717,10737.308189252857,10
2024-05-23T00:00:00,2569764.346256072,508.1262548509694,10
2024-05-24T00:00:00,2571965.5087196943,1254.0074379559373,10
2024-05-27T00:00:00,2558933.5332888872,3670.816095283779,10
2024-05-28T00:00:00,2552263.6236940585,15011.894079800608,10
2024-05-29T00:00:00,2533614.255853952,15211.783197702112,10
2024-05-30T00:00:00,2519345.2687943103,22698.554805052496,10
2024-05-31T00:00:00,2507993.131404421,20065.194636842876,10
2024-06-03T00:00:00,2529920.0409503193,20065.194636842876,10
2024-06-04T00:00:00,2576885.6165370177,262217.9977626037,9
2024-06-05T00:00:00,2578987.111530175,129.5070685056271,10
2024-06-06T00:00:00,2829866.2117345235,107.88162588092382,10
2024-06-07T00:00:00,2813140.3467912334,96.74154373572674,10
2024-06-10T00:00:00,2870842.944495884,2449.5387112767203,10
2024-06-11T00:00:00,2867179.1680992786,10814.458893651143,10
2024-06-12T00:00:00,2875333.334448308,24883.345556706714,10
2024-06-13T00:00:00,2878321.506941124,24907.280500694236,10
2024-06-14T00:00:00,2874621.8403116856,23824.98914591386,10
2024-06-18T00:00:00,2887884.737900774,21087.278794328508,10
2024-06-19T00:00:00,2874465.1723036407,20405.88556047657,10
2024-06-20T00:00:00,2848147.5092454054,28079.64808512735,10
2024-06-21T00:00:00,2859548.282414092,26515.958622588427,10
2024-06-24T00:00:00,2841916.8616174073,24445.838424048095,10
2024-06-25T00:00:00,2869148.8226769776,24445.838424048095,10
2024-06-26T00:00:00,2848536.289254855,25633.746041964274,10
2024-06-27T00:00:00,2829851.1361575047,16635.42741727049,10
2024-06-28T00:00:00,2848899.429730674,12380.136578818492,10
2024-07-01T00:00:00,2855277.6761295996,12380.136578818492,10
2024-07-02T00:00:00,2857138.399610192,24429.077588707558,10
2024-07-03T00:00:00,2852956.4412718737,28347.257067771978,10
2024-07-04T00:00:00,2885905.649645897,28347.257067771978,10
2024-07-05T00:00:00,2872393.811535273,35087.507046137645,10
2024-07-08T00:00:00,2872232.063921291,26276.47911294148,10
2024-07-09T00:00:00,2843496.8323696074,17234.005816262623,10
2024-07-10T00:00:00,2867620.133199103,6027.215520270052,10
2024-07-11T00:00:00,2872852.903377201,6972.645076419634,10
2024-07-12T00:00:00,2872869.530446962,30419.26366229402,10
2024-07-15T00:00:00,2857408.8858697624,39973.16571595386,10
2024-07-16T00:00:00,2893842.2311021234,20210.040062084503,10
2024-07-18T00:00:00,2902256.628072705,25217.126119580353,10
2024-07-19T00:00:00,2889280.122064399,36961.47747211385,10
2024-07-22T00:00:00,2830767.499204717,37501.77252014697,10
2024-07-23T00:00:00,2850170.8434419534,15953.541928281425,10
2024-07-24T00:00:00,2833474.137369911,469.9798992081196,10
2024-07-25T00:00:00,2787457.93848385,5206.888068810862,10
2024-07-26T00:00:00,2796833.2805813556,6805.1406277423375,10
2024-07-29T00:00:00,2848158.091077909,512.1599255649489,10
2024-07-30T00:00:00,2864860.059164255,22211.651815621997,10
2024-07-31T00:00:00,2858058.102475835,29246.16589136218,10
2024-08-01T00:00:00,2889056.946760479,43205.66114646505,10
2024-08-02T00:00:00,2877028.111277133,54642.49616482842,10
2024-08-05T00:00:00,2860649.904307955,61085.65078317473,10
2024-08-06T00:00:00,2829243.997924611,28916.99295024562,10
2024-08-07T00:00:00,2817701.2278588032,33090.550689003256,10
2024-08-08T00:00:00,2868380.3346389076,591489.1489318154,8
2024-08-09T00:00:00,2846425.3680080283,8394.890613924363,10
2024-08-12T00:00:00,2875867.6139576472,16682.668614629598,10
2024-08-13T00:00:00,2852514.725051774,28944.212493790896,10
2024-08-14T00:00:00,2812872.697169181,18212.5307263094,10
2024-08-16T00:00:00,2830055.849672272,28872.70904727152,10
2024-08-19T00:00:00,2862889.5092694005,4718.527763052203,10
2024-08-20T00:00:00,2878635.6901776036,4718.527763052203,10
2024-08-21T00:00:00,2893202.6476978036,19091.41228520579,10
2024-08-22T00:00:00,2891700.1380031276,43049.13983418251,10
2024-08-23T00:00:00,2918118.075744765,47356.4221192766,10
2024-08-26T00:00:00,2926559.3000292294,47613.47971672949,10
2024-08-27T00:00:00,2918043.863215274,50996.81966669031,10
2024-08-28T00:00:00,2900599.7948785815,38131.373858073435,10
2024-08-29T00:00:00,2889885.0681082914,31817.7294852442,10
2024-08-30T00:00:00,2884017.0130430004,46411.14381082222,10
2024-09-02T00:00:00,2893280.4879823048,33250.68143323244,10
2024-09-03T00:00:00,2898897.9580763336,35852.964454507106,10
2024-09-04T00:00:00,2907147.32472237,45023.332382281835,10
2024-09-05T00:00:00,2922372.9134909427,64263.36155002465,10
2024-09-06T00:00:00,2915680.076393775,64263.36155002465,10
2024-09-09T00:00:00,2892533.994559859,60342.7013774853,10
2024-09-10T00:00:00,2898414.545304657,30064.884904265695,10
2024-09-11T00:00:00,2917302.049090337,24603.130816410645,10
2024-09-12T00:00:00,2908692.727133649,29607.488516705693,10
2024-09-13T00:00:00,2953198.508390914,35548.737577925785,10
2024-09-16T00:00:00,2943877.428103196,39987.318545090384,10
2024-09-17T00:00:00,2931169.382949878,29132.85313420405,10
2024-09-18T00:00:00,2925762.73335271,29132.85313420405,10
2024-09-19T00:00:00,2917655.531823065,17031.815026190132,10
2024-09-20T00:00:00,2895755.6317850556,24852.010569235543,10
2024-09-23T00:00:00,2915376.4689989905,1341.734044156503,10
2024-09-24T00:00:00,2945280.54991366,645.4366171514266,10
2024-09-25T00:00:00,2968525.28365284,17611.6163097003,10
2024-09-26T00:00:00,2971409.0829151263,25734.085631191032,10
2024-09-27T00:00:00,2979367.1286151996,25734.085631191032,10
2024-09-30T00:00:00,2962969.5798786273,25734.085631191032,10
2024-10-01T00:00:00,2939290.6104801157,48819.45395545778,10
2024-10-03T00:00:00,2929690.6103319093,43316.87656726071,10
2024-10-04T00:00:00,2857157.65263643,72813.24698152285,10
2024-10-07T00:00:00,2840890.2303307056,60398.556227922265,10
2024-10-08T00:00:00,2810482.6075694524,47311.398493524466,10
2024-10-09T00:00:00,2887434.2380572604,14351.477635507705,10
2024-10-10T00:00:00,2870820.2175497073,38978.937367822684,10
2024-10-11T00:00:00,2852610.5864495416,38476.66355983203,10
2024-10-14T00:00:00,2854924.1452432415,24145.991442277096,10
2024-10-15T00:00:00,2857360.1029300485,30782.90712163766,10
2024-10-16T00:00:00,2844989.9707126413,30782.90712163766,10
2024-10-17T00:00:00,2838689.433316836,38825.26581347897,10
2024-10-18T00:00:00,2799163.071917048,50087.061998835125,10
2024-10-21T00:00:00,2828949.807425625,52563.36196053709,10
2024-10-22T00:00:00,2792704.8456011578,15400.361668662692,10
2024-10-23T00:00:00,2743786.4045408536,51489.28489668874,10
2024-10-24T00:00:00,2738350.624561878,57418.49474010052,10
2024-10-25T00:00:00,2738405.22905822,31093.47576232144,10
2024-10-28T00:00:00,2698961.748762839,62501.097212546185,10
2024-10-29T00:00:00,2698340.7580585997,18292.14983563806,10
2024-10-30T00:00:00,2678387.496439837,29639.762720964674,10
2024-10-31T00:00:00,2668989.0756486766,2046.3619264473673,10
2024-11-01T00:00:00,2646393.3967621895,479.02740794146666,10
2024-11-04T00:00:00,2661781.2091706367,479.02740794146666,10
2024-11-05T00:00:00,2620110.716777143,479.02740794146666,10
2024-11-06T00:00:00,2638052.938201561,5206.646773948742,10
2024-11-07T00:00:00,2654756.632274852,4550.294269786187,10
2024-11-08T00:00:00,2616975.8612795095,28437.75108816431,10
2024-11-11T00:00:00,2602545.1166200857,28437.75108816431,10
2024-11-12T00:00:00,2564461.748011515,18803.837160990253,10
2024-11-13T00:00:00,2547198.7710880716,25213.454803892062,10
2024-11-14T00:00:00,2502715.0732505056,48762.1950766776,10
2024-11-18T00:00:00,2512716.153564949,24332.294830818166,10
2024-11-19T00:00:00,2503309.1421476947,10497.34551683531,10
2024-11-21T00:00:00,2510079.4725418487,17754.113304177852,10
2024-11-22T00:00:00,2479901.6809993945,268714.3362117971,9
2024-11-25T00:00:00,2536849.572650924,390.2231331014482,10
2024-11-26T00:00:00,2514502.862868479,15964.746733835229,10
2024-11-27T00:00:00,2515848.088025255,34631.96268956168,10
2024-11-28T00:00:00,2644570.7899280046,15326.751338527014,10
2024-11-29T00:00:00,2545443.461399708,14529.512241993129,10
2024-12-02T00:00:00,2597228.189920581,15512.946268237283,10
2024-12-03T00:00:00,2575040.5875182436,11437.645135430968,10
2024-12-04T00:00:00,2612625.896232882,3955.644707003201,10
2024-12-05T00:00:00,2583568.05833187,29795.531476401142,10
2024-12-06T00:00:00,2587673.367166522,35311.95816993987,10
2024-12-09T00:00:00,2570066.8923778953,24094.374860805372,10
2024-12-10T00:00:00,2585574.906885081,3743.4785403542046,10
2024-12-11T00:00:00,2574253.953854076,9919.451046458911,10
2024-12-12T00:00:00,2560587.81560944,9776.014858707786,10
2024-12-13T00:00:00,2580969.535130352,3896.0479477346526,10
2024-12-16T00:00:00,2575893.069603958,106.29000190729857,10
2024-12-17T00:00:00,2561863.161622095,100.4097300049325,10
2024-12-18T00:00:00,2529327.541143818,24570.07263795825,10
2024-12-19T00:00:00,2506185.3298160206,46334.86210361813,10
2024-12-20T00:00:00,2505033.9000541847,44486.19081041016,10
2024-12-23T00:00:00,2471392.921944578,22407.381859739486,10
2024-12-24T00:00:00,2494747.152101437,23603.85030547774,10
2024-12-26T00:00:00,2478369.796222767,23039.658145984664,10
2024-12-27T00:00:00,2500769.2638932136,212.52407082592254,10
2024-12-30T00:00:00,2490757.428974612,56.6930737333023,10
2024-12-31T00:00:00,2516449.0327496366,56.6930737333023,10
2025-01-01T00:00:00,2484900.7450608094,14978.60321510621,10
2025-01-02T00:00:00,2502641.4246812,1167.9857468738046,10
2025-01-03T00:00:00,2536167.30031444,1167.9857468738046,10
2025-01-06T00:00:00,2484835.138711273,20886.81546908582,10
2025-01-07T00:00:00,2435365.4153226013,20886.81546908582,10
2025-01-08T00:00:00,2467500.185110747,244147.9864413132,9
2025-01-09T00:00:00,2430409.3340583066,33263.59669258408,10
2025-01-10T00:00:00,2407483.5465995125,37679.99372780847,10
2025-01-13T00:00:00,2400949.6375389243,29624.64910508576,10
2025-01-14T00:00:00,2321917.376041361,90230.73469156868,10
2025-01-15T00:00:00,2353339.458319889,956306.0698921547,6
2025-01-16T00:00:00,2334772.192785991,20629.54187656715,10
2025-01-17T00:00:00,2362571.565302951,251198.7829390591,9
2025-01-20T00:00:00,2362655.20320323,17155.743135481374,10
2025-01-21T00:00:00,2370153.520232586,17226.15113773744,10
2025-01-22T00:00:00,2334227.1005276213,33958.983622409054,10
2025-01-23T00:00:00,2332005.528408281,29509.179561845434,10
2025-01-24T00:00:00,2353352.1598677607,259.75394582445733,10
2025-01-27T00:00:00,2328029.304719459,21000.563287269004,10
2025-01-28T00:00:00,2309092.2757988498,24243.908947042946,10
2025-01-29T00:00:00,2318249.147017769,26670.536071113573,10
2025-01-30T00:00:00,2364358.467659057,1690.6001968987111,10
2025-01-31T00:00:00,2366085.321423098,8504.426487489982,10
2025-02-01T00:00:00,2410003.985810352,83.12302501243539,10
2025-02-03T00:00:00,2384122.280511441,31302.83355099219,10
2025-02-04T00:00:00,2414597.223257203,21399.046835084242,10
2025-02-05T00:00:00,2399430.7840832993,738012.9687985706,7
2025-02-06T00:00:00,2413677.2881536386,16053.887656201987,10
2025-02-07T00:00:00,2405126.8091099667,22773.32342271082,10
2025-02-10T00:00:00,2405378.3095553606,25765.291771241813,10
2025-02-11T00:00:00,2371365.496340959,26524.128939835704,10
2025-02-12T00:00:00,2330765.4836427066,65481.04230512114,10
2025-02-13T00:00:00,2369519.952868108,3598.846155766776,10
2025-02-14T00:00:00,2329796.4622230185,16755.96228405359,10
2025-02-17T00:00:00,2286620.503688822,44343.12170029679,10
2025-02-18T00:00:00,2334094.2114390563,12676.39071456925,10
2025-02-19T00:00:00,2289045.3023102977,2124.915667841735,10
2025-02-20T00:00:00,2307412.6279487205,2038.1249427392322,10
2025-02-21T00:00:00,2335135.959117849,2038.1249427392322,10
2025-02-24T00:00:00,2314713.2852928946,19705.4755547354,10
2025-02-25T00:00:00,2306278.103835375,19705.4755547354,10
2025-02-27T00:00:00,2296986.289704592,8268.310235292767,10
2025-02-28T00:00:00,2277728.0445896178,20997.363406756544,10
2025-03-03T00:00:00,2226825.2152935183,56642.124869934516,10
2025-03-04T00:00:00,2252877.797523253,345.9253308704356,10
2025-03-05T00:00:00,2248892.4371603252,11409.375087571447,10
2025-03-06T00:00:00,2308157.743836852,357.6312727649347,10
2025-03-07T00:00:00,2309032.702631049,46.026071600586874,10
2025-03-10T00:00:00,2313502.612955675,4719.2882639024465,10
2025-03-11T00:00:00,2276968.3427871526,19180.777693158394,10
2025-03-12T00:00:00,2286237.4999785074,34068.86937853185,10
2025-03-13T00:00:00,2291307.9616918224,17153.873648609297,10
2025-03-17T00:00:00,2269453.752948275,17385.078631868353,10
2025-03-18T00:00:00,2283849.994782283,949.0545814771613,10
2025-03-19T00:00:00,2289942.3249784685,22.487255690037273,10
2025-03-20T00:00:00,2352697.7464118456,623.6836677051324,10
2025-03-21T00:00:00,2352313.8554509315,22837.54496509154,10
2025-03-24T00:00:00,2391065.863790688,25282.612936195976,10
2025-03-25T00:00:00,2396102.2660106746,11458.423046502052,10
2025-03-26T00:00:00,2379615.342513312,16812.074500311515,10
2025-03-27T00:00:00,2387618.6082875514,20605.578189590015,10
2025-03-28T00:00:00,2404550.5403335923,14539.491383396962,10
2025-04-01T00:00:00,2395084.175758915,15226.932716922922,10
2025-04-02T00:00:00,2377895.7005391885,15226.932716922922,10
2025-04-03T00:00:00,2402648.7110490436,597.2114152543363,10
2025-04-04T00:00:00,2403624.3057683827,1556.7297185780772,10
2025-04-07T00:00:00,2349467.074126052,30771.32882575915,10
2025-04-08T00:00:00,2350656.365492306,1726.2481064419553,10
2025-04-09T00:00:00,2295267.9130099574,7131.721504525165,10
2025-04-11T00:00:00,2309560.962271092,9564.141165134875,10
2025-04-15T00:00:00,2332933.419589776,935.1077001276426,10
2025-04-16T00:00:00,2395065.845842781,237748.5199150468,9
2025-04-17T00:00:00,2402500.675995963,14395.446625845914,10
2025-04-21T00:00:00,2422328.769638875,10353.694321492192,10
2025-04-22T00:00:00,2449059.500230127,20918.430405908235,10
2025-04-23T00:00:00,2449244.5937379063,17524.95750743753,10
2025-04-24T00:00:00,2473368.418299919,24801.998255973536,10
2025-04-25T00:00:00,2442291.9508275487,38314.18949026856,10
2025-04-28T00:00:00,2421577.1307289326,279619.12393114204,9
2025-04-29T00:00:00,2460911.35329087,14209.54787094798,10
2025-04-30T00:00:00,2444561.7018976533,15410.478631051286,10
2025-05-02T00:00:00,2448770.1277617877,14451.994216866035,10
2025-05-05T00:00:00,2430563.267612583,21094.538517123874,10
2025-05-06T00:00:00,2466341.238301565,27443.927182485466,10
2025-05-07T00:00:00,2419492.440475391,26666.37405388261,10
2025-05-08T00:00:00,2443252.609596342,16064.280311673938,10
2025-05-09T00:00:00,2394809.8125261497,52529.969737453444,10
2025-05-12T00:00:00,2408534.5943092513,26304.755175034865,10
2025-05-13T00:00:00,2460874.8891968797,453326.37512827653,8
2025-05-14T00:00:00,2432258.520321671,10778.334103409434,10
2025-05-15T00:00:00,2438479.7435993077,4299.8236163973925,10
2025-05-16T00:00:00,2479105.9790119054,4299.8236163973925,10
2025-05-19T00:00:00,2513670.2864733604,7951.009373751149,10
2025-05-20T00:00:00,2525738.9026597324,592.1601060216199,10
2025-05-21T00:00:00,2483397.6226384295,34617.08308764815,10
2025-05-22T00:00:00,2498600.2406995567,24968.691261080123,10
2025-05-23T00:00:00,2507897.099968178,23483.592155678052,10
2025-05-26T00:00:00,2510212.462144514,19868.200303693855,10
2025-05-27T00:00:00,2519002.4977890453,19868.200303693855,10
2025-05-28T00:00:00,2509907.19829184,29118.880176605802,10
2025-05-29T00:00:00,2500113.5767618995,30972.41999310089,10
2025-05-30T00:00:00,2480478.898742161,36347.967727146664,10
2025-06-02T00:00:00,2461876.163592604,25509.422694471723,10
2025-06-03T00:00:00,2476217.139163169,30627.284876975464,10
2025-06-04T00:00:00,2445271.265856459,29947.214266493014,10
2025-06-05T00:00:00,2450808.166872694,29947.214266493014,10
2025-06-06T00:00:00,2456448.402009764,244682.36468676623,9
2025-06-09T00:00:00,2493778.0782335927,1644.4621905017411,10
2025-06-10T00:00:00,2499382.2307958184,266079.6358785208,9
2025-06-11T00:00:00,2513592.1436107815,25384.091723269114,10
2025-06-12T00:00:00,2494434.423880142,34593.49077467364,10
2025-06-13T00:00:00,2475333.2682404937,34593.49077467364,10
2025-06-16T00:00:00,2482948.844151845,21667.10381065865,10
2025-06-17T00:00:00,2483346.2782871,255540.9216586821,9
2025-06-18T00:00:00,2471170.8416715222,258343.5295987682,9
2025-06-19T00:00:00,2456351.364101942,258343.5295987682,9
2025-06-20T00:00:00,2433661.497866764,25345.712237491534,10
2025-06-23T00:00:00,2439728.0036528576,2778.7371275889745,10
2025-06-24T00:00:00,2442325.340669633,12142.804780961189,10
2025-06-25T00:00:00,2463989.100496293,12142.804780961189,10
2025-06-26T00:00:00,2481179.870209887,21613.189606859873,10
2025-06-27T00:00:00,2513803.9283224097,9481.443062399892,10
2025-06-30T00:00:00,2514757.023980273,771073.0036860834,7
2025-07-01T00:00:00,2510694.4472667743,23851.084840016498,10
2025-07-02T00:00:00,2513988.4994527567,8775.66369836207,10
2025-07-03T00:00:00,2524949.144060444,268987.380022358,9
2025-07-04T00:00:00,2515158.448513926,530752.5074738868,8
2025-07-07T00:00:00,2515896.6982210726,536569.247537479,8
2025-07-08T00:00:00,2520981.3395784944,536569.247537479,8
2025-07-09T00:00:00,2516188.579319248,25793.379917392274,10
2025-07-10T00:00:00,2515078.8285344793,10324.890958185279,10
2025-07-11T00:00:00,2512949.1243482195,9425.451191481261,10
2025-07-14T00:00:00,2498226.909655221,268067.74717963487,9
2025-07-15T00:00:00,2505795.5859561525,18820.598163183895,10
2025-07-16T00:00:00,2525523.104795906,268414.543028328,9
2025-07-17T00:00:00,2524089.4949854026,284356.24986821495,9
2025-07-18T00:00:00,2512857.962451355,286841.9557374878,9
2025-07-21T00:00:00,2502489.3631265764,18103.533681690984,10
2025-07-22T00:00:00,2523776.2716414435,26083.605786035943,10
2025-07-23T00:00:00,2508691.978763907,288895.00932726194,9
2025-07-24T00:00:00,2504776.716174402,38033.81066445311,10
2025-07-25T00:00:00,2487754.04924566,279939.4524973081,9
2025-07-28T00:00:00,2467389.434803761,37431.68224028454,10
2025-07-29T00:00:00,2461353.18000295,271486.3530986534,9
2025-07-30T00:00:00,2475839.537424825,271486.3530986534,9
2025-07-31T00:00:00,2460382.5492440783,26431.738208921946,10
2025-08-01T00:00:00,2439456.274120409,18127.325695116306,10
2025-08-04T00:00:00,2441749.876022171,756467.6803434605,7
2025-08-05T00:00:00,2442162.2697932683,503404.6782405341,8
2025-08-06T00:00:00,2447090.8885672255,500368.0413992566,8
2025-08-07T00:00:00,2441166.2657513176,256736.5896038566,9
2025-08-08T00:00:00,2436680.415727716,12962.884721856622,10
2025-08-11T00:00:00,2423177.4040718907,20963.28114708615,10
2025-08-12T00:00:00,2442038.7317224243,28235.58401734612,10
2025-08-13T00:00:00,2431808.570934591,23572.389049825113,10
2025-08-14T00:00:00,2467285.2629650515,26668.839625207707,10
2025-08-18T00:00:00,2454199.3989197537,270569.0703675077,9
2025-08-19T00:00:00,2517208.267243052,2372.401398325397,10
2025-08-20T00:00:00,2512117.1742620147,3988.5912542019505,10
2025-08-21T00:00:00,2512600.088531455,34887.05569454102,10
2025-08-22T00:00:00,2508134.4350197352,26195.053427938576,10
2025-08-25T00:00:00,2492613.9330666102,26195.053427938576,10
2025-08-26T00:00:00,2481987.6762306727,26195.053427938576,10
2025-08-28T00:00:00,2457008.107787346,38172.07751390859,10
2025-08-29T00:00:00,2447460.637382707,42366.179985246126,10
2025-09-01T00:00:00,2435504.0947718476,32431.757613644586,10
2025-09-02T00:00:00,2452679.5043504634,499159.4961107174,8
2025-09-03T00:00:00,2469705.011518936,6472.538130264089,10
2025-09-04T00:00:00,2480636.3216460743,274323.2734283006,9
2025-09-05T00:00:00,2484792.8811075217,25713.818241310917,10
2025-09-08T00:00:00,2488568.9877246185,279243.3380053802,9
2025-09-09T00:00:00,2489937.851188974,279243.3380053802,9
2025-09-10T00:00:00,2513452.444764115,34655.18411348018,10
2025-09-11T00:00:00,2520127.366223541,34701.73473855585,10
2025-09-12T00:00:00,2518601.0582187134,38890.436880822555,10
2025-09-15T00:00:00,2522926.0186473564,23182.674256487226,10
2025-09-16T00:00:00,2522759.796294037,266929.30245858745,9
2025-09-17T00:00:00,2531122.694428711,15192.433945923083,10
2025-09-18T00:00:00,2530828.868790863,16269.34051632689,10
2025-09-19T00:00:00,2557067.560859336,16471.45641292492,10
2025-09-22T00:00:00,2550709.3477313733,542672.4462421156,8
2025-09-23T00:00:00,2555992.99873099,554481.5017827477,8
2025-09-24T00:00:00,2538983.197284503,289024.1045110655,9
2025-09-25T00:00:00,2511456.0740524796,290454.1172653704,9
2025-09-26T00:00:00,2487255.831226143,531642.6016118852,8
2025-09-29T00:00:00,2476805.457450388,41300.649466989766,10
2025-09-30T00:00:00,2473347.1690330515,22795.799343110062,10
2025-10-01T00:00:00,2466599.16139137,277449.4445334596,9
2025-10-03T00:00:00,2489572.335017299,18362.818751429644,10
2025-10-06T00:00:00,2496999.4257182823,23193.049360250327,10
2025-10-07T00:00:00,2513258.138446063,283435.5861389339,9
2025-10-08T00:00:00,2515942.5692579304,540320.077314571,8
2025-10-09T00:00:00,2509652.0412295265,36631.56674222168,10
2025-10-10T00:00:00,2512977.5387881203,36631.56674222168,10
2025-10-13T00:00:00,2527620.470838199,38256.19959796494,10
2025-10-14T00:00:00,2530572.563557112,35109.380939924886,10
2025-10-15T00:00:00,2529647.6218010522,28571.144048367307,10
2025-10-16T00:00:00,2557068.9144798853,28571.144048367307,10
2025-10-17T00:00:00,2564708.0107085113,35369.616543472104,10
2025-10-20T00:00:00,2580574.496258438,35369.616543472104,10
2025-10-21T00:00:00,2569469.695302848,264790.7343653476,9
2025-10-23T00:00:00,2578267.6858419003,534215.9043477597,8
2025-10-24T00:00:00,2574933.6000339217,21302.411679429235,10
2025-10-27T00:00:00,2565632.778158793,296425.05672324623,9
2025-10-28T00:00:00,2568263.474407005,288031.04679470044,9
2025-10-29T00:00:00,2557709.924808199,535602.6070591758,8
2025-10-30T00:00:00,2576081.214548302,267148.21760005987,9
2025-10-31T00:00:00,2561076.0136624533,274951.83849155466,9
2025-11-03T00:00:00,2551082.881564345,269495.96335145464,9
2025-11-04T00:00:00,2557250.2347137593,269495.96335145464,9
2025-11-06T00:00:00,2567409.180061291,1056.956062267418,10
2025-11-07T00:00:00,2588654.6723546246,284808.15025989816,9
2025-11-10T00:00:00,2558264.3118350348,42806.03034089401,10
2025-11-11T00:00:00,2567420.1201415737,12360.2372070032,10
2025-11-12T00:00:00,2577662.7310654195,15497.274278309982,10
2025-11-13T00:00:00,2575981.504488061,23524.894563744747,10
2025-11-14T00:00:00,2583609.348126253,27917.904766877997,10
2025-11-17T00:00:00,2593657.6977973967,19654.954999545007,10
2025-11-18T00:00:00,2597939.554574843,278748.08582484303,9
2025-11-19T00:00:00,2586801.2659884593,286991.8587008618,9
2025-11-20T00:00:00,2592036.5615576203,27744.63046631179,10
2025-11-21T00:00:00,2587465.5027197297,27744.63046631179,10
2025-11-24T00:00:00,2564401.2339938,33874.07713344833,10
2025-11-25T00:00:00,2567011.8592745834,14003.159689622378,10
2025-11-26T00:00:00,2573391.600130323,19849.78531098689,10
2025-11-27T00:00:00,2605779.0378134283,19849.78531098689,10
2025-11-28T00:00:00,2596966.611839891,288828.88570463716,9
2025-12-01T00:00:00,2593421.8709719437,24643.06286647517,10
2025-12-02T00:00:00,2588538.30651881,32236.008301036345,10
2025-12-03T00:00:00,2580989.963652353,33187.75479004832,10
2025-12-04T00:00:00,2575565.306555172,20037.973486324307,10
2025-12-05T00:00:00,2578575.749724999,20141.574065819354,10
2025-12-08T00:00:00,2582597.520476952,20141.574065819354,10
2025-12-09T00:00:00,2545853.2143246084,20141.574065819354,10
2025-12-10T00:00:00,2551987.08958801,14328.663257443608,10
2025-12-11T00:00:00,2530961.9551771134,12159.02408580482,10
2025-12-12T00:00:00,2538745.8028333634,12159.02408580482,10
2025-12-15T00:00:00,2544935.808570668,12159.02408580482,10
2025-12-16T00:00:00,2531148.881705278,24182.732657426735,10
2025-12-17T00:00:00,2528684.0573972776,22639.090722472785,10
2025-12-18T00:00:00,2507490.3160947873,22639.090722472785,10
2025-12-19T00:00:00,2512960.2748669195,14941.96108518113,10
2025-12-22T00:00:00,2524902.6598212603,99.32956002955325,10
2025-12-23T00:00:00,2541657.4342562933,4541.514578559174,10
2025-12-24T00:00:00,2535508.9973792527,9022.946094462503,10
2025-12-26T00:00:00,2525130.503955791,9022.946094462503,10
2025-12-29T00:00:00,2516422.6911473195,9843.06193589358,10
2025-12-30T00:00:00,2507109.865387432,9843.06193589358,10
2025-12-31T00:00:00,2507176.1357029495,9642.975272041222,10
2026-01-01T00:00:00,2520630.553933622,764851.9744048135,7
2026-01-02T00:00:00,2528592.578161443,262704.764013494,9
2026-01-05T00:00:00,2534666.207946801,269689.9203491447,9
2026-01-06T00:00:00,2545054.3321979847,22184.57639964472,10
2026-01-07T00:00:00,2558389.427962145,22184.57639964472,10
2026-01-08T00:00:00,2549423.5003704675,278107.4703411706,9
2026-01-09T00:00:00,2521705.3273363886,34095.4003344356,10
2026-01-12T00:00:00,2503959.3644638155,29230.340293893794,10
2026-01-13T00:00:00,2508770.0363791184,40799.08001925505,10
2026-01-14T00:00:00,2502140.1956015085,5617.987654731551,10
2026-01-15T00:00:00,2497887.3320594756,1197.1123939485697,10
2026-01-16T00:00:00,2499647.602567288,1197.1123939485697,10
2026-01-19T00:00:00,2501490.273648831,1197.1123939485697,10
2026-01-20T00:00:00,2463637.4030386,25311.246788599616,10
2026-01-21T00:00:00,2412331.827660182,25311.246788599616,10
2026-01-22T00:00:00,2423587.662222503,242932.57652914317,9
2026-01-23T00:00:00,2444234.953688093,237957.97160191112,9
2026-01-27T00:00:00,2421499.5462643197,244487.28889432424,9
2026-01-28T00:00:00,2438404.332456811,510464.5287458735,8
2026-01-29T00:00:00,2467808.731572023,20078.782414308196,10
2026-01-30T00:00:00,2484828.2310184306,28175.596374875924,10
2026-02-02T00:00:00,2474849.640944903,20656.61943001044,10
2026-02-03T00:00:00,2462781.71942846,16402.385749260808,10
2026-02-04T00:00:00,2451405.632944992,1206539.0014752655,5
2026-02-05T00:00:00,2496848.5077241687,10431.735034349316,10
2026-02-06T00:00:00,2478470.7862062464,27493.252026559,10
2026-02-09T00:00:00,2489606.9802840115,40116.72305134538,10
2026-02-10T00:00:00,2506401.2398791793,29138.31682925264,10
2026-02-11T00:00:00,2496554.54682498,29138.31682925264,10
2026-02-12T00:00:00,2518124.534039539,22699.923413318174,10
2026-02-13T00:00:00,2514179.802907905,22730.309698066238,10
2026-02-16T00:00:00,2480304.0452022166,22730.309698066238,10
2026-02-17T00:00:00,2515625.9785714787,14118.526423041301,10
2026-02-18T00:00:00,2513460.976475754,17557.50360588095,10
2026-02-19T00:00:00,2508729.6778975283,271861.62330158113,9
2026-02-20T00:00:00,2473353.743853717,269501.9619933653,9
2026-02-23T00:00:00,2492722.967186245,2210.3321764796856,10
2026-02-24T00:00:00,2501441.2326923097,496678.9483295168,8
2026-02-25T00:00:00,2498264.498359391,256156.7735058755,9
2026-02-26T00:00:00,2505065.4826428383,256156.7735058755,9
2026-02-27T00:00:00,2491293.158838558,17690.109857845237,10
2026-03-02T00:00:00,2451766.2657721518,17690.109857845237,10
2026-03-04T00:00:00,2431706.684272135,30343.627539957582,10
2026-03-05T00:00:00,2414610.9280880983,4375.057970910828,10
2026-03-06T00:00:00,2415334.341386982,717858.6626760443,7
2026-03-09T00:00:00,2379632.8625723664,11291.976463967847,10
2026-03-10T00:00:00,2367659.7842434393,162.78094754103222,10
2026-03-11T00:00:00,2367439.9883855986,239907.35178891884,9
2026-03-12T00:00:00,2356431.1026510717,18790.49162812272,10
2026-03-13T00:00:00,2331704.81022753,51997.100846426765,10
2026-03-16T00:00:00,2289305.7825615276,55470.35073779721,10
2026-03-17T00:00:00,2334906.4945366285,18663.95083545643,10
2026-03-18T00:00:00,2348729.7655086303,4686.506109216163,10
2026-03-19T00:00:00,2361553.316910034,15810.388321166887,10
2026-03-20T00:00:00,2299458.033929567,45819.984002809244,10
2026-03-23T00:00:00,2309387.012691265,12771.878078227659,10
2026-03-24T00:00:00,2232937.589825751,70225.8182803407,10
2026-03-25T00:00:00,2264383.2607442085,947409.4487935249,6
2026-03-27T00:00:00,2283870.8797476944,1175415.9902213274,5
2026-03-30T00:00:00,2263377.4211149677,27883.73666672563,10
2026-04-01T00:00:00,2243052.3171053994,34131.071255789866,10
2026-04-02T00:00:00,2295550.654260087,477848.12752668845,8
2026-04-06T00:00:00,2338748.9058193755,55.13061185614788,10
2026-04-07T00:00:00,2343293.675178198,468592.9684521239,8
2026-04-08T00:00:00,2354173.4763632854,239652.74174414497,9
2026-04-09T00:00:00,2406277.4427728145,943628.4194573846,6
2026-04-10T00:00:00,2401722.016483885,248480.38391552508,9
2026-04-13T00:00:00,2434897.795170408,248480.38391552508,9
2026-04-15T00:00:00,2421412.368423585,505075.4543610848,8
2026-04-16T00:00:00,2445410.125072471,986653.6061515724,6
2026-04-17T00:00:00,2450399.7570473095,989813.2376381299,6
2026-04-20T00:00:00,2459408.4480005465,743567.6120630465,7
2026-04-21T00:00:00,2459084.8230373883,510968.3562405131,8
2026-04-22T00:00:00,2469270.1642239117,510968.3562405131,8
2026-04-23T00:00:00,2464176.34661716,267814.6967148162,9
2026-04-24T00:00:00,2456589.195283018,29338.63766583032,10
2026-04-27T00:00:00,2441983.3048330164,267939.2953115319,9
2026-04-28T00:00:00,2464248.248934523,5402.674959913915,10
2026-04-29T00:00:00,2448442.0508735934,19723.07846148385,10
2026-04-30T00:00:00,2443536.8646966647,497426.2106439301,8
2026-05-01T00:00:00,2417131.7308526253,492116.3892998912,8
2026-05-04T00:00:00,2425944.7723145555,9366.062292582268,10
2026-05-05T00:00:00,2448994.0804926683,12486.654467277462,10
2026-05-06T00:00:00,2465654.7075656056,16445.37901335911,10
2026-05-07T00:00:00,2484890.1375367586,7906.183480971988,10
2026-05-08T00:00:00,2475246.408149885,269969.6820756664,9
2026-05-11T00:00:00,2471634.626763267,14659.305718345422,10
2026-05-12T00:00:00,2412099.5629028394,504947.3846801834,8
2026-05-13T00:00:00,2392194.5308387796,266739.50502090843,9
2026-05-14T00:00:00,2403533.9280024753,23723.75846207002,10
2026-05-15T00:00:00,2424491.4429737995,21163.366527266364,10
2026-05-18T00:00:00,2423173.247134611,25007.852130338433,10
2026-05-19T00:00:00,2431989.346049473,34016.895106480195,10
2026-05-20T00:00:00,2428131.2585440865,28109.31899940854,10
2026-05-21T00:00:00,2449165.6391135445,28109.31899940854,10
2026-05-22T00:00:00,2455597.370813718,255447.70585094945,9
2026-05-25T00:00:00,2475938.1782872714,760372.5538823641,7
2026-05-26T00:00:00,2531301.127723043,3882.175162617903,10
2026-05-27T00:00:00,2521745.9230416715,268051.7818063202,9
2026-05-28T00:00:00,2539127.6176885013,18862.06641897015,10
2026-05-29T00:00:00,2531730.581534556,284069.54112928244,9
2026-06-01T00:00:00,2511352.5592293423,292607.168360202,9
2026-06-02T00:00:00,2501011.5778422444,282236.18938399234,9
2026-06-03T00:00:00,2520662.142607,18793.8389570984,10
2026-06-04T00:00:00,2515046.631644076,4282.591284579103,10
2026-06-05T00:00:00,2522198.2424495756,15894.758410269103,10
2026-06-08T00:00:00,2520675.404764193,31142.695749300998,10
2026-06-09T00:00:00,2505023.5722431196,276043.19001045346,9
2026-06-10T00:00:00,2528264.603107779,257039.51790270128,9
2026-06-11T00:00:00,2504296.307602969,19397.308396426,10
2026-06-12T00:00:00,2494254.4026881475,283021.9175196907,9
2026-06-15T00:00:00,2516584.3100775685,1258266.5548285453,5
2026-06-16T00:00:00,2535878.3939309567,1263989.614634082,5
2026-06-17T00:00:00,2523700.4314487013,523721.0117099318,8
2026-06-18T00:00:00,2533951.089020389,19678.94894470545,10
2026-06-19T00:00:00,2542535.2991120904,22193.990030059096,10
2026-06-22T00:00:00,2529586.911438281,25361.128052050888,10
2026-06-23T00:00:00,2541727.4383250605,29476.84701646687,10
2026-06-24T00:00:00,2519624.5432401346,39082.49438149191,10
2026-06-25T00:00:00,2517036.557998347,29713.831191706588,10
2026-06-26T00:00:00,2520603.4248967296,27862.255096924782,10
2026-06-29T00:00:00,2517984.6198430187,27862.255096924782,10
2026-06-30T00:00:00,2504696.6772160656,27862.255096924782,10
2026-07-01T00:00:00,2522666.488838363,9450.20807664434,10
2026-07-02T00:00:00,2542298.8729815856,10390.138728655904,10
2026-07-03T00:00:00,2561716.263402509,22210.55405192313,10
2026-07-06T00:00:00,2582107.4707300668,286837.8292505746,9
2026-07-07T00:00:00,2564975.8023811732,520020.54127277486,8
2026-07-08T00:00:00,2539432.749158699,271351.10560401145,9
2026-07-09T00:00:00,2507851.4995039017,46394.006400874525,10
2026-07-10T00:00:00,2542172.1651055478,1034032.8659112118,6
2026-07-13T00:00:00,2548767.69033002,18158.693381777877,10
2026-07-14T00:00:00,2533907.15437366,16791.044266238343,10
2026-07-15T00:00:00,2512794.562783776,5860.454141197581,10
2026-07-16T00:00:00,2534342.769937096,5860.454141197581,10
2026-07-17T00:00:00,2517931.400672735,5916.555610479496,10
2026-07-20T00:00:00,2506704.737374477,18900.848336391064,10
2026-07-21T00:00:00,2519015.123864332,12635.949486891011,10
2026-07-22T00:00:00,2524636.6760008116,246548.07248518654,9
2026-07-23T00:00:00,2486206.6436083512,21070.03643061701,10
2026-07-24T00:00:00,2487793.087576584,267639.5791537325,9
2026-07-27T00:00:00,2485940.438009466,21273.10548993456,10
2026-07-28T00:00:00,2505374.9842758565,16788.13002780985,10
2026-07-29T00:00:00,2510691.0087349955,1054.7155221050198,10
2026-07-30T00:00:00,2517761.1595165967,259596.45712401852,9
2026-07-31T00:00:00,2492508.162730038,509762.2630718348,8
2026-08-03T00:00:00,2544282.4675337523,1190.5741011353675,10
2026-08-04T00:00:00,2547586.425225196,1031122.4330376958,6
2026-08-05T00:00:00,2548194.403705641,1541985.00868611,4
2026-08-06T00:00:00,2548423.01259236,1541985.00868611,4
2026-08-07T00:00:00,2553791.9519610507,2057885.951961051,2
2026-08-10T00:00:00,2552965.9519610507,2057885.951961051,2
2026-08-11T00:00:00,2551231.9519610507,2057885.951961051,2
2026-08-12T00:00:00,2545535.4519610507,2057885.951961051,2
2026-08-13T00:00:00,2540443.6480059726,2057885.951961051,2
2026-08-14T00:00:00,2536683.8470333423,2536683.8470333423,0
2026-08-17T00:00:00,2536683.8470333423,2536683.8470333423,0
2026-08-18T00:00:00,2536683.8470333423,2536683.8470333423,0
2026-08-19T00:00:00,2536683.8470333423,2536683.8470333423,0
2026-08-20T00:00:00,2536683.8470333423,2536683.8470333423,0
