final_return,max_drawdown
1747.164850734565,-21.258354492756624
1747.1648507345594,-26.79000010833216
1747.1648507345676,-17.842366428468736
1747.1648507345626,-11.421616326046465
1747.1648507345637,-21.823917765395866
1747.1648507345694,-12.073954353212201
1747.1648507345637,-34.836806950746364
1747.1648507345606,-32.97332383391889
1747.1648507345612,-51.80373732427066
1747.1648507345683,-18.629459293352976
1747.1648507345674,-20.432912087774426
1747.164850734568,-20.822232441763035
1747.164850734565,-17.174554977758202
1747.1648507345683,-29.69570325773993
1747.16485073456,-14.91500486355917
1747.1648507345617,-33.70589018941873
1747.1648507345674,-23.137637725425066
1747.1648507345694,-42.73366718557945
1747.1648507345587,-35.34091233598466
1747.1648507345606,-25.939170176691928
1747.1648507345637,-40.62634365468545
1747.164850734565,-34.33238211270108
1747.1648507345662,-13.581214650345602
1747.164850734565,-17.745139185827718
1747.1648507345687,-14.148472441191709
1747.1648507345617,-15.305795167883025
1747.1648507345676,-10.512833236325623
1747.1648507345642,-41.376336216069554
1747.164850734563,-16.603977515812204
1747.164850734563,-10.475820506080193
1747.1648507345624,-20.24718577689828
1747.1648507345594,-29.21118283987571
1747.1648507345656,-35.75454978603539
1747.164850734569,-26.540903850914045
1747.164850734567,-30.22925080467323
1747.1648507345585,-27.660170767895124
1747.1648507345649,-34.374769732037194
1747.164850734563,-27.572749599109166
1747.1648507345612,-26.019420338531273
1747.1648507345649,-19.126403314061193
1747.1648507345662,-14.473201822196677
1747.1648507345617,-13.881660936397136
1747.1648507345656,-15.61518174405746
1747.1648507345687,-18.79753179863497
1747.164850734563,-21.200351894156128
1747.1648507345624,-15.870061333607993
1747.1648507345658,-33.646152074828514
1747.1648507345658,-18.626323767778842
1747.1648507345626,-11.399154534896136
1747.164850734567,-21.730984859331766
1747.16485073456,-12.538700833155719
1747.1648507345662,-33.97649810725291
1747.1648507345712,-14.624118648495275
1747.1648507345687,-29.30861732428075
1747.1648507345649,-31.982023393490287
1747.1648507345642,-16.047227521359588
1747.1648507345624,-26.234847657437367
1747.1648507345667,-14.756360849274685
1747.1648507345637,-22.824667445537226
1747.164850734569,-16.608705497482195
1747.1648507345658,-18.330030737713187
1747.1648507345626,-27.15464402229219
1747.1648507345599,-18.178306570010157
1747.16485073456,-23.40872665733563
1747.16485073456,-21.34762397412916
1747.1648507345612,-13.504698246829758
1747.164850734561,-32.09721742809915
1747.1648507345626,-24.28348042503166
1747.1648507345656,-13.164391313457418
1747.1648507345624,-13.086540937723798
1747.1648507345658,-18.210255245113704
1747.164850734565,-32.56294170274766
1747.1648507345587,-8.233508889982561
1747.1648507345617,-44.909830522323915
1747.1648507345585,-21.340556482930097
1747.1648507345683,-18.356866092195204
1747.164850734558,-30.63400313803406
1747.1648507345585,-11.374450292981999
1747.1648507345658,-28.69225318041771
1747.1648507345658,-19.716286681949757
1747.1648507345637,-23.894143995307225
1747.1648507345667,-32.87248944217016
1747.1648507345594,-21.44345631758422
1747.16485073456,-20.387350015939084
1747.1648507345617,-13.79752969926891
1747.16485073456,-14.09018823351928
1747.1648507345674,-17.0905814993004
1747.164850734563,-15.959083063378618
1747.1648507345626,-34.337927966465294
1747.1648507345658,-7.956163260724897
1747.1648507345594,-20.890935920830657
1747.1648507345606,-18.23063418878405
1747.1648507345699,-14.53336832471646
1747.1648507345712,-19.981037641740865
1747.1648507345599,-27.52993053087983
1747.1648507345676,-14.784191579674063
1747.1648507345662,-22.552978761482333
1747.164850734565,-17.03240088458566
1747.1648507345726,-32.20599683918382
1747.1648507345662,-44.21784709993986
1747.164850734569,-20.976027438782403
1747.1648507345637,-22.498786371682808
1747.1648507345656,-10.675985618356556
1747.1648507345617,-16.521658643317057
1747.1648507345699,-14.552671730440519
1747.1648507345635,-32.300359814344986
1747.1648507345674,-25.362870720172005
1747.1648507345649,-14.389147477417563
1747.1648507345674,-30.08941175123149
1747.1648507345592,-28.004584451742375
1747.1648507345662,-12.862951249533388
1747.1648507345662,-10.950804476563208
1747.1648507345599,-38.30355431154264
1747.1648507345635,-18.94971516334533
1747.1648507345674,-19.396133205527573
1747.1648507345642,-27.227648578068386
1747.1648507345606,-28.778492486211878
1747.1648507345624,-12.74466297473146
1747.1648507345656,-16.489083718493486
1747.1648507345667,-41.26952536756245
1747.1648507345642,-13.96414795618806
1747.1648507345642,-22.598888502736585
1747.1648507345592,-30.948298466308966
1747.1648507345637,-36.057020638899026
1747.1648507345674,-50.723438444358074
1747.1648507345637,-17.996608408656517
1747.164850734565,-18.0231243081849
1747.1648507345637,-22.34041512438067
1747.1648507345712,-27.10746177833492
1747.1648507345683,-16.017175827932036
1747.1648507345592,-13.403012265997887
1747.1648507345626,-13.7192480739636
1747.1648507345626,-17.89809756794878
1747.1648507345662,-16.225702577958494
1747.1648507345624,-16.00391923673723
1747.1648507345667,-13.120950891499506
1747.1648507345662,-12.775817824770542
1747.1648507345656,-26.893008022662467
1747.1648507345606,-11.10587871757049
1747.1648507345674,-15.135651164970376
1747.1648507345624,-16.40288618915769
1747.1648507345637,-26.07447460481206
1747.1648507345658,-22.954431803251268
1747.164850734561,-39.08998855580118
1747.1648507345667,-16.059531938782538
1747.1648507345626,-12.137872817513282
1747.1648507345635,-19.79801050177514
1747.1648507345667,-13.758514460768753
1747.1648507345617,-23.88873090687154
1747.1648507345662,-15.886314325653759
1747.1648507345658,-52.408592978953486
1747.1648507345642,-11.518427969700046
1747.1648507345617,-46.07689067344951
1747.1648507345576,-22.873535748020096
1747.1648507345624,-13.632466878932123
1747.164850734561,-26.89375496997657
1747.164850734565,-10.826259054208409
1747.1648507345626,-26.933009931696866
1747.1648507345656,-23.202645269580128
1747.164850734562,-21.76027543186308
1747.164850734565,-26.489169700170667
1747.1648507345674,-20.086772602741505
1747.1648507345642,-33.80899680983845
1747.1648507345658,-36.7973624422422
1747.164850734567,-14.489847318026214
1747.1648507345708,-31.305966912866435
1747.164850734561,-28.352900634071553
1747.164850734565,-10.426565974688959
1747.1648507345585,-20.491629719239743
1747.164850734563,-30.917438531254643
1747.1648507345733,-33.379691254966446
1747.1648507345599,-18.87989151261644
1747.1648507345635,-15.7509756037609
1747.164850734568,-44.91907935168559
1747.164850734562,-24.2254823166377
1747.1648507345587,-18.153093734487065
1747.164850734563,-31.199441408381855
1747.1648507345674,-23.812741875652844
1747.1648507345574,-14.109074594278278
1747.1648507345656,-19.172958696031905
1747.164850734558,-24.98441903050515
1747.164850734562,-19.52916250299283
1747.1648507345674,-22.689121528024927
1747.1648507345656,-29.04334842325575
1747.1648507345594,-22.98262414843885
1747.1648507345649,-16.272517855534087
1747.164850734562,-22.37956582319826
1747.1648507345667,-26.91027448771917
1747.1648507345667,-17.398507864497375
1747.1648507345637,-23.348021444107463
1747.1648507345626,-22.2128729706099
1747.1648507345637,-35.08835709016208
1747.1648507345599,-13.25179776713209
1747.1648507345626,-28.337291114277907
1747.1648507345635,-23.33897827080999
1747.1648507345687,-28.426016836192126
1747.1648507345676,-21.848087459369314
1747.1648507345635,-30.09823983446294
1747.1648507345656,-10.644506006463118
1747.1648507345635,-35.44495986434235
1747.164850734562,-12.518405082176923
1747.1648507345674,-19.043657392555208
1747.164850734561,-28.06745614908774
1747.16485073456,-11.564172334120807
1747.1648507345606,-14.926377516704608
1747.1648507345642,-30.222365220176634
1747.1648507345624,-23.19168778061875
1747.1648507345592,-14.796529297503236
1747.1648507345658,-20.130293550662454
1747.1648507345635,-15.413925511799409
1747.164850734563,-26.768450628586425
1747.164850734562,-24.318034312052184
1747.1648507345667,-20.936010138841016
1747.164850734561,-19.93126203672294
1747.1648507345637,-15.972317730974936
1747.1648507345635,-25.48607152380541
1747.164850734558,-35.30510726609471
1747.164850734561,-16.69374403640488
1747.1648507345626,-18.96754394241879
1747.1648507345699,-15.121718304575326
1747.1648507345674,-28.132043078504378
1747.1648507345656,-33.89682109508612
1747.164850734558,-18.442701496819446
1747.1648507345674,-18.26785229555821
1747.1648507345626,-31.927155263796863
1747.1648507345544,-16.25059071958653
1747.1648507345576,-24.54414448288605
1747.1648507345624,-12.91647239199089
1747.164850734573,-17.96374817543755
1747.1648507345687,-26.52907590492108
1747.1648507345649,-17.83742891758469
1747.164850734561,-17.31568183493616
1747.164850734565,-21.710666875231663
1747.1648507345694,-15.027102601521666
1747.164850734567,-17.545924614179256
1747.164850734568,-15.635133011299452
1747.1648507345649,-19.963466779226398
1747.1648507345642,-25.773929004365314
1747.1648507345674,-20.54877637008458
1747.1648507345674,-17.596299392881804
1747.1648507345676,-11.99950506187226
1747.164850734575,-22.056931228782695
1747.1648507345635,-8.436253749090364
1747.1648507345624,-28.044692549891177
1747.1648507345642,-47.41409120807904
1747.1648507345637,-20.37695419186861
1747.164850734569,-23.84615436359722
1747.1648507345649,-36.31027934470355
1747.164850734565,-34.19384270221403
1747.164850734565,-31.267197903181938
1747.1648507345626,-19.21707970156417
1747.1648507345658,-20.3843829676152
1747.1648507345662,-26.471037366909822
1747.1648507345556,-14.924420236600477
1747.1648507345662,-13.20681963672919
1747.1648507345642,-46.7619520378105
1747.1648507345726,-16.502725106669402
1747.164850734558,-19.855766509287783
1747.164850734563,-29.736639166146585
1747.1648507345674,-22.174268566129545
1747.1648507345612,-28.064024935709615
1747.164850734563,-20.81211342113697
1747.1648507345708,-9.070690621904545
1747.1648507345656,-32.07699364695424
1747.1648507345687,-34.011700765036345
1747.1648507345656,-12.9702798134963
1747.1648507345642,-11.02274220763194
1747.1648507345626,-17.873799566038905
1747.164850734562,-14.999579728878231
1747.164850734569,-27.511245450501843
1747.1648507345594,-21.530008511039885
1747.1648507345594,-30.36786884213578
1747.1648507345656,-29.532096917149058
1747.164850734561,-14.084302818634544
1747.1648507345599,-16.822883713333766
1747.1648507345656,-36.420744802912225
1747.1648507345635,-24.232152580823882
1747.16485073456,-16.66749218773671
1747.164850734568,-24.390464059354
1747.1648507345553,-16.36178801395919
1747.1648507345626,-36.13753734049302
1747.1648507345635,-18.74261917629766
1747.164850734565,-23.590508960252848
1747.1648507345662,-30.610625916278885
1747.1648507345617,-20.757041926238497
1747.1648507345626,-32.31488567559416
1747.164850734567,-25.3377621364752
1747.1648507345683,-23.40105887384145
1747.1648507345637,-26.753566169378075
1747.1648507345726,-11.12774434759678
1747.16485073456,-35.03535099370774
1747.164850734563,-28.059513069850656
1747.1648507345612,-14.898909143483424
1747.1648507345658,-19.968208907608613
1747.164850734558,-14.886916840689391
1747.16485073457,-15.01919696829881
1747.1648507345624,-47.167402026921884
1747.1648507345662,-27.69411174445019
1747.1648507345562,-35.338392352855585
1747.1648507345612,-16.062718699583996
1747.164850734563,-20.197735761014165
1747.1648507345626,-15.71903555642891
1747.1648507345635,-17.394094702782212
1747.1648507345642,-32.419688960787425
1747.1648507345642,-28.47255886039007
1747.1648507345674,-21.130688017271588
1747.1648507345649,-10.96849536843857
1747.164850734563,-38.23736122500821
1747.1648507345662,-19.662879031201776
1747.1648507345674,-29.212327177017812
1747.1648507345642,-15.811209115819358
1747.1648507345624,-26.72834628122846
1747.1648507345706,-31.069691648537006
1747.1648507345694,-18.180962131304188
1747.1648507345656,-15.406387331359413
1747.1648507345658,-19.15249392711961
1747.1648507345676,-29.486437623864248
1747.1648507345656,-26.11924906651292
1747.1648507345662,-20.680698301872027
1747.1648507345612,-18.924365703954642
1747.1648507345642,-33.83660937019719
1747.1648507345658,-38.25983355633778
1747.1648507345699,-16.22216180231896
1747.1648507345694,-33.60114366232149
1747.1648507345626,-14.06605888154646
1747.1648507345708,-15.353508873394144
1747.1648507345635,-13.216440809762432
1747.1648507345587,-27.62055891747009
1747.1648507345562,-35.24845622155166
1747.1648507345724,-34.35880503611747
1747.1648507345656,-55.52037438568635
1747.1648507345594,-15.349945992887278
1747.1648507345626,-11.173327645121855
1747.1648507345642,-13.261826203398558
1747.1648507345687,-37.3058836174361
1747.1648507345637,-15.311465998442081
1747.1648507345649,-26.154097899972545
1747.1648507345637,-17.198231793493797
1747.1648507345637,-22.73778557239081
1747.164850734567,-19.746345057338676
1747.164850734568,-48.1702781066063
1747.164850734563,-15.967918859313182
1747.1648507345649,-15.996081862620334
1747.1648507345649,-21.14322976725397
1747.164850734567,-24.660702554491216
1747.1648507345635,-45.59353429074074
1747.1648507345624,-26.497638484119808
1747.1648507345642,-11.936628952817156
1747.1648507345626,-15.019469785483938
1747.164850734568,-13.579112533579297
1747.164850734565,-38.747642120646994
1747.1648507345676,-26.14614519352892
1747.164850734569,-14.182304615131663
1747.1648507345658,-26.802149667203008
1747.1648507345674,-24.32739891840458
1747.164850734561,-16.662150302114064
1747.1648507345612,-17.198297063563135
1747.1648507345667,-10.82170444945134
1747.1648507345637,-14.364782762756839
1747.1648507345667,-32.286209492239784
1747.1648507345592,-56.191366896790406
1747.1648507345617,-31.057304421463783
1747.1648507345674,-23.249229444038527
1747.1648507345642,-16.28537109491875
1747.1648507345687,-32.71230876100742
1747.1648507345637,-37.307439730814835
1747.164850734565,-19.815380227702892
1747.1648507345699,-11.841179850910642
1747.1648507345635,-22.04657957575463
1747.1648507345606,-53.20070942952946
1747.164850734565,-30.455781985632402
1747.1648507345624,-20.283230704858646
1747.164850734562,-13.9977356462161
1747.1648507345624,-44.15495180555908
1747.164850734565,-38.59157765774513
1747.1648507345587,-14.525430315086712
1747.1648507345612,-12.027993329600358
1747.1648507345656,-12.494672732943135
1747.16485073457,-22.004626958679136
1747.1648507345594,-13.439634573169792
1747.1648507345624,-25.202803127935304
1747.164850734565,-31.654405462600916
1747.1648507345592,-17.31298657430861
1747.1648507345612,-17.588449049305552
1747.1648507345656,-15.911152468139619
1747.1648507345635,-11.537998212914868
1747.1648507345617,-45.769667013364305
1747.1648507345667,-13.069847791331474
1747.1648507345637,-14.308284208594477
1747.1648507345637,-18.99250613933799
1747.164850734567,-17.88173440947995
1747.1648507345667,-9.461636494422535
1747.1648507345649,-30.344231551437908
1747.164850734567,-60.18458366970292
1747.1648507345674,-13.565321301456043
1747.1648507345726,-13.629410250592267
1747.164850734567,-25.316239408305023
1747.1648507345587,-17.01656893633307
1747.1648507345683,-11.816297729123033
1747.164850734573,-19.780475778303842
1747.1648507345624,-13.978844839122138
1747.1648507345599,-24.891803542904686
1747.1648507345594,-11.730965415554232
1747.164850734563,-23.07471145003711
1747.164850734565,-18.934453158816705
1747.1648507345635,-48.834851451090415
1747.164850734567,-33.11656036408743
1747.1648507345637,-34.66447900371842
1747.1648507345687,-20.822334549731845
1747.164850734562,-28.17336827311181
1747.164850734562,-45.219765610111246
1747.1648507345637,-17.360928098901685
1747.1648507345658,-22.757753838652672
1747.16485073456,-30.150092786524592
1747.1648507345658,-20.406608699234773
1747.1648507345599,-19.9931922260509
1747.1648507345599,-26.831922817177308
1747.164850734565,-17.60189410051829
1747.1648507345676,-12.994786619525108
1747.1648507345649,-19.397961331298823
1747.164850734568,-17.321591310237523
1747.1648507345637,-11.997510508139722
1747.1648507345624,-14.764579968209551
1747.164850734562,-32.248204836377695
1747.1648507345642,-20.765079843736007
1747.1648507345606,-8.825935497051965
1747.1648507345612,-33.21736232660736
1747.1648507345635,-14.502289747520559
1747.1648507345662,-27.227726075442384
1747.16485073457,-28.968061889871787
1747.1648507345674,-33.16104782632568
1747.1648507345635,-37.91039906501032
1747.1648507345637,-38.39005520973657
1747.1648507345662,-43.282947125124785
1747.1648507345658,-59.88892657012944
1747.1648507345626,-12.824730567570233
1747.1648507345635,-21.224727432869862
1747.1648507345662,-19.603215441493376
1747.1648507345662,-22.868753837739742
1747.164850734565,-19.141622059517744
1747.1648507345656,-30.444722954926256
1747.1648507345708,-20.918600960972398
1747.1648507345635,-18.818159275145433
1747.1648507345694,-13.014795222196565
1747.1648507345606,-16.80386429076779
1747.1648507345635,-31.229000173211137
1747.1648507345637,-27.868478727221785
1747.1648507345662,-25.212618575427292
1747.1648507345662,-32.01683206660173
1747.1648507345649,-20.872839529405702
1747.1648507345606,-14.211278380831926
1747.1648507345626,-26.550428717115064
1747.1648507345587,-20.691049895062186
1747.1648507345624,-28.726811108856854
1747.1648507345658,-50.85968195483183
1747.1648507345687,-12.610509200846915
1747.1648507345617,-26.0106029031319
1747.1648507345612,-18.896691487425933
1747.1648507345676,-21.347980285418746
1747.1648507345626,-17.71156452206219
1747.1648507345617,-13.888767848500189
1747.1648507345624,-21.30403698342384
1747.1648507345635,-18.97258513229496
1747.1648507345637,-35.54811367507448
1747.1648507345635,-40.06856128769262
1747.1648507345662,-20.960316823584378
1747.1648507345687,-24.031790129752224
1747.1648507345683,-11.545572360645659
1747.164850734567,-16.575955476851416
1747.1648507345706,-18.60607225622906
1747.164850734568,-29.679199461288437
1747.1648507345674,-38.829238278992435
1747.164850734563,-13.814816940820766
1747.1648507345617,-21.570255591551728
1747.164850734568,-31.896666781781935
1747.1648507345635,-28.988076493336212
1747.164850734565,-19.21730213404794
1747.1648507345594,-20.9865685116643
1747.1648507345687,-28.11413221549937
1747.164850734567,-24.29063106132356
1747.164850734567,-48.35973532481868
1747.1648507345637,-61.83107129144253
1747.1648507345662,-18.894450364768176
1747.164850734561,-13.241397078520922
1747.1648507345687,-25.308627055342175
1747.1648507345649,-12.802796694345922
1747.1648507345599,-19.197413539301152
1747.1648507345662,-32.381209305706236
1747.1648507345687,-40.131837490218494
1747.164850734567,-25.514401994174353
1747.16485073456,-26.472509163267315
1747.16485073456,-14.029110807930028
1747.164850734562,-22.82284488005586
1747.1648507345637,-13.447126063761186
1747.164850734567,-7.530079581918393
1747.164850734569,-34.367007686092506
1747.1648507345656,-14.519028884788835
1747.1648507345649,-12.25616724714564
1747.1648507345642,-19.209602485483416
1747.1648507345617,-30.066066019176485
1747.164850734565,-14.03199962259043
1747.1648507345706,-36.772848735442956
1747.1648507345676,-17.33376894394497
1747.1648507345624,-37.563850829385146
1747.1648507345635,-17.91762419593735
1747.164850734568,-25.090633506067206
1747.1648507345676,-15.918897688111732
1747.164850734561,-31.810564222461274
1747.1648507345667,-12.444937688091668
1747.1648507345606,-22.788899075350685
1747.1648507345667,-49.12188294036592
1747.164850734567,-34.925122282524406
1747.1648507345617,-14.330899157297134
1747.1648507345606,-29.123888761076
1747.1648507345674,-20.568753404050142
1747.1648507345676,-16.209292052895677
1747.1648507345635,-40.72126358378563
1747.1648507345626,-16.602247337099183
1747.1648507345667,-28.970117779842546
1747.164850734562,-29.991256400223637
1747.1648507345683,-23.330858577821058
1747.1648507345612,-14.72060799655013
1747.1648507345624,-14.462975433994227
1747.1648507345594,-26.609725924729716
1747.1648507345624,-22.61678017380069
1747.164850734565,-35.34228943823812
1747.1648507345635,-17.376749187260874
1747.1648507345612,-11.753509038441134
1747.1648507345658,-20.996436223969024
1747.1648507345642,-11.915451956128722
1747.1648507345662,-20.835672651779465
1747.1648507345617,-26.84437109167342
1747.1648507345649,-23.494122112105458
1747.1648507345642,-18.82473227007939
1747.1648507345642,-28.501305250013292
1747.1648507345587,-16.93579574655886
1747.1648507345606,-26.287525587164566
1747.1648507345576,-24.421929736502186
1747.164850734565,-15.804172850779445
1747.1648507345637,-25.25930608838775
1747.1648507345694,-16.491610363411844
1747.16485073457,-88.08985781666087
1747.1648507345635,-103.70471296275964
1747.164850734562,-27.714771742682892
1747.1648507345658,-39.166537484757505
1747.164850734562,-16.125346865331213
1747.1648507345617,-16.895204609997354
1747.164850734565,-47.66708715707877
1747.1648507345624,-21.59990651923285
1747.1648507345594,-20.983683547948957
1747.1648507345626,-25.880239947068674
1747.164850734568,-21.75253108478271
1747.164850734567,-12.104936910321209
1747.164850734565,-14.35949868324553
1747.1648507345656,-19.508482457902833
1747.1648507345635,-16.462304687358564
1747.1648507345642,-15.610415378791265
1747.1648507345637,-13.33791172172751
1747.1648507345683,-14.657772125336871
1747.164850734568,-35.01006045887589
1747.1648507345606,-18.289618438333243
1747.1648507345656,-51.28818152115821
1747.1648507345656,-14.49873300237329
1747.1648507345656,-27.29455944743247
1747.164850734567,-26.45038558927023
1747.1648507345667,-22.869262261265625
1747.1648507345626,-19.880827122071583
1747.1648507345649,-16.33821128126438
1747.164850734568,-18.99891529935977
1747.164850734562,-24.666168441825487
1747.1648507345642,-19.657196540512935
1747.1648507345585,-37.55463505826875
1747.164850734561,-21.973828432802964
1747.16485073457,-27.531246087168594
1747.164850734563,-18.06640155119944
1747.1648507345635,-30.6117109010623
1747.1648507345737,-32.55993205150138
1747.164850734565,-26.975489226958338
1747.164850734563,-21.396567279633224
1747.1648507345612,-13.458563553814159
1747.1648507345649,-10.949771424533559
1747.1648507345715,-46.0171028010564
1747.1648507345635,-21.322200719391518
1747.1648507345594,-19.293518027101744
1747.1648507345642,-31.166050609442607
1747.1648507345674,-12.573411925790994
1747.1648507345708,-18.428794560880355
1747.164850734565,-24.76457407985603
1747.1648507345617,-19.090858686194416
1747.1648507345674,-22.93384557821713
1747.164850734569,-33.1879723800004
1747.164850734563,-12.44309592739565
1747.164850734562,-24.29394273126459
1747.1648507345649,-17.59253128395185
1747.1648507345656,-25.37611907429963
1747.1648507345676,-21.101982399620006
1747.164850734562,-20.959165744947704
1747.1648507345662,-16.253544659279743
1747.164850734573,-12.492962429901011
1747.1648507345585,-18.573066259342696
1747.1648507345658,-15.090765461848644
1747.1648507345706,-15.902329838245647
1747.1648507345635,-42.69177475284152
1747.1648507345676,-57.35603686719018
1747.1648507345724,-23.249492051153318
1747.1648507345674,-10.817952199591154
1747.164850734562,-23.098606047148138
1747.1648507345635,-40.77829966525837
1747.1648507345656,-24.205871203743914
1747.1648507345599,-21.844107968683847
1747.1648507345617,-35.684502572929624
1747.164850734567,-16.88457321040416
1747.1648507345724,-31.407424656897575
1747.1648507345587,-13.687339590215958
1747.1648507345667,-41.08242754548394
1747.1648507345642,-26.192120464603335
1747.1648507345662,-17.392381452266793
1747.1648507345624,-22.075881172026136
1747.1648507345687,-26.08681347550045
1747.164850734565,-25.72174630539148
1747.1648507345687,-16.22568713820653
1747.164850734562,-18.346808508794126
1747.1648507345649,-16.039020799016203
1747.1648507345599,-27.03222847692403
1747.1648507345708,-19.826462670852113
1747.1648507345687,-12.177480754571974
1747.1648507345687,-19.995749857762597
1747.164850734565,-11.073289161027025
1747.1648507345612,-13.195336572185717
1747.1648507345599,-14.23417559983243
1747.1648507345676,-16.93878033606971
1747.1648507345642,-12.859955720435618
1747.1648507345599,-8.616115858439716
1747.1648507345658,-19.2946758923945
1747.1648507345626,-36.060595296558965
1747.1648507345635,-17.493833792321396
1747.164850734563,-24.601899935601825
1747.1648507345706,-15.39616774607355
1747.164850734565,-36.409082876899326
1747.16485073456,-14.611301395549667
1747.1648507345637,-18.05555508950319
1747.1648507345624,-10.52707877731179
1747.1648507345626,-34.70694166430634
1747.164850734563,-21.51863588525563
1747.1648507345606,-21.907690555767463
1747.1648507345662,-18.187220812200817
1747.1648507345656,-27.513299059027375
1747.1648507345587,-32.57875849358639
1747.164850734569,-18.870769256791853
1747.164850734563,-23.42999189470209
1747.1648507345617,-22.362562674064574
1747.1648507345587,-15.680878514176452
1747.1648507345683,-13.467675155251174
1747.1648507345649,-13.254733568439809
1747.1648507345626,-23.19311285184439
1747.164850734562,-40.709190444315965
1747.1648507345683,-24.57126774881818
1747.1648507345635,-25.132039812562475
1747.1648507345656,-43.849163910732614
1747.1648507345587,-13.264493447919095
1747.164850734573,-13.524636915154026
1747.1648507345599,-14.593695972326593
1747.1648507345626,-40.918535006054626
1747.164850734573,-19.92834992024924
1747.164850734565,-17.61438951883776
1747.164850734561,-16.13174996934089
1747.1648507345656,-61.31884152769218
1747.1648507345637,-13.51937021084986
1747.16485073456,-15.91585117858517
1747.1648507345667,-28.399155481356797
1747.164850734574,-24.568824494369235
1747.164850734561,-23.60357439307814
1747.1648507345649,-20.852232714747814
1747.164850734562,-20.55471841057575
1747.1648507345674,-19.122974087053624
1747.1648507345637,-48.51298362178702
1747.164850734568,-12.642767708513638
1747.1648507345626,-14.793101361140021
1747.1648507345658,-38.71260833879846
1747.16485073456,-32.98730812913331
1747.1648507345658,-17.069771526802384
1747.164850734568,-36.910971297772704
1747.164850734563,-10.281422644590295
1747.164850734563,-16.894832169495903
1747.164850734565,-17.828823215848928
1747.164850734562,-41.89569387493171
1747.1648507345592,-10.35796090751398
1747.1648507345594,-14.914381197597843
1747.1648507345662,-27.118586229699176
1747.164850734562,-20.6152065570043
1747.164850734561,-17.529185026582937
1747.1648507345585,-31.094802530270453
1747.1648507345612,-15.748881676869237
1747.164850734565,-42.06016679981063
1747.164850734563,-21.308215849568516
1747.1648507345667,-25.511306713332104
1747.164850734565,-16.338280395263112
1747.1648507345662,-18.688594549663286
1747.1648507345649,-19.05607295563989
1747.164850734567,-13.147358753073116
1747.1648507345649,-28.33049481334372
1747.1648507345626,-15.296591648651011
1747.164850734569,-18.71005248972618
1747.1648507345606,-33.02858419354842
1747.1648507345617,-17.553607312106397
1747.1648507345637,-17.253994752641436
1747.164850734561,-38.33049124838971
1747.164850734561,-13.595327509057014
1747.1648507345617,-9.294863075997169
1747.1648507345624,-23.239814931860025
1747.1648507345617,-46.816821203905434
1747.1648507345626,-14.04274401861606
1747.1648507345637,-12.894241305863407
1747.1648507345658,-17.581456489641358
1747.1648507345642,-24.465993845906407
1747.164850734567,-23.75735915943383
1747.164850734563,-40.61423024504469
1747.1648507345683,-19.059153135813318
1747.164850734557,-24.893181087437892
1747.1648507345658,-14.773505296749697
1747.1648507345667,-27.045352367037832
1747.1648507345662,-22.369260261167135
1747.16485073457,-25.772230425476216
1747.1648507345599,-22.925673735533326
1747.164850734565,-20.47659483672182
1747.1648507345606,-28.859666141488745
1747.164850734567,-15.38521761653972
1747.1648507345635,-23.09016002402674
1747.1648507345642,-23.709488306582507
1747.1648507345674,-25.68145353320366
1747.1648507345637,-10.624659059758718
1747.1648507345656,-24.18414091455129
1747.1648507345642,-15.12926449931663
1747.1648507345649,-16.755972942630372
1747.1648507345656,-18.481318045381148
1747.1648507345649,-25.80496610199231
1747.164850734565,-22.500152371797377
1747.1648507345626,-21.074277906097816
1747.164850734563,-30.67708036338298
1747.164850734562,-31.854729245793205
1747.1648507345626,-35.588799746463565
1747.1648507345649,-14.579348500501702
1747.1648507345637,-18.405192391847645
1747.1648507345626,-19.851980905693186
1747.164850734561,-20.388603029245232
1747.1648507345662,-21.199676360282893
1747.1648507345624,-17.87885087130912
1747.1648507345658,-25.19397393175967
1747.1648507345626,-28.39761296849196
1747.1648507345649,-26.89438632963701
1747.1648507345642,-15.605451170119997
1747.1648507345612,-8.261365577562941
1747.1648507345649,-10.812496572332513
1747.1648507345606,-50.631352007503025
1747.16485073457,-17.14221290446846
1747.164850734569,-18.730947528736415
1747.164850734565,-10.591460863128892
1747.1648507345642,-15.694688289921901
1747.1648507345667,-31.82156295490805
1747.1648507345656,-11.458510627338493
1747.1648507345617,-36.63808606688869
1747.1648507345592,-11.491689029234111
1747.1648507345674,-20.464074422932896
1747.1648507345662,-16.350661092590922
1747.1648507345674,-16.071558610023324
1747.164850734563,-18.982688624050585
1747.1648507345635,-15.14821278637983
1747.16485073457,-15.69087899503586
1747.1648507345676,-34.7049235205803
1747.1648507345662,-38.3937542285172
1747.1648507345683,-22.54190896903492
1747.164850734563,-9.363371905070519
1747.1648507345662,-19.746508082050987
1747.1648507345624,-45.18716213759988
1747.1648507345662,-23.947476943025546
1747.1648507345676,-15.072759986062511
1747.1648507345635,-9.914138901553883
1747.1648507345642,-39.700311921396604
1747.1648507345599,-19.712663800081113
1747.1648507345712,-14.58980137991591
1747.1648507345676,-13.235322593231505
1747.1648507345624,-18.174753540166915
1747.1648507345674,-18.49598051273068
1747.164850734562,-21.1949984023424
1747.1648507345715,-19.237238034337995
1747.164850734567,-23.662405469774107
1747.164850734568,-15.335525045837933
1747.164850734561,-8.004855463421398
1747.1648507345662,-16.34619667501589
1747.1648507345667,-32.7545843801013
1747.1648507345656,-19.76845599069975
1747.164850734567,-30.412858333014274
1747.164850734565,-18.05392051133441
1747.1648507345674,-27.324998362387078
1747.1648507345592,-23.918554792735904
1747.1648507345699,-22.440522178090763
1747.1648507345667,-16.093985542955355
1747.1648507345626,-19.552564667965626
1747.1648507345667,-28.12132165842629
1747.1648507345635,-35.1178708397514
1747.1648507345562,-21.273209319177518
1747.1648507345667,-16.5503733838613
1747.1648507345635,-38.30971759072506
1747.1648507345599,-15.641428572316137
1747.1648507345699,-34.79571869414554
1747.1648507345699,-17.182103001793557
1747.1648507345635,-30.843569367618347
1747.1648507345637,-12.855223609303494
1747.1648507345687,-15.49597449260548
1747.164850734563,-16.544882921950016
1747.1648507345683,-31.84736354522968
1747.1648507345662,-30.669371001300625
1747.164850734563,-19.81248019673918
1747.1648507345715,-31.471910777693594
1747.1648507345683,-14.851498079334682
1747.1648507345656,-28.38682239935081
1747.164850734562,-26.402557498613422
1747.1648507345699,-19.265048458895777
1747.1648507345649,-24.070518972914215
1747.164850734565,-46.99835414823282
1747.1648507345612,-18.789380150967265
1747.1648507345667,-18.46169131278214
1747.164850734565,-15.847483528285006
1747.1648507345599,-31.55881790731099
1747.1648507345635,-19.961393628858616
1747.1648507345656,-22.222833287530065
1747.164850734569,-11.803230399981482
1747.1648507345642,-13.789685333711468
1747.1648507345656,-16.825566643230868
1747.1648507345626,-16.33424189254789
1747.164850734567,-15.390970060621692
1747.1648507345642,-27.843556355910582
1747.1648507345658,-33.43252879892198
1747.164850734569,-23.45249232187504
1747.1648507345667,-18.318713359776506
1747.1648507345667,-22.927971704071968
1747.1648507345674,-20.05893671817784
1747.164850734561,-14.509818131061447
1747.1648507345656,-13.676907563636748
1747.164850734567,-16.347265471304144
1747.1648507345708,-12.805708286536715
1747.1648507345667,-46.50044847476531
1747.1648507345624,-26.419828051556948
1747.164850734568,-13.881776637116708
1747.1648507345662,-19.226001653314725
1747.164850734565,-15.559269167523393
1747.1648507345626,-22.25359322545418
1747.1648507345637,-12.467914362298227
1747.1648507345635,-9.649496457452287
1747.1648507345635,-31.183965098386935
1747.1648507345642,-25.378872475440822
1747.1648507345576,-18.539152259741247
1747.164850734565,-27.341892742211744
1747.1648507345649,-27.11736671843308
1747.164850734561,-11.890921093327199
1747.164850734568,-17.492096800062367
1747.1648507345642,-23.577019566847326
1747.164850734565,-28.77422282988642
1747.164850734561,-25.941816503025667
1747.1648507345712,-11.390157692299372
1747.1648507345635,-24.062936896089056
1747.1648507345662,-24.977226748808818
1747.1648507345662,-23.73891055322653
1747.1648507345658,-24.137537429254568
1747.1648507345624,-32.565851930459935
1747.1648507345649,-20.100132594160698
1747.1648507345658,-12.587631958999868
1747.1648507345662,-17.18879103421383
1747.1648507345683,-10.42206263205991
1747.164850734568,-30.380809523528622
1747.1648507345626,-19.597384602435515
1747.1648507345699,-11.934865404268423
1747.1648507345676,-16.05578948420943
1747.1648507345712,-34.23523360484161
1747.164850734565,-24.341645996248605
1747.164850734565,-25.064043676598768
1747.1648507345674,-12.066870912525756
1747.1648507345676,-12.817685485898437
1747.1648507345662,-20.80286558000804
1747.1648507345642,-44.5984875864095
1747.1648507345635,-16.277036218836535
1747.1648507345658,-15.414449670667816
1747.1648507345617,-21.953250688252304
1747.164850734565,-24.35559764774252
1747.1648507345594,-27.3636640582683
1747.164850734567,-29.05717017619569
1747.1648507345674,-17.218937175812655
1747.1648507345626,-19.777150698419444
1747.1648507345656,-31.177484468149046
1747.1648507345642,-48.758822686927346
1747.1648507345635,-15.843380305839434
1747.164850734568,-23.40634151986724
1747.164850734568,-19.100360024306312
1747.164850734562,-32.33500663019019
1747.164850734568,-17.67738488198098
1747.1648507345637,-18.309101511403036
1747.1648507345637,-13.352330078294782
1747.164850734565,-42.809771878312326
1747.1648507345587,-16.57640799361109
1747.1648507345687,-20.637763189942973
1747.164850734563,-24.89248142011046
1747.1648507345637,-45.54447039051707
1747.1648507345726,-17.819937049626795
1747.1648507345662,-27.651596358424662
1747.1648507345635,-24.183226187514624
1747.1648507345599,-15.498208042514683
1747.1648507345626,-14.754975554022693
1747.1648507345687,-23.707376323012593
1747.1648507345637,-22.894004542528055
1747.1648507345642,-18.777996489554237
1747.1648507345624,-52.543827924261564
1747.1648507345612,-10.935659054179146
1747.1648507345635,-31.708859996755844
1747.1648507345649,-17.856014784940264
1747.164850734561,-22.10832179285383
1747.1648507345676,-24.933849453417128
1747.164850734567,-40.59321787830995
1747.1648507345667,-21.350029523161325
1747.1648507345637,-19.95362060462602
1747.164850734567,-19.993791303515394
1747.1648507345642,-12.964368859201755
1747.1648507345635,-25.913251471811833
1747.1648507345642,-16.768576751130503
1747.1648507345626,-29.030518868176348
1747.164850734568,-13.46632925332369
1747.1648507345617,-19.737247154456114
1747.164850734563,-17.53320987009265
1747.1648507345624,-14.485643254722417
1747.1648507345626,-14.110447461485684
1747.1648507345624,-14.804572840304683
1747.1648507345617,-28.082924711861466
1747.164850734565,-12.767234160583929
1747.1648507345637,-15.733463886321145
1747.164850734567,-26.976935227966187
1747.1648507345594,-23.454936371148204
1747.1648507345617,-14.622348128490206
1747.1648507345635,-29.52322519141777
1747.1648507345662,-21.261416072371077
1747.164850734565,-27.785235977524653
1747.1648507345642,-19.713944594720097
1747.1648507345624,-27.307340197503553
1747.1648507345585,-12.904115758892438
1747.1648507345658,-33.03779845820227
1747.1648507345606,-10.718966847686698
1747.1648507345624,-32.924999651796185
1747.164850734565,-39.89213821373304
1747.1648507345599,-22.012192585631812
1747.1648507345592,-17.41211606995117
1747.16485073456,-17.67544151475638
1747.1648507345676,-15.510792109123814
1747.1648507345635,-17.05394962907412
1747.16485073456,-22.394378157025656
1747.1648507345683,-27.605809443575204
1747.164850734561,-24.516010151383423
1747.1648507345624,-52.262172342224844
1747.1648507345683,-29.649398529217624
1747.1648507345642,-30.065800627690347
1747.164850734569,-34.500320487843325
1747.164850734565,-31.98747525368411
1747.1648507345656,-18.880348426560104
1747.1648507345587,-16.58416433886471
1747.1648507345612,-18.122697922063256
1747.164850734565,-21.934131451615794
1747.1648507345612,-24.430341575538637
1747.1648507345656,-20.616300614728587
1747.1648507345637,-10.725509602459217
1747.1648507345626,-17.290103127712612
1747.1648507345617,-38.954471359361506
1747.1648507345674,-20.818747252542966
1747.1648507345624,-18.511139604958395
1747.1648507345649,-18.889329714812728
1747.164850734565,-34.57600422178846
1747.164850734567,-30.11939078834043
1747.1648507345642,-23.387241162838155
1747.164850734563,-10.999583133958595
1747.1648507345662,-45.77530828798503
1747.1648507345656,-24.90630257726796
1747.1648507345656,-23.780795304528045
1747.1648507345649,-16.896184839501217
1747.1648507345662,-29.562692396053315
1747.1648507345624,-33.38901451777047
1747.1648507345676,-24.124687634497437
1747.1648507345587,-12.302785548738642
1747.1648507345642,-50.38999294623741
1747.1648507345635,-14.975370261747333
1747.1648507345617,-13.389766236412054
1747.164850734569,-16.20448763728162
1747.1648507345642,-15.864447263726477
1747.1648507345635,-15.232459791045109
1747.1648507345612,-17.40370396463831
1747.1648507345683,-15.293795832745555
1747.164850734568,-21.714083775767982
1747.1648507345658,-31.005348154536506
1747.1648507345694,-23.655562989920202
1747.1648507345676,-16.868216790029436
1747.1648507345599,-14.476887783804695
1747.1648507345626,-35.296570450894045
1747.1648507345687,-18.813356910758884
1747.1648507345687,-22.692902631019408
1747.164850734562,-36.4977943290916
1747.1648507345676,-12.894072654243383
1747.164850734562,-33.218749125759814
1747.164850734568,-27.133328305799832
1747.1648507345617,-9.2539605748051
1747.1648507345656,-32.96026990641313
1747.1648507345708,-29.578187620192903
1747.1648507345687,-10.599354868204134
1747.164850734563,-23.001348022531168
1747.1648507345662,-14.134597799349653
1747.1648507345658,-32.01487634894108
1747.164850734565,-28.414878338066945
1747.1648507345617,-14.791400124705001
1747.164850734563,-8.839409740342584
1747.1648507345656,-18.34066822437604
1747.164850734556,-39.03958981525047
1747.1648507345674,-25.23742749343274
1747.1648507345662,-32.07784040825728
1747.1648507345662,-29.088572014344123
1747.1648507345626,-27.962993511965045
1747.1648507345687,-21.474614804307574
1747.164850734569,-71.38797728345298
1747.1648507345656,-22.99536228076823
1747.164850734565,-29.68039705838445
1747.1648507345642,-12.296970386116637
1747.164850734567,-21.96450823630629
1747.1648507345694,-27.87855371188439
1747.1648507345676,-34.66867626612988
1747.1648507345637,-19.671712792907645
1747.1648507345617,-26.721866181380577
1747.1648507345649,-13.933245096605699
1747.1648507345662,-32.44161111370147
1747.1648507345592,-33.65199538218593
1747.1648507345642,-18.141061454107106
1747.1648507345656,-9.710779141189791
1747.1648507345658,-19.265059149357576
1747.1648507345662,-11.02766087756011
1747.1648507345637,-21.090630861934233
1747.1648507345649,-24.392288731246584
1747.1648507345594,-21.93276466763857
1747.164850734567,-30.629503268738308
1747.1648507345649,-15.169196469121745
1747.1648507345715,-39.848676488838535
1747.1648507345642,-25.217731415389018
1747.164850734565,-22.233170920817177
1747.1648507345649,-14.567068572245773
1747.1648507345656,-17.576057591639284
1747.1648507345687,-12.76862039378844
1747.1648507345642,-12.135935653739839
1747.1648507345592,-44.853459800136996
1747.1648507345617,-17.837107641768167
1747.164850734565,-11.10726340628499
1747.1648507345642,-12.828735344592024
1747.1648507345626,-19.1914386523888
1747.1648507345662,-12.359382813522648
1747.164850734561,-32.06594004363442
1747.164850734562,-9.385404191161753
1747.1648507345699,-16.385932292881243
1747.164850734563,-10.851803928352052
1747.164850734563,-35.79549913883072
1747.1648507345662,-12.510900782397929
1747.1648507345624,-29.06694515862087
1747.1648507345637,-16.76564737582605
1747.16485073456,-29.370543226865603
1747.16485073456,-26.01518059589577
1747.1648507345635,-13.308320204071652
1747.164850734569,-35.438923702485475
1747.1648507345617,-31.217886467700236
1747.1648507345637,-13.212062754004657
1747.16485073456,-18.82085344846805
1747.164850734562,-16.671466116072768
1747.1648507345635,-13.128525450764961
1747.164850734562,-44.95399261761295
1747.164850734565,-21.625689830992474
1747.1648507345656,-23.00770810283394
1747.1648507345649,-43.09177792942179
1747.164850734565,-20.982423277182438
1747.1648507345662,-19.151082205368613
1747.1648507345708,-22.823136347110616
1747.164850734562,-17.167557328907147
1747.164850734562,-15.542575116647898
1747.164850734563,-19.91166643658886
1747.164850734568,-21.75481436471881
1747.164850734565,-24.479058615779053
1747.1648507345585,-25.22983761347342
1747.1648507345674,-17.913185725725654
1747.1648507345708,-19.586668754758602
1747.1648507345642,-18.06549392766971
1747.1648507345606,-24.60296055000925
1747.1648507345624,-20.17152978212169
1747.1648507345606,-13.640258497420968
1747.164850734563,-23.247688766813628
1747.1648507345656,-26.465041475191526
1747.1648507345637,-21.6099266488412
1747.1648507345574,-15.375964452498417
1747.1648507345694,-13.079052963290286
1747.1648507345637,-14.935425259328703
1747.1648507345635,-20.12226105747117
1747.1648507345642,-16.855751225911263
1747.1648507345635,-12.83753398206299
1747.1648507345667,-28.28182232859806
1747.1648507345642,-8.611933905974793
1747.1648507345706,-28.35890420767312
1747.1648507345676,-19.569475330337692
1747.164850734565,-28.21538173866508
1747.164850734563,-32.06296969670368
1747.1648507345676,-24.169440409717065
1747.164850734562,-50.19275247126044
1747.164850734562,-16.60135954000737
1747.1648507345649,-34.19746976658208
1747.1648507345667,-24.12624007766407
1747.1648507345656,-31.232270468545597
1747.1648507345676,-20.496752955903403
1747.1648507345617,-13.90934073548014
1747.164850734569,-19.324539698734604
1747.1648507345594,-17.54106697462899
1747.1648507345667,-17.770170488911845
1747.1648507345585,-26.715011233725626
1747.1648507345626,-11.463726375813826
1747.1648507345649,-53.636360891826186
1747.1648507345635,-18.376050946714013
1747.1648507345642,-12.409541446266596
1747.1648507345635,-12.547037689005835
1747.1648507345626,-17.23023371911307
1747.164850734573,-14.335734938706283
1747.164850734567,-19.067179003896197
1747.16485073456,-30.265326343611765
1747.1648507345667,-73.725333968917
1747.164850734562,-19.40075769991741
1747.1648507345592,-12.202148714746636
1747.1648507345649,-19.381945809350327
1747.1648507345656,-13.06185375105284
1747.1648507345635,-25.967228039789376
1747.1648507345599,-21.587343989497658
1747.1648507345637,-18.592920925296383
1747.164850734567,-23.21709665886928
1747.1648507345649,-28.351661923572035
1747.1648507345662,-12.404785686567662
1747.1648507345606,-21.647402167845485
1747.1648507345642,-28.96285488989629
1747.1648507345656,-18.337831818395234
1747.1648507345683,-21.62118919267428
1747.1648507345617,-15.779991463489099
1747.1648507345649,-25.512850451490245
1747.1648507345635,-77.28290837656108
1747.164850734558,-23.02584076673833
1747.1648507345617,-19.30459496756087
1747.1648507345656,-19.669009448108614
1747.1648507345658,-15.164318850833158
1747.1648507345637,-12.753808879743891
1747.164850734563,-47.55925067470211
1747.1648507345706,-28.1576041419439
1747.1648507345642,-22.40615411262039
1747.1648507345649,-22.33249747108142
1747.164850734567,-12.23548037403225
1747.164850734562,-23.103993295336515
1747.1648507345587,-19.26691282067855
1747.1648507345708,-16.28408148584411
1747.1648507345656,-21.853523560244618
1747.164850734565,-23.530270631435368
1747.1648507345635,-29.19555486717318
1747.164850734573,-52.18348360037625
1747.1648507345617,-14.006090070744046
1747.1648507345626,-12.135134070177815
1747.164850734568,-22.268131970430836
1747.164850734561,-27.18879855507558
1747.164850734562,-17.82826871818606
1747.1648507345642,-23.22027271590537
1747.1648507345599,-34.70715349886378
1747.1648507345617,-32.15449590261078
1747.1648507345635,-18.657709943779974
1747.1648507345637,-28.739200998519205
1747.1648507345635,-16.90740514412553
1747.164850734561,-18.76404028632942
1747.16485073456,-22.16279413876491
1747.1648507345553,-36.41236340169671
1747.1648507345676,-19.929286694364972
1747.1648507345637,-10.6678688148709
1747.1648507345642,-27.15322616959746
1747.1648507345662,-21.503818228123077
1747.1648507345656,-47.090611073648176
1747.164850734563,-38.62565025013731
1747.1648507345699,-16.912617718736424
1747.1648507345599,-22.620865036718808
1747.1648507345635,-35.38430317871641
1747.1648507345624,-10.994701057549253
1747.1648507345676,-12.702973886261336
1747.164850734563,-19.1584073228985
1747.1648507345649,-25.95188765872441
1747.1648507345662,-32.10189756196147
1747.1648507345658,-21.508306856829595
1747.164850734569,-21.356244111886227
1747.16485073457,-23.757272023022242
1747.1648507345635,-24.74182630061516
1747.1648507345606,-19.84680180122677
1747.1648507345585,-15.196633554450031
1747.1648507345694,-19.121895151113147
1747.1648507345658,-26.502524013173723
1747.1648507345642,-17.367763961870626
1747.164850734563,-31.511276584180237
1747.1648507345635,-22.050539732570122
1747.1648507345637,-45.28016579759614
1747.1648507345637,-10.90899695032381
1747.1648507345662,-24.327123543174242
1747.164850734567,-26.684355481717287
1747.1648507345662,-20.167721902750138
1747.1648507345612,-20.378195666098655
1747.1648507345592,-12.569318038511884
1747.164850734568,-28.506224750421804
1747.1648507345624,-14.668708251007157
1747.1648507345594,-12.127078946286355
1747.1648507345649,-18.002601315579696
1747.1648507345626,-17.68312671912257
1747.1648507345649,-12.025669850484961
1747.1648507345656,-27.5491078651873
1747.164850734569,-18.978179846079264
1747.1648507345687,-17.42643822457107
1747.164850734556,-20.329296570434774
1747.1648507345658,-27.67629708412051
1747.1648507345599,-24.19336856216344
1747.1648507345617,-31.483971201230567
1747.1648507345606,-20.90213470983874
1747.1648507345626,-11.262419957863639
1747.1648507345687,-12.493838725965
1747.164850734567,-33.92849192828555
1747.1648507345576,-36.545781263292874
1747.1648507345617,-20.19936534916176
1747.1648507345662,-11.401654268090827
1747.1648507345674,-18.665147820069716
1747.1648507345694,-23.048510941911328
1747.1648507345683,-12.976476255811912
1747.164850734563,-18.20298216392306
1747.1648507345674,-13.859482749527333
1747.1648507345617,-39.35013018491495
1747.1648507345617,-25.87708236979261
1747.1648507345676,-27.93878966932247
1747.1648507345662,-24.816861772224257
1747.16485073457,-20.367401695918858
1747.1648507345699,-17.117878921582314
1747.164850734568,-7.791061812906127
1747.164850734563,-16.4182963837
1747.1648507345626,-24.105297564143054
1747.1648507345626,-15.662625208556156
1747.1648507345617,-15.880011627584887
1747.1648507345658,-13.35107916549106
1747.1648507345656,-39.15918928506032
1747.1648507345658,-6.648363695923827
1747.164850734567,-23.749030091790203
1747.164850734569,-24.076004415134257
1747.1648507345624,-21.195607333317458
1747.164850734569,-21.526092325383097
1747.1648507345662,-16.42406177987327
1747.1648507345637,-19.469324523330563
1747.164850734562,-16.660593425556186
1747.1648507345667,-23.708304583121816
1747.1648507345708,-27.75016750882876
1747.1648507345635,-12.001062739044974
1747.1648507345656,-14.604388662367029
1747.164850734565,-52.417865362136155
1747.1648507345624,-12.290118605237828
1747.1648507345635,-42.3293723598779
1747.1648507345617,-13.86465150471853
1747.1648507345612,-25.870342314718574
1747.164850734563,-55.37435671269406
1747.1648507345635,-17.74631537823004
1747.1648507345606,-28.761985388562206
1747.164850734565,-36.61624153729694
1747.164850734562,-12.183161315343497
1747.164850734565,-12.162854083395802
1747.1648507345676,-32.59392024212572
1747.1648507345642,-16.363947122706893
1747.164850734563,-50.32216975775224
1747.1648507345599,-13.965070095659856
1747.1648507345642,-23.556954288246885
1747.1648507345606,-15.062884675096388
1747.1648507345642,-22.700296154592433
1747.1648507345624,-18.27246704144149
1747.1648507345637,-19.14618500413348
1747.164850734568,-17.002708760142156
1747.1648507345617,-22.96295714089146
1747.1648507345687,-36.90939800200432
1747.164850734568,-8.545738732948074
1747.1648507345617,-22.41124237159648
1747.164850734562,-18.66048708672404
1747.1648507345626,-40.129503801653435
1747.1648507345624,-28.449593166501707
1747.1648507345658,-18.36437868670763
1747.16485073456,-20.9486674300788
1747.1648507345626,-36.272635019987504
1747.1648507345637,-24.842528938301136
1747.1648507345687,-16.07633021441646
1747.164850734562,-11.746096647565953
1747.164850734567,-19.32445885521412
1747.1648507345694,-46.99961097268466
1747.164850734568,-17.314864794866953
1747.1648507345626,-26.06393256903288
1747.1648507345649,-14.685280800986277
1747.164850734567,-34.932626238378994
1747.164850734562,-14.79184366589599
1747.1648507345612,-21.63579185102124
1747.1648507345667,-15.292045594766158
1747.164850734563,-22.50804898086627
1747.1648507345674,-16.41938134655488
1747.1648507345687,-11.719098676699643
1747.1648507345635,-15.752175094576067
1747.1648507345683,-14.378824264730964
1747.1648507345637,-21.86592222517052
1747.1648507345649,-15.171059678694416
1747.1648507345612,-25.599926685135653
1747.16485073456,-16.524404818974666
1747.1648507345687,-15.657398779721547
1747.1648507345674,-15.726092343278763
1747.164850734561,-15.115914637484556
1747.1648507345626,-21.801291635233365
1747.1648507345606,-14.0597038810424
1747.164850734565,-25.784155780742275
1747.1648507345606,-21.304688184031402
1747.1648507345656,-54.68640132150006
1747.164850734565,-27.438589805489045
1747.1648507345624,-25.652867600381242
1747.1648507345649,-15.365008130493779
1747.1648507345662,-12.607980613835121
1747.1648507345674,-106.04504913411392
1747.164850734565,-16.762855333423083
1747.1648507345606,-47.02470513793473
1747.164850734561,-23.497698879106007
1747.1648507345637,-13.302478066578674
1747.1648507345585,-33.06541673799431
1747.1648507345624,-33.35844651142775
1747.1648507345656,-17.22705228649124
1747.164850734569,-19.245415643145503
1747.1648507345662,-22.669638499299214
1747.1648507345656,-15.488724540012736
1747.1648507345649,-21.572133297713254
1747.1648507345658,-35.85657663878856
1747.1648507345624,-14.642359483808995
1747.164850734567,-22.352992354656436
1747.1648507345612,-29.340112560218852
1747.1648507345658,-18.30321503519961
1747.1648507345624,-16.726046772251703
1747.1648507345656,-18.06702556159635
1747.1648507345642,-28.682608732002162
1747.164850734573,-14.807378720171718
1747.1648507345637,-27.534822533068205
1747.164850734563,-26.647565703106878
1747.1648507345637,-22.777215439121044
1747.1648507345617,-10.708843467014256
1747.1648507345683,-10.50073330107683
1747.1648507345612,-25.597739392645785
1747.1648507345637,-22.27518478061811
1747.164850734563,-25.683668755299337
1747.1648507345674,-12.927505067050141
1747.1648507345612,-17.357847508815226
1747.1648507345642,-16.405013841658565
1747.1648507345667,-30.000933425059095
1747.164850734562,-29.520613526714378
1747.1648507345635,-14.810129988017604
1747.1648507345624,-14.726778541022512
1747.1648507345667,-57.016125243756264
1747.1648507345656,-21.96327085460488
1747.16485073456,-17.5382337798544
1747.1648507345724,-11.687348987017796
1747.164850734568,-49.34003924616619
1747.1648507345606,-23.28379953196279
1747.164850734567,-36.10021749178428
1747.1648507345612,-16.786664893103413
1747.1648507345649,-33.783403104702984
1747.1648507345642,-16.77300052477148
1747.164850734568,-22.561198368071395
1747.1648507345642,-25.105994909960454
1747.1648507345706,-26.94348462351659
1747.1648507345606,-23.848342019261274
1747.16485073457,-41.931378701671285
1747.164850734567,-27.54170832788132
1747.1648507345637,-22.48349949078278
1747.164850734563,-21.287440270607238
1747.1648507345637,-18.408909424182305
1747.1648507345585,-17.944185104361946
1747.16485073457,-25.71496044786481
1747.164850734562,-23.765587155256775
1747.164850734567,-18.725136530221217
1747.1648507345635,-22.26854113919466
1747.1648507345624,-18.94926222690871
1747.1648507345676,-12.289505016944279
1747.1648507345642,-21.59247810089898
1747.164850734565,-17.061486693212494
1747.1648507345658,-38.71333945425994
1747.1648507345667,-31.61614634666871
1747.1648507345585,-18.401242781991314
1747.1648507345724,-29.175330148710763
1747.164850734565,-23.594024337147275
1747.1648507345594,-36.492743979150255
1747.1648507345624,-25.860242995054577
1747.16485073456,-18.097085180548206
1747.1648507345606,-23.624889326767427
1747.1648507345676,-22.219868514293882
1747.1648507345649,-11.385082141614632
1747.1648507345624,-17.878862545679375
1747.1648507345658,-18.854973279214494
1747.1648507345656,-36.1457499325424
1747.1648507345658,-10.26699451144361
1747.1648507345612,-32.35065880444649
1747.1648507345626,-27.926718996354676
1747.1648507345667,-18.307364320049587
1747.1648507345624,-10.200147270781375
1747.1648507345649,-13.099268459275695
1747.164850734565,-22.108006564287052
1747.1648507345658,-25.97270625883354
1747.1648507345612,-21.19140630749214
1747.1648507345694,-8.267966752656754
1747.164850734563,-12.668291124195658
1747.1648507345592,-15.327786166603987
1747.164850734565,-23.35263539451227
1747.16485073456,-51.64624298723622
1747.1648507345683,-15.86493537615813
1747.164850734565,-26.82495913255455
1747.164850734565,-10.158708567143519
1747.1648507345617,-18.45305489987578
1747.1648507345626,-14.599419640121614
1747.1648507345667,-21.001704794838734
1747.1648507345594,-16.13316781689033
1747.1648507345649,-29.628702491643683
1747.1648507345635,-29.7995399247244
1747.1648507345667,-17.433474177462575
1747.164850734561,-11.930750978686621
1747.1648507345706,-28.635682651131777
1747.1648507345635,-10.286162450495558
1747.164850734569,-31.240131981068824
1747.1648507345642,-23.392558033840828
1747.1648507345606,-11.949775601681486
1747.1648507345587,-33.062714725990205
1747.1648507345649,-17.372433807977902
1747.1648507345658,-21.8184096424795
1747.1648507345612,-17.564641845988994
1747.1648507345612,-26.138837555565196
1747.164850734565,-14.751294982842406
1747.1648507345624,-18.969454921097707
1747.164850734563,-20.461895291193485
1747.164850734565,-9.28221032323223
1747.1648507345606,-38.36184472824149
1747.1648507345699,-9.457050327332263
1747.1648507345642,-20.645989146630615
1747.1648507345656,-28.442723471169558
1747.1648507345649,-12.366812157324908
1747.1648507345612,-27.07016782715578
1747.1648507345687,-23.533975455229985
1747.16485073456,-34.375044401196234
1747.1648507345606,-14.952492643783643
1747.1648507345662,-15.49299911093159
1747.1648507345637,-17.938275913081682
1747.1648507345674,-11.854176813106596
1747.1648507345658,-32.7145516306868
1747.1648507345624,-16.44091656367424
1747.1648507345642,-22.298896602351732
1747.1648507345624,-25.885228214064682
1747.1648507345676,-17.11015680680234
1747.1648507345649,-22.956429521068145
1747.1648507345612,-19.86144345243316
1747.1648507345635,-23.966388956332985
1747.1648507345635,-15.121862450764223
1747.164850734563,-21.63738556708144
1747.164850734563,-24.841265036770004
1747.1648507345612,-19.205290318154393
1747.164850734563,-18.997438544418756
1747.1648507345637,-12.138760847329753
1747.1648507345662,-19.63812460010305
1747.164850734567,-23.750493163284208
1747.1648507345624,-37.55412750288845
1747.1648507345635,-14.344232515283146
1747.1648507345656,-15.193588627584969
1747.1648507345626,-15.413038493582611
1747.1648507345587,-19.277984939493695
1747.1648507345649,-23.392343197991174
1747.1648507345626,-22.659435781909526
1747.164850734561,-25.043543528940752
1747.1648507345656,-13.321090778144685
1747.1648507345637,-26.20712480442894
1747.1648507345612,-14.190782909934473
1747.1648507345624,-33.957028234308694
1747.1648507345635,-27.65915625641578
1747.1648507345737,-26.995460512847817
1747.1648507345658,-28.935843858435952
1747.1648507345576,-32.110094560743086
1747.1648507345674,-20.946756199037196
1747.1648507345624,-31.183623654122055
1747.1648507345642,-26.291216147197403
1747.1648507345667,-12.687131731927709
1747.1648507345626,-20.95775355126886
1747.164850734565,-24.257005127752933
1747.1648507345656,-13.028273302175725
1747.164850734562,-25.04819388267
1747.1648507345635,-17.656376096527822
1747.164850734562,-15.725433368517095
1747.1648507345606,-22.89975691625735
1747.1648507345683,-13.85711830382611
1747.164850734563,-22.173781312080024
1747.1648507345624,-19.286119832993744
1747.1648507345658,-36.15858367797812
1747.164850734558,-22.94643432809872
1747.1648507345658,-13.877915564893748
1747.1648507345606,-25.312832998569245
1747.1648507345576,-21.39448560422798
1747.1648507345667,-12.66007860374367
1747.1648507345612,-11.59496439267004
1747.1648507345642,-20.54425184520584
1747.1648507345658,-28.617408274012124
1747.164850734565,-15.072361548806903
1747.164850734569,-47.90722191663621
1747.1648507345642,-27.853242669134104
1747.1648507345656,-22.631976023999893
1747.1648507345606,-20.661653915091605
1747.1648507345637,-42.97488053977431
1747.164850734565,-19.070777556066332
1747.1648507345617,-21.51233485652205
1747.164850734567,-23.520272112467996
1747.164850734562,-33.59212672340914
1747.1648507345658,-17.0765176582635
1747.1648507345694,-20.799341575172225
1747.1648507345612,-14.996684215396595
1747.1648507345683,-19.02733842300053
1747.1648507345637,-23.97246428582268
1747.1648507345617,-26.90420959269112
1747.1648507345658,-28.513778865599733
1747.1648507345674,-24.34934125393106
1747.1648507345658,-45.24122218830528
1747.1648507345624,-22.070756684253436
1747.164850734562,-25.98777789512021
1747.1648507345683,-10.732335150419736
1747.1648507345612,-12.992542114723053
1747.164850734568,-24.8600416199667
1747.1648507345637,-9.489529043610876
1747.164850734565,-22.173318815131633
1747.1648507345635,-16.145127162840257
1747.164850734565,-16.251839916134887
1747.1648507345606,-23.582509114760615
1747.1648507345624,-30.510583692522637
1747.1648507345699,-34.08319278148619
1747.164850734563,-18.224623602631873
1747.164850734565,-12.013992240866385
1747.164850734567,-22.65796274131319
1747.1648507345626,-21.875753606949942
1747.164850734562,-16.440819564016486
1747.1648507345724,-12.998441417232565
1747.1648507345699,-18.177825955575386
1747.1648507345637,-12.66179098037884
1747.164850734565,-25.865183181943696
1747.1648507345658,-20.453012841964117
1747.1648507345683,-9.871399389604738
1747.1648507345649,-23.446334152516577
1747.1648507345637,-20.855211902243443
1747.1648507345667,-12.118920975448082
1747.1648507345712,-15.73195994741222
1747.164850734562,-10.556339256315681
1747.1648507345658,-23.055291153790613
1747.164850734563,-16.137990208255108
1747.164850734558,-33.645413928990514
1747.1648507345612,-20.62048573845382
1747.1648507345667,-16.781443089778534
1747.164850734567,-12.998076774952578
1747.1648507345712,-49.15503404811531
1747.1648507345624,-28.759994668588444
1747.1648507345708,-18.66424105351173
1747.164850734565,-27.3909187898457
1747.1648507345656,-20.431822219823044
1747.164850734563,-16.127408432846032
1747.164850734565,-22.1599707805719
1747.1648507345624,-20.35601019592785
1747.1648507345594,-22.609573160452324
1747.1648507345574,-24.131282134905437
1747.1648507345624,-19.7568444374713
1747.164850734562,-15.62434598737463
1747.16485073456,-27.052325189362747
1747.164850734563,-14.902314709163198
1747.164850734565,-53.18811236573969
1747.1648507345656,-23.693168597458257
1747.1648507345637,-18.936389225911796
1747.1648507345683,-12.839221858016595
1747.1648507345649,-17.728379624348445
1747.1648507345612,-15.265623840357303
1747.1648507345585,-37.158148397240915
1747.1648507345656,-12.561201919544168
1747.1648507345662,-28.177482114478416
1747.1648507345676,-19.32110496431107
1747.1648507345642,-21.800192348797513
1747.1648507345637,-20.500927282624723
1747.1648507345637,-37.63410689810752
1747.1648507345626,-11.739747476811555
1747.1648507345606,-28.443017239383263
1747.1648507345606,-28.05264523126032
1747.1648507345712,-10.55936617340865
1747.1648507345656,-25.957016730014608
1747.1648507345626,-37.23728425283463
1747.1648507345635,-20.863409876594623
1747.1648507345576,-24.464568429628105
1747.1648507345642,-39.10481190709153
1747.164850734565,-20.848210135617762
1747.1648507345637,-16.13435403635996
1747.164850734567,-18.061736847222893
1747.1648507345667,-27.4861439027151
1747.1648507345656,-25.9996608931003
1747.1648507345626,-13.123411437049473
1747.1648507345599,-21.989170495851383
1747.1648507345649,-33.515333443825504
1747.1648507345733,-35.6103732715011
1747.1648507345674,-13.683107512280696
1747.1648507345617,-28.048604379174197
1747.1648507345635,-11.054917509511505
1747.1648507345626,-11.09910489793841
1747.1648507345624,-23.799953727842965
1747.1648507345585,-30.21992726202126
1747.1648507345635,-38.00493418257196
1747.1648507345612,-34.25423699081295
1747.1648507345674,-21.762680074601505
1747.164850734562,-29.047473435078164
1747.1648507345667,-24.394572531779566
1747.164850734565,-15.682934794659218
1747.1648507345683,-15.557754130848581
1747.1648507345662,-13.120446298297516
1747.164850734562,-15.431559475448802
1747.1648507345656,-22.37688102260783
1747.1648507345658,-10.59754619053881
1747.164850734565,-23.41824991075697
1747.1648507345599,-24.476824016532202
1747.1648507345674,-15.323699527905232
1747.1648507345624,-26.40322423980831
1747.1648507345635,-18.3412400418887
1747.1648507345637,-48.351940352950926
1747.1648507345635,-10.383656427887832
1747.1648507345674,-22.410219800312102
1747.1648507345649,-19.208592263219018
1747.1648507345676,-17.849339722407
1747.164850734561,-15.833521086180625
1747.1648507345667,-11.976215449165988
1747.1648507345635,-24.056425922865092
1747.1648507345599,-15.380186923464843
1747.1648507345658,-12.280224764531763
1747.1648507345599,-12.614465391284243
1747.1648507345674,-24.33381501267439
1747.164850734561,-41.687900665962765
1747.1648507345626,-16.20628359333043
1747.1648507345617,-17.766434900739643
1747.1648507345617,-20.27598713852655
1747.1648507345667,-27.92763697670244
1747.1648507345617,-11.941346947916811
1747.1648507345706,-14.915098847239012
1747.1648507345637,-11.097759486722985
1747.1648507345674,-9.36959470362594
1747.16485073456,-24.872471047981488
1747.164850734563,-31.170065162517265
1747.164850734561,-26.033301790646412
1747.164850734562,-17.1462495922073
1747.164850734562,-26.14051665599654
1747.164850734567,-45.808251365672234
1747.1648507345683,-10.695668704243552
1747.1648507345606,-35.17282075058008
1747.164850734567,-23.979406615929484
1747.164850734562,-11.976671787663555
1747.1648507345649,-42.06546356705525
1747.1648507345706,-28.968533349003195
1747.164850734567,-35.026737454998035
1747.1648507345642,-33.322398052984205
1747.1648507345592,-20.30620295763712
1747.164850734567,-13.522703779851392
1747.1648507345637,-16.635147365323935
1747.1648507345712,-11.913441244951219
1747.164850734573,-25.11233102584639
1747.1648507345658,-22.055403834520448
1747.1648507345662,-20.782081585834035
1747.1648507345674,-21.776236824889136
1747.1648507345683,-14.35694756695835
1747.1648507345626,-37.651590496696016
1747.164850734562,-36.31090404532321
1747.1648507345642,-22.92223276856125
1747.1648507345624,-15.138606698097595
1747.1648507345624,-13.057804137216742
1747.1648507345626,-17.462396021577806
1747.1648507345674,-19.527888049764265
1747.1648507345587,-44.62916423885108
1747.1648507345637,-23.58622093000408
1747.1648507345674,-26.74052831418844
1747.1648507345658,-39.12768385408388
1747.1648507345626,-19.055024803011737
1747.1648507345599,-27.287951234834235
1747.164850734565,-24.505062518017127
1747.164850734563,-12.361549516763084
1747.1648507345642,-15.097116917414285
1747.1648507345649,-27.748474910389092
1747.1648507345699,-23.207534807129615
1747.164850734562,-16.607362747469413
1747.16485073456,-13.799038038377601
1747.1648507345642,-21.076769575976552
1747.164850734565,-23.3193402225154
1747.164850734569,-15.530693497273726
1747.1648507345649,-20.19577226394757
1747.1648507345676,-16.99067592480206
1747.1648507345674,-17.645433827869038
1747.1648507345656,-19.649356347482584
1747.1648507345674,-14.206212672469794
1747.164850734562,-15.077429475764797
1747.1648507345683,-15.311875379660563
1747.1648507345699,-15.943392304992196
1747.1648507345649,-20.454853444991425
1747.164850734565,-16.906638510122338
1747.1648507345599,-16.89003552438973
1747.164850734567,-41.21958290406192
1747.164850734569,-38.56432126082171
1747.1648507345637,-26.840120161780824
1747.164850734561,-24.139439420394428
1747.1648507345635,-47.9647189476909
1747.1648507345637,-27.233057071471865
1747.1648507345624,-20.46225016291599
1747.1648507345626,-24.201129175112367
1747.164850734565,-24.220571426647265
1747.1648507345626,-28.6929723342575
1747.1648507345649,-15.79516439346521
1747.1648507345676,-17.7872219326585
1747.1648507345674,-10.774318517908068
1747.1648507345617,-21.14424969011424
1747.164850734563,-19.438903210246856
1747.164850734561,-15.425723253992842
1747.1648507345706,-16.36642519852568
1747.1648507345574,-35.00859798740685
1747.1648507345676,-12.286228614454267
1747.164850734562,-17.947703696780202
1747.1648507345594,-17.741875859628916
1747.164850734562,-12.829476373836451
1747.1648507345637,-24.313462588697206
1747.1648507345626,-21.872630578657358
1747.1648507345674,-12.077652575777801
1747.1648507345687,-18.563462203737494
1747.1648507345635,-44.896718861998075
1747.1648507345649,-39.5106046445736
1747.164850734563,-10.279312402580512
1747.164850734565,-15.146593127069211
1747.1648507345617,-47.0223916400358
1747.164850734562,-10.48088697444309
1747.1648507345626,-34.38664689005837
1747.164850734565,-21.740526930565178
1747.1648507345649,-18.856067361711172
1747.1648507345674,-22.997223291077972
1747.1648507345626,-22.06327402668582
1747.1648507345642,-44.83998091625173
1747.164850734558,-22.57691578765517
1747.164850734567,-42.447787910914506
1747.1648507345556,-13.156494436709215
1747.164850734569,-33.63456615329219
1747.164850734563,-11.528682164184847
1747.164850734568,-17.43461633995937
1747.1648507345594,-26.46311270819516
1747.1648507345656,-37.31199158716816
1747.1648507345687,-15.247489332076617
1747.16485073456,-24.833580522509
1747.1648507345724,-20.56421121456519
1747.1648507345599,-25.18609819253179
1747.1648507345635,-23.590876627303782
1747.1648507345617,-19.810077430167794
1747.1648507345649,-18.74995985494363
1747.1648507345612,-15.404599984373899
1747.1648507345624,-16.976899177314277
1747.1648507345594,-17.863153536104715
1747.164850734568,-21.830689317135434
1747.1648507345683,-40.32589718043255
1747.164850734567,-20.26227292837011
1747.1648507345626,-23.830054050517095
1747.164850734567,-31.185512134863952
1747.1648507345649,-42.62031473637467
1747.1648507345624,-12.76478044994028
1747.1648507345674,-26.52305208821329
1747.164850734567,-18.174452141182865
1747.1648507345683,-51.87981932873702
1747.164850734567,-16.100504997262778
1747.164850734563,-21.56959846056987
1747.1648507345642,-41.83158004305227
1747.1648507345676,-28.313996059158864
1747.1648507345656,-17.791416468778447
1747.1648507345737,-21.08318238178256
1747.1648507345676,-27.81633029045711
1747.1648507345637,-79.26278681957447
1747.1648507345715,-34.91080045443179
1747.1648507345662,-19.96702143857743
1747.1648507345626,-23.759952829665767
1747.1648507345556,-14.119012888742835
1747.1648507345624,-27.239364506869695
1747.1648507345674,-30.316413123754792
1747.1648507345606,-17.023848048879692
1747.1648507345592,-34.72508462162922
1747.1648507345687,-17.745341836505705
1747.1648507345687,-19.492228106686007
1747.1648507345637,-17.743053173434337
1747.164850734565,-15.747408382956237
1747.1648507345606,-25.354124794268056
1747.164850734567,-25.52161526900609
1747.164850734568,-19.272055561649573
1747.164850734569,-25.450763232952035
1747.1648507345694,-11.049878611090126
1747.164850734561,-31.908001245259836
1747.1648507345612,-23.521028499952397
1747.164850734567,-18.230405955429585
1747.1648507345683,-18.462071862265176
1747.1648507345637,-33.58195999448988
1747.1648507345612,-18.741173598088103
1747.1648507345612,-15.933686104964039
1747.1648507345658,-16.255000002658416
1747.1648507345662,-16.426360082798162
1747.164850734567,-20.069544465408622
1747.1648507345667,-17.435337167385065
1747.1648507345599,-23.593048999561006
1747.164850734563,-16.73164661101271
1747.1648507345626,-25.106190968344976
1747.1648507345612,-12.94261842455387
1747.1648507345674,-53.99385247112703
1747.164850734567,-24.14704349649865
1747.164850734565,-24.968125666190655
1747.164850734568,-53.816023475375786
1747.1648507345576,-21.77765808799565
1747.1648507345674,-17.263062474727555
1747.164850734567,-10.000230056170173
1747.1648507345637,-24.595779652179125
1747.1648507345637,-14.437911038695866
1747.1648507345624,-38.168685938124966
1747.1648507345642,-13.450762742936707
1747.1648507345612,-26.750368599500995
1747.164850734561,-33.905832054202655
1747.1648507345617,-28.46548533798269
1747.1648507345694,-52.959270404669645
1747.1648507345674,-12.281794369178487
1747.1648507345708,-18.767478247223917
1747.1648507345576,-24.025730311277343
1747.1648507345635,-23.078434513276008
1747.1648507345649,-24.500562646102853
1747.164850734565,-22.04563048149362
1747.164850734563,-19.108191649040506
1747.164850734563,-28.100740601977275
1747.1648507345624,-8.581424391678471
1747.1648507345662,-17.329866927860817
1747.1648507345637,-21.760276459616623
1747.1648507345624,-45.01410435033232
1747.1648507345617,-17.910188028877894
1747.164850734567,-8.392896112126259
1747.1648507345642,-13.734818341482299
1747.164850734567,-30.476162512160272
1747.1648507345658,-25.32789614782934
1747.164850734563,-19.042070632956868
1747.164850734567,-33.313979500557096
1747.1648507345624,-16.708435282719837
1747.1648507345592,-18.201842334095897
1747.1648507345637,-16.35792140277364
1747.164850734568,-21.491833812002113
1747.1648507345642,-21.955931588906576
1747.1648507345683,-31.334606592445457
1747.1648507345537,-25.631815280277593
1747.1648507345667,-16.855651081926606
1747.1648507345649,-15.666001128597776
1747.1648507345612,-14.192960997560663
1747.1648507345592,-17.756303750388895
1747.1648507345635,-15.914080647114236
1747.1648507345694,-17.366191444754048
1747.164850734558,-21.893411899280316
1747.1648507345699,-45.17971295777654
1747.1648507345642,-30.429921629028776
1747.1648507345687,-12.919584443078739
1747.1648507345656,-14.433052485450185
1747.1648507345624,-44.21560275685404
1747.1648507345667,-13.704204437062092
1747.1648507345617,-17.15950731683185
1747.164850734565,-31.956305402869862
1747.1648507345642,-15.071160859346659
1747.1648507345637,-26.98263348566716
1747.164850734565,-18.10682164957877
1747.1648507345635,-40.28666879560892
1747.16485073457,-19.007693459500256
1747.1648507345637,-19.56492032415339
1747.1648507345726,-25.25361239580285
1747.164850734563,-16.894882813093815
1747.16485073456,-23.135115738285403
1747.1648507345637,-34.637912633466144
1747.1648507345649,-31.62350346999712
1747.1648507345656,-22.13064461449884
1747.164850734568,-16.137212242813977
1747.1648507345637,-25.775225880723823
1747.1648507345642,-23.797234394799833
1747.1648507345626,-11.400530897045536
1747.1648507345592,-31.808059200335105
1747.164850734565,-27.90772961431893
1747.1648507345733,-20.233335657469773
1747.1648507345656,-36.31857880160989
1747.1648507345642,-25.08596864448385
1747.1648507345612,-20.27832191653434
1747.1648507345674,-50.47929803721468
1747.1648507345676,-11.917956990616528
1747.1648507345624,-17.285306618496485
1747.164850734556,-14.290085271612215
1747.164850734565,-11.855374709115354
1747.1648507345612,-38.32066491206897
1747.1648507345649,-41.81126721632765
1747.1648507345592,-23.21181322295279
1747.1648507345624,-55.26948748361919
1747.1648507345642,-17.676598414154473
1747.1648507345635,-42.03376523903978
1747.164850734565,-16.67221015982921
1747.1648507345662,-25.060936745495745
1747.1648507345724,-23.155220387738698
1747.1648507345612,-41.346889905510295
1747.1648507345635,-32.43220428204033
1747.164850734569,-12.804682274545492
1747.164850734565,-28.830962003503547
1747.164850734568,-14.401687522625984
1747.1648507345594,-51.04367132866145
1747.1648507345649,-13.791173470864718
1747.1648507345662,-11.725975165591123
1747.164850734574,-18.271127469229317
1747.1648507345599,-30.644705736310694
1747.1648507345674,-21.079335924579652
1747.1648507345674,-17.484862102863573
1747.164850734568,-18.255295984317616
1747.1648507345715,-10.390433925228294
1747.164850734562,-18.6370951336575
1747.164850734561,-19.48549329599937
1747.1648507345676,-13.015137394915136
1747.1648507345642,-18.86931507707185
1747.1648507345667,-38.07185765927555
1747.1648507345674,-19.641321538608082
1747.1648507345656,-14.212269286593553
1747.1648507345667,-24.18054878436481
1747.1648507345656,-45.521671705135
1747.164850734567,-11.761120802985312
1747.164850734565,-24.522650102131575
1747.164850734561,-19.601162107323955
1747.1648507345587,-24.355364535882988
1747.1648507345649,-14.603784415679238
1747.1648507345606,-14.89375535868941
1747.1648507345599,-21.589285867171377
1747.1648507345642,-8.92683306220366
1747.1648507345658,-20.498274470585375
1747.1648507345599,-12.913906745843454
1747.1648507345667,-14.094556353880014
1747.1648507345658,-59.95209350612591
1747.1648507345624,-37.52687519756075
1747.164850734569,-15.565206007175378
1747.1648507345667,-12.009941511317553
1747.1648507345626,-23.468626970445253
1747.1648507345606,-18.506585960620143
1747.1648507345676,-14.522220817837345
1747.1648507345612,-10.696803880370043
1747.1648507345612,-20.179921444739964
1747.1648507345649,-21.71884587336307
1747.1648507345656,-12.120905406025189
1747.1648507345676,-50.658721062892454
1747.1648507345592,-12.454103895638266
1747.1648507345642,-18.937521644949836
1747.164850734567,-19.383198818300855
1747.164850734567,-23.786250571002615
1747.1648507345662,-24.585883663865467
1747.1648507345708,-44.79191092885657
1747.1648507345612,-26.789260724273202
1747.16485073456,-14.75761831294173
1747.1648507345656,-18.127521480577048
1747.1648507345706,-33.951728947102175
1747.1648507345635,-14.90799397348272
1747.1648507345656,-13.978252200475666
1747.1648507345667,-13.182952246323854
1747.1648507345676,-20.110299485969673
1747.1648507345635,-15.93320268252729
1747.164850734567,-57.30073751875621
1747.164850734565,-35.097051853384734
1747.164850734565,-23.233640128752636
1747.164850734558,-30.777435747195582
1747.1648507345624,-18.387005359243254
1747.164850734563,-18.187457198399574
1747.1648507345617,-25.70345646356276
1747.1648507345674,-10.010747231162608
1747.1648507345674,-35.24525002170554
1747.1648507345687,-15.88180927481215
1747.1648507345708,-19.864073098938736
1747.164850734563,-16.3786109521167
1747.1648507345649,-17.871013971657614
1747.1648507345637,-20.51790492376679
1747.16485073457,-13.694318172568188
1747.164850734561,-12.247363666415987
1747.1648507345612,-22.52560301327152
1747.16485073456,-59.424729345897454
1747.1648507345649,-13.325554889794825
1747.1648507345499,-14.380482144532616
1747.164850734557,-14.552575562308414
1747.164850734567,-21.87845518740041
1747.1648507345624,-11.417830812185757
1747.1648507345699,-25.850428793882145
1747.1648507345592,-31.80669134138554
1747.1648507345562,-24.959026561709283
1747.1648507345687,-12.173959498015458
1747.164850734568,-16.343963731433302
1747.16485073457,-26.83276473819818
1747.1648507345606,-20.39556301518182
1747.1648507345594,-17.732928924070567
1747.1648507345635,-20.60119005694688
1747.1648507345599,-21.688695048965776
1747.1648507345658,-27.385673770100148
1747.1648507345662,-21.400409660652723
1747.1648507345587,-33.55969973767186
1747.1648507345683,-18.4168956742384
1747.164850734569,-36.60294676143703
1747.1648507345674,-32.45078295511424
1747.1648507345683,-16.67017569946659
1747.1648507345649,-19.26773268614807
1747.164850734567,-35.907482256095776
1747.164850734563,-31.184421199430783
1747.1648507345676,-28.700203076247828
1747.1648507345637,-16.80514333495226
1747.16485073456,-25.236859445006267
1747.1648507345626,-25.563980311716115
1747.1648507345649,-22.585622624933958
1747.164850734562,-18.24267355263141
1747.164850734565,-17.526501733492793
1747.164850734568,-19.45037660756358
1747.1648507345624,-23.4073307874677
1747.1648507345587,-12.46497933207093
1747.1648507345699,-40.42212520957788
1747.164850734565,-27.233510981805104
1747.1648507345649,-26.509366998711144
1747.164850734562,-20.53579201576687
1747.164850734563,-17.01153989527836
1747.1648507345606,-18.596006395101515
1747.1648507345587,-17.059376337606466
1747.1648507345585,-19.50360938685273
1747.164850734565,-29.493646289237326
1747.1648507345658,-16.034385830162044
1747.1648507345656,-21.45116208212203
1747.164850734563,-12.957774296304367
1747.1648507345624,-18.20266338044018
1747.1648507345662,-32.93463372976635
1747.1648507345624,-12.817374780381959
1747.164850734561,-17.02363707046285
1747.1648507345699,-16.17763075959029
1747.1648507345594,-16.996927184889252
1747.1648507345658,-15.451272669249578
1747.164850734568,-45.414000440805225
1747.1648507345637,-17.973628770457683
1747.1648507345626,-18.08934160152331
1747.1648507345624,-30.2280811319583
1747.164850734568,-16.142543490433596
1747.1648507345585,-14.845956904700945
1747.164850734565,-20.52210025214681
1747.1648507345594,-25.00275802162022
1747.1648507345599,-29.466755784134985
1747.1648507345626,-37.23330742425096
1747.1648507345574,-23.244223994669234
1747.1648507345674,-27.882030400355802
1747.1648507345594,-24.553839259768022
1747.1648507345683,-19.69819645984669
1747.164850734567,-21.83947189104361
1747.164850734563,-17.2852452796315
1747.1648507345642,-14.773186606555175
1747.1648507345642,-19.135811419012303
1747.16485073456,-23.538937580300846
1747.1648507345667,-13.149226794513295
1747.1648507345574,-15.679346459190512
1747.1648507345676,-31.543709150635195
1747.1648507345562,-27.29082861086675
1747.164850734563,-16.15504027584481
1747.1648507345656,-27.941611482358315
1747.1648507345617,-33.375675963323175
1747.1648507345687,-21.782246221614912
1747.1648507345649,-23.961055018010295
1747.1648507345656,-20.880559738973258
1747.164850734563,-23.81326546561587
1747.1648507345642,-35.117799214953784
1747.1648507345599,-14.271572081272252
1747.164850734561,-31.594687774905765
1747.1648507345676,-23.847663696815165
1747.1648507345649,-27.691261442798382
1747.164850734562,-25.49398032729088
1747.1648507345599,-19.292403557075694
1747.164850734558,-16.67260143597393
1747.1648507345658,-25.611472194508412
1747.1648507345656,-22.928834502640395
1747.1648507345656,-27.295773458698747
1747.16485073456,-16.263581846808524
1747.1648507345642,-30.39681300120388
1747.1648507345674,-21.052875749107077
1747.1648507345606,-22.86595302781072
1747.1648507345649,-37.85178635551787
1747.1648507345612,-14.19546550513724
1747.1648507345683,-21.262154109503594
1747.164850734567,-25.238285755034205
1747.1648507345592,-13.364566771805356
1747.1648507345562,-40.852689246503985
1747.1648507345674,-41.312455932065724
1747.164850734567,-15.886077105451232
1747.1648507345683,-11.920581872362444
1747.1648507345694,-12.425501776500889
1747.1648507345612,-15.763438441692626
1747.1648507345662,-13.847869188000653
1747.1648507345699,-14.157783186190564
1747.1648507345667,-16.844339257500796
1747.1648507345594,-17.596694116506743
1747.164850734567,-47.86542279575408
1747.164850734561,-8.946071449602696
1747.1648507345649,-16.979496788517757
1747.1648507345667,-14.530349246743917
1747.1648507345624,-26.824963588303554
1747.1648507345637,-18.91715716694648
1747.1648507345635,-34.28564772695747
1747.1648507345617,-14.245367407789947
1747.1648507345662,-37.3700355373407
1747.1648507345617,-19.800324468147476
1747.1648507345612,-21.18966193782691
1747.164850734562,-53.90752384022809
1747.164850734563,-8.77872478164791
1747.1648507345612,-34.5045261326143
1747.1648507345658,-13.135753623223179
1747.1648507345612,-28.644061000938358
1747.1648507345635,-10.740832557240475
1747.1648507345635,-12.035686080674344
1747.1648507345535,-18.19333846332366
1747.1648507345624,-55.43145969331196
1747.1648507345594,-24.54783257907647
1747.1648507345642,-27.28367731047985
1747.16485073456,-13.979245143172012
1747.1648507345624,-18.39691166564304
1747.164850734562,-21.133351837181344
1747.1648507345635,-20.154554195590357
1747.164850734568,-37.525084695048704
1747.1648507345667,-13.003791816216584
1747.1648507345649,-31.73870990969742
1747.1648507345687,-27.774238935844163
1747.164850734565,-23.73178131605107
1747.164850734565,-32.906250644834664
1747.1648507345667,-12.088506549763654
1747.1648507345635,-15.850730057609304
1747.164850734565,-34.1858638643304
1747.1648507345674,-38.35432778794323
1747.1648507345674,-12.21514060651474
1747.164850734563,-11.908849703154798
1747.1648507345667,-18.925557825789312
1747.164850734561,-22.197843934273852
1747.1648507345687,-32.08392070740968
1747.1648507345658,-17.817140557933154
1747.1648507345599,-28.353879286027954
1747.1648507345649,-30.082023591738842
1747.164850734569,-19.896037664484922
1747.1648507345649,-16.51096242871348
1747.1648507345658,-31.078229501025334
1747.1648507345635,-32.86861082938668
1747.1648507345658,-21.595785512561587
1747.1648507345637,-39.49001980762396
1747.1648507345658,-33.19441308418534
1747.1648507345708,-25.92316478501105
1747.1648507345662,-21.17860762501567
1747.1648507345724,-36.9239681338901
1747.164850734563,-29.638099905718303
1747.1648507345617,-58.6299703993961
1747.164850734568,-14.125975285490899
1747.1648507345599,-19.085386533705247
1747.1648507345626,-16.21060117623672
1747.1648507345642,-45.72247389346251
1747.1648507345658,-17.274648211986115
1747.1648507345612,-14.957060776068772
1747.1648507345699,-27.680354263279106
1747.1648507345626,-13.604626913174725
1747.1648507345574,-11.853016548701477
1747.164850734569,-16.81949907162192
1747.1648507345635,-15.304160663543295
1747.164850734565,-47.90871960529733
1747.1648507345642,-24.33598753531899
1747.1648507345674,-20.523312920509134
1747.1648507345642,-20.336445848272508
1747.1648507345667,-26.687443677065943
1747.1648507345642,-18.672705795309582
1747.1648507345635,-22.50341598910154
1747.1648507345594,-12.088554240112856
1747.1648507345635,-18.99603150306572
1747.1648507345683,-24.56735931024124
1747.1648507345687,-25.063613981710287
1747.164850734569,-13.749359651889565
1747.164850734562,-35.36117201335831
1747.1648507345599,-12.173406362170216
1747.1648507345662,-28.226155870297376
1747.1648507345599,-21.265009743557027
1747.1648507345706,-17.553489990181703
1747.1648507345637,-37.93940402185113
1747.1648507345662,-23.629347513767186
1747.1648507345649,-13.810129529508208
1747.1648507345649,-17.413089661110764
1747.1648507345624,-26.578187756201682
1747.164850734563,-22.71142662987918
1747.164850734565,-21.991544400675522
1747.1648507345612,-17.123155541313185
1747.1648507345662,-11.241713635958677
1747.1648507345592,-9.466029005906496
1747.1648507345658,-20.958359880824254
1747.1648507345662,-16.078345080584583
1747.164850734563,-19.211448376581554
1747.1648507345606,-23.63055126166021
1747.1648507345699,-21.49523387967593
1747.1648507345617,-12.982379553544938
1747.1648507345637,-14.412534233642175
1747.1648507345626,-28.319092707368853
1747.1648507345592,-21.373101304161775
1747.164850734561,-11.03335715181851
1747.1648507345642,-13.331761055256223
1747.1648507345699,-37.65905289586099
1747.1648507345676,-24.234731591025817
1747.164850734563,-24.455379316550633
1747.1648507345635,-23.006087126774336
1747.1648507345585,-15.398784897363694
1747.164850734563,-14.885684311701688
1747.1648507345733,-9.103014394310485
1747.1648507345626,-16.919478536919993
1747.1648507345624,-22.72311517654124
1747.16485073456,-26.40932460366922
1747.1648507345683,-15.614714584414873
1747.1648507345642,-34.91187108138456
1747.164850734563,-29.168630383685723
1747.164850734562,-29.828451193606597
1747.164850734563,-16.850633151527767
1747.1648507345594,-44.35380320328377
1747.1648507345626,-32.088215517121235
1747.1648507345642,-29.430022931976673
1747.164850734567,-18.03530078715659
1747.1648507345674,-35.69089738813659
1747.1648507345642,-20.87071775515794
1747.1648507345676,-16.403509662152313
1747.1648507345612,-14.206106907118526
1747.164850734568,-15.546946280502628
1747.1648507345667,-17.618902120460007
1747.1648507345637,-17.899364415363006
1747.1648507345626,-16.61339542240698
1747.1648507345626,-16.54219908384846
1747.1648507345667,-21.627092032128097
1747.164850734567,-24.347104102127552
1747.1648507345676,-9.777736479362039
1747.1648507345626,-10.320802953823543
1747.164850734561,-22.61848390118814
1747.1648507345726,-21.010176624150752
1747.1648507345649,-23.631927629242323
1747.1648507345683,-22.7047995511975
1747.1648507345649,-27.40248796401078
1747.1648507345612,-17.615523449493764
1747.1648507345626,-12.089787761062032
1747.164850734561,-18.778334607574415
1747.1648507345635,-10.973025201027923
1747.1648507345612,-15.332315765984998
1747.1648507345635,-9.392571214494243
1747.1648507345683,-12.82005353345703
1747.1648507345656,-36.80264307623592
1747.164850734562,-32.03614407033667
1747.1648507345635,-40.35049314495016
1747.164850734567,-27.092608870964398
1747.1648507345706,-30.36401995966892
1747.1648507345683,-49.77094021024014
1747.164850734565,-25.272174099726563
1747.1648507345662,-23.696160909240227
1747.1648507345687,-25.34361506150404
1747.164850734562,-29.249648497439207
1747.164850734562,-21.04308553168479
1747.1648507345585,-19.882187276643233
1747.1648507345626,-21.949568033318904
1747.164850734565,-28.681309187649596
1747.1648507345624,-29.699594193169172
1747.1648507345674,-27.127436524633914
1747.1648507345642,-22.1495547926485
1747.1648507345637,-35.44881777407979
1747.164850734562,-33.627615170345535
1747.1648507345658,-11.623783799435442
1747.1648507345612,-15.11061778965979
1747.164850734561,-22.509336213689345
1747.164850734562,-16.39082049203431
1747.1648507345662,-49.33092204205723
1747.1648507345656,-25.521678295198363
1747.1648507345587,-21.62729808380077
1747.1648507345694,-14.149783793865895
1747.1648507345724,-25.390297708819993
1747.164850734563,-21.557085853655455
1747.1648507345617,-19.89380560553768
1747.1648507345656,-13.194364036768969
1747.164850734563,-34.590192260654185
1747.1648507345624,-12.98428590384628
1747.1648507345662,-9.87402712724368
1747.1648507345642,-15.289986313759524
1747.1648507345635,-31.54029362506056
1747.164850734561,-29.77327549870091
1747.1648507345658,-23.57769284645787
1747.1648507345612,-24.933757562394966
1747.1648507345674,-37.48134266334189
1747.1648507345658,-25.49496575250771
1747.164850734563,-9.103677218197607
1747.1648507345656,-18.115820232258876
1747.1648507345662,-26.54571730058551
1747.164850734567,-35.18620889534391
1747.164850734558,-20.013611478206432
1747.1648507345656,-24.88612861755547
1747.164850734565,-10.996259389329396
1747.1648507345624,-27.82705774928427
1747.1648507345662,-16.71251610874664
1747.1648507345635,-19.572658486029447
1747.1648507345612,-40.658986784211685
1747.164850734567,-23.58007443182702
1747.164850734561,-46.902263166171046
1747.1648507345662,-16.520378726781576
1747.1648507345635,-22.552726997832906
1747.16485073457,-32.88617044443832
1747.1648507345656,-19.844924095954784
1747.1648507345667,-39.721779768289615
1747.164850734568,-21.166263600117073
1747.164850734562,-28.760785122638623
1747.1648507345667,-14.441561755616709
1747.1648507345656,-10.498043653858534
1747.1648507345637,-22.32157757420653
1747.1648507345626,-15.650729882330353
1747.164850734565,-25.083729473457474
1747.1648507345606,-50.1782753108203
1747.1648507345635,-21.783581376369078
1747.1648507345662,-19.824575015538105
1747.164850734567,-19.357085574148222
1747.1648507345637,-14.138103461846205
1747.1648507345624,-14.504126445597901
1747.1648507345624,-12.255741867757616
1747.1648507345626,-32.73083491674175
1747.1648507345694,-33.336975470532124
1747.1648507345694,-11.515686021542718
1747.1648507345626,-17.880496854183665
1747.164850734561,-27.549078661189874
1747.164850734561,-8.412080243674644
1747.1648507345667,-11.040124863929064
1747.1648507345624,-12.05696561058988
1747.1648507345635,-14.199453773102835
1747.1648507345667,-13.13268725869582
1747.1648507345637,-27.16293874752286
1747.1648507345624,-18.559257082195558
1747.1648507345656,-17.133756107869694
1747.1648507345585,-9.968658017481237
1747.164850734561,-38.04507834322083
1747.1648507345658,-24.05106387692917
1747.16485073457,-22.70567988279796
1747.164850734561,-25.995328750658626
1747.16485073456,-12.525074790428162
1747.1648507345649,-14.018289354349017
1747.1648507345658,-17.62187964054497
1747.1648507345642,-38.936121651866884
1747.164850734568,-27.154923097890872
1747.1648507345649,-19.691356366755738
1747.1648507345676,-10.278524931590981
1747.1648507345715,-12.15801357435858
1747.1648507345656,-23.822321553497023
1747.1648507345676,-20.53321363807837
1747.164850734563,-14.827682992329224
1747.1648507345687,-37.88268849335461
1747.1648507345637,-29.2538787217693
1747.1648507345642,-22.816952291645013
1747.1648507345642,-13.163378889737515
1747.1648507345676,-11.99658667161372
1747.1648507345624,-17.932612062512288
1747.1648507345737,-20.010877866686666
1747.1648507345706,-14.50331778273069
1747.164850734569,-30.964623520318117
1747.164850734568,-24.473030127586537
1747.1648507345649,-32.16137978061705
1747.1648507345667,-33.66365755103396
1747.1648507345612,-18.40305130028472
1747.1648507345642,-18.280138355775225
1747.1648507345687,-11.72527046666146
1747.16485073456,-24.24648017155047
1747.164850734562,-9.801139297400047
1747.164850734562,-24.447838300668533
1747.1648507345617,-16.852586099148446
1747.164850734573,-23.382481775474716
1747.16485073456,-13.423801877759795
1747.1648507345626,-17.358854052979723
1747.1648507345674,-20.328886841927485
1747.1648507345624,-23.45005749241386
1747.164850734567,-12.552261273110402
1747.1648507345626,-18.986645966038044
1747.1648507345674,-16.338194221928806
1747.1648507345585,-45.586945525613096
1747.1648507345674,-19.157512966209193
1747.164850734563,-22.16946713139171
1747.1648507345642,-17.054874171984842
1747.1648507345662,-26.038924742710158
1747.1648507345662,-14.657518552903998
1747.1648507345676,-25.258601834636547
1747.1648507345649,-46.76501568773177
1747.164850734573,-10.413454403407423
1747.1648507345642,-17.32281087167667
1747.1648507345606,-18.13131900971699
1747.164850734565,-12.888361536898781
1747.164850734567,-19.17736823252673
1747.1648507345612,-17.588916038720782
1747.1648507345674,-19.35020794436424
1747.1648507345556,-38.442475712703036
1747.164850734565,-15.747043377127284
1747.1648507345656,-11.855911013533113
1747.164850734568,-29.61992645701166
1747.1648507345683,-14.701199184190353
1747.1648507345612,-22.51289351254399
1747.1648507345656,-20.800156411352113
1747.1648507345587,-27.038831991136846
1747.1648507345667,-18.52428549142362
1747.164850734562,-11.827788012571343
1747.164850734562,-28.61132926975161
1747.1648507345706,-18.986653841806923
1747.164850734568,-25.93549946638572
1747.1648507345617,-13.566772881272621
1747.164850734569,-51.40971417766421
1747.1648507345606,-15.124661791181104
1747.164850734567,-30.9917897588452
1747.164850734562,-20.590664687249845
1747.1648507345676,-25.212397069028757
1747.1648507345617,-20.015171963856172
1747.1648507345637,-26.79766797434315
1747.1648507345656,-10.116087524646973
1747.1648507345576,-22.976731699902885
1747.1648507345606,-21.079644507577708
1747.16485073457,-13.0781145181427
1747.164850734567,-17.95708543020825
1747.164850734565,-14.201425225989592
1747.1648507345624,-25.924896529512615
1747.1648507345617,-31.721164021534697
1747.1648507345667,-15.731402860408494
1747.1648507345658,-21.71112037113746
1747.1648507345635,-12.78188516101753
1747.1648507345694,-18.995923303255186
1747.164850734568,-13.502844567002464
1747.1648507345662,-21.521693324104056
1747.1648507345658,-28.99874167625976
1747.1648507345687,-25.93620092954098
1747.1648507345667,-23.128209638485515
1747.1648507345649,-20.06004590594581
1747.164850734557,-22.96038418141337
1747.1648507345637,-15.120934537599767
1747.1648507345612,-16.08095565115048
1747.164850734568,-14.38967716968372
1747.1648507345606,-13.973342316166898
1747.1648507345674,-10.43185768305142
1747.1648507345658,-14.637581434389196
1747.164850734562,-18.1385768718069
1747.1648507345594,-20.74283822610279
1747.1648507345626,-21.34248462608282
1747.164850734562,-14.26497788811843
1747.1648507345656,-26.992009022422618
1747.164850734563,-22.32634574894494
1747.1648507345606,-23.309273100898213
1747.1648507345637,-28.115425592761913
1747.1648507345637,-17.27952520365776
1747.164850734567,-24.183625254689794
1747.1648507345674,-23.782833181582586
1747.1648507345662,-10.592690002032452
1747.1648507345667,-10.8384214991754
1747.1648507345637,-15.373368947333699
1747.1648507345658,-25.498669253324657
1747.1648507345642,-34.61296076875853
1747.1648507345594,-12.89307909346718
1747.164850734567,-24.330313483939598
1747.164850734567,-13.627993147186707
1747.1648507345656,-28.69340249665096
1747.1648507345649,-16.508030169580007
1747.164850734565,-17.04849093072952
1747.1648507345662,-30.202583908983982
1747.164850734563,-25.0228154638345
1747.164850734565,-18.32907392281918
1747.1648507345617,-31.613609215814332
1747.1648507345649,-40.56578397700393
1747.1648507345667,-18.52629684043123
1747.164850734567,-13.629912302752006
1747.164850734556,-12.546601316540448
1747.1648507345642,-40.02456772524192
1747.1648507345683,-12.002840172324031
1747.1648507345612,-19.528970540893273
1747.1648507345676,-16.223117278108184
1747.1648507345617,-17.299891415446833
1747.16485073456,-17.369935383789493
1747.1648507345662,-11.814253261179251
1747.164850734562,-13.955377344662281
1747.1648507345649,-53.69813938434006
1747.1648507345617,-19.58492173393656
1747.1648507345617,-27.162707817550114
1747.1648507345574,-28.31025948443165
1747.164850734561,-20.129993847154243
1747.1648507345658,-22.15247867456976
1747.1648507345637,-31.450194278241906
1747.1648507345662,-18.40676149087449
1747.1648507345683,-22.80251761204472
1747.1648507345635,-43.85675806130472
1747.1648507345635,-24.98767148036689
1747.1648507345635,-20.211555711461575
1747.164850734565,-12.851930193745003
1747.1648507345649,-22.886988958154866
1747.1648507345606,-23.777660210051863
1747.1648507345642,-28.30881493619132
1747.1648507345658,-12.912225185840375
1747.164850734567,-22.571697930416903
1747.164850734569,-26.2840110651543
1747.1648507345617,-40.606340954014954
1747.164850734565,-21.702802788599
1747.1648507345662,-16.985246552842902
1747.164850734563,-16.523113599307624
1747.1648507345649,-32.939792160795534
1747.164850734568,-22.8433170878465
1747.1648507345635,-28.265294765482967
1747.1648507345635,-44.91267525107583
1747.164850734565,-13.98532094115458
1747.164850734567,-18.37619103781175
1747.164850734569,-9.905046006817898
1747.164850734568,-20.053922365617037
1747.1648507345683,-33.811451450175674
1747.164850734568,-14.904437178582839
1747.164850734567,-33.364788646583136
1747.1648507345626,-30.606182192267205
1747.1648507345662,-21.55916359285813
1747.1648507345617,-20.53355117631595
1747.1648507345676,-14.761130351108035
1747.1648507345587,-21.34940791608066
1747.1648507345635,-25.323473786360438
1747.1648507345626,-10.620860058113642
1747.1648507345662,-34.38113233875228
1747.1648507345626,-54.304206162622535
1747.164850734562,-16.515407831917493
1747.1648507345606,-30.875812182593833
1747.1648507345694,-26.6558981872624
1747.164850734562,-23.2755395188245
1747.1648507345687,-19.624318014555755
1747.1648507345667,-30.623490273404403
1747.164850734568,-17.175293745002367
1747.164850734569,-26.279601759181226
1747.1648507345662,-29.099376102052194
1747.164850734569,-38.763706719940686
1747.1648507345617,-23.086007051162717
1747.164850734563,-16.784474924215044
1747.1648507345658,-50.37922966332049
1747.1648507345649,-13.232060809328287
1747.1648507345683,-38.08125182782305
1747.1648507345656,-14.875343214342193
1747.164850734561,-20.532352525280228
1747.164850734563,-23.247629864884807
1747.1648507345606,-20.02154521088263
1747.1648507345642,-15.455276762531994
1747.1648507345694,-30.936887143460005
1747.1648507345656,-22.118550961691327
1747.1648507345635,-21.735014755849406
1747.164850734567,-16.640324252149384
1747.1648507345637,-21.209529305523276
1747.1648507345635,-12.840836412919757
1747.1648507345662,-13.644129713154147
1747.1648507345658,-36.4643790092281
1747.1648507345612,-16.089382976907977
1747.1648507345656,-13.855486716575097
1747.1648507345626,-25.36108351370434
1747.1648507345658,-26.583437917929214
1747.1648507345662,-30.988389302678872
1747.1648507345635,-20.30010508233622
1747.1648507345617,-25.083213382427346
1747.1648507345599,-17.44660401156
1747.1648507345687,-15.691625934005538
1747.164850734562,-12.981450544544806
1747.1648507345694,-19.271782464635045
1747.1648507345642,-27.724254738201452
1747.1648507345617,-44.911424377240614
1747.164850734568,-16.59866916017676
1747.1648507345662,-12.725897411747441
1747.164850734568,-24.55061221296652
1747.164850734565,-31.61439130551214
1747.1648507345624,-17.58926061038991
1747.1648507345594,-26.642209581628705
1747.1648507345656,-15.199270252526745
1747.1648507345612,-26.69390601248288
1747.1648507345667,-19.630413366111497
1747.1648507345606,-16.747081217711155
1747.1648507345624,-11.67933663456932
1747.1648507345658,-31.20479430749573
1747.1648507345599,-12.607964580970425
1747.1648507345642,-14.55562761245392
1747.1648507345662,-16.09481195771642
1747.1648507345662,-10.200417129357772
1747.1648507345687,-31.373104430452344
1747.1648507345674,-23.26450271763471
1747.1648507345649,-27.55519920386684
1747.1648507345687,-15.703150908275429
1747.1648507345658,-17.737658603948674
1747.1648507345662,-26.18219681447684
1747.1648507345612,-31.231686561691994
1747.164850734565,-12.86057992585348
1747.1648507345592,-18.415335404879947
1747.164850734562,-14.297511114551625
1747.1648507345637,-17.3806360818194
1747.1648507345587,-18.4698902618101
1747.1648507345617,-16.82824467762456
1747.1648507345658,-15.397318535623599
1747.1648507345662,-28.122166952106397
1747.1648507345699,-22.08422521538703
1747.1648507345612,-14.138483291901919
1747.164850734561,-45.40475250625666
1747.1648507345635,-8.890652103961704
1747.1648507345642,-20.695421876826284
1747.1648507345637,-18.479902365741573
1747.1648507345658,-31.78383430240069
1747.1648507345594,-15.751992221016408
1747.1648507345635,-25.391215794288545
1747.1648507345683,-10.685332261916152
1747.1648507345674,-13.520970340156516
1747.1648507345635,-15.987091943742055
1747.1648507345667,-10.394180818780868
1747.1648507345626,-18.30598530157194
1747.1648507345662,-17.842550603974043
1747.1648507345617,-32.93739318887619
1747.1648507345612,-27.178662255251307
1747.1648507345649,-18.141957036130357
1747.164850734568,-19.84594868108001
1747.1648507345674,-18.722869176871672
1747.1648507345662,-21.36830395640532
1747.1648507345642,-19.46626990732188
1747.1648507345649,-17.817010858105977
1747.1648507345612,-28.013170453677816
1747.1648507345708,-14.1578544970688
1747.1648507345635,-31.501782594933324
1747.1648507345667,-19.296194403986743
1747.164850734563,-25.219917852590996
1747.164850734565,-16.019544053941225
1747.1648507345649,-25.730980841991574
1747.164850734565,-26.943373789963832
1747.1648507345612,-15.855639385230678
1747.1648507345624,-46.67290441252464
1747.1648507345712,-18.286545002865722
1747.1648507345656,-44.10121849319688
1747.1648507345635,-22.205237972862164
1747.164850734565,-20.874942020114105
1747.164850734568,-49.29937118464558
1747.1648507345683,-19.493561858657724
1747.1648507345612,-15.64826202079371
1747.1648507345642,-10.73866600625661
1747.1648507345683,-25.80705007234131
1747.1648507345699,-14.737280077214976
1747.1648507345617,-19.916281505557702
1747.164850734568,-21.61996112272508
1747.1648507345612,-23.657422958995536
1747.164850734568,-29.68991579297478
1747.1648507345662,-18.70309921028849
1747.1648507345594,-11.122012154633696
1747.164850734565,-22.67115558629331
1747.16485073457,-25.579887901083808
1747.1648507345599,-18.25844986710436
1747.1648507345635,-13.431526904065885
1747.1648507345612,-14.583039097876483
1747.1648507345587,-13.95598110200718
1747.1648507345656,-22.66304122386197
1747.1648507345617,-30.296118943491955
1747.164850734562,-79.86886342095524
1747.1648507345687,-16.00097957182607
1747.164850734568,-20.741180874111976
1747.1648507345687,-35.62733452800948
1747.1648507345612,-18.044922965227013
1747.164850734568,-16.93687422570311
1747.1648507345617,-24.199352374711445
1747.1648507345674,-15.211472605291457
1747.1648507345612,-32.42448042587059
1747.1648507345656,-19.55320077790622
1747.164850734565,-13.972209784296998
1747.16485073457,-27.594699251958428
1747.1648507345635,-29.016150262393975
1747.1648507345635,-15.329385005953483
1747.1648507345594,-43.745778874056
1747.1648507345649,-19.361961281482028
1747.1648507345587,-16.051140201963264
1747.1648507345617,-12.672291776704029
1747.1648507345694,-25.884789584073147
1747.1648507345662,-16.21957396321251
1747.164850734563,-23.558066776620333
1747.1648507345624,-18.911527123189
1747.1648507345635,-11.071334919174653
1747.1648507345656,-15.633261799968812
1747.1648507345617,-10.502151862846173
1747.1648507345706,-28.826666221247553
1747.1648507345642,-18.475856407627088
1747.164850734569,-14.833256425271307
1747.164850734562,-19.600693023331026
1747.1648507345592,-14.184061149228611
1747.164850734563,-15.683446724088807
1747.164850734565,-16.59804459926832
1747.1648507345658,-27.13662103074539
1747.1648507345635,-21.89543889431021
1747.1648507345626,-36.4981606444023
1747.16485073456,-16.43943171519913
1747.1648507345674,-23.207559524144727
1747.164850734558,-20.437759507541173
1747.1648507345592,-12.345677240473693
1747.1648507345674,-17.68873393422539
1747.164850734565,-23.617674347149404
1747.164850734567,-30.291956442514206
1747.1648507345674,-25.508921742069973
1747.1648507345562,-13.994631862229278
1747.164850734568,-37.403028715291846
1747.1648507345617,-22.369629789679514
1747.1648507345642,-13.513592401965205
1747.1648507345656,-21.414500861596007
1747.1648507345626,-24.7323780459263
1747.1648507345642,-15.801492557594862
1747.1648507345724,-23.204835375880158
1747.164850734562,-9.237249767404988
1747.1648507345599,-17.86775692704969
1747.1648507345667,-25.557771279215764
1747.1648507345637,-13.515192972722978
1747.1648507345658,-18.88306466425716
1747.164850734567,-17.478637497740216
1747.164850734565,-15.378847227419643
1747.1648507345617,-18.039021894834363
1747.1648507345585,-13.150890712200422
1747.1648507345649,-18.359399250999715
1747.1648507345658,-20.081735687300085
1747.1648507345687,-16.947274862366974
1747.1648507345649,-20.482962127331103
1747.1648507345683,-13.840130607909943
1747.1648507345706,-21.094435321250977
1747.1648507345612,-14.340955841065462
1747.164850734562,-26.716045117673847
1747.164850734562,-15.26087496516352
1747.164850734563,-18.61087646808675
1747.164850734565,-28.49404327728791
1747.164850734561,-28.348085890466322
1747.1648507345642,-41.73590666484112
1747.1648507345658,-17.592198160992872
1747.1648507345592,-25.512898265646598
1747.1648507345599,-12.991901773484619
1747.1648507345662,-24.608451715882744
1747.16485073457,-22.348885360108238
1747.164850734567,-16.550144012840942
1747.1648507345637,-23.66332549367699
1747.1648507345599,-14.741952916751474
1747.1648507345576,-21.840921817703887
1747.1648507345676,-50.5631122896559
1747.164850734557,-13.848160220946232
1747.1648507345637,-14.762494183460126
1747.1648507345656,-21.726230758026624
1747.1648507345658,-9.38108463606124
1747.164850734562,-24.542111258936732
1747.164850734569,-17.056414018892777
1747.164850734567,-9.783969225118481
1747.1648507345694,-13.229548391420176
1747.164850734561,-19.50008628775097
1747.1648507345687,-29.24089937354088
1747.16485073456,-12.425982613871705
1747.1648507345656,-26.81919883435702
1747.1648507345724,-19.73849003556779
1747.1648507345658,-13.00153192720837
1747.1648507345656,-17.672000136247853
1747.16485073456,-43.22618384233047
1747.1648507345674,-17.074700294084778
1747.1648507345612,-22.651183418454227
1747.1648507345667,-25.802712881615285
1747.1648507345649,-17.870743394097076
1747.1648507345699,-20.988907111155623
1747.1648507345612,-23.545341253804022
1747.1648507345658,-18.713821218067665
1747.164850734563,-22.78781677928794
1747.1648507345662,-35.55019364929093
1747.1648507345612,-13.193915055180149
1747.164850734562,-21.408054991433588
1747.1648507345599,-38.9417096076856
1747.164850734563,-22.40096990214297
1747.1648507345724,-29.50027634467933
1747.1648507345662,-33.03774099254173
1747.1648507345662,-13.268655164919174
1747.1648507345637,-13.435087389908777
1747.1648507345585,-13.961021373343582
1747.1648507345687,-21.664127666811556
1747.1648507345594,-13.522618171985364
1747.1648507345662,-16.001091977105165
1747.1648507345637,-13.463123301552749
1747.1648507345617,-23.715828756788234
1747.1648507345674,-16.502479400983518
1747.1648507345662,-63.66562557046572
1747.1648507345687,-28.90605869320968
1747.164850734561,-15.661855103762697
1747.1648507345658,-24.29972609071765
1747.1648507345667,-44.035963757842715
1747.1648507345667,-21.234465770183885
1747.164850734562,-23.471807883081727
1747.1648507345649,-12.169486837460104
1747.1648507345585,-16.999518602976487
1747.1648507345656,-21.636720568278374
1747.1648507345674,-27.954460074313143
1747.1648507345662,-33.71699173140757
1747.164850734561,-15.95109388709122
1747.1648507345626,-20.375733419096186
1747.164850734563,-17.300355244850252
1747.1648507345658,-35.699192319760186
1747.1648507345635,-34.59495303632295
1747.164850734565,-12.247528120650458
1747.1648507345612,-24.802242696579896
1747.164850734562,-30.096882888696147
1747.1648507345585,-14.192165174938252
1747.164850734565,-31.44560302479048
1747.1648507345674,-21.721507346699898
1747.1648507345642,-8.96758022631373
1747.1648507345642,-21.343105157614566
1747.1648507345656,-32.379289922006386
1747.1648507345667,-19.199165102254554
1747.1648507345649,-11.42886201084097
1747.1648507345676,-21.179822355749035
1747.1648507345635,-21.380812662396544
1747.1648507345658,-34.38780405734197
1747.1648507345642,-26.424910002982582
1747.164850734556,-9.32931995774814
1747.1648507345667,-30.512740415616097
1747.1648507345733,-15.871220602233526
1747.1648507345656,-22.24214659450741
1747.16485073457,-56.16667985203612
1747.16485073456,-33.12059197470925
1747.164850734565,-17.166816438428732
1747.1648507345674,-15.446437867168235
1747.1648507345694,-12.17658087091385
1747.164850734569,-14.487112839696966
1747.1648507345624,-13.35677040422834
1747.1648507345624,-17.76918751177977
1747.16485073456,-20.948477343134297
1747.1648507345683,-33.01396118254637
1747.1648507345683,-17.28976298193313
1747.1648507345594,-15.597197786162987
1747.1648507345626,-24.67273101517119
1747.1648507345658,-26.470649609444312
1747.1648507345635,-31.740083486956074
1747.1648507345683,-16.320483616515858
1747.1648507345626,-17.545989939945287
1747.1648507345649,-30.56440114889612
1747.164850734567,-45.43905566160908
1747.1648507345635,-21.639851470651596
1747.1648507345635,-12.763746524414895
1747.164850734561,-26.707953740999724
1747.1648507345667,-34.16124317469571
1747.1648507345658,-11.754117939201043
1747.1648507345674,-11.566784568187337
1747.1648507345637,-16.05235267424131
1747.164850734565,-13.449138728120843
1747.164850734569,-32.27342985676038
1747.1648507345617,-29.943101408477784
1747.1648507345624,-28.91010094644086
1747.1648507345617,-16.71595828627289
1747.1648507345674,-17.85388325700479
1747.1648507345612,-15.410041171951717
1747.1648507345656,-38.16705328536848
1747.1648507345592,-37.5134030134267
1747.1648507345649,-20.64536027046057
1747.1648507345642,-22.840787290809715
1747.1648507345649,-28.340315337570736
1747.1648507345656,-32.58270356203951
1747.1648507345617,-28.259938823622605
1747.1648507345662,-26.96940119859159
1747.1648507345576,-10.631235637747594
1747.164850734561,-24.062089013758417
1747.16485073456,-31.762835654134612
1747.1648507345635,-24.836629424133548
1747.1648507345642,-14.880491245271932
1747.1648507345649,-23.370496329552086
1747.1648507345635,-11.873665328815502
1747.164850734565,-9.801418814822599
1747.1648507345617,-16.297482098755527
1747.1648507345594,-19.465574481971377
1747.1648507345658,-11.52338918165933
1747.1648507345606,-13.258996592908092
1747.1648507345676,-23.365974375768833
1747.164850734561,-40.2571354755543
1747.1648507345656,-20.15122273165628
1747.1648507345606,-23.917233050832316
1747.164850734562,-14.383958520421066
1747.1648507345642,-15.140561841342784
1747.1648507345658,-17.120745266063565
1747.1648507345635,-34.11156340506889
1747.164850734563,-26.827720236460976
1747.1648507345612,-13.01468202397614
1747.1648507345649,-42.62299293136124
1747.1648507345649,-8.575539145295167
1747.1648507345617,-21.11477926289161
1747.1648507345612,-18.890667871007704
1747.1648507345674,-44.395317383214504
1747.164850734569,-15.788954554995808
1747.164850734565,-11.873220945733712
1747.1648507345667,-16.333385965475507
1747.1648507345599,-28.160943966889207
1747.1648507345667,-15.69062067365556
1747.164850734563,-27.951943902223164
1747.1648507345626,-16.486936875188483
1747.1648507345658,-13.947862477326876
1747.164850734561,-16.547956405753038
1747.164850734565,-25.76164421639912
1747.1648507345658,-23.19927327239438
1747.1648507345674,-24.0960203233771
1747.1648507345626,-31.129177885619537
1747.1648507345694,-13.982847142352748
1747.1648507345576,-30.09532656133715
1747.1648507345658,-29.155745377368486
1747.164850734558,-20.164053685468776
1747.1648507345594,-28.393464829277406
1747.1648507345594,-39.29238836037871
1747.1648507345637,-38.75061492961987
1747.1648507345635,-18.005592324374398
1747.1648507345667,-30.400204184240025
1747.1648507345656,-20.428612950772838
1747.164850734561,-65.75490263778474
1747.1648507345587,-22.738899210274052
1747.1648507345617,-20.04598319790987
1747.1648507345635,-35.2676699833318
1747.1648507345649,-18.732342102945164
1747.1648507345637,-31.044526532687573
1747.1648507345674,-16.757327792617648
1747.164850734561,-50.617810050054366
1747.164850734567,-24.105460538539145
1747.164850734563,-47.1046860414077
1747.1648507345635,-36.63406601927403
1747.16485073456,-13.38561580264612
1747.1648507345617,-18.609155665004344
1747.16485073456,-14.764502866439514
1747.1648507345606,-14.775152378527668
1747.1648507345599,-18.6622536256579
1747.164850734561,-31.173856633592596
1747.1648507345656,-24.75209577954655
1747.1648507345683,-23.273672349675785
1747.1648507345635,-23.89190489214144
1747.164850734563,-61.1032335232706
1747.1648507345617,-27.936839689184804
1747.1648507345626,-33.97257935654066
1747.1648507345676,-14.443905030636225
1747.1648507345617,-17.908449201265757
1747.1648507345662,-22.792040754737446
1747.1648507345626,-31.717447534294813
1747.1648507345667,-46.57983979276346
1747.1648507345626,-20.96026456109546
1747.1648507345637,-21.67205364359829
1747.164850734568,-31.743353617308735
1747.164850734563,-12.112260071909446
1747.1648507345617,-31.293390496638864
1747.1648507345606,-19.61035465381985
1747.164850734561,-25.107075134977226
1747.1648507345635,-29.517793740939858
1747.1648507345642,-18.397884753264712
1747.1648507345594,-25.920447287115874
1747.16485073456,-23.31701711486993
1747.164850734557,-10.84451419378203
1747.1648507345585,-44.581250650662476
1747.1648507345649,-25.665555312495787
1747.1648507345656,-14.41845808473844
1747.1648507345592,-20.20913817223387
1747.1648507345656,-17.68172905662779
1747.1648507345585,-10.12548217489017
1747.1648507345585,-20.014057973098947
1747.1648507345656,-17.06565763808491
1747.164850734563,-14.250320059312724
1747.1648507345656,-28.803125725009743
1747.1648507345699,-35.76451142525228
1747.1648507345662,-29.169117476746564
1747.1648507345635,-60.16083649068285
1747.164850734565,-34.16702652993928
1747.1648507345626,-28.53488206821517
1747.1648507345624,-24.99064291895903
1747.1648507345662,-17.464220426917866
1747.164850734567,-22.17396468044254
1747.164850734561,-31.95724548574816
1747.1648507345637,-43.26447336247276
1747.1648507345662,-19.143946138513044
1747.1648507345658,-13.320143299676463
1747.1648507345626,-21.129891446836616
1747.1648507345626,-18.833562712299123
1747.1648507345635,-24.80898026927952
1747.1648507345599,-25.314510635771647
1747.1648507345658,-19.14173609858805
1747.1648507345687,-27.481903071320556
1747.1648507345656,-48.59989399140217
1747.164850734567,-13.42070475234107
1747.1648507345649,-37.05694045371571
1747.1648507345637,-19.656557324810567
1747.164850734562,-34.77193453361206
1747.1648507345667,-30.02895938708672
1747.1648507345594,-32.8282160956352
1747.16485073456,-20.641991598045163
1747.1648507345649,-14.780488938865227
1747.1648507345674,-15.168281534046777
1747.164850734565,-11.110232486285785
1747.1648507345658,-32.27047821065436
1747.1648507345674,-14.959769992854872
1747.1648507345635,-14.879935833970784
1747.1648507345662,-32.45343193567803
1747.1648507345637,-16.571410903403898
1747.164850734563,-34.40240857823557
1747.16485073456,-27.98962011649427
1747.1648507345649,-13.810822421821106
1747.1648507345706,-13.13155498117848
1747.1648507345637,-21.507334971471842
1747.164850734563,-15.138369878078455
1747.1648507345708,-13.98379113343942
1747.1648507345585,-23.152196549439093
1747.1648507345658,-26.285962002088088
1747.1648507345617,-26.089658481276533
1747.1648507345599,-17.01306708287848
1747.1648507345574,-17.07376112259988
1747.164850734567,-15.575853680097781
1747.1648507345637,-30.220368879289182
1747.1648507345626,-14.816311867552384
1747.1648507345635,-21.365991340686673
1747.1648507345667,-12.702402683342095
1747.1648507345642,-33.51583399255447
1747.1648507345587,-72.06340084751915
1747.1648507345637,-21.858133349144325
1747.164850734569,-22.38098865503547
1747.1648507345662,-18.879538758629252
1747.1648507345642,-19.4173553039584
1747.1648507345637,-15.111890405053463
1747.164850734565,-12.23415111615712
1747.1648507345656,-24.12623364137685
1747.164850734565,-13.521248269551279
1747.164850734562,-25.95908092299472
1747.1648507345642,-19.765858751286885
1747.164850734562,-20.925934677946884
1747.1648507345617,-34.99725774199432
1747.1648507345642,-24.97108302333045
1747.164850734569,-15.592889825904235
1747.1648507345637,-17.852601331335123
1747.1648507345662,-11.138979775817733
1747.1648507345683,-21.914873034777095
1747.164850734565,-17.531133692762435
1747.164850734568,-15.228577578376157
1747.1648507345624,-31.256588727551758
1747.164850734565,-30.890363693261698
1747.164850734561,-17.587280374349724
1747.1648507345658,-35.99573304904155
1747.164850734562,-26.194067165036046
1747.16485073457,-18.42525744029482
1747.1648507345626,-49.85379838499176
1747.164850734567,-27.36645592770628
1747.1648507345612,-15.712321527038284
1747.164850734562,-15.784427908015283
1747.1648507345612,-25.45210941369666
1747.1648507345617,-16.499405594775514
1747.1648507345667,-25.050909031780133
1747.1648507345606,-45.301033385887344
1747.1648507345606,-17.012756091071406
1747.1648507345626,-19.302165680590655
1747.1648507345642,-21.840247960398774
1747.1648507345642,-28.95126676440104
1747.1648507345617,-17.422065500706456
1747.164850734562,-27.79542148699012
1747.164850734563,-35.9864638386598
1747.164850734562,-15.633842208027362
1747.1648507345626,-23.85876155405444
1747.1648507345624,-24.30649628277712
1747.1648507345642,-28.191118541743926
1747.1648507345667,-21.499659964375926
1747.1648507345637,-47.011498761969946
1747.1648507345617,-18.16393713007217
1747.1648507345574,-14.29352260182924
1747.1648507345676,-24.566007118955223
1747.164850734565,-17.219876183969163
1747.1648507345626,-24.73422431188402
1747.1648507345626,-16.567823635906286
1747.164850734563,-16.234238209875897
1747.164850734562,-20.41201288773185
1747.1648507345606,-14.416642481666889
1747.1648507345594,-20.523893395449157
1747.1648507345642,-26.82415304894592
1747.1648507345606,-26.014266131643275
1747.164850734567,-11.663681550222613
1747.1648507345667,-20.626537114727032
1747.1648507345649,-25.484803550131097
1747.1648507345576,-25.144021040501922
1747.164850734567,-12.201058976009207
1747.1648507345617,-44.05329880074363
1747.1648507345649,-12.123589772069653
1747.16485073456,-16.04606482582405
1747.164850734562,-20.4812470487063
1747.164850734551,-33.296326895403766
1747.1648507345585,-13.187070172806974
1747.164850734562,-39.49082378017553
1747.164850734565,-18.04028085953432
1747.1648507345635,-30.67063637042955
1747.164850734561,-14.397597542201012
1747.164850734558,-15.714769522878255
1747.1648507345683,-27.012993360973216
1747.1648507345594,-12.752086955412691
1747.1648507345649,-28.49935394926863
1747.1648507345656,-17.289641732535387
1747.1648507345687,-15.39181569777059
1747.1648507345576,-14.40782673909473
1747.1648507345606,-18.381351729970323
1747.1648507345676,-25.603928940246227
1747.164850734563,-13.169423900989283
1747.1648507345635,-17.39547008385563
1747.1648507345649,-14.242625406881992
1747.1648507345635,-24.920374009634912
1747.1648507345667,-20.441421439207037
1747.1648507345624,-19.18353538089309
1747.164850734562,-16.69219127517284
1747.164850734563,-15.02718125500923
1747.164850734561,-17.537021174395832
1747.1648507345626,-9.408775554815973
1747.1648507345606,-14.728548080456907
1747.1648507345676,-19.29217041203112
1747.1648507345606,-12.75060318672766
1747.1648507345656,-21.73667722996616
1747.1648507345635,-23.99456387754004
1747.164850734557,-21.586703217742276
1747.1648507345624,-13.62743199169165
1747.164850734567,-33.39252615725632
1747.1648507345617,-12.38812213422244
1747.164850734567,-44.46772271337728
1747.1648507345637,-14.786697844589003
1747.1648507345626,-37.404064269388506
1747.1648507345674,-25.99531233546335
1747.1648507345587,-24.157424661319606
1747.1648507345635,-14.157925717704009
1747.1648507345694,-17.203802828771046
1747.164850734568,-17.289933807100308
1747.1648507345708,-11.594236148138597
1747.164850734561,-21.890448556128913
1747.1648507345624,-25.810279240904816
1747.1648507345606,-21.663942425634357
1747.1648507345667,-31.846825505107628
1747.164850734563,-13.969700546181679
1747.164850734563,-15.7816335709042
1747.1648507345656,-26.005780291308906
1747.1648507345626,-12.332554056534704
1747.1648507345617,-14.967398347067013
1747.1648507345642,-25.86067536227588
1747.1648507345658,-17.905728474494005
1747.1648507345549,-14.351917960184151
1747.1648507345592,-18.04533410960187
1747.1648507345626,-13.417143639423948
1747.164850734562,-18.84514952820787
1747.164850734565,-43.96787470797933
1747.164850734563,-38.24096664942798
1747.16485073457,-38.25033695028356
1747.164850734569,-36.621699856121
1747.1648507345637,-41.39132591476949
1747.1648507345667,-10.683780947251265
1747.1648507345649,-16.75161164678432
1747.16485073457,-24.7614533254549
1747.164850734568,-18.216490203905515
1747.1648507345656,-16.588061874543005
1747.1648507345667,-13.586623247773725
1747.1648507345662,-26.89676462348173
1747.1648507345637,-18.167173919644156
1747.1648507345687,-28.834564240781386
1747.1648507345617,-17.19528427523385
1747.164850734567,-33.350557189599186
1747.1648507345694,-14.897248657620581
1747.1648507345635,-31.117758461571633
1747.164850734565,-24.976774688173542
1747.1648507345635,-34.353862334416355
1747.1648507345683,-27.90714926562244
1747.1648507345637,-42.01849562840343
1747.1648507345649,-22.551684334600306
1747.1648507345676,-21.789595634494187
1747.1648507345676,-15.837069422681743
1747.1648507345626,-10.308870901471765
1747.1648507345635,-13.15445453674154
1747.1648507345612,-25.487187562232954
1747.164850734562,-38.433577993573955
1747.1648507345687,-20.657771236068708
1747.1648507345667,-23.029476354950322
1747.1648507345642,-14.815809563516227
1747.1648507345637,-10.25425296494879
1747.1648507345656,-15.538596175603898
1747.1648507345649,-33.35912311873468
1747.164850734557,-22.447145827527347
1747.164850734567,-23.62218617794069
1747.1648507345617,-14.406078118812617
1747.1648507345617,-13.036580138257051
1747.1648507345658,-43.9603234475993
1747.1648507345676,-15.949230818290644
1747.1648507345658,-39.05383149494835
1747.1648507345606,-13.965280545763846
1747.1648507345585,-12.855637132555623
1747.1648507345662,-23.453891003144335
1747.1648507345617,-31.70936219486384
1747.1648507345649,-31.53300547932758
1747.16485073456,-13.184247702181317
1747.164850734567,-12.078134233811696
1747.164850734562,-11.980753307593089
1747.1648507345642,-15.193785966180783
1747.1648507345667,-26.48765764009774
1747.1648507345592,-18.9139036946667
1747.1648507345637,-22.4611805921539
1747.1648507345687,-15.943176639403944
1747.1648507345649,-39.28972162049668
1747.164850734563,-48.176191095433595
1747.1648507345674,-24.16618072771238
1747.1648507345576,-13.39357638072946
1747.1648507345699,-13.460824627317344
1747.1648507345658,-15.355974739044312
1747.1648507345594,-16.54265020830083
1747.1648507345594,-26.093881219069882
1747.16485073456,-24.47014085155287
1747.1648507345635,-10.73136239648828
1747.1648507345656,-19.992104630063377
1747.1648507345617,-44.84940214554646
1747.1648507345635,-20.155352041353282
1747.164850734567,-36.123934831804746
1747.1648507345626,-32.12068754602521
1747.1648507345606,-10.907934904095924
1747.1648507345624,-14.050156511336187
1747.1648507345587,-42.31940147833351
1747.1648507345642,-33.83921802584072
1747.164850734565,-10.814707554855467
1747.1648507345635,-11.453093678285827
1747.164850734563,-19.846409432366475
1747.164850734567,-19.682550513357125
1747.1648507345592,-20.48417661101786
1747.1648507345642,-24.17097084163482
1747.1648507345667,-22.36317591656027
1747.164850734567,-32.392366329095644
1747.164850734565,-29.81344143024763
1747.1648507345606,-13.030415929101041
1747.164850734563,-13.00935273839839
1747.1648507345617,-12.606274242986753
1747.16485073456,-16.53962175655797
1747.1648507345617,-25.506845056812526
1747.1648507345617,-9.389719572422651
1747.1648507345542,-12.50774214259643
1747.164850734561,-9.55522181729467
1747.1648507345706,-18.914956171569745
1747.164850734561,-33.872737169902166
1747.1648507345667,-16.0300464095568
1747.1648507345674,-14.029809142616628
1747.1648507345683,-25.92869838204585
1747.164850734561,-9.799905790742521
1747.1648507345626,-30.32112701317866
1747.164850734565,-20.847314274201242
1747.1648507345624,-32.481022638929375
1747.1648507345667,-15.790843493666884
1747.1648507345626,-42.69587509274231
1747.164850734562,-22.35060583606984
1747.1648507345706,-31.96899799546821
1747.1648507345658,-32.21806020169744
1747.1648507345656,-42.22151973408719
1747.1648507345667,-37.83076861209091
1747.1648507345599,-25.846040717578724
1747.164850734565,-19.423942596452758
1747.1648507345626,-19.6294537743695
1747.1648507345656,-14.401938931203691
1747.1648507345656,-27.91978118249489
1747.1648507345708,-33.99401987275033
1747.1648507345674,-54.16498008481215
1747.1648507345683,-40.16128520094186
1747.1648507345667,-19.209226982086395
1747.1648507345624,-30.960422363844614
1747.1648507345617,-25.15496914243764
1747.1648507345683,-22.778195844493716
1747.1648507345662,-65.74867013910765
1747.1648507345642,-17.053776949837427
1747.164850734568,-36.7417420910461
1747.1648507345617,-34.00027859621302
1747.164850734563,-17.84495334633032
1747.1648507345687,-21.042270333437166
1747.1648507345658,-18.932531323385632
1747.164850734568,-24.131542621574106
1747.1648507345624,-31.355395764882786
1747.1648507345656,-20.08281703711809
1747.1648507345624,-12.920534147574031
1747.164850734568,-37.106263932213494
1747.164850734567,-22.63357450396877
1747.1648507345706,-43.59702114027535
1747.164850734563,-47.004425347754335
1747.1648507345694,-15.536652766762746
1747.164850734567,-17.89793102250924
1747.1648507345587,-34.05411587428347
1747.164850734565,-14.785828701884823
1747.1648507345706,-21.218189278288037
1747.1648507345649,-20.51015437281082
1747.1648507345642,-24.505441660487886
1747.164850734563,-26.58215479129677
1747.164850734568,-38.424739393980616
1747.1648507345662,-10.647998442499956
1747.1648507345612,-35.461986998087795
1747.16485073456,-14.320306652447146
1747.1648507345662,-38.21087585188186
1747.1648507345662,-18.77458955020005
1747.164850734565,-22.458189858625698
1747.1648507345649,-12.328205726580356
1747.164850734565,-16.507717592163505
1747.1648507345642,-14.325626118659956
1747.164850734557,-8.553079061964615
1747.164850734563,-26.78625849519065
1747.1648507345612,-14.55119000350088
1747.1648507345676,-18.677949043416213
1747.164850734563,-14.61521001141676
1747.16485073456,-15.07306247380749
1747.1648507345712,-23.42084485564214
1747.1648507345674,-51.12003644238777
1747.164850734565,-18.233098703396404
1747.1648507345626,-24.382052356586986
1747.1648507345635,-21.183211966155373
1747.1648507345624,-19.500906032698616
1747.16485073456,-28.766941766491094
1747.1648507345658,-25.32440349607135
1747.164850734567,-34.0626725203962
1747.1648507345662,-11.013156743550526
1747.1648507345617,-26.125065790895245
1747.1648507345667,-15.212866609363179
1747.1648507345676,-63.49887644111891
1747.1648507345674,-10.435480409136204
1747.1648507345699,-18.613214668423815
1747.1648507345624,-23.95144798119589
1747.164850734563,-13.276550523942271
1747.1648507345658,-12.048266154936005
1747.1648507345642,-18.930752215423993
1747.1648507345624,-14.205658142944651
1747.1648507345635,-44.9130181053443
1747.1648507345667,-11.56646787425807
1747.164850734563,-44.718670613175036
1747.1648507345683,-41.6178234500162
1747.1648507345637,-12.485662234374534
1747.164850734569,-23.58371695662729
1747.1648507345699,-14.130161383933949
1747.1648507345676,-13.74905753241846
1747.1648507345612,-23.049332933253268
1747.1648507345606,-19.981442886612363
1747.1648507345594,-27.49392919246671
1747.164850734562,-22.993911248188546
1747.1648507345676,-29.345214206336255
1747.1648507345642,-15.965436411793297
1747.1648507345626,-34.05159411293763
1747.1648507345624,-15.300884056790782
1747.1648507345667,-35.39004070762052
1747.1648507345594,-27.786386243602855
1747.1648507345606,-14.738705521643384
1747.1648507345687,-16.600012405470657
1747.1648507345662,-20.153355420046708
1747.1648507345624,-20.25472512458303
1747.164850734565,-31.523638232996564
1747.1648507345612,-32.76549738105243
1747.1648507345642,-14.445169715851236
1747.1648507345676,-31.616558080090684
1747.16485073457,-23.396766880976966
1747.164850734567,-34.73489717790738
1747.1648507345637,-30.911212237245827
1747.1648507345587,-16.0485356111959
1747.1648507345687,-25.755413895232483
1747.164850734563,-26.877573050282084
1747.1648507345712,-31.727823427864404
1747.1648507345667,-17.045193345763497
1747.1648507345562,-24.001970600109978
1747.16485073456,-30.15061608202869
1747.1648507345656,-26.105513717663488
1747.1648507345658,-16.805480702643607
1747.1648507345635,-29.85257341906945
1747.1648507345617,-18.20323447409005
1747.1648507345617,-21.345516753430967
1747.1648507345649,-31.314813145582598
1747.164850734563,-16.476757841316523
1747.1648507345699,-11.116521303091154
1747.1648507345642,-36.418245278927856
1747.1648507345658,-14.578998164870132
1747.1648507345658,-22.443900996022528
1747.1648507345649,-33.99356547491826
1747.164850734567,-16.019307992657243
1747.1648507345658,-28.33746719256619
1747.1648507345656,-20.52729937933108
1747.1648507345662,-16.798105968965412
1747.1648507345662,-25.962598527118953
1747.1648507345658,-19.06325507948546
1747.1648507345617,-23.094397550649692
1747.164850734568,-28.098982101168975
1747.1648507345667,-36.69040109571318
1747.164850734565,-12.901694804090221
1747.16485073457,-12.075874980300693
1747.164850734567,-11.326219401646648
1747.164850734562,-19.678868178641572
1747.1648507345585,-19.847053025221133
1747.1648507345687,-19.529007434193886
1747.1648507345635,-17.700721082514193
1747.164850734562,-16.322020611834812
1747.1648507345635,-38.16180546929941
1747.1648507345635,-10.112439485814576
1747.164850734567,-16.407148184843752
1747.16485073456,-18.97943440115151
1747.1648507345642,-21.583727752337293
1747.1648507345617,-20.874130940312856
1747.1648507345674,-29.2601293959134
1747.1648507345592,-16.56594013939593
1747.1648507345617,-22.894521925076504
1747.1648507345606,-21.80200357719936
1747.16485073456,-29.311823200781618
1747.1648507345617,-11.43072971793033
1747.164850734568,-43.94072697001889
1747.1648507345656,-19.057933059958536
1747.1648507345649,-30.273361372098723
1747.1648507345658,-23.384584580055545
1747.1648507345637,-20.622591437884928
1747.1648507345624,-18.08304136536073
1747.164850734557,-21.048560061068425
1747.1648507345656,-23.378301056183624
1747.1648507345667,-34.261246842283505
1747.164850734567,-25.558265097023774
1747.1648507345667,-14.877665032336784
1747.1648507345662,-11.467049136647981
1747.164850734563,-12.419801149486753
1747.1648507345649,-51.54894258115297
1747.164850734567,-24.761049529086883
1747.164850734565,-16.584462906195384
1747.1648507345642,-15.470023726614453
1747.1648507345612,-33.462935770362215
1747.164850734569,-35.722460795419934
1747.164850734567,-10.490852313998216
1747.1648507345656,-14.419263795305318
1747.1648507345658,-24.241289056450203
1747.1648507345642,-15.938386915156402
1747.164850734563,-26.827530109397713
1747.164850734567,-39.800249019471714
1747.164850734563,-17.621219226529387
1747.1648507345676,-13.222811690596515
1747.16485073456,-23.843638979280186
1747.164850734563,-15.98724225417575
1747.1648507345624,-14.966649578595781
1747.1648507345599,-40.6060571840922
1747.1648507345626,-33.34290098733551
1747.1648507345667,-24.335518108477117
1747.164850734558,-15.95001036939897
1747.1648507345594,-17.389662775530994
1747.1648507345635,-15.02390335291076
1747.164850734567,-22.864192384033284
1747.164850734565,-48.6538893953738
1747.1648507345637,-13.330588905711993
1747.1648507345683,-24.146718216394582
1747.164850734561,-17.913017869831698
1747.1648507345624,-15.605090154822001
1747.1648507345687,-15.308744091233734
1747.1648507345599,-26.61218581252803
1747.1648507345606,-23.687279759393736
1747.1648507345587,-19.24235463701291
1747.1648507345617,-17.138632589309452
1747.1648507345683,-18.24525025002813
1747.1648507345612,-13.164705603357788
1747.164850734569,-22.845899814171776
1747.1648507345667,-14.475985637538944
1747.164850734563,-23.8116274181791
1747.1648507345637,-27.62320566447749
1747.1648507345642,-11.364205663788665
1747.164850734561,-36.01942982002179
1747.1648507345687,-21.590230543064262
1747.1648507345635,-20.00020537975794
1747.1648507345656,-20.056616106823288
1747.164850734565,-26.598046662473294
1747.1648507345544,-21.770993068606227
1747.164850734565,-23.668936897196147
1747.1648507345585,-50.71298177847433
1747.164850734565,-25.286881080780727
1747.164850734567,-12.880427317558024
1747.1648507345662,-27.37243269884081
1747.1648507345642,-18.89701336189406
1747.1648507345642,-14.805396174552879
1747.1648507345617,-23.53863302498158
1747.164850734563,-32.241948758693844
1747.164850734563,-37.82636612053589
1747.1648507345649,-34.97318777468952
1747.164850734561,-16.478279465291415
1747.1648507345642,-35.20654030190209
1747.1648507345649,-20.45862929627263
1747.1648507345662,-18.869606612837035
1747.1648507345637,-18.22580989089076
1747.1648507345683,-26.727538910334996
1747.1648507345658,-19.29057750873955
1747.1648507345699,-25.704973037725594
1747.1648507345694,-18.35226083468585
1747.1648507345687,-34.63470274548348
1747.1648507345674,-29.443103850610765
1747.164850734565,-21.46781001165921
1747.164850734569,-24.31647838961156
1747.1648507345635,-14.868119485677905
1747.1648507345594,-31.887699966607308
1747.1648507345667,-19.12537636623123
1747.1648507345642,-25.339940041113064
1747.1648507345624,-13.66820061992145
1747.1648507345624,-22.85228227360631
1747.1648507345624,-27.613078114273133
1747.1648507345667,-27.983225981093153
1747.1648507345656,-18.13724412445974
1747.1648507345626,-12.3168719124605
1747.164850734568,-17.02361136521292
1747.1648507345642,-18.60406418442492
1747.1648507345649,-17.0436980700456
1747.1648507345585,-40.47941351637568
1747.1648507345699,-34.17761606335891
1747.1648507345637,-15.846622031466618
1747.1648507345667,-15.388253581974624
1747.1648507345662,-28.567736030823493
1747.164850734558,-19.316333634413972
1747.1648507345656,-20.428810211989617
1747.1648507345599,-16.834531333859672
1747.16485073456,-21.209645154472913
1747.1648507345606,-13.40261281638622
1747.164850734568,-31.72432309722811
1747.164850734563,-30.721092455309005
1747.164850734563,-12.024207956371718
1747.1648507345587,-16.729701506704966
1747.1648507345649,-8.960507221621608
1747.1648507345662,-14.333248884505545
1747.164850734565,-21.535215327899575
1747.1648507345617,-21.71846078375279
1747.1648507345649,-20.96084907566194
1747.1648507345658,-16.98785397269926
1747.164850734563,-19.433947304860418
1747.164850734562,-14.15508564674294
1747.1648507345667,-25.361208274506964
1747.1648507345637,-19.69016172142297
1747.1648507345617,-20.22061159205996
1747.1648507345649,-11.793880236246078
1747.1648507345642,-26.55745601770984
1747.1648507345642,-17.595013269220015
1747.16485073456,-14.226416733988916
1747.16485073456,-20.611152137296873
1747.164850734557,-31.25312167392581
1747.16485073456,-23.12997000799487
1747.1648507345642,-24.918265175145596
1747.1648507345624,-26.698834736769015
1747.1648507345656,-34.28597746804184
1747.1648507345642,-14.531680063917962
1747.164850734567,-24.394337525262856
1747.1648507345642,-27.724444457830938
1747.164850734561,-12.920349205045593
1747.1648507345656,-17.611678189893038
1747.1648507345674,-16.343055649473133
1747.1648507345649,-39.581243986087586
1747.1648507345656,-30.135933295349897
1747.1648507345658,-23.191712423703812
1747.164850734562,-14.22550655447746
1747.1648507345676,-27.68404430394889
1747.1648507345612,-18.013906346574345
1747.1648507345606,-32.29819344959626
1747.1648507345649,-18.918586396468214
1747.164850734567,-13.040226144726969
1747.1648507345706,-40.855177143783514
1747.1648507345637,-15.723813808023234
1747.1648507345612,-15.6846607004063
1747.1648507345617,-31.017469679764474
1747.1648507345667,-13.717017921016792
1747.164850734561,-22.808215364438297
1747.1648507345656,-17.837843933306864
1747.164850734557,-15.19725150403084
1747.1648507345624,-70.76613099922699
1747.1648507345674,-16.150043868767046
1747.16485073456,-16.961265023436674
1747.1648507345626,-32.994192708842995
1747.1648507345624,-18.65135928701978
1747.164850734569,-19.780910481924032
1747.164850734563,-16.663161737193995
1747.164850734561,-13.488705085809851
1747.1648507345637,-14.048959423240085
1747.1648507345658,-14.046645984227391
1747.1648507345658,-15.602514224940853
1747.1648507345635,-20.260573585593338
1747.1648507345599,-28.096140271035758
1747.164850734568,-12.739250776145674
1747.164850734565,-11.028558874881664
1747.1648507345699,-21.94399975434029
1747.16485073456,-20.2401919853953
1747.1648507345642,-39.248147669729306
1747.1648507345626,-15.099490601136392
1747.164850734558,-17.8362685363505
1747.1648507345649,-20.366494332811865
1747.1648507345662,-27.64295162773152
1747.164850734563,-17.706578989629453
1747.1648507345667,-14.444699435302205
1747.1648507345642,-30.48018151386178
1747.1648507345612,-17.20413549328564
1747.1648507345637,-26.16144091271301
1747.164850734565,-24.07227884486777
1747.1648507345624,-12.266731006460834
1747.164850734573,-18.95985022760224
1747.1648507345612,-10.615255199824848
1747.164850734562,-18.69808767848805
1747.164850734565,-24.962183354221168
1747.1648507345649,-16.056549707301933
1747.1648507345626,-16.522325551894717
1747.1648507345544,-22.235423126617643
1747.1648507345617,-22.47825960128844
1747.1648507345642,-14.17122177463715
1747.1648507345617,-13.013758511802608
1747.1648507345637,-11.686985228074407
1747.1648507345642,-25.210141487970716
1747.1648507345612,-19.736262453242098
1747.1648507345662,-19.9349009164173
1747.1648507345612,-25.198997372757475
1747.1648507345635,-13.937712037387175
1747.1648507345642,-18.371923010761886
1747.1648507345658,-27.56084138415662
1747.164850734568,-48.27150840976271
1747.1648507345637,-25.235700842740016
1747.1648507345658,-18.22167966135148
1747.164850734563,-29.624289576147252
1747.164850734565,-16.814459346124004
1747.1648507345626,-18.23329684839392
1747.164850734556,-35.09993665668436
1747.1648507345676,-21.872758566220423
1747.164850734567,-33.56038088792543
1747.164850734563,-23.206667847177233
1747.164850734562,-17.851812172759544
1747.1648507345676,-19.476477042455407
1747.1648507345662,-17.121793652023012
1747.1648507345658,-37.70284347763375
1747.164850734567,-20.002752758101046
1747.1648507345624,-25.756712414841328
1747.1648507345658,-12.817052594575454
1747.1648507345642,-15.264027996700442
1747.1648507345637,-38.33744341465595
1747.1648507345549,-17.328471602878604
1747.164850734563,-34.329125955559476
1747.1648507345658,-54.3677244034977
1747.164850734563,-23.396599869473597
1747.1648507345635,-11.06138826719106
1747.164850734567,-34.62239317014809
1747.1648507345612,-21.50133482022827
1747.1648507345658,-19.360754060294674
1747.1648507345662,-12.12393811681679
1747.1648507345637,-31.72673369952705
1747.164850734562,-27.248756816821512
1747.1648507345626,-28.500138896032755
1747.1648507345592,-25.759992572410457
1747.1648507345642,-15.927605972341292
1747.16485073456,-11.264328533304694
1747.164850734562,-21.773605340463178
1747.164850734562,-34.134737249915155
1747.1648507345726,-18.047936392125163
1747.164850734567,-22.809169943435524
1747.164850734563,-27.69702642278997
1747.1648507345599,-30.20659321517374
1747.1648507345683,-23.04714318142499
1747.1648507345683,-14.675906203257375
1747.1648507345642,-22.428703063959194
1747.1648507345642,-19.072262173916677
1747.1648507345683,-44.4865876328317
1747.1648507345676,-20.22408270594144
1747.1648507345617,-14.390795291963235
1747.16485073456,-27.738303365317424
1747.1648507345574,-16.99124762414435
1747.1648507345667,-19.014503958652558
1747.164850734561,-24.445488619415816
1747.1648507345658,-14.039172183653706
1747.1648507345658,-30.581422040693866
1747.164850734563,-32.714766573570145
1747.1648507345715,-10.41022916573009
1747.1648507345592,-11.247211787479744
1747.1648507345715,-7.968987011417948
1747.164850734562,-14.022177090660124
1747.164850734567,-16.055204166145096
1747.1648507345635,-30.93675546408317
1747.1648507345624,-29.570375631541225
1747.1648507345658,-45.859630293788214
1747.1648507345658,-19.8293456337275
1747.1648507345624,-19.943787665200258
1747.1648507345626,-40.25058190309646
1747.1648507345635,-16.301802827980367
1747.164850734563,-20.723401392225053
1747.1648507345649,-32.539161071915636
1747.1648507345626,-18.073825787346607
1747.1648507345624,-37.23913107808537
1747.1648507345624,-24.71948086431711
1747.1648507345599,-21.255142089865807
1747.1648507345606,-19.595563537877073
1747.1648507345656,-15.889274102572168
1747.16485073456,-28.923738204847844
1747.164850734563,-33.50540325712997
1747.1648507345635,-25.516213327752602
1747.1648507345612,-18.767600393772064
1747.164850734567,-18.314099548343567
1747.1648507345626,-40.985679767681
1747.1648507345676,-32.767540980191356
1747.1648507345594,-17.306966468702278
1747.1648507345624,-17.646980674844194
1747.1648507345649,-16.47253144087825
1747.1648507345637,-37.253114756982896
1747.1648507345667,-19.30032425002526
1747.164850734556,-12.486971473812286
1747.1648507345656,-14.383587244927416
1747.1648507345649,-25.583667581877904
1747.1648507345635,-13.636643302341916
1747.1648507345658,-14.113324311477509
1747.1648507345667,-11.80644836748415
1747.1648507345624,-33.62716295197606
1747.1648507345658,-30.037890410304634
1747.1648507345658,-19.926339487827946
1747.164850734565,-12.724306598096142
1747.1648507345635,-22.918907295679592
1747.1648507345687,-11.75847510116658
1747.1648507345606,-30.048527531750256
1747.1648507345606,-22.808109650839288
1747.1648507345708,-23.85361835442519
1747.1648507345576,-14.150613184455734
1747.16485073456,-17.74763281716648
1747.1648507345624,-19.765718170207926
1747.1648507345676,-31.51781896991799
1747.1648507345694,-15.02550750753399
1747.1648507345662,-23.06527845613845
1747.1648507345676,-14.386311093999844
1747.16485073456,-14.360052658357173
1747.1648507345624,-20.065393407708125
1747.1648507345662,-24.815607455201626
1747.164850734569,-17.59894737525376
1747.1648507345624,-9.813677658760387
1747.1648507345585,-10.7131101138442
1747.1648507345662,-18.318297611830456
1747.1648507345683,-26.078084215278878
1747.1648507345656,-22.236581911311152
1747.1648507345662,-17.013028072377594
1747.1648507345662,-16.72653759772237
1747.1648507345635,-19.263633512559604
1747.1648507345662,-37.18846127089717
1747.1648507345662,-16.812792479640958
1747.1648507345658,-10.793247740834616
1747.1648507345674,-13.72705736562854
1747.164850734565,-36.07103576462779
1747.164850734563,-23.765887132014964
1747.1648507345637,-21.867335755999644
1747.1648507345612,-20.920888685013033
1747.1648507345656,-13.842560526061717
1747.164850734565,-23.907376650405045
1747.1648507345699,-18.148927907065527
1747.1648507345606,-29.609746228398176
1747.1648507345624,-19.59727722590953
1747.1648507345658,-17.323938929594217
1747.1648507345656,-21.915073126359136
1747.1648507345635,-17.94438233748592
1747.1648507345699,-11.676885205694967
1747.1648507345649,-16.811108493045698
1747.1648507345649,-12.879937811625982
1747.164850734561,-22.91111884863561
1747.1648507345662,-24.893095052469516
1747.164850734567,-16.7166653419879
1747.1648507345612,-10.6393629222993
1747.164850734569,-25.62738646244457
1747.1648507345585,-10.206404948332683
1747.1648507345656,-20.930962326820488
1747.1648507345642,-24.652597385408598
1747.1648507345662,-22.579252358959444
1747.1648507345624,-23.81465095634221
1747.164850734563,-18.84724627940657
1747.1648507345624,-16.569255426742565
1747.1648507345662,-19.915795204609687
1747.1648507345658,-32.12891552846479
1747.1648507345635,-26.874671407702404
1747.164850734568,-31.664865773954965
1747.1648507345599,-37.75893530188873
1747.1648507345694,-16.086445267326514
1747.1648507345635,-19.833067396401614
1747.1648507345574,-17.380420229151593
1747.1648507345642,-39.442449889288426
1747.164850734562,-12.146286530974159
1747.164850734568,-12.4748315126955
1747.1648507345642,-20.564205484476997
1747.1648507345662,-34.48517817095613
1747.1648507345587,-25.86906946399401
1747.1648507345626,-26.758876000054943
1747.1648507345562,-37.29754364818626
1747.164850734567,-21.572677996904126
1747.1648507345699,-11.222196618254614
1747.1648507345658,-29.538565895137996
1747.1648507345667,-16.77766422129104
1747.1648507345606,-18.87622849506956
1747.1648507345699,-27.268145080337007
1747.164850734567,-9.927782344648477
1747.1648507345674,-19.682009302769035
1747.164850734562,-55.15012648996303
1747.1648507345592,-18.834629491375935
1747.1648507345649,-47.47174953457841
1747.1648507345642,-17.164753349853893
1747.1648507345656,-21.63912235521606
1747.1648507345683,-47.41861906730789
1747.1648507345674,-20.15746505498608
1747.164850734561,-24.560869418975578
1747.164850734567,-17.943770187975083
1747.1648507345642,-28.28072597654836
1747.1648507345637,-17.33329981893649
1747.164850734561,-23.404952122980472
1747.1648507345642,-58.130732577108745
1747.1648507345637,-33.383547637874486
1747.1648507345617,-26.978474609179177
1747.1648507345676,-15.56143497782493
1747.1648507345617,-17.380165597516065
1747.1648507345599,-35.53329960046299
1747.164850734567,-25.160381519595195
1747.1648507345662,-24.765043857364507
1747.1648507345612,-25.609879996946454
1747.1648507345687,-29.36182309110992
1747.1648507345599,-18.27561634469392
1747.1648507345617,-26.31790919607691
1747.1648507345658,-24.850072080719226
1747.1648507345656,-18.991519300749605
1747.1648507345642,-20.735533064786647
1747.1648507345606,-78.98838736063333
1747.1648507345687,-33.80226682968372
1747.1648507345642,-18.22523093106089
1747.16485073456,-21.295125940142697
1747.1648507345658,-13.402796300034774
1747.1648507345626,-54.04780001315511
1747.1648507345667,-32.253615018636594
1747.1648507345612,-18.973387471550886
1747.1648507345637,-17.3193759929471
1747.164850734562,-16.38497500037341
1747.1648507345658,-13.322989846931849
1747.1648507345612,-9.282826695685024
1747.164850734567,-14.224421382350219
1747.1648507345699,-11.509749677111246
1747.1648507345642,-32.095716622029
1747.1648507345624,-10.27498538222125
1747.1648507345592,-12.708689342795921
1747.1648507345587,-15.41239564075409
1747.164850734565,-23.731570001116914
1747.1648507345635,-13.475241762053205
1747.164850734567,-13.508733138568124
1747.164850734565,-17.70898868111004
1747.1648507345712,-35.01061488681315
1747.1648507345658,-17.922774619185308
1747.164850734563,-34.492170059599694
1747.164850734562,-25.87883919962146
1747.1648507345612,-20.699757819972575
1747.164850734565,-29.65723488147637
1747.1648507345724,-18.949845884517885
1747.1648507345667,-10.897345616483952
1747.1648507345649,-15.893706710408386
1747.1648507345624,-23.0167607729229
1747.1648507345667,-25.16881912534802
1747.1648507345617,-43.583667567617276
1747.164850734569,-30.659885260881303
1747.1648507345694,-18.568260083321377
1747.1648507345592,-17.79348479266221
1747.164850734565,-20.229831055886564
1747.1648507345649,-15.507788016645351
1747.1648507345606,-19.338647969631317
1747.1648507345683,-28.024454417390825
1747.1648507345667,-22.033760061754553
1747.1648507345676,-20.588960085465715
1747.164850734565,-26.406275402467717
1747.1648507345676,-9.930570811277835
1747.1648507345624,-19.594498073073904
1747.1648507345637,-17.940652223513993
1747.1648507345694,-11.960762125583125
1747.164850734565,-21.66996657811388
1747.1648507345635,-15.911926452745156
1747.164850734563,-13.04440987633457
1747.164850734562,-48.187360620073335
1747.1648507345562,-16.784632087266964
1747.1648507345635,-15.223462708814385
1747.1648507345626,-41.54709529575215
1747.1648507345658,-14.098084626852787
1747.164850734563,-19.111721169371137
1747.1648507345658,-35.23846490472874
1747.1648507345662,-23.122130642189056
1747.1648507345676,-23.665425638489808
1747.1648507345606,-25.206992515166583
1747.1648507345635,-27.521663808471953
1747.164850734562,-17.027135598328986
1747.1648507345687,-22.66753756634804
1747.164850734565,-24.640914543395294
1747.164850734561,-23.255602935091364
1747.1648507345656,-22.0885724033441
1747.164850734562,-25.317738149101626
1747.1648507345662,-40.57009747891019
1747.1648507345656,-28.37708080074276
1747.1648507345667,-19.922676413478204
1747.16485073456,-20.762288636585822
1747.164850734568,-25.343290854605527
1747.164850734567,-31.173516485119436
1747.1648507345594,-30.014508448867723
1747.1648507345642,-32.62313617093304
1747.1648507345599,-17.119775972900214
1747.1648507345585,-21.45944017432813
1747.1648507345617,-19.74951213820845
1747.164850734563,-22.661849173585637
1747.1648507345612,-26.532927202885727
1747.1648507345667,-13.927948288172978
1747.164850734558,-47.38485356700867
1747.1648507345676,-14.851657574168525
1747.1648507345606,-15.070221326321095
1747.1648507345658,-22.178688577342356
1747.164850734563,-37.62122776423945
1747.1648507345637,-13.26983537027821
1747.1648507345662,-18.07846479096024
1747.1648507345626,-12.613929931357633
1747.1648507345683,-21.025197971196537
1747.1648507345624,-18.87464937879095
1747.164850734567,-27.450254717991772
1747.164850734561,-32.08944381538343
1747.1648507345624,-28.554825633419973
1747.1648507345658,-33.69263994786282
1747.1648507345624,-12.12336737101502
1747.164850734562,-14.805913663933518
1747.1648507345624,-31.701520931578457
1747.1648507345599,-34.95004976196801
1747.164850734561,-15.42166397890722
1747.1648507345687,-34.70858899444403
1747.164850734565,-57.29310918314982
1747.164850734563,-16.38420330557155
1747.1648507345637,-14.241564437806705
1747.1648507345706,-27.493488588117465
1747.1648507345642,-15.532959520719997
1747.164850734561,-20.26435637525828
1747.164850734565,-23.623969719633003
1747.164850734567,-48.3222078692804
1747.1648507345606,-13.844478663455842
1747.164850734562,-22.35229838863558
1747.1648507345656,-15.582025117100157
1747.1648507345594,-23.33090792658456
1747.1648507345637,-13.100122551623869
1747.1648507345658,-20.42830252535019
1747.164850734562,-12.637609132672493
1747.1648507345587,-8.497594651633108
1747.1648507345617,-12.493837943236624
1747.164850734565,-12.075383746001357
1747.1648507345674,-21.417781240230006
1747.1648507345694,-17.156144062718692
1747.1648507345635,-40.68722425666206
1747.1648507345635,-21.612571808413346
1747.1648507345612,-14.405610357127937
1747.1648507345624,-21.652243329890876
1747.1648507345676,-20.978732605828274
1747.1648507345683,-27.287708229496964
1747.1648507345587,-14.368975992177365
1747.1648507345694,-13.986517316159688
1747.164850734567,-17.954913565520243
1747.1648507345649,-16.65724871746388
1747.1648507345635,-28.38397252372956
1747.1648507345612,-16.553870001482245
1747.1648507345626,-17.808854609565188
1747.1648507345649,-17.95290860926957
1747.1648507345649,-24.936783403508667
1747.1648507345687,-25.79156485643904
1747.1648507345612,-17.63026657405443
1747.1648507345649,-16.28205310512936
1747.1648507345662,-14.786405577985212
1747.1648507345642,-14.837124959567753
1747.164850734562,-10.626591165126671
1747.1648507345674,-10.537357834612216
1747.164850734562,-20.12098771058575
1747.164850734563,-19.223295846818004
1747.1648507345662,-18.330045332633524
1747.164850734573,-11.826020068706097
1747.1648507345637,-16.505466484195985
1747.1648507345662,-20.921194349488207
1747.1648507345585,-13.843600585535942
1747.1648507345656,-30.96828437062044
1747.164850734565,-27.069816774087098
1747.1648507345624,-9.266943045445549
1747.1648507345635,-14.017925341995028
1747.1648507345624,-20.122500387848543
1747.1648507345624,-14.758815507987375
1747.1648507345642,-8.778444911538918
1747.1648507345649,-20.807023065470567
1747.1648507345658,-13.09230441605175
1747.164850734567,-19.91480203690745
1747.1648507345649,-19.929361805084813
1747.1648507345649,-17.371992835144088
1747.164850734565,-29.5846351855828
1747.164850734565,-36.625753991674216
1747.1648507345599,-22.76010977655436
1747.1648507345617,-18.469540297229926
1747.1648507345642,-17.224506349176156
1747.1648507345674,-17.006506912229145
1747.1648507345694,-24.757529948928212
1747.1648507345658,-19.503673113353607
1747.164850734561,-16.90167927155471
1747.1648507345662,-20.058726272820426
1747.1648507345637,-19.30340041863829
1747.164850734567,-21.20349794529453
1747.1648507345642,-11.644767830251606
1747.1648507345626,-15.685447648864933
1747.1648507345687,-20.828470364815992
1747.1648507345667,-27.485305315148263
1747.1648507345667,-12.29150311933548
1747.164850734563,-14.171288824625325
1747.164850734567,-19.36090746018091
1747.1648507345683,-15.648681888114425
1747.1648507345667,-19.94040884460538
1747.164850734567,-15.323138296258998
1747.1648507345635,-16.550373756294388
1747.1648507345624,-14.77200408591959
1747.1648507345667,-54.34458455012666
1747.1648507345687,-18.798291754913464
1747.1648507345676,-29.204308167981786
1747.1648507345658,-29.408628323635543
1747.1648507345656,-14.784852288640407
1747.1648507345658,-20.312746902291597
1747.1648507345635,-27.902606216801377
1747.1648507345637,-18.92764832111186
1747.1648507345599,-31.237426248676535
1747.1648507345656,-14.75443815332602
1747.1648507345658,-14.47130808380735
1747.1648507345712,-13.693086996323276
1747.1648507345662,-14.80744658904745
1747.1648507345612,-15.465792442208661
1747.1648507345683,-12.509081210690198
1747.1648507345574,-14.034625416867069
1747.1648507345658,-37.592097594044546
1747.1648507345649,-25.03782898152711
1747.1648507345642,-21.998438184857083
1747.1648507345626,-29.140479822541575
1747.1648507345592,-23.308059116983546
1747.1648507345624,-24.66961673385471
1747.1648507345649,-14.79657058305778
1747.1648507345635,-14.084504869005187
1747.1648507345592,-24.03065497632059
1747.1648507345576,-16.467934332353927
1747.1648507345624,-28.759233150130157
1747.1648507345642,-34.33984041314244
1747.164850734565,-17.042229272895455
1747.1648507345637,-22.733787375316787
1747.1648507345667,-13.625780439001225
1747.1648507345674,-23.910545164386964
1747.164850734561,-19.439756485504528
1747.1648507345599,-23.285087238211936
1747.1648507345667,-13.779054447445608
1747.1648507345667,-16.968039564426658
1747.1648507345712,-16.444664209636898
1747.1648507345656,-11.56219485260955
1747.1648507345712,-27.366136515650837
1747.164850734568,-26.338052064438138
1747.1648507345662,-18.518877137185157
1747.164850734563,-31.926000887520452
1747.164850734567,-39.017661278120954
1747.1648507345658,-22.764096909988996
1747.1648507345642,-9.617874786524085
1747.164850734565,-55.81557011446227
1747.1648507345599,-41.21573570279087
1747.164850734553,-17.63552075553681
1747.1648507345587,-21.569357107927036
1747.16485073456,-24.168994178364237
1747.1648507345617,-16.366609826446396
1747.164850734565,-15.823790224615927
1747.1648507345635,-16.10608399517009
1747.1648507345656,-45.8310188510827
1747.1648507345649,-22.107252335200197
1747.1648507345656,-20.83881621389928
1747.164850734565,-35.46927594156904
1747.164850734561,-15.96889740756582
1747.1648507345662,-27.067308556717734
1747.16485073456,-19.028161715595733
1747.1648507345612,-25.98621076466075
1747.164850734562,-25.920107481719796
1747.1648507345606,-21.194470085672375
1747.164850734562,-19.091490833314808
1747.1648507345599,-22.556654976587883
1747.1648507345706,-18.60092380943018
1747.1648507345612,-30.753543222009593
1747.1648507345617,-30.461427600559148
1747.1648507345612,-18.535883934630483
1747.1648507345642,-42.82406068554232
1747.1648507345626,-61.69299115591392
1747.1648507345706,-16.71973496648642
1747.164850734565,-15.949276081432995
1747.164850734568,-17.244560937276887
1747.1648507345642,-38.177332349968
1747.16485073456,-21.566050170257636
1747.164850734569,-33.022772016887586
1747.1648507345694,-21.188817589938456
1747.1648507345662,-15.478764183676901
1747.1648507345626,-25.573470357744384
1747.1648507345656,-35.384879493716085
1747.1648507345624,-15.855733744619233
1747.1648507345626,-13.480280881192435
1747.1648507345612,-18.233020159149476
1747.1648507345594,-32.58294952990658
1747.1648507345667,-33.78537576408829
1747.1648507345637,-18.749242139695912
1747.1648507345592,-22.562864522659783
1747.1648507345585,-17.183253735899672
1747.164850734558,-18.1795579297236
1747.1648507345635,-9.359731067196222
1747.1648507345612,-54.72071600064383
1747.1648507345626,-25.09638213014051
1747.164850734563,-25.307721742911077
1747.1648507345642,-27.3022804169809
1747.1648507345592,-21.519208362732748
1747.164850734563,-15.08100185886208
1747.1648507345587,-36.27154287759133
1747.1648507345635,-35.80298558267187
1747.164850734565,-27.835642371800784
1747.1648507345626,-19.81176008927685
1747.164850734561,-28.594507476229108
1747.1648507345587,-16.03143063052305
1747.1648507345667,-34.002564975209246
1747.1648507345674,-22.160208232366013
1747.1648507345683,-13.806637427826695
1747.164850734563,-25.93013997932929
1747.164850734568,-24.434576798984665
1747.164850734563,-21.5048681239978
1747.1648507345683,-20.54998656818175
1747.1648507345626,-12.310991663610617
1747.1648507345624,-14.460645763026388
1747.1648507345624,-21.39041045786798
1747.1648507345624,-13.056220955407156
1747.1648507345667,-24.478904793052585
1747.1648507345658,-12.103011343503137
1747.1648507345683,-21.204735223774644
1747.164850734563,-17.594814033423958
1747.164850734568,-46.33787126093285
1747.1648507345649,-27.87938758388095
1747.1648507345715,-37.66328770271913
1747.1648507345617,-27.24770485254286
1747.1648507345624,-25.306764561727068
1747.164850734565,-21.904133387902604
1747.1648507345635,-22.989130028443853
1747.1648507345637,-28.982142961792377
1747.1648507345674,-22.069889587197196
1747.164850734565,-15.00912042056366
1747.1648507345658,-30.614966374091736
1747.164850734562,-49.90574715427042
1747.1648507345599,-43.52473874733103
1747.1648507345612,-45.0415249259225
1747.164850734568,-20.930276645847375
1747.1648507345662,-14.934550416791481
1747.1648507345637,-21.275453633200456
1747.1648507345649,-25.196689074417534
1747.1648507345658,-33.59404796386963
1747.1648507345594,-51.715644590118295
1747.1648507345599,-11.394392888013686
1747.1648507345635,-32.43319906854049
1747.1648507345606,-22.394699514279072
1747.164850734561,-19.306223142435016
1747.164850734568,-24.15215942865791
1747.164850734567,-16.75879692543213
1747.164850734565,-15.506702013516408
1747.164850734562,-16.304785771344672
1747.1648507345656,-20.405668743057518
1747.164850734563,-13.039001759909274
1747.1648507345656,-19.840158812783905
1747.1648507345658,-15.033641079006257
1747.1648507345687,-23.535084213315507
1747.1648507345656,-20.47236323960438
1747.16485073456,-22.50082820241891
1747.1648507345683,-15.153277494241188
1747.1648507345699,-25.514489524070694
1747.1648507345617,-26.967943403949253
1747.1648507345662,-21.612786613053153
1747.1648507345667,-44.80780904830318
1747.164850734565,-18.69548720632552
1747.1648507345667,-21.22058123546028
1747.1648507345642,-13.652711794694925
1747.1648507345626,-19.034421755823715
1747.1648507345674,-17.017845853246882
1747.1648507345624,-17.478274673579904
1747.164850734565,-38.59167601828481
1747.1648507345635,-26.32576985764019
1747.1648507345642,-13.61901770010503
1747.1648507345656,-29.709049606203703
1747.1648507345624,-16.904970143061206
1747.164850734565,-20.972981486758524
1747.1648507345617,-18.855321872747325
1747.1648507345637,-35.7963738352397
1747.1648507345694,-15.98036869468883
1747.164850734567,-18.305214153581225
1747.1648507345687,-20.83957953418653
1747.1648507345587,-18.44499721936642
1747.1648507345626,-34.42312492493804
1747.1648507345635,-32.24495326754422
1747.1648507345612,-14.878627768281493
1747.1648507345712,-29.666128290116056
1747.1648507345674,-21.128253366055937
1747.164850734569,-13.72515349655771
1747.164850734558,-16.714488614298695
1747.164850734567,-16.746334248233747
1747.1648507345649,-27.202324918784054
1747.16485073456,-19.427058900064413
1747.1648507345635,-13.96581467162879
1747.1648507345726,-17.666015026620453
1747.1648507345656,-20.167198905588613
1747.1648507345656,-20.097795055101333
1747.1648507345683,-26.13400092653706
1747.164850734561,-16.895507201780337
1747.1648507345649,-11.570603682933307
1747.1648507345662,-20.54866575577947
1747.1648507345642,-17.49357370065346
1747.1648507345626,-39.5805303322955
1747.1648507345649,-21.063913824787793
1747.1648507345649,-39.91131338995166
1747.1648507345683,-13.138356785869224
1747.1648507345637,-13.553117662052308
1747.1648507345649,-16.636627092232896
1747.164850734561,-26.658815110129574
1747.1648507345617,-28.51498589287892
1747.1648507345658,-18.249253439241915
1747.1648507345617,-18.524880331437288
1747.1648507345687,-17.28290533875624
1747.1648507345708,-63.49800597731146
1747.164850734561,-21.258822282917524
1747.1648507345626,-19.23778728163474
1747.1648507345626,-33.059328818948124
1747.1648507345658,-30.777820658203066
1747.1648507345626,-29.577576071037452
1747.1648507345744,-13.010730108336666
1747.164850734568,-25.33602860128072
1747.1648507345592,-21.336133805034578
1747.1648507345592,-13.052352332051974
1747.164850734565,-14.64604796999235
1747.1648507345576,-13.7265533697174
1747.1648507345635,-13.367048111518884
1747.1648507345617,-20.41391821711296
1747.1648507345687,-47.58215731016631
1747.1648507345674,-18.02070692122507
1747.1648507345676,-15.842152937614138
1747.164850734563,-13.675518124644992
1747.1648507345617,-26.315123215574825
1747.1648507345687,-15.803908586538201
1747.164850734568,-12.691571149153285
1747.164850734567,-18.38408075257261
1747.1648507345712,-21.38915816133386
1747.1648507345606,-15.190564367563642
1747.1648507345635,-20.25797914141107
1747.1648507345683,-15.789670654044286
1747.1648507345662,-30.558418298991302
1747.1648507345612,-18.68097504972942
1747.1648507345599,-31.251499868275502
1747.1648507345649,-18.913372597616128
1747.1648507345658,-29.41392859840346
1747.164850734569,-10.841703443715023
1747.1648507345699,-24.242506031364012
1747.1648507345656,-39.10116526924019
1747.1648507345667,-11.372762958017686
1747.1648507345642,-21.878949978668956
1747.1648507345637,-20.290177062148725
1747.1648507345658,-11.192241542455422
1747.1648507345624,-12.26292056045013
1747.1648507345637,-16.87355960495978
1747.164850734568,-30.183501430505295
1747.1648507345612,-12.966170002229486
1747.1648507345658,-28.32785470054915
1747.164850734569,-14.064725054045462
1747.1648507345642,-16.883541137179385
1747.164850734563,-13.732155957842465
1747.164850734561,-13.1735954376281
1747.1648507345658,-13.5348699988415
1747.1648507345637,-16.523391590702204
1747.1648507345683,-12.110524204722626
1747.164850734563,-13.388805112812982
1747.1648507345676,-10.041576755087208
1747.164850734563,-27.845941383221835
1747.1648507345606,-10.09798717491687
1747.1648507345656,-11.65757882368966
1747.1648507345612,-14.808047923911921
1747.1648507345649,-23.352365197656574
1747.1648507345656,-17.964538038310852
1747.1648507345662,-23.69474189759375
1747.1648507345599,-10.538829923512358
1747.1648507345683,-15.053120369706525
1747.164850734567,-23.711472918771307
1747.1648507345617,-14.899722388031892
1747.1648507345635,-39.884273165060286
1747.1648507345642,-47.45263702631533
1747.164850734567,-11.883702140469733
1747.1648507345612,-27.20640226203527
1747.1648507345637,-12.503180564478233
1747.1648507345606,-26.1505798854181
1747.1648507345687,-18.861875524816107
1747.1648507345676,-10.747322515799185
1747.1648507345658,-29.91210235056255
1747.1648507345642,-17.1911120648541
1747.1648507345637,-24.525315480621025
1747.1648507345662,-15.191219575866075
1747.1648507345642,-23.153983229303382
1747.1648507345626,-20.67378849723362
1747.164850734568,-20.06262191873417
1747.164850734562,-22.889585451933957
1747.164850734567,-17.7584048001879
1747.1648507345656,-35.90541448842615
1747.1648507345662,-16.852930837809158
1747.164850734569,-27.39682245993467
1747.1648507345724,-23.27774789133323
1747.1648507345674,-18.794730286828592
1747.1648507345662,-21.887992648796274
1747.1648507345674,-15.669367072791909
1747.1648507345637,-17.609616669137814
1747.1648507345658,-23.21026129283352
1747.1648507345667,-11.257237096571677
1747.1648507345637,-16.242243511566343
1747.164850734563,-16.57238514173634
1747.1648507345667,-19.148508181120864
1747.1648507345612,-20.31480192998233
1747.1648507345637,-27.641043186021648
1747.164850734565,-20.525156402724146
1747.1648507345658,-17.61262509987707
1747.1648507345612,-13.68074959748633
1747.164850734565,-24.020125481459882
1747.1648507345662,-12.992366344551657
1747.1648507345658,-13.044565900074998
1747.1648507345612,-14.64978979709791
1747.1648507345662,-13.099181916681898
1747.1648507345556,-27.120364031341452
1747.1648507345694,-14.730654229056572
1747.1648507345667,-27.209670674995195
1747.1648507345637,-18.4535083640564
1747.1648507345637,-17.358182042787103
1747.1648507345617,-13.072316217361527
1747.1648507345656,-17.170966949958213
1747.1648507345626,-23.75349011695531
1747.164850734556,-50.13903875901061
1747.164850734565,-15.926001025189382
1747.1648507345656,-42.16699452171559
1747.1648507345585,-14.902806389535597
1747.1648507345612,-14.575125008893645
1747.1648507345726,-12.832474687077458
1747.1648507345687,-12.267063047575089
1747.1648507345649,-17.569471269184973
1747.1648507345674,-18.583337741424103
1747.1648507345606,-19.55083007134946
1747.1648507345642,-21.65174008284496
1747.1648507345617,-25.578489803167308
1747.164850734563,-54.663424275785246
1747.1648507345658,-11.408324963025605
1747.1648507345592,-19.448470540586733
1747.1648507345617,-12.703576686727116
1747.1648507345642,-24.18521993488511
1747.1648507345637,-11.627435807953765
1747.1648507345642,-24.533086756407847
1747.1648507345635,-34.878574676215386
1747.1648507345674,-15.896598535108222
1747.1648507345635,-13.364175719625942
1747.164850734561,-12.522150894915471
1747.1648507345624,-13.601469061969492
1747.1648507345637,-16.405060415876775
1747.164850734565,-14.834014461528161
1747.1648507345637,-14.532938905125937
1747.1648507345649,-47.563591715844225
1747.16485073457,-25.387129513903233
1747.1648507345626,-8.607005097267837
1747.1648507345599,-22.65783061209366
1747.164850734563,-27.719444356720274
1747.1648507345649,-17.330533454085167
1747.1648507345637,-19.174996792819858
1747.164850734567,-19.24332731830321
1747.1648507345637,-7.678476457504837
1747.1648507345626,-21.644317887177262
1747.164850734563,-23.53283613911469
1747.1648507345637,-19.325261618563953
1747.1648507345599,-12.52847708945277
1747.1648507345649,-12.322871995072331
1747.1648507345606,-10.8114698151623
1747.164850734562,-15.261204924952452
1747.1648507345617,-11.999401306608098
1747.164850734561,-12.076911581255269
1747.1648507345642,-15.07505370767869
1747.1648507345624,-11.00702062992725
1747.1648507345674,-15.058553664109715
1747.1648507345674,-21.020778593546126
1747.1648507345637,-27.144706026813658
1747.164850734561,-17.36817287467486
1747.1648507345649,-21.310776650444986
1747.164850734565,-18.762572923698638
1747.1648507345626,-29.78381287493958
1747.1648507345674,-19.88662582717976
1747.1648507345574,-55.064076920445245
1747.1648507345683,-25.475789846304032
1747.1648507345617,-25.81214173894237
1747.1648507345706,-25.41321849147477
1747.1648507345662,-25.147274637023685
1747.1648507345635,-20.0485787306785
1747.1648507345656,-28.804431910863816
1747.164850734561,-16.448425995297967
1747.1648507345624,-14.8690411308981
1747.1648507345626,-15.409094150311208
1747.1648507345687,-20.24713424025627
1747.1648507345624,-18.372473341687943
1747.1648507345637,-22.70429798476405
1747.1648507345624,-21.945822142297207
1747.16485073456,-10.094223566285725
1747.1648507345676,-16.09259016282481
1747.16485073456,-14.270380516349748
1747.1648507345624,-28.81950104918738
1747.164850734558,-19.065354046491336
1747.164850734563,-54.071490075110326
1747.1648507345674,-14.610836221703712
1747.1648507345694,-22.311644171493768
1747.1648507345626,-16.941416082485393
1747.1648507345683,-13.636527823135303
1747.1648507345594,-19.17209855393708
1747.1648507345649,-24.321682020096564
1747.1648507345662,-12.143474395410093
1747.164850734565,-21.687499517516258
1747.1648507345626,-35.77621559366556
1747.1648507345637,-33.900039105670885
1747.1648507345662,-27.256183977387145
1747.1648507345658,-42.89198144007456
1747.1648507345656,-14.193923814734868
1747.1648507345585,-18.9814211553665
1747.1648507345715,-27.725811742928464
1747.1648507345683,-42.718290976678894
1747.1648507345576,-13.976075553104616
1747.164850734563,-25.58737016826748
1747.1648507345667,-25.280648771128877
1747.164850734567,-24.134060339818983
1747.1648507345687,-24.064734690451957
1747.1648507345676,-19.13457918319573
1747.1648507345649,-31.44677968943132
1747.1648507345626,-17.788246462682594
1747.16485073456,-8.079470539678525
1747.1648507345674,-55.21673493310012
1747.1648507345658,-16.171886709259983
1747.1648507345617,-14.35171762993918
1747.1648507345592,-15.109872252224518
1747.1648507345656,-25.012966322573575
1747.164850734563,-19.427493727858323
1747.1648507345683,-28.657766839073673
1747.1648507345606,-15.827152351540233
1747.1648507345656,-16.060564846330553
1747.164850734563,-17.40856029308678
1747.1648507345706,-18.777255615846713
1747.1648507345649,-19.070962737347443
1747.1648507345687,-26.145903984081052
1747.1648507345624,-18.283033703748423
1747.1648507345726,-19.207592995983752
1747.1648507345649,-28.245838948145025
1747.164850734568,-22.185159172024164
1747.1648507345658,-20.402554123826864
1747.1648507345706,-15.612008415401707
1747.16485073457,-27.475319040943795
1747.1648507345612,-23.60942224707154
1747.1648507345649,-23.422990859811254
1747.1648507345617,-13.779567550092029
1747.1648507345556,-14.701051345339941
1747.164850734569,-34.13053227681173
1747.1648507345642,-14.363024959569076
1747.1648507345626,-40.632960069347405
1747.1648507345674,-15.934520314108081
1747.1648507345658,-20.510687489515252
1747.1648507345656,-27.053427544747844
1747.1648507345658,-19.83709439230133
1747.1648507345585,-38.112110542884
1747.1648507345658,-17.205379359862572
1747.164850734561,-17.903666816600783
1747.164850734565,-20.462308825037045
1747.164850734561,-13.241021694848909
1747.1648507345658,-25.009152810413337
1747.1648507345606,-19.923384994852643
1747.1648507345626,-16.21932708986051
1747.1648507345667,-27.073615912268473
1747.1648507345662,-37.61206133994582
1747.1648507345626,-24.876625888176978
1747.164850734565,-20.793452479354077
1747.1648507345617,-12.57659087716645
1747.164850734567,-12.44142349479021
1747.1648507345649,-29.789142441705497
1747.164850734563,-16.125943609811795
1747.1648507345635,-52.21880216507749
1747.1648507345599,-7.839034431128998
1747.1648507345662,-24.415904535643953
1747.164850734563,-17.63193058506552
1747.164850734574,-12.379469649805948
1747.1648507345612,-30.466339110114514
1747.1648507345642,-33.04537525576727
1747.1648507345676,-24.74117087146789
1747.1648507345626,-19.126067378254856
1747.1648507345612,-26.417359446297528
1747.164850734562,-15.65066339676001
1747.1648507345585,-16.04931641492789
1747.164850734569,-32.18796007307486
1747.1648507345626,-28.21782770157674
1747.1648507345676,-20.681304225992278
1747.1648507345656,-16.115972399793748
1747.16485073456,-25.48498124824079
1747.1648507345642,-32.058018361725914
1747.1648507345658,-30.49796531059944
1747.1648507345658,-13.573452091544791
1747.164850734563,-18.55171962232019
1747.1648507345676,-42.32915551247856
1747.1648507345599,-18.323901358906586
1747.1648507345642,-20.735569216819442
1747.1648507345637,-13.34300387969046
1747.1648507345649,-28.556649654118342
1747.1648507345642,-12.718658751302742
1747.164850734562,-18.488456442967376
1747.1648507345662,-47.60073458729842
1747.1648507345687,-15.516634702761763
1747.1648507345642,-20.80958352012245
1747.1648507345592,-28.125702151868527
1747.164850734565,-15.116015029320037
1747.1648507345656,-17.319958733934822
1747.164850734563,-17.8502107881756
1747.1648507345687,-16.61023826904984
1747.1648507345635,-26.81454823695662
1747.1648507345687,-32.49427492554514
1747.1648507345667,-19.446729920441676
1747.1648507345624,-23.017901192285183
1747.164850734569,-26.255810851941163
1747.1648507345635,-24.47351520978363
1747.1648507345649,-30.74388482637393
1747.1648507345658,-18.245821825674387
1747.164850734569,-16.43394705742115
1747.1648507345637,-22.926078030181806
1747.16485073456,-14.699099034684574
1747.1648507345624,-23.16687808403577
1747.1648507345687,-19.5303072674228
1747.164850734565,-25.211908032197307
1747.1648507345635,-15.845821979810177
1747.164850734565,-38.55356275284806
1747.1648507345683,-15.606521996266123
1747.1648507345667,-23.250506033370126
1747.16485073456,-38.41189083559047
1747.1648507345667,-21.99730254048623
1747.1648507345626,-21.49143690611483
1747.1648507345549,-49.817645706416094
1747.164850734568,-16.375360717136786
1747.164850734563,-23.099784051553797
1747.1648507345599,-16.850319067492457
1747.1648507345585,-19.33837311967511
1747.164850734563,-14.430598578184425
1747.164850734565,-24.152673475255046
1747.1648507345699,-14.076388210168666
1747.1648507345694,-41.7919406876071
1747.1648507345662,-40.55828347947246
1747.1648507345594,-15.65580383658996
1747.1648507345649,-17.557598647666662
1747.1648507345635,-13.693382179258814
1747.1648507345708,-29.440380434246578
1747.164850734562,-19.174883610219386
1747.1648507345637,-19.892678721104858
1747.1648507345676,-30.11400773090974
1747.164850734568,-23.309183806562388
1747.1648507345635,-29.33722888079003
1747.1648507345594,-33.1421737888431
1747.1648507345649,-33.04786899023173
1747.1648507345667,-30.9793193344854
1747.164850734568,-33.482342029883384
1747.1648507345642,-12.225413365757614
1747.164850734567,-27.460615537307625
1747.1648507345683,-20.266223187273066
1747.1648507345656,-34.30811472444194
1747.1648507345624,-19.161964843895916
1747.1648507345658,-30.593482044031745
1747.1648507345637,-11.870467413790905
1747.164850734562,-21.725520416356794
1747.1648507345635,-26.618520738986973
1747.1648507345624,-35.321394789926394
1747.1648507345635,-21.42529754238377
1747.1648507345587,-20.485867073890258
1747.1648507345624,-32.24207774924824
1747.1648507345656,-26.39273419491642
1747.1648507345658,-13.3514210174522
1747.1648507345656,-18.577983880900305
1747.164850734568,-18.71321908413474
1747.1648507345624,-29.377024189332225
1747.1648507345624,-24.09944842772728
1747.1648507345635,-26.935592684878213
1747.1648507345667,-17.073127710899087
1747.1648507345658,-14.923463592314484
1747.164850734561,-14.742513768362109
1747.1648507345658,-21.05754356691566
1747.164850734565,-20.07176267831111
1747.164850734567,-18.95906981580313
1747.164850734561,-25.053859276352597
1747.164850734568,-12.148117718704878
1747.164850734567,-20.270026791233946
1747.1648507345637,-27.479164611162076
1747.1648507345662,-41.281129073423386
1747.1648507345637,-16.30190051823554
1747.164850734565,-23.886951151298828
1747.164850734561,-19.957278074977122
1747.1648507345599,-17.818034772227378
1747.1648507345612,-44.74372369713529
1747.164850734568,-9.067115627468862
1747.164850734563,-32.33373507281831
1747.164850734565,-12.532780503652512
1747.1648507345658,-12.33092471863732
1747.164850734567,-17.79208834149531
1747.1648507345599,-28.522887430278526
1747.1648507345624,-12.323783430177917
1747.1648507345649,-29.124886384777305
1747.1648507345667,-31.505908961677804
1747.164850734569,-16.491958981421494
1747.1648507345635,-18.555181587795104
1747.164850734562,-14.17240205789794
1747.16485073457,-18.737014200540944
1747.1648507345637,-15.350032191337343
1747.1648507345656,-17.85644189702826
1747.1648507345642,-14.58663958078189
1747.164850734567,-12.576512612924676
1747.1648507345606,-45.288724216068374
1747.1648507345649,-17.693430351103096
1747.1648507345649,-19.19350046465057
1747.16485073457,-17.20626562190955
1747.164850734568,-43.75350180046188
1747.1648507345626,-14.667139259361118
1747.1648507345626,-16.68277543761908
1747.164850734563,-64.07910740094235
1747.1648507345708,-23.982849482884276
1747.164850734569,-16.525605657093124
1747.1648507345642,-30.352003165449165
1747.1648507345599,-21.734402038735112
1747.1648507345606,-40.85229559119512
1747.1648507345708,-28.975738111900444
1747.1648507345649,-28.557398466270346
1747.1648507345649,-28.36259738899904
1747.1648507345594,-25.779041093976524
1747.1648507345662,-29.287407794433783
1747.1648507345585,-18.16791809862154
1747.1648507345612,-14.120762209407578
1747.1648507345592,-17.06822453073392
1747.164850734562,-17.810163727555604
1747.1648507345626,-20.49253405472803
1747.1648507345544,-17.646218803592912
1747.1648507345662,-49.32311049798873
1747.1648507345656,-14.838983352275203
1747.1648507345676,-25.376352580549966
1747.164850734567,-24.60111982309202
1747.1648507345637,-10.862054465474486
1747.1648507345649,-20.45014582885894
1747.1648507345649,-22.722711994701395
1747.1648507345683,-20.85227310513544
1747.164850734565,-15.666653531023067
1747.164850734563,-11.970103916662282
1747.1648507345706,-26.674975507279253
1747.1648507345649,-8.634699506525653
1747.1648507345594,-9.667275596702156
1747.164850734565,-13.430467627135378
1747.1648507345642,-21.31514190098529
1747.1648507345626,-38.53374834085522
1747.1648507345667,-17.93442009841925
1747.164850734562,-15.232347650740321
1747.1648507345637,-28.68085999241642
1747.164850734561,-14.002087441269412
1747.1648507345594,-41.214254621982725
1747.1648507345626,-15.236818930603988
1747.164850734568,-18.026524132760695
1747.1648507345667,-58.59092823691113
1747.1648507345649,-41.036829639689856
1747.1648507345642,-22.555429825124325
1747.1648507345617,-30.90953978618004
1747.1648507345606,-29.491762470433656
1747.1648507345674,-18.580077026939097
1747.1648507345624,-16.781433150873042
1747.1648507345667,-25.8519678497377
1747.1648507345624,-10.658407209668429
1747.1648507345637,-28.80457664749819
1747.1648507345683,-13.424906715779883
1747.1648507345599,-12.786918885858455
1747.1648507345626,-24.466513870428205
1747.164850734561,-16.58127136248644
1747.1648507345667,-17.86393938046629
1747.1648507345612,-12.680710677252266
1747.164850734565,-18.929250164173887
1747.1648507345585,-26.957550957880034
1747.1648507345642,-34.83950146033622
1747.1648507345676,-27.7771271849494
1747.1648507345594,-15.706789616613781
1747.1648507345592,-17.277057782802803
1747.164850734567,-23.10887230701616
1747.164850734565,-17.135243920159365
1747.1648507345637,-15.445416641826636
1747.1648507345612,-12.13594285431842
1747.1648507345649,-9.665881715237791
1747.164850734563,-16.236483744562484
1747.164850734567,-18.031334085642538
1747.164850734568,-24.599791274474764
1747.1648507345637,-7.374540353372047
1747.164850734565,-22.29571468578874
1747.1648507345637,-26.58029031995932
1747.1648507345637,-17.614535896679364
1747.164850734561,-16.668665403815574
1747.1648507345599,-21.127561938118525
1747.1648507345626,-17.410524567600987
1747.1648507345649,-23.65442692570352
1747.1648507345626,-32.41448215885429
1747.1648507345667,-17.936951775585612
1747.164850734562,-17.796700676425573
1747.164850734567,-25.117878132892024
1747.1648507345635,-20.404272396891276
1747.1648507345656,-14.176934170249975
1747.1648507345612,-23.784270961390963
1747.1648507345624,-15.212932110902845
1747.1648507345574,-23.59062564964603
1747.1648507345694,-12.154224444557657
1747.164850734565,-12.799931298715986
1747.164850734561,-29.278602737637488
1747.1648507345658,-45.76839347572022
1747.164850734563,-17.82296341774922
1747.164850734565,-22.44212096827728
1747.1648507345667,-23.721050812435536
1747.164850734567,-18.4934094281121
1747.1648507345674,-19.769324399619176
1747.1648507345599,-18.325710374163844
1747.1648507345642,-20.380938438116015
1747.164850734563,-24.456342780194085
1747.1648507345624,-13.378793598162165
1747.1648507345662,-19.629882696955285
1747.1648507345708,-12.905537729419336
1747.1648507345637,-14.296726166876406
1747.1648507345662,-17.439400057009184
1747.16485073457,-29.437050478923695
1747.1648507345624,-15.345004210490531
1747.1648507345592,-11.71084822906908
1747.1648507345642,-15.786271812547042
1747.1648507345626,-17.302281482770628
1747.164850734563,-23.856773118591647
1747.1648507345649,-23.898165965101555
1747.1648507345674,-16.64762462318518
1747.164850734565,-20.94506542260567
1747.1648507345635,-25.252064624650256
1747.1648507345667,-19.25714714828564
1747.1648507345674,-9.95917993025952
1747.1648507345656,-12.440669796835687
1747.1648507345626,-41.6934201970299
1747.164850734565,-14.34470156172772
1747.16485073456,-21.402910668815263
1747.1648507345658,-27.802119980379057
1747.164850734563,-18.38842316891568
1747.16485073456,-13.840014961140499
1747.1648507345594,-24.061941819988846
1747.164850734569,-31.522896545368344
1747.1648507345626,-22.703179383388765
1747.1648507345667,-18.207887140525468
1747.1648507345649,-14.188426856333242
1747.1648507345549,-13.526156985699847
1747.1648507345635,-27.18328939566574
1747.1648507345667,-17.03264575657593
1747.1648507345658,-27.92877809687584
1747.1648507345667,-14.767340004441506
1747.1648507345635,-10.318768595248025
1747.1648507345617,-18.390569869157687
1747.1648507345617,-13.175092863947985
1747.1648507345649,-13.893826649753748
1747.16485073456,-14.110498708612571
1747.1648507345706,-31.11246518931448
1747.1648507345658,-13.798281223787413
1747.1648507345642,-10.823401919086995
1747.1648507345617,-23.520755958195995
1747.1648507345658,-22.921254810238732
1747.1648507345606,-21.18994887634022
1747.1648507345662,-18.418192683458358
1747.1648507345683,-21.076297791618288
1747.1648507345649,-16.550387320208724
1747.1648507345658,-35.70407837353781
1747.1648507345626,-19.218656520282373
1747.1648507345658,-11.959423499974212
1747.16485073456,-14.20217185552616
1747.1648507345687,-37.935733212149735
1747.1648507345699,-18.728973610043738
1747.1648507345635,-27.07181443482275
1747.1648507345635,-17.36347089671485
1747.1648507345662,-45.90891431203447
1747.1648507345599,-13.564669580893787
1747.164850734568,-29.26535168161613
1747.1648507345635,-31.67136397627393
1747.164850734565,-31.013786053914966
1747.1648507345635,-25.93340102104457
1747.1648507345658,-20.106623439277026
1747.1648507345649,-28.00289494005502
1747.1648507345606,-22.824190750353317
1747.1648507345667,-10.2520557848683
1747.1648507345687,-18.17766971891787
1747.1648507345626,-22.532163723032962
1747.1648507345626,-21.249205640498936
1747.164850734567,-11.842877750468517
1747.1648507345662,-26.37453514781802
1747.1648507345624,-11.498866952004382
1747.1648507345626,-12.852954043685017
1747.1648507345676,-26.054563713247543
1747.1648507345606,-21.19209440492095
1747.164850734567,-15.509591810427342
1747.1648507345624,-28.915371222896734
1747.1648507345694,-13.219520172377752
1747.1648507345674,-23.52085331411962
1747.1648507345612,-19.358769808457517
1747.1648507345649,-21.11935357904408
1747.1648507345642,-13.348557554224453
1747.164850734567,-13.300595856485275
1747.1648507345612,-14.091428345640322
1747.1648507345706,-39.735200648237374
1747.1648507345617,-15.286855674798328
1747.164850734567,-16.218729446852958
1747.1648507345617,-19.865704575656988
1747.1648507345649,-38.759213912653756
1747.1648507345624,-25.094379660761167
1747.1648507345658,-28.570242092772784
1747.1648507345635,-19.873935564417387
1747.1648507345656,-9.089145317887674
1747.164850734562,-22.159213191644316
1747.16485073456,-23.185443160217307
1747.164850734568,-13.475858764158078
1747.1648507345637,-21.614819417821906
1747.1648507345606,-18.59658613046139
1747.1648507345683,-25.74959054515864
1747.1648507345658,-17.692446047819953
1747.1648507345594,-14.99746311590463
1747.1648507345637,-33.304429008256946
1747.1648507345635,-18.773009344983418
1747.1648507345649,-11.96250575261833
1747.164850734567,-13.423076237923889
1747.164850734567,-8.976803187143732
1747.1648507345635,-19.186470995112654
1747.1648507345642,-36.13821269629659
1747.164850734569,-19.199882509825812
1747.164850734565,-13.63451058794981
1747.1648507345642,-18.485565172940635
1747.1648507345606,-20.62184447128072
1747.16485073456,-22.25451408503858
1747.1648507345649,-32.74143731528292
1747.1648507345706,-13.437110927618182
1747.1648507345617,-14.811172723343125
1747.1648507345674,-18.845455223334838
1747.1648507345624,-21.305049432465793
1747.164850734561,-14.433034309724025
1747.1648507345656,-21.486276884999324
1747.1648507345612,-27.945384699432356
1747.1648507345674,-42.732122364937354
1747.1648507345635,-18.713519511709915
1747.1648507345674,-10.692146505555753
1747.1648507345662,-22.195584505863422
1747.1648507345637,-23.721168377411058
1747.1648507345676,-19.51643832672046
1747.164850734565,-12.817157293764708
1747.164850734565,-21.629674355827895
1747.1648507345594,-17.974254413312178
1747.1648507345642,-17.51051193121744
1747.1648507345662,-17.32188383889387
1747.1648507345637,-22.856339783253265
1747.164850734565,-61.212474821345985
1747.1648507345642,-28.04948181341128
1747.1648507345706,-43.7228486826527
1747.1648507345656,-23.127916722897215
1747.1648507345612,-40.13591813037749
1747.164850734569,-28.828942323188745
1747.1648507345687,-14.513121222247769
1747.1648507345687,-29.24270461754969
1747.1648507345612,-25.241663920792874
1747.164850734562,-20.562483216197254
1747.1648507345649,-14.83028536693837
1747.1648507345724,-45.271688950676385
1747.164850734568,-28.14436846693325
1747.1648507345662,-20.077798096706573
1747.1648507345626,-19.245949818443677
1747.164850734563,-16.052096213513355
1747.164850734567,-26.361083093236324
1747.1648507345656,-21.76524854594083
1747.164850734565,-24.295793109017197
1747.164850734562,-15.219759462689883
1747.1648507345624,-14.086393595351831
1747.1648507345594,-16.526742377735705
1747.164850734561,-26.030214146720432
1747.1648507345674,-11.953960267368888
1747.164850734562,-23.87369436145214
1747.1648507345712,-13.1978585651781
1747.164850734565,-13.726046718914173
1747.1648507345626,-27.76854960848707
1747.164850734567,-15.488073260574279
1747.1648507345606,-34.443448124435925
1747.164850734562,-13.390647542526935
1747.1648507345687,-15.933281273144425
1747.1648507345676,-20.436262208318688
1747.1648507345626,-15.601476628525019
1747.1648507345626,-82.02934961918827
1747.1648507345667,-19.228218017739067
1747.1648507345649,-19.08278528303269
1747.1648507345656,-10.373596435603066
1747.1648507345649,-19.536245735550064
1747.1648507345656,-16.472178167769126
1747.164850734565,-44.674797771285206
1747.164850734562,-24.442240321364338
1747.1648507345642,-22.484420531470413
1747.1648507345674,-20.572648627514173
1747.1648507345667,-43.09372549716476
1747.16485073456,-20.7944220442414
1747.164850734562,-29.564090607699306
1747.1648507345667,-24.118241862447224
1747.1648507345694,-17.30615225656375
1747.1648507345642,-21.7865724318772
1747.1648507345683,-23.32679843612619
1747.1648507345676,-9.577077504355199
1747.1648507345656,-20.17935772451092
1747.1648507345667,-21.32565936657958
1747.1648507345637,-21.713847741149355
1747.1648507345624,-20.70628373235018
1747.16485073456,-29.106481442638533
1747.1648507345624,-13.871247607155498
1747.1648507345658,-24.212363023734607
1747.1648507345637,-19.518033032971037
1747.1648507345624,-16.580474624343175
1747.1648507345612,-10.301350925022533
1747.16485073456,-10.040921044207378
1747.1648507345576,-43.110712989646245
1747.1648507345667,-34.85153731338697
1747.1648507345715,-20.52717083806231
1747.1648507345594,-11.825750434494305
1747.1648507345712,-16.401006823137276
1747.1648507345612,-95.52828187702916
1747.1648507345626,-17.700366288037767
1747.1648507345687,-45.75540580111232
1747.1648507345676,-13.100425874443506
1747.1648507345694,-19.069873309628026
1747.1648507345674,-25.469383542109213
1747.1648507345635,-30.048523108571317
1747.164850734567,-16.029657791710804
1747.1648507345662,-17.531368515536276
1747.1648507345676,-25.487340897515796
1747.1648507345744,-14.131786286802603
1747.164850734567,-24.79201760384388
1747.1648507345612,-16.322912106515147
1747.1648507345556,-13.325078187387843
1747.1648507345649,-31.385893645852903
1747.1648507345712,-12.697210954526694
1747.164850734568,-28.492247258465834
1747.1648507345662,-11.142171842426023
1747.164850734557,-18.398339752668317
1747.1648507345674,-23.325877089084262
1747.1648507345617,-24.033701010886418
1747.164850734569,-13.382379071083033
1747.1648507345626,-54.557884573314695
1747.164850734565,-14.251989912360145
1747.164850734567,-32.84298295937869
1747.1648507345649,-16.97926613572103
1747.164850734569,-14.354419897506915
1747.1648507345667,-23.306607954075805
1747.1648507345592,-20.42130260712058
1747.1648507345676,-19.429332185506468
1747.164850734563,-27.31549279038631
1747.1648507345676,-12.850615279556271
1747.164850734568,-15.747330247785902
1747.164850734563,-27.875108785731317
1747.1648507345617,-27.624344885262126
1747.164850734567,-19.56072131166355
1747.1648507345658,-30.59427452971819
1747.1648507345667,-43.682801015150076
1747.1648507345624,-26.07108102448882
1747.164850734565,-29.02560462565262
1747.1648507345553,-43.147854311655564
1747.1648507345656,-18.522463048294146
1747.1648507345662,-25.32906643062423
1747.164850734567,-38.45474698885539
1747.164850734567,-40.70320829308257
1747.164850734562,-18.60127540737252
1747.1648507345649,-9.221475146672429
1747.1648507345662,-31.69290203680849
1747.1648507345626,-22.824657110211096
1747.1648507345662,-14.65339021080139
1747.1648507345599,-23.062738139247276
1747.1648507345599,-33.8275721826608
1747.1648507345612,-13.763979228224027
1747.1648507345683,-13.66303885385379
1747.16485073456,-10.63734552465392
1747.1648507345617,-9.864641261420006
1747.1648507345642,-53.62504840488944
1747.1648507345592,-32.87709075337548
1747.164850734563,-12.805823510597344
1747.1648507345635,-32.39859841076932
1747.1648507345649,-16.72722259052636
1747.1648507345683,-25.334193048016274
1747.1648507345683,-18.848339246447164
1747.1648507345637,-16.20232477154077
1747.1648507345667,-21.077891596459803
1747.1648507345649,-23.834654238645026
1747.1648507345626,-35.539947604395685
1747.164850734573,-22.12933472570035
1747.1648507345658,-14.178486361911524
1747.1648507345637,-19.73276150367463
1747.1648507345683,-34.83395737959867
1747.164850734562,-46.927332724472
1747.1648507345658,-11.033887653987637
1747.164850734562,-12.27846794611328
1747.164850734567,-13.104632095900822
1747.1648507345585,-50.75675432692922
1747.1648507345624,-21.01598450545262
1747.1648507345658,-35.269060153883956
1747.164850734567,-32.2535695101447
1747.164850734568,-26.88693479438667
1747.1648507345699,-16.172686597791284
1747.1648507345612,-23.167197307246166
1747.1648507345658,-15.410367093666737
1747.164850734567,-53.57159328482276
1747.1648507345626,-26.791403356008264
1747.1648507345658,-48.217984573002795
1747.1648507345642,-19.6484239418212
1747.1648507345674,-27.143180965878233
1747.1648507345637,-29.146008697108115
1747.1648507345585,-19.06336959599269
1747.164850734567,-24.622642458978707
1747.1648507345667,-39.96643664144412
1747.1648507345708,-49.11757361388332
1747.1648507345656,-18.47732165487354
1747.1648507345617,-12.924384714955705
1747.164850734561,-14.236028643590945
1747.1648507345626,-21.4937303152909
1747.164850734567,-65.01801931163224
1747.1648507345649,-37.42120617771731
1747.1648507345612,-17.292784065134565
1747.1648507345635,-12.777730334365136
1747.1648507345612,-22.985813697278843
1747.1648507345624,-18.418225396276195
1747.1648507345587,-26.30494558644985
1747.1648507345617,-29.25984538180437
1747.1648507345637,-9.43659018856791
1747.1648507345694,-27.799224962708596
1747.1648507345662,-16.647984667787576
1747.1648507345574,-29.115501282347438
1747.1648507345667,-13.0362952434791
1747.164850734565,-13.233962170366489
1747.164850734563,-15.866331430740715
1747.1648507345658,-37.683658243214296
1747.1648507345699,-18.982773154988845
1747.1648507345624,-13.013641656442413
1747.1648507345649,-12.110536028283256
1747.1648507345699,-28.96734958805402
1747.1648507345676,-47.16017065073731
1747.1648507345656,-23.932532613507423
1747.1648507345656,-31.09385195374912
1747.164850734565,-18.722378324276487
1747.164850734567,-23.620324145000062
1747.164850734565,-20.906802065885284
1747.1648507345674,-13.490299929684296
1747.1648507345658,-17.56067619697157
1747.16485073456,-14.90980155786282
1747.164850734567,-32.88542552858211
1747.1648507345656,-35.477336785886514
1747.1648507345694,-20.079351637529673
1747.1648507345617,-41.56983972317262
1747.1648507345726,-20.634336672771095
1747.1648507345599,-19.244629912228024
1747.1648507345617,-16.604092154708635
1747.1648507345606,-14.81614825422
1747.1648507345637,-28.163161026592693
1747.1648507345606,-19.999814883409943
1747.1648507345626,-24.066675073528668
1747.164850734563,-21.409514998415887
1747.1648507345656,-14.283676867435169
1747.1648507345656,-15.63613500884006
1747.1648507345585,-18.958085578186903
1747.1648507345626,-34.923285499160386
1747.1648507345642,-14.967226889228662
1747.1648507345635,-17.07434715464023
1747.1648507345637,-16.680350402189344
1747.1648507345617,-36.81645429639363
1747.1648507345617,-40.35161063664407
1747.1648507345612,-16.735278661743052
1747.1648507345626,-17.001237635300715
1747.1648507345635,-19.87284196534827
1747.164850734567,-21.06556537738808
1747.164850734563,-9.834380094163865
1747.1648507345624,-26.42333710684502
1747.1648507345617,-14.829067516065905
1747.1648507345617,-41.80727979801483
1747.1648507345624,-19.1164061963779
1747.1648507345667,-11.922205084679504
1747.1648507345612,-30.284472177305215
1747.1648507345637,-9.524924708222587
1747.1648507345635,-14.140914207329638
1747.164850734562,-18.55058101718825
1747.1648507345656,-24.700837015665687
1747.1648507345642,-23.789569919158485
1747.1648507345687,-17.69067531617558
1747.1648507345635,-13.076782849666877
1747.164850734562,-56.86926621144017
1747.164850734563,-17.116789140934678
1747.1648507345708,-15.060422053946846
1747.1648507345612,-22.93082603270856
1747.164850734565,-18.37682649902292
1747.16485073456,-26.17951145564204
1747.164850734558,-12.879009321012544
1747.1648507345649,-30.110091100222704
1747.164850734565,-13.977423127171557
1747.1648507345617,-14.797073037005152
1747.1648507345662,-22.184664941432285
1747.1648507345612,-41.449445957605214
1747.1648507345637,-11.786695051997627
1747.1648507345617,-15.623312797671282
1747.1648507345612,-20.948947907660685
1747.1648507345667,-31.047588107646142
1747.1648507345626,-38.75696145603265
1747.1648507345624,-15.577339040795335
1747.1648507345687,-13.12030774401291
1747.1648507345587,-21.011759952800343
1747.1648507345642,-20.25234648388597
1747.164850734567,-19.968671480682556
1747.1648507345694,-16.703806253573596
1747.1648507345642,-9.98634176058389
1747.164850734565,-18.901658680908323
1747.164850734568,-26.413563146355344
1747.1648507345658,-38.94107265166005
1747.1648507345592,-16.881934008326425
1747.1648507345637,-31.521975602332475
1747.1648507345626,-11.378603993692101
1747.1648507345612,-55.85813939565448
1747.1648507345626,-20.78391425275134
1747.164850734567,-24.180269423251236
1747.1648507345637,-23.79959879918368
1747.1648507345626,-10.741902641809123
1747.1648507345642,-18.911310967601707
1747.1648507345624,-38.258382935493074
1747.1648507345656,-25.003344877200423
1747.1648507345624,-24.150848155246436
1747.16485073456,-22.637298925386716
1747.1648507345667,-20.50698952593332
1747.1648507345699,-19.6274746526028
1747.1648507345642,-13.065644984646982
1747.1648507345617,-23.258941174248573
1747.1648507345637,-18.28844213657464
1747.164850734569,-22.56322993609298
1747.1648507345587,-19.66699752210429
1747.1648507345694,-14.132438685043141
1747.164850734563,-20.531499698740248
1747.1648507345637,-18.22434910315919
1747.164850734561,-29.355404495818526
1747.1648507345637,-53.733373982809866
1747.1648507345667,-27.469072684300528
1747.164850734562,-15.058966673251668
1747.1648507345649,-16.820664991979275
1747.1648507345667,-22.108918818334413
1747.1648507345674,-9.21777116311947
1747.1648507345658,-30.81886886042076
1747.1648507345635,-13.615046638427089
1747.1648507345612,-17.118430335365158
1747.1648507345656,-16.573305390169917
1747.1648507345592,-20.16321585110644
1747.16485073456,-20.56541212835567
1747.1648507345649,-14.92836762636333
1747.164850734561,-39.2835723934372
1747.164850734568,-29.004558741739377
1747.1648507345617,-16.292681554244755
1747.1648507345656,-16.549448824152623
1747.1648507345617,-15.911690713046708
1747.1648507345542,-30.408674411700016
1747.1648507345635,-21.61709662205199
1747.1648507345617,-21.154891095167997
1747.1648507345612,-24.561285493211436
1747.1648507345656,-63.353158803357644
1747.1648507345626,-27.155958473564645
1747.1648507345667,-17.034087915033414
1747.1648507345674,-14.384454160594295
1747.1648507345658,-23.35460008968631
1747.1648507345656,-16.692472082907905
1747.164850734569,-15.833063376955447
1747.164850734561,-19.62690771208628
1747.164850734565,-15.858814239602943
1747.164850734563,-25.056934030283152
1747.1648507345658,-31.218802849120397
1747.164850734563,-19.985270031233746
1747.1648507345642,-23.184804267160374
1747.1648507345642,-11.825076262011331
1747.1648507345658,-31.83567401732067
1747.1648507345637,-19.1696471444998
1747.1648507345635,-27.164145938628504
1747.1648507345592,-17.09863324069289
1747.1648507345667,-20.09598586725575
1747.1648507345674,-39.05371591981119
1747.1648507345656,-22.23940079188411
1747.1648507345617,-27.893015521537663
1747.1648507345642,-9.371674521897136
1747.1648507345635,-60.148422535834264
1747.164850734558,-15.993347645545327
1747.1648507345626,-28.47858193952869
1747.1648507345683,-20.078134825430293
1747.1648507345676,-30.53663529078373
1747.1648507345642,-20.25834729733487
1747.1648507345656,-11.826775053803704
1747.164850734568,-20.049910098231937
1747.1648507345649,-18.971728166118506
1747.164850734569,-34.46468305948158
1747.1648507345635,-17.21348916635887
1747.1648507345687,-31.06565864112155
1747.1648507345612,-11.701269213315953
1747.164850734567,-33.56914164126755
1747.1648507345667,-18.86439272109633
1747.164850734558,-20.765751922369684
1747.1648507345635,-35.48074930048662
1747.164850734561,-27.392619464327193
1747.1648507345674,-17.232093586466497
1747.164850734567,-16.194246278271105
1747.1648507345612,-13.78213499469381
1747.1648507345662,-22.333247855157254
1747.1648507345667,-17.826614916379135
1747.1648507345683,-57.28424212317644
1747.1648507345737,-12.184187954453211
1747.164850734562,-19.43657740282626
1747.164850734568,-16.165742842293476
1747.1648507345642,-20.898548245505687
1747.1648507345585,-19.66893941945188
1747.1648507345594,-20.52075937463702
1747.1648507345617,-13.933732675096472
1747.164850734565,-14.702746958444232
1747.1648507345594,-24.78612878030568
1747.1648507345649,-21.88630160335284
1747.164850734568,-52.48916267147703
1747.1648507345624,-20.204320744297284
1747.1648507345617,-31.018358383642546
1747.1648507345612,-11.424803648322895
1747.1648507345667,-16.675471492336737
1747.164850734569,-18.525470320842135
1747.1648507345642,-31.94638417107282
1747.1648507345617,-20.496277169825888
1747.1648507345712,-18.37067180208348
1747.1648507345676,-17.535410333737968
1747.164850734569,-16.243491868594294
1747.164850734567,-15.982411068266517
1747.1648507345626,-20.486651104728633
1747.164850734568,-20.91338806381246
1747.164850734565,-29.055407981787983
1747.1648507345674,-8.353212953373145
1747.1648507345612,-24.74411421649502
1747.1648507345562,-34.218600077579175
1747.164850734563,-12.912042822324624
1747.1648507345656,-23.585285010246643
1747.164850734565,-18.86673708420141
1747.164850734567,-12.32639134249874
1747.1648507345642,-28.360857982719544
1747.1648507345606,-11.233577411184962
1747.1648507345606,-10.283667562973546
1747.1648507345635,-17.766974226415797
1747.164850734565,-14.286688139539578
1747.1648507345656,-36.10266611920508
1747.1648507345676,-14.284326888048565
1747.1648507345694,-45.16430982039593
1747.16485073456,-15.569534526630498
1747.164850734561,-41.395940154428004
1747.164850734562,-34.253541727192896
1747.1648507345656,-17.95224732790477
1747.1648507345637,-30.96836366748896
1747.1648507345594,-20.807584872913473
1747.1648507345606,-20.519129940369524
1747.1648507345612,-14.967065042706723
1747.1648507345712,-10.98680749992133
1747.1648507345587,-11.713064903190231
1747.1648507345667,-24.75310039859523
1747.164850734567,-28.389826429092363
1747.164850734565,-20.243557545637415
1747.1648507345658,-22.310366397673903
1747.164850734567,-15.227133045680464
1747.1648507345637,-26.482624290180606
1747.1648507345635,-23.381754533013154
1747.1648507345637,-29.389421135688515
1747.1648507345635,-14.430472002159625
1747.16485073456,-15.630568458808108
1747.1648507345676,-13.94355408599047
1747.1648507345624,-14.14512361832449
1747.1648507345649,-13.585203797284231
1747.1648507345585,-22.73758528649122
1747.1648507345656,-31.906959270875046
1747.1648507345699,-21.438517561292393
1747.164850734561,-8.532479848180998
1747.1648507345624,-20.731480985661072
1747.1648507345676,-33.663200902716795
1747.1648507345606,-18.249958540861652
1747.1648507345649,-15.009900403618401
1747.164850734565,-23.19436208142148
1747.1648507345626,-17.72813340026323
1747.1648507345594,-16.000431458583737
1747.164850734568,-16.39009591598747
1747.164850734574,-34.067611757595415
1747.1648507345674,-18.162915073115244
1747.1648507345635,-19.646984894940708
1747.164850734565,-28.07826500444104
1747.1648507345667,-22.30939502869724
1747.164850734563,-11.16985262847582
1747.1648507345683,-20.822406873675522
1747.1648507345642,-21.69830100229038
1747.1648507345656,-18.65128237375753
1747.1648507345676,-18.369057820528642
1747.1648507345674,-9.795142998541825
1747.1648507345642,-21.26265380138352
1747.1648507345656,-14.449819243692271
1747.1648507345642,-19.16317409474369
1747.1648507345658,-20.24968803449745
1747.1648507345599,-27.14053103873458
1747.164850734561,-21.47197356874612
1747.1648507345606,-14.359643173804132
1747.164850734568,-19.128390306486782
1747.1648507345694,-19.820692632156746
1747.1648507345556,-17.782429796288298
1747.164850734567,-34.70659238330708
1747.1648507345649,-27.55431145478351
1747.1648507345624,-34.21719350358393
1747.164850734573,-21.796787232183966
1747.1648507345637,-22.77580421523407
1747.1648507345612,-5.900310009610692
1747.164850734563,-10.775347686370013
1747.164850734568,-16.709291071791174
1747.164850734568,-17.257907905417223
1747.16485073457,-26.01698007605772
1747.1648507345708,-19.810119324682596
1747.164850734563,-24.64428900654612
1747.1648507345635,-14.602865079157045
1747.1648507345637,-12.78519335073712
1747.1648507345667,-27.846871659776728
1747.1648507345635,-18.432632861741343
1747.164850734561,-16.330742821120467
1747.1648507345649,-9.671219128233787
1747.1648507345674,-13.090347818052193
1747.164850734561,-8.318625744805864
1747.1648507345612,-18.73202593337004
1747.1648507345617,-18.421284159029444
1747.1648507345658,-24.862615145801158
1747.1648507345658,-20.09497453793975
1747.1648507345706,-21.831514411135668
1747.1648507345594,-17.524564593941307
1747.1648507345617,-31.219000583963812
1747.1648507345724,-42.99665964631507
1747.1648507345674,-33.44465546100241
1747.1648507345667,-21.621104915507903
1747.1648507345699,-45.64972748760424
1747.16485073456,-14.26474067405829
1747.1648507345617,-21.189051253042535
1747.1648507345612,-38.723121954683016
1747.1648507345649,-21.87752254217938
1747.1648507345637,-14.48211335050103
1747.164850734561,-12.176912312138446
1747.1648507345626,-31.43877025855575
1747.164850734565,-15.754155879525754
1747.1648507345649,-22.105784938899564
1747.1648507345694,-18.73245074829249
1747.1648507345658,-18.683893496422773
1747.1648507345712,-29.691897124478682
1747.1648507345694,-6.079668613807918
1747.1648507345662,-28.326394670705636
1747.164850734569,-27.410624353317047
1747.1648507345637,-22.008453851917984
1747.1648507345694,-16.95509678002151
1747.1648507345574,-15.69412511058623
1747.1648507345658,-19.5204528071838
1747.1648507345676,-63.03315757922911
1747.1648507345612,-19.225453727032786
1747.164850734567,-12.683622419210602
1747.1648507345694,-11.125677124623417
1747.1648507345658,-26.081760009334655
1747.164850734563,-40.515380024408586
1747.1648507345637,-14.297111613955703
1747.164850734561,-29.628420089434638
1747.16485073457,-16.263607782257402
1747.164850734561,-12.323697981660167
1747.164850734568,-21.671555259747045
1747.16485073456,-21.991093509002866
1747.1648507345599,-15.450439338919672
1747.16485073456,-28.774773719830225
1747.1648507345658,-13.00249684313182
1747.1648507345667,-16.382392084350464
1747.1648507345676,-23.839457587145994
1747.1648507345649,-17.39454934565971
1747.1648507345683,-11.493995783807792
1747.164850734562,-32.92043280195935
1747.1648507345676,-26.60085037677888
1747.1648507345624,-25.846473500463034
1747.1648507345658,-35.60454243817171
1747.1648507345635,-16.02095326018541
1747.164850734563,-23.56169673867123
1747.1648507345667,-17.132921639479747
1747.1648507345637,-40.69327177869039
1747.1648507345706,-22.947258081634907
1747.164850734569,-17.952295816729034
1747.1648507345656,-26.31860248676515
1747.164850734569,-26.423900907444303
1747.1648507345658,-10.43505687543166
1747.1648507345667,-36.16577786247275
1747.1648507345649,-15.700361571084434
1747.1648507345658,-29.21726167083686
1747.1648507345637,-26.69323571026563
1747.1648507345658,-23.549203869717445
1747.164850734561,-13.873827469768122
1747.1648507345662,-35.09000294089522
1747.1648507345606,-26.04983983170094
1747.1648507345662,-12.187586064969611
1747.1648507345674,-26.00918171299921
1747.1648507345635,-19.092487611216292
1747.1648507345656,-11.178443920375832
1747.164850734565,-16.55420048712892
1747.1648507345694,-19.558700071505925
1747.1648507345674,-26.777734116115408
1747.1648507345683,-28.404424763223957
1747.1648507345606,-18.452105130398166
1747.1648507345724,-20.82722444950947
1747.164850734561,-27.05381663447269
1747.164850734565,-10.389354620912002
1747.1648507345674,-9.04147242371414
1747.164850734569,-42.281033776770435
1747.1648507345706,-17.892661129042775
1747.1648507345637,-14.14372942792991
1747.1648507345649,-22.703428748449163
1747.1648507345667,-12.426710670963686
1747.1648507345642,-36.78756190536595
1747.1648507345649,-12.701507453506618
1747.1648507345699,-31.0220347914763
1747.1648507345624,-12.539672488747062
1747.1648507345674,-18.042736481130888
1747.1648507345612,-19.72470725762364
1747.164850734567,-26.891872657058148
1747.1648507345676,-18.641624663871763
1747.164850734562,-23.43528970773407
1747.1648507345699,-30.89170247767893
1747.1648507345626,-26.51533752253262
1747.1648507345667,-27.59795715428437
1747.1648507345662,-51.13789957158696
1747.164850734565,-21.85941233022202
1747.1648507345676,-14.68669908231606
1747.1648507345624,-15.464576779270581
1747.1648507345674,-16.660543787750342
1747.1648507345635,-26.712433094040072
1747.164850734561,-23.35641922829888
1747.1648507345656,-23.56409314342064
1747.164850734567,-22.87712552494895
1747.1648507345626,-16.897301415166474
1747.16485073456,-44.08030096271741
1747.16485073456,-8.538506584372143
1747.1648507345574,-17.906442215406788
1747.1648507345594,-17.032566539192505
1747.1648507345649,-24.99598646237915
1747.1648507345626,-19.025494613401936
1747.1648507345626,-30.986066342675738
1747.1648507345592,-16.721826791654838
1747.164850734568,-13.262365553996549
1747.164850734561,-35.793546103330456
1747.1648507345683,-16.290759845714547
1747.1648507345667,-17.74598775021542
1747.1648507345599,-17.7689972301804
1747.16485073456,-25.480707887476644
1747.164850734562,-16.75347524080656
1747.1648507345656,-20.652079068873515
1747.1648507345635,-22.299946351640834
1747.1648507345585,-14.214190081027148
1747.1648507345637,-24.08974509226151
1747.1648507345612,-56.10546830172775
1747.164850734563,-11.115409936537446
1747.1648507345658,-74.86080230404029
1747.1648507345658,-12.453450642262801
1747.1648507345626,-19.42575618863007
1747.1648507345715,-61.36509307792459
1747.164850734563,-13.594427899432834
1747.1648507345606,-19.567367657821137
1747.164850734561,-16.557972957111595
1747.164850734562,-13.945517018496703
1747.164850734562,-18.87534235215267
1747.164850734562,-17.772140770410928
1747.1648507345626,-22.48433616824754
1747.164850734562,-20.711951975710427
1747.1648507345585,-27.687887132045446
1747.164850734565,-15.60877403924412
1747.1648507345617,-17.25272483296257
1747.164850734565,-14.386869247551687
1747.1648507345674,-21.65721506857696
1747.1648507345687,-12.284916954588608
1747.1648507345635,-27.98442296068399
1747.1648507345594,-10.190269697454255
1747.1648507345587,-27.858139302339186
1747.1648507345683,-19.398383696567624
1747.16485073457,-20.414288255093176
1747.1648507345617,-26.085957183656628
1747.1648507345676,-18.416091287789353
1747.1648507345658,-39.43786534578164
1747.1648507345676,-29.92542550892172
1747.1648507345733,-29.252983468690864
1747.1648507345683,-24.631894969187346
1747.1648507345635,-18.952509488110568
1747.1648507345694,-24.644542849372158
1747.1648507345662,-13.793707073245049
1747.1648507345674,-16.02895287202229
1747.1648507345617,-15.775337395982586
1747.1648507345642,-15.446369668287504
1747.164850734562,-29.022563704854903
1747.1648507345635,-34.525111562222534
1747.1648507345617,-14.243771684896602
1747.1648507345635,-17.37305130269153
1747.1648507345626,-9.582626212400301
1747.1648507345528,-43.361105722892965
1747.1648507345683,-13.34904802676779
1747.1648507345606,-42.94112397204729
1747.164850734562,-43.71128607280214
1747.1648507345587,-21.58538379237544
1747.164850734562,-28.11479298040102
1747.1648507345656,-15.313414763705923
1747.1648507345635,-17.308179067298806
1747.1648507345667,-28.563768340115246
1747.164850734562,-17.52243052762852
1747.1648507345626,-20.38163022578294
1747.1648507345617,-21.2495891053242
1747.1648507345617,-34.684053439519644
1747.164850734561,-30.44054797071555
1747.1648507345637,-33.209077203007716
1747.1648507345606,-16.39434217530332
1747.1648507345635,-18.525846248753062
1747.1648507345699,-28.779379667873112
1747.1648507345658,-16.724480524166008
1747.1648507345617,-16.867542130544468
1747.1648507345612,-14.910549392986807
1747.1648507345658,-13.020005600514065
1747.164850734568,-16.530991604264354
1747.164850734561,-16.557421000743012
1747.16485073457,-18.769562484750722
1747.1648507345617,-13.288841209215125
1747.1648507345617,-22.868528007890053
1747.1648507345662,-12.378961623586255
1747.1648507345656,-22.473302591404998
1747.1648507345624,-22.233270632599364
1747.16485073457,-20.30097678454355
1747.1648507345733,-17.79380177981413
1747.1648507345587,-34.13874957775317
1747.1648507345592,-12.205355393001463
1747.1648507345658,-17.60115418440762
1747.164850734563,-12.179634364404002
1747.164850734565,-23.707230884973214
1747.1648507345626,-23.048109131257497
1747.1648507345667,-11.980561679457425
1747.16485073457,-19.729999336039445
1747.164850734565,-14.151168674262053
1747.1648507345658,-18.92719295355039
1747.1648507345626,-18.562754658622534
1747.1648507345626,-15.925078559463445
1747.164850734562,-21.142890753788212
1747.164850734565,-20.355116262860488
1747.164850734562,-31.420886123157928
1747.1648507345606,-13.393207104029269
1747.1648507345626,-20.81295492127827
1747.1648507345612,-15.998088245837758
1747.1648507345642,-22.056994613811217
1747.16485073457,-20.156437842893236
1747.1648507345637,-29.99959887372359
1747.1648507345637,-28.108002712680175
1747.164850734563,-30.97973601163914
1747.1648507345606,-53.49986479458227
1747.1648507345606,-12.784218629197493
1747.1648507345656,-21.75136129567083
1747.1648507345606,-27.866643940021728
1747.1648507345649,-16.904451529799854
1747.1648507345599,-17.004740859081068
1747.1648507345683,-43.683353227420234
1747.1648507345626,-16.756485019886785
1747.1648507345635,-23.231526120929228
1747.1648507345606,-19.98280317144869
1747.1648507345662,-10.695616931165414
1747.164850734562,-37.87044617005907
1747.1648507345658,-29.433637771380784
1747.1648507345562,-24.685360088568608
1747.164850734562,-25.711901327635395
1747.1648507345585,-26.829733427256407
1747.1648507345612,-18.207857153693297
1747.1648507345656,-31.54345249433778
1747.1648507345642,-10.39636925414471
1747.1648507345674,-11.042748057637711
1747.1648507345612,-30.27293711803259
1747.1648507345637,-13.847898351077248
1747.164850734569,-41.491906251534836
1747.1648507345724,-21.425323888666036
1747.1648507345642,-14.084515317375368
1747.16485073456,-22.58820592889966
1747.1648507345626,-11.731274934579334
1747.1648507345658,-10.974728918857622
1747.164850734563,-16.840877803232665
1747.1648507345712,-18.308528489263097
1747.1648507345658,-15.409788531730143
1747.1648507345642,-13.827581322915114
1747.1648507345617,-49.40750831928802
1747.1648507345649,-23.192482535717442
1747.1648507345617,-15.302374996595134
1747.1648507345694,-14.124557179286976
1747.1648507345662,-25.262123778907895
1747.1648507345594,-36.43798167775894
1747.1648507345637,-18.881618893167428
1747.1648507345635,-12.784703080796481
1747.1648507345656,-13.651549240161032
1747.1648507345626,-24.700555246216656
1747.16485073456,-21.44528435429415
1747.1648507345626,-27.364443551373668
1747.164850734567,-13.258242964460706
1747.1648507345694,-14.862331179211136
1747.1648507345683,-11.427157693750667
1747.1648507345626,-12.443756919670719
1747.1648507345624,-16.56887899949008
1747.1648507345706,-33.11904568280354
1747.1648507345658,-21.465941505769848
1747.1648507345606,-17.946081883342124
1747.1648507345635,-9.885887480614988
1747.164850734558,-14.608251825643393
1747.1648507345637,-22.09710456488225
1747.16485073456,-13.665481773931237
1747.164850734561,-33.46839389776589
1747.1648507345626,-19.005965558842203
1747.164850734563,-28.20538657825098
1747.1648507345699,-14.661562579259584
1747.1648507345592,-46.31701918751211
1747.1648507345585,-10.230238399626218
1747.1648507345612,-30.186417141651717
1747.1648507345694,-25.74745769793911
1747.164850734568,-25.833441311152406
1747.1648507345624,-18.768770334576132
1747.1648507345676,-26.856542993802417
1747.1648507345658,-32.57422515149914
1747.1648507345624,-9.298953851174103
1747.1648507345624,-24.568614791743627
1747.164850734565,-36.755012330565556
1747.164850734567,-14.998015445817265
1747.164850734565,-34.67733380502824
1747.1648507345599,-11.755771311225377
1747.1648507345637,-22.351099590230227
1747.164850734563,-20.33586973621134
1747.16485073456,-15.149816562102018
1747.1648507345617,-30.91052297055133
1747.1648507345662,-18.696429082408574
1747.1648507345626,-24.54965235219251
1747.1648507345592,-20.89677007470152
1747.164850734565,-30.093869934726857
1747.1648507345617,-16.170057100171174
1747.1648507345637,-19.520195611347663
1747.1648507345662,-13.609655966183777
1747.16485073456,-11.36864039186226
1747.1648507345676,-16.518084883470582
1747.1648507345667,-18.27869420465346
1747.1648507345637,-17.050727255648308
1747.164850734561,-11.758995753925891
1747.164850734563,-10.221233940400838
1747.1648507345642,-20.79221411118899
1747.164850734563,-25.76868832871953
1747.1648507345658,-24.44060644262093
1747.1648507345612,-29.667911286342285
1747.164850734565,-14.121298641708169
1747.1648507345687,-18.03637593724792
1747.1648507345624,-14.406306802979843
1747.1648507345599,-24.345833976001018
1747.1648507345592,-7.6884937926723795
1747.164850734558,-16.850183896876203
1747.1648507345637,-18.983709102915
1747.1648507345658,-31.258843067342703
1747.1648507345706,-18.638565053736656
1747.1648507345637,-14.447936284316508
1747.1648507345642,-24.845479762713914
1747.1648507345687,-46.37684148046748
1747.16485073456,-15.67014565819926
1747.164850734561,-21.851650236084716
1747.1648507345574,-23.326733289609138
1747.1648507345656,-18.90338163362158
1747.164850734567,-26.269743534729756
1747.1648507345637,-19.199266571310098
1747.1648507345683,-13.620260676865717
1747.1648507345694,-24.856301596711365
1747.1648507345667,-14.374096055029813
1747.1648507345637,-14.823507553936881
1747.1648507345649,-21.854809668742732
1747.1648507345617,-20.492115116195414
1747.1648507345637,-24.50872273935565
1747.1648507345674,-25.962328273167294
1747.1648507345656,-27.15880771626357
1747.164850734565,-36.889125719499134
1747.1648507345626,-16.098877257593276
1747.1648507345683,-30.21146478314612
1747.1648507345656,-57.2408480951356
1747.1648507345662,-23.582863130721655
1747.164850734567,-57.23003723514155
1747.1648507345617,-13.250007095988467
1747.1648507345656,-22.730970528979906
1747.1648507345683,-27.757521036023157
1747.164850734557,-21.492792317507195
1747.1648507345624,-23.69054152188918
1747.1648507345699,-14.070738108135341
1747.1648507345637,-18.064904868038898
1747.1648507345635,-12.617612752012967
1747.1648507345642,-18.394611667112066
1747.164850734568,-14.541328178085866
1747.16485073456,-32.74736340115795
1747.164850734563,-20.274190804269686
1747.164850734561,-16.08441296519934
1747.164850734562,-26.576656441891757
1747.164850734565,-15.684761758339052
1747.1648507345637,-22.32394225875723
1747.164850734565,-21.427355218633217
1747.1648507345649,-24.169668282403318
1747.164850734565,-14.893142688893777
1747.1648507345585,-27.192329500514994
1747.1648507345624,-22.373778068444807
1747.1648507345667,-24.673412179603318
1747.1648507345594,-18.879660621852214
1747.1648507345687,-11.07931890742022
1747.1648507345617,-35.96838501287929
1747.1648507345662,-22.605448941834783
1747.164850734561,-13.97008985813101
1747.1648507345599,-16.36309401863141
1747.164850734567,-14.844587504042368
1747.1648507345624,-13.731467349487325
1747.164850734567,-31.835969208697495
1747.1648507345667,-18.689885077693873
1747.1648507345687,-19.15448921378898
1747.1648507345658,-24.516293636784063
1747.164850734565,-32.22651762146574
1747.1648507345637,-26.867510674911422
1747.1648507345662,-33.90362514216423
1747.164850734563,-27.04637654005847
1747.164850734569,-40.043917392554555
1747.1648507345649,-54.59576189665675
1747.1648507345649,-27.442765612794755
1747.1648507345687,-16.596630747458295
1747.1648507345658,-11.601169722010866
1747.1648507345637,-25.91059973912705
1747.1648507345617,-19.089889227417782
1747.1648507345649,-21.21602806471866
1747.1648507345624,-27.51983475316776
1747.1648507345594,-24.71644003082675
1747.1648507345699,-17.347687559639972
1747.1648507345635,-12.20666868481612
1747.1648507345626,-36.87322199321644
1747.1648507345587,-20.504166351988466
1747.1648507345712,-30.36837564525162
1747.1648507345712,-29.32050834982867
1747.164850734563,-9.785965709257836
1747.1648507345612,-47.35032245349883
1747.164850734562,-13.558689334350216
1747.1648507345642,-27.715850895776246
1747.164850734562,-18.47252633000197
1747.1648507345649,-18.13881597861729
1747.164850734567,-10.16230883173956
1747.164850734567,-26.52739698058176
1747.1648507345587,-23.328638842961144
1747.1648507345635,-18.076619954104718
1747.1648507345642,-51.563001026392996
1747.1648507345656,-60.8816861069097
1747.1648507345637,-34.89442908609391
1747.1648507345694,-15.369161291026574
1747.1648507345676,-17.213971312126382
1747.1648507345626,-26.165744698787645
1747.1648507345662,-19.167377906155142
1747.1648507345585,-36.12331434115222
1747.1648507345662,-23.988433907355873
1747.1648507345562,-41.34950101427453
1747.1648507345553,-20.133994507883713
1747.164850734562,-19.247965644518576
1747.1648507345642,-23.760132975101936
1747.1648507345624,-26.411220746898028
1747.164850734561,-16.748796196957123
1747.164850734567,-27.705744729344833
1747.1648507345676,-24.025413117680685
1747.1648507345676,-14.432170729442484
1747.1648507345585,-37.169302572122895
1747.1648507345674,-25.233566436399556
1747.1648507345667,-14.632449058894547
1747.1648507345649,-22.408698522033582
1747.1648507345585,-12.434878103281454
1747.1648507345658,-15.191694468457046
1747.1648507345662,-14.131819302123722
1747.1648507345687,-42.6277563787508
1747.1648507345656,-38.385595942514136
1747.1648507345674,-16.779162514373493
1747.1648507345674,-21.92598228110928
1747.1648507345626,-28.61705478463337
1747.164850734561,-9.422226088424681
1747.1648507345642,-23.39177146918771
1747.164850734568,-36.75369260291044
1747.164850734561,-17.920491937852823
1747.1648507345617,-31.632376554939796
1747.164850734565,-21.507456597302696
1747.1648507345662,-36.57075815712488
1747.164850734567,-20.88533684485988
1747.164850734563,-27.73641953783237
1747.1648507345694,-41.82735954218217
1747.1648507345592,-25.708786764313118
1747.1648507345676,-25.081492046759283
1747.1648507345635,-16.7509341633213
1747.1648507345674,-11.625439041488574
1747.1648507345708,-19.89793534073943
1747.164850734563,-31.472218971615106
1747.1648507345706,-19.2067880088163
1747.164850734567,-14.173888691702485
1747.164850734567,-12.456718014484638
1747.164850734568,-11.750925959902176
1747.1648507345649,-30.423085126136257
1747.1648507345656,-30.095452265317775
1747.1648507345676,-22.954960148730606
1747.164850734565,-30.717029039845062
1747.1648507345687,-10.51225315130781
1747.1648507345683,-14.062499254146537
1747.1648507345649,-12.835860302876096
1747.1648507345626,-11.44744693443981
1747.164850734567,-10.429287873873392
1747.1648507345606,-18.840166187056596
1747.1648507345587,-21.272520655571864
1747.164850734567,-22.673057588992293
1747.1648507345637,-11.960035774476674
1747.1648507345635,-23.419329590909737
1747.164850734561,-33.38195723741265
1747.1648507345656,-29.99522617847435
1747.1648507345617,-15.031653778452354
1747.1648507345667,-31.905395673611302
1747.164850734563,-24.579944612817545
1747.1648507345649,-16.114627763732422
1747.1648507345642,-19.00053500050504
1747.1648507345642,-39.6178049276112
1747.1648507345724,-17.494759066045383
1747.1648507345637,-29.50048312093625
1747.1648507345637,-19.30335385976384
1747.1648507345612,-32.992363538809904
1747.1648507345617,-11.820644583005038
1747.1648507345642,-30.339727612776844
1747.1648507345599,-24.002690799915985
1747.1648507345549,-24.87831956476011
1747.1648507345599,-14.423511625454319
1747.1648507345642,-16.58730418985889
1747.1648507345649,-41.384748946928255
1747.164850734561,-20.44487552925675
1747.1648507345592,-27.91841528601046
1747.164850734565,-18.982497813711124
1747.1648507345626,-30.84984702503682
1747.164850734561,-22.319584561309057
1747.1648507345587,-14.511478144613738
1747.1648507345662,-33.82070896743032
1747.1648507345606,-16.48076614980995
1747.1648507345642,-16.94649264792308
1747.1648507345592,-24.888681544435627
1747.1648507345667,-25.298778812159618
1747.164850734565,-23.76602479526594
1747.1648507345712,-31.498455995114217
1747.1648507345599,-11.497986639622663
1747.1648507345606,-18.461830388887694
1747.1648507345626,-26.644912109750603
1747.1648507345687,-40.85490760367445
1747.1648507345674,-16.27449453020859
1747.164850734565,-20.561505297498393
1747.1648507345612,-18.492493930647232
1747.164850734561,-39.85996810293355
1747.164850734565,-14.501780904179887
1747.1648507345667,-22.286931620197542
1747.1648507345656,-14.207697410852251
1747.1648507345662,-13.96841607723401
1747.164850734561,-20.03196767954785
1747.1648507345674,-25.107599979560412
1747.1648507345676,-43.21541340437438
1747.164850734568,-21.802652150544017
1747.164850734562,-21.671953412100827
1747.1648507345667,-16.0379811465048
1747.1648507345624,-24.818399085747387
1747.164850734568,-24.236325108838166
1747.164850734565,-20.88286076150167
1747.1648507345612,-28.93335531208922
1747.1648507345642,-16.90081865466075
1747.1648507345612,-18.094412054967517
1747.1648507345694,-10.587803566847183
1747.164850734565,-25.187571197884324
1747.1648507345699,-32.37885712372701
1747.1648507345626,-22.528954545742486
1747.1648507345708,-22.772476976888573
1747.1648507345662,-18.439928809542714
1747.164850734568,-26.69722734282132
1747.164850734558,-24.028040999098803
1747.1648507345642,-13.20845228472952
1747.1648507345676,-20.04734029532015
1747.1648507345674,-24.832399274881123
1747.164850734567,-17.95099549421763
1747.1648507345674,-36.08044194172171
1747.1648507345576,-20.275762090247643
1747.1648507345617,-17.267811986465954
1747.1648507345694,-27.981419015110486
1747.1648507345617,-24.494808649243698
1747.164850734556,-16.44493464406384
1747.16485073457,-19.40155429053691
1747.1648507345674,-16.142145937589213
1747.1648507345617,-27.13929170952757
1747.1648507345599,-25.96603794094375
1747.1648507345656,-16.289758006503796
1747.1648507345662,-19.92405254751212
1747.164850734567,-19.53812711146716
1747.164850734567,-19.9911462985967
1747.1648507345594,-11.988381104032904
1747.1648507345617,-20.122999455156133
1747.1648507345658,-19.70366368406646
1747.1648507345587,-23.701749040749505
1747.1648507345642,-17.19848188239373
1747.1648507345667,-25.384071898314858
1747.1648507345676,-27.612951887774173
1747.1648507345658,-9.036280250625865
1747.1648507345626,-23.811736111234158
1747.1648507345562,-22.46182700781659
1747.164850734569,-16.18611390413864
1747.1648507345674,-22.49002705251665
1747.1648507345617,-10.44455735935045
1747.1648507345658,-10.570867824088738
1747.1648507345617,-34.77605916907007
1747.1648507345624,-33.51252247106404
1747.164850734565,-32.86100403619082
1747.164850734567,-35.95601535504372
1747.1648507345635,-32.71668877388482
1747.1648507345649,-23.05923828844205
1747.1648507345674,-36.663791911056876
1747.164850734558,-29.518317244601675
1747.164850734565,-53.17809819522535
1747.1648507345635,-17.654639344409258
1747.1648507345637,-15.568208336322428
1747.1648507345699,-34.278293136072975
1747.1648507345626,-25.658989227210565
1747.164850734567,-18.300641105490843
1747.1648507345585,-33.61467437504891
1747.1648507345656,-13.185899324102216
1747.1648507345667,-35.478868681121675
1747.1648507345683,-16.472716024437382
1747.164850734563,-28.389029636327333
1747.164850734561,-25.319228692913278
1747.1648507345637,-22.119248113680325
1747.164850734562,-19.298364578846748
1747.1648507345699,-22.323357865482215
1747.1648507345658,-34.92054406499559
1747.1648507345708,-42.02225069591709
1747.1648507345658,-36.32967871671838
1747.164850734563,-21.88430929123131
1747.1648507345592,-11.16458534167091
1747.1648507345674,-37.13398346232304
1747.1648507345637,-47.8295494375825
1747.164850734567,-17.76242194558048
1747.1648507345708,-17.429600750752755
1747.164850734568,-28.517713799593338
1747.1648507345592,-11.84081538028532
1747.1648507345635,-17.92693837654172
1747.1648507345612,-13.539432263376694
1747.164850734569,-20.08731863943917
1747.164850734563,-19.840256278319067
1747.1648507345658,-18.4311884003662
1747.1648507345667,-15.561854505495829
1747.1648507345606,-12.979626570673805
1747.1648507345676,-17.126177368480732
1747.1648507345624,-11.887093995087099
1747.1648507345637,-27.31044250417447
1747.164850734569,-37.72324747944237
1747.1648507345624,-27.25125660659365
1747.164850734556,-25.141546285993833
1747.164850734562,-19.012429431575693
1747.164850734568,-10.888122556735581
1747.1648507345606,-17.89314653192412
1747.164850734558,-34.748791585258
1747.164850734563,-22.482862225809907
1747.164850734569,-13.157733622374664
1747.1648507345626,-25.253085299903923
1747.1648507345662,-18.395652445487702
1747.164850734565,-25.359662192605004
1747.1648507345674,-14.985828075366697
1747.1648507345662,-20.398911511085423
1747.1648507345626,-25.684979721953827
1747.1648507345617,-15.69906424179213
1747.164850734565,-14.38740606444619
1747.1648507345649,-17.865719846216884
1747.164850734561,-14.645499375898542
1747.1648507345617,-15.252109287796149
1747.16485073457,-13.497365554470242
1747.1648507345626,-37.78080174042816
1747.164850734569,-15.119237611835965
1747.1648507345694,-25.338391215678747
1747.1648507345656,-20.174420054088166
1747.164850734568,-17.930961295232333
1747.1648507345624,-11.209407445623302
1747.1648507345599,-11.547850144220554
1747.1648507345599,-19.33932005533923
1747.1648507345594,-23.385925154382157
1747.16485073457,-16.31909437348335
1747.1648507345674,-17.904071705161314
1747.1648507345733,-26.08742853491038
1747.164850734561,-12.52743332148313
1747.1648507345606,-55.781774077171484
1747.1648507345674,-52.53836500331097
1747.1648507345635,-16.01078084768141
1747.1648507345733,-11.80954654702337
1747.164850734565,-20.42223328736834
1747.164850734558,-20.879352826175467
1747.1648507345676,-12.63670637525359
1747.1648507345687,-11.013956566148364
1747.1648507345642,-23.75744295642489
1747.164850734562,-37.12519157795575
1747.1648507345674,-19.238855362419677
1747.1648507345676,-17.02744201322572
1747.1648507345594,-16.670795833511374
1747.1648507345587,-39.2264492879392
1747.1648507345617,-26.16920259022713
1747.1648507345626,-22.270417191930456
1747.164850734562,-38.39931218950163
1747.1648507345594,-34.864176573593745
1747.1648507345637,-20.791310353778115
1747.164850734563,-15.594706371300104
1747.1648507345606,-23.68231487548892
1747.1648507345574,-33.156994700701695
1747.1648507345617,-18.997526292694957
1747.1648507345683,-24.481297779318986
1747.16485073456,-22.748732954492436
1747.1648507345687,-29.227991849565
1747.1648507345674,-31.31041703599648
1747.1648507345658,-45.74276993286971
1747.1648507345674,-16.578938524360876
1747.1648507345637,-31.46440683706973
1747.1648507345549,-32.063487541722644
1747.1648507345694,-17.419788419667263
1747.1648507345667,-34.31301979719096
1747.164850734568,-15.234074867900521
1747.164850734562,-46.20262941231687
1747.1648507345585,-25.8764869645144
1747.16485073456,-23.156960561655648
1747.1648507345599,-22.497395179717135
1747.164850734563,-10.88977052549376
1747.1648507345635,-35.30467503300752
1747.1648507345656,-39.49105086115009
1747.1648507345733,-21.197652700247318
1747.164850734562,-18.11037824742269
1747.1648507345637,-18.032420020262055
1747.1648507345617,-18.515352211254175
1747.1648507345635,-24.69252025597978
1747.164850734561,-23.704156217552992
1747.1648507345637,-29.38875655430725
1747.164850734563,-34.83362662504245
1747.1648507345683,-18.94492583647254
1747.1648507345656,-31.55421777653452
1747.1648507345706,-19.419501869606663
1747.1648507345656,-15.771182873961296
1747.1648507345649,-21.183093597458335
1747.164850734562,-53.844302474377315
1747.1648507345617,-16.778495872016443
1747.1648507345592,-21.719446351553284
1747.1648507345667,-33.54399320858783
1747.1648507345676,-20.452152038744963
1747.1648507345687,-38.691733247070715
1747.1648507345658,-22.756274103679726
1747.164850734562,-25.354002251576773
1747.164850734569,-18.036555277569633
1747.1648507345635,-20.054181561612555
1747.1648507345635,-24.934872526827608
1747.1648507345694,-9.052914088731224
1747.1648507345715,-19.34682942329368
1747.1648507345606,-17.296936153712558
1747.1648507345642,-37.67431092413025
1747.164850734562,-10.432475303621903
1747.1648507345642,-8.664635312082114
1747.1648507345612,-16.212760374557504
1747.1648507345599,-17.710934732096657
1747.16485073456,-14.126945985695311
1747.1648507345674,-21.026975573613207
1747.164850734563,-18.531654744377512
1747.1648507345612,-24.76034725267589
1747.1648507345649,-31.7778337886038
1747.1648507345687,-28.80901912989657
1747.1648507345667,-21.222737160126925
1747.1648507345699,-17.226142038771336
1747.1648507345626,-18.18588428645917
1747.1648507345635,-33.265579332185766
1747.1648507345642,-19.641015035341418
1747.1648507345658,-16.055708439938833
1747.1648507345624,-27.543630827726034
1747.164850734567,-51.5961283770442
1747.1648507345635,-25.06748172756883
1747.1648507345624,-15.30711743351497
1747.16485073456,-27.471590318829165
1747.1648507345667,-18.801256599873717
1747.1648507345624,-26.766939239306296
1747.1648507345642,-19.155610327100508
1747.1648507345624,-26.103610206866986
1747.1648507345662,-18.90469963145887
1747.1648507345676,-11.979823068815074
1747.164850734561,-25.64471397418899
1747.1648507345674,-15.254191673379077
1747.1648507345562,-16.38682896295611
1747.164850734565,-14.675037600466561
1747.1648507345706,-23.685060625181574
1747.1648507345687,-19.23938527708199
1747.1648507345656,-10.13226748612004
1747.1648507345674,-20.449078642732626
1747.1648507345694,-11.13051481905216
1747.164850734567,-15.234366671180737
1747.1648507345626,-12.520961476439096
1747.164850734569,-43.66128137601415
1747.1648507345594,-28.384165227968
1747.1648507345687,-18.358199466339293
1747.1648507345694,-12.77361089203875
1747.1648507345599,-11.115087133060317
1747.1648507345612,-17.65384676224689
1747.1648507345667,-24.755904247006782
1747.164850734567,-51.148222197925286
1747.1648507345676,-30.34616472663429
1747.164850734562,-15.068939241068941
1747.1648507345656,-20.33559322700054
1747.1648507345635,-21.928308288848864
1747.1648507345658,-17.054722260113426
1747.164850734565,-19.678947248101082
1747.1648507345683,-20.909814430456798
1747.1648507345594,-15.825685362495644
1747.1648507345699,-16.317223604888937
1747.1648507345635,-9.635480892199855
1747.164850734563,-13.647608403315225
1747.164850734569,-11.954541359070591
1747.1648507345594,-12.368034080431576
1747.1648507345637,-17.096058152863787
1747.164850734562,-19.904032494479786
1747.164850734565,-14.578750712906889
1747.1648507345649,-19.686073875148274
1747.164850734567,-17.161562267075954
1747.1648507345676,-18.46055247390306
1747.16485073457,-25.609853294908973
1747.1648507345726,-17.874878594062654
1747.164850734565,-30.140841631080797
1747.1648507345606,-38.588447420083845
1747.1648507345656,-17.09711876185406
1747.1648507345635,-23.80524281379434
1747.1648507345667,-38.69703085908368
1747.1648507345687,-9.530517987953472
1747.1648507345594,-42.53607540867914
1747.1648507345617,-21.71608583471708
1747.1648507345694,-23.602980783521275
1747.1648507345658,-21.28522712491748
1747.164850734562,-20.780012067804407
1747.164850734565,-46.326847385003596
1747.164850734575,-17.68146313315216
1747.1648507345606,-24.5083350714899
1747.1648507345706,-33.315113603871595
1747.1648507345617,-13.824862757503142
1747.1648507345656,-14.891094450762548
1747.1648507345576,-19.303369190677827
1747.164850734567,-11.469441607467367
1747.1648507345637,-31.118896304803513
1747.164850734569,-20.68645736988694
1747.1648507345649,-28.399700255739628
1747.1648507345699,-24.093345074135886
1747.1648507345612,-27.31546765839521
1747.1648507345635,-16.052915572749246
1747.1648507345612,-29.9474621532949
1747.1648507345712,-19.83844341080163
1747.1648507345676,-29.315603990045446
1747.1648507345694,-26.381230697559737
1747.1648507345649,-13.320728541669544
1747.1648507345687,-22.72390346847731
1747.1648507345635,-20.5816660296989
1747.1648507345667,-68.92287667491743
1747.1648507345637,-20.37179970847369
1747.1648507345667,-30.748399274307697
1747.1648507345649,-31.424079410818084
1747.16485073457,-13.21972194665591
1747.1648507345592,-25.536985459245443
1747.1648507345674,-39.00620622282787
1747.1648507345676,-14.776544174335168
1747.164850734567,-34.323786210651
1747.1648507345683,-18.94122243782933
1747.1648507345687,-26.158290855560086
1747.1648507345624,-25.248343478031533
1747.164850734561,-33.48473819288099
1747.1648507345658,-13.179583002007295
1747.164850734563,-45.430617636161635
1747.1648507345658,-15.154699518435491
1747.164850734561,-27.119694439508873
1747.1648507345626,-17.83561905292976
1747.1648507345624,-14.629994911102065
1747.1648507345662,-29.178043581837237
1747.164850734565,-15.479538158666292
1747.164850734563,-23.85994554076949
1747.164850734567,-18.173448244131556
1747.1648507345658,-13.411909718744234
1747.1648507345574,-17.036632464150603
1747.1648507345585,-29.05304500029103
1747.1648507345658,-62.68700794188747
1747.1648507345699,-14.742907845114296
1747.1648507345624,-9.799018209904887
1747.1648507345642,-14.312829414088887
1747.164850734565,-15.142749124614877
1747.1648507345626,-17.77595418880078
1747.164850734567,-37.79821291723909
1747.164850734561,-19.40669772492037
1747.1648507345594,-15.860199701691993
1747.1648507345612,-29.030144018016895
1747.1648507345676,-18.481192092390035
1747.164850734561,-25.269593950325497
1747.1648507345635,-23.49371217026499
1747.1648507345662,-13.449450711283777
1747.1648507345624,-31.942289176837036
1747.164850734567,-27.707284013909522
1747.1648507345612,-10.062040903154953
1747.1648507345612,-29.478970378191953
1747.1648507345637,-50.89657022071488
1747.1648507345642,-24.93575588474736
1747.1648507345712,-16.545303225832278
1747.1648507345656,-28.771296073776792
1747.1648507345656,-12.445013141146475
1747.164850734561,-27.647985419037102
1747.164850734565,-12.946252488192705
1747.1648507345576,-17.831397037782306
1747.1648507345624,-19.53023596048373
1747.1648507345617,-43.75615046627942
1747.1648507345676,-29.029507787845205
1747.1648507345667,-15.672359640982048
1747.1648507345635,-39.00298789304505
1747.1648507345642,-21.261870326873478
1747.1648507345712,-16.48445049152375
1747.1648507345712,-16.214963657422338
1747.164850734569,-9.305709234595193
1747.1648507345676,-23.104100284264543
1747.164850734562,-23.961700663280595
1747.1648507345656,-26.62018370980426
1747.16485073456,-19.784832666407873
1747.1648507345624,-17.859556765306444
1747.1648507345642,-22.089937267628198
1747.1648507345649,-14.740306289322595
1747.1648507345594,-11.950919108066666
1747.1648507345599,-22.34180988602675
1747.1648507345658,-33.33222394521025
1747.1648507345624,-9.956659597796587
1747.1648507345617,-9.607355926602208
1747.1648507345626,-11.741482040940701
1747.1648507345606,-24.8743569423852
1747.164850734567,-19.500507804869923
1747.164850734561,-36.168575932662215
1747.1648507345587,-52.44908896023269
1747.1648507345612,-25.954084110779696
1747.164850734557,-16.41848025953587
1747.1648507345635,-12.141730265296086
1747.1648507345662,-16.309705937968868
1747.1648507345635,-18.548639723704046
1747.1648507345708,-29.1599482536715
1747.164850734563,-15.621184613526445
1747.1648507345587,-26.165326872813516
1747.1648507345656,-46.22596218646831
1747.164850734567,-28.774938914398245
1747.1648507345649,-16.509458328379427
1747.164850734565,-20.080583285754024
1747.1648507345649,-52.30560218805886
1747.1648507345733,-21.135794692817342
1747.164850734568,-35.939458214080354
1747.1648507345624,-22.696133523131504
1747.1648507345656,-16.282807638204062
1747.1648507345674,-15.337980676344817
1747.1648507345687,-10.580418091397917
1747.1648507345626,-13.6697067567464
1747.164850734567,-19.94932996410886
1747.1648507345635,-22.908828615786327
1747.1648507345635,-29.459785801218132
1747.1648507345594,-12.243836166673235
1747.1648507345656,-23.093584721669757
1747.1648507345649,-23.44112573924575
1747.1648507345676,-27.250894751378347
1747.1648507345626,-29.53729355539099
1747.1648507345594,-17.45164565551061
1747.164850734562,-17.195159468040558
1747.1648507345662,-15.075778633567813
1747.1648507345617,-30.339065390782
1747.16485073456,-24.451377511989786
1747.1648507345656,-30.77494136816965
1747.1648507345626,-25.032453990523774
1747.1648507345667,-43.61566144057226
1747.1648507345637,-22.39371541343133
1747.1648507345667,-13.708150090344798
1747.1648507345662,-26.25866366940719
1747.164850734562,-19.47311222168539
1747.1648507345642,-36.97843815995285
1747.1648507345687,-29.547010076438397
1747.1648507345599,-18.331061281642384
1747.164850734563,-20.412696455445893
1747.164850734569,-19.695253708332245
1747.1648507345599,-23.36075541896669
1747.1648507345635,-12.386560634122338
1747.1648507345626,-17.27970221244401
1747.1648507345626,-12.539695760355388
1747.1648507345662,-17.51403518441038
1747.1648507345649,-42.999040618131886
1747.1648507345642,-27.787257831180774
1747.1648507345626,-18.731912652529463
1747.1648507345642,-62.21610497559602
1747.1648507345624,-10.502111957841507
1747.164850734563,-16.849297938468524
1747.1648507345662,-24.448296889394662
1747.164850734561,-40.65695115532121
1747.1648507345658,-16.505321104702084
1747.1648507345694,-66.85571390029881
1747.1648507345726,-23.764151104412992
1747.1648507345635,-20.836869084151097
1747.1648507345642,-16.285172622625588
1747.164850734561,-13.81551340206154
1747.164850734562,-11.889753460270724
1747.1648507345594,-16.207849503932614
1747.1648507345626,-31.739993850706277
1747.1648507345649,-19.68371784436689
1747.1648507345635,-28.260841459415214
1747.1648507345635,-18.0335747700468
1747.1648507345656,-36.082416371871126
1747.1648507345662,-14.713351888873257
1747.164850734558,-30.857360399024948
1747.16485073456,-31.20084382289126
1747.1648507345624,-15.922014544446931
1747.1648507345658,-25.795546913723967
1747.164850734562,-20.794978158213294
1747.1648507345626,-15.267374318289987
1747.1648507345612,-17.08100073761914
1747.164850734563,-27.49936291528413
1747.1648507345687,-37.5259045152531
1747.1648507345594,-22.73517664103903
1747.1648507345656,-26.945615808374974
1747.164850734567,-14.846638308694853
1747.1648507345649,-11.70576277808743
1747.1648507345687,-18.94245577778186
1747.1648507345635,-17.991840247331886
1747.1648507345649,-25.755416685357684
1747.1648507345662,-17.458077637097364
1747.1648507345549,-21.89439429150585
1747.1648507345617,-83.19538385974751
1747.1648507345606,-28.74420345221038
1747.1648507345624,-24.851245910528743
1747.1648507345624,-15.918950203067785
1747.1648507345635,-23.92259395366314
1747.164850734561,-27.859227028569013
1747.1648507345699,-31.218190611022006
1747.1648507345667,-61.56187273332997
1747.1648507345699,-17.725976763387507
1747.1648507345624,-33.40572908339298
1747.164850734568,-41.16714945831325
1747.1648507345658,-26.493157472860812
1747.1648507345626,-10.062338955524092
1747.1648507345667,-20.382815622560557
1747.1648507345617,-50.77655670649401
1747.1648507345592,-22.808583781775152
1747.1648507345626,-31.80325097121836
1747.1648507345687,-24.023146420732424
1747.1648507345612,-10.8314001712662
1747.16485073456,-17.186915143269978
1747.1648507345667,-23.74901222652953
1747.164850734561,-15.299567783021429
1747.1648507345667,-11.57520519892333
1747.1648507345626,-22.007387319502662
1747.164850734558,-23.895977266382477
1747.1648507345637,-20.727406976199163
1747.164850734562,-23.794393201192584
1747.1648507345649,-21.70757933536315
1747.1648507345624,-21.56092484600738
1747.1648507345694,-13.51893823174451
1747.1648507345635,-21.721687594264473
1747.1648507345624,-17.169989724516412
1747.164850734568,-25.015761409101568
1747.1648507345658,-26.248740761836913
1747.164850734562,-35.56560251959261
1747.1648507345642,-25.392846043026925
1747.1648507345656,-57.293881915507306
1747.1648507345624,-32.95707924208616
1747.1648507345676,-36.800706895686616
1747.164850734569,-43.05905843337609
1747.1648507345626,-11.54912798720138
1747.1648507345674,-18.061400855847413
1747.1648507345576,-17.110553644311377
1747.1648507345676,-26.595203262275398
1747.1648507345624,-19.080964896282946
1747.1648507345576,-21.327564771485594
1747.1648507345637,-18.730037970907688
1747.164850734558,-21.742012800052077
1747.1648507345606,-32.31022844705062
1747.164850734568,-16.32177930167208
1747.1648507345706,-18.368814979728906
1747.1648507345562,-14.931728861954168
1747.1648507345587,-11.25784599730792
1747.1648507345642,-19.44890325532692
1747.1648507345599,-9.624342607565412
1747.1648507345626,-24.34112826649128
1747.1648507345637,-18.806016287723033
1747.1648507345626,-19.345923668173366
1747.1648507345592,-20.107201090323922
1747.1648507345617,-22.995045258213782
1747.164850734568,-27.419745214052732
1747.1648507345624,-18.15827665986069
1747.1648507345649,-21.75976487839779
1747.164850734574,-19.591076342353794
1747.1648507345606,-10.655600616984476
1747.1648507345642,-44.538518601875616
1747.164850734569,-15.257510401854221
1747.1648507345667,-20.954163208628376
1747.1648507345635,-31.350766957730837
1747.1648507345708,-18.275154561579658
1747.164850734562,-27.328503356977258
1747.1648507345687,-19.306119857351213
1747.164850734558,-25.837628352472812
1747.1648507345656,-13.930512948311799
1747.1648507345676,-28.62608058854999
1747.1648507345626,-25.816580174479505
1747.1648507345624,-17.39230593108586
1747.1648507345687,-15.354141637433175
1747.1648507345542,-9.520671184444199
1747.1648507345649,-27.30602108092839
1747.1648507345612,-23.623700499200854
1747.1648507345667,-34.87351598136319
1747.1648507345642,-28.1692640868155
1747.1648507345599,-20.990202778408086
1747.1648507345637,-17.015029582038206
1747.1648507345642,-12.314596511036571
1747.1648507345658,-20.691035979728884
1747.1648507345599,-11.042218964430656
1747.164850734565,-22.268639229058003
1747.1648507345706,-17.082903084459357
1747.16485073457,-45.106311280140496
1747.1648507345649,-16.02717428242811
1747.164850734561,-15.855605530637842
1747.1648507345694,-24.377827365030075
1747.164850734568,-10.783533734326799
1747.1648507345594,-38.28061763985767
1747.1648507345656,-22.269732813637464
1747.1648507345626,-30.611963006322746
1747.1648507345674,-13.45717202602312
1747.1648507345642,-25.99671277665403
1747.164850734557,-24.0824260366017
1747.164850734562,-44.997337952881885
1747.164850734561,-26.96831576273202
1747.1648507345667,-11.032016564094379
1747.1648507345656,-19.37951074598417
1747.1648507345658,-14.985282663639698
1747.16485073457,-14.936803691285968
1747.1648507345658,-19.896859560108673
1747.1648507345649,-38.358994811996006
1747.1648507345624,-21.372899830781904
1747.164850734565,-56.14038961369327
1747.1648507345637,-19.399943956995916
1747.164850734565,-23.82960592214182
1747.1648507345626,-13.26154814334891
1747.1648507345712,-18.344460293502525
1747.1648507345626,-11.798733739893997
1747.1648507345662,-25.299588208690764
1747.1648507345649,-20.55807839796584
1747.1648507345662,-14.187767587784503
1747.1648507345635,-15.9056780682215
1747.1648507345642,-21.106443979998524
1747.164850734567,-48.79875471454795
1747.1648507345715,-49.87997145590744
1747.1648507345676,-19.20112277344367
1747.1648507345667,-21.26321150652407
1747.1648507345656,-43.04592363990379
1747.1648507345599,-20.913131295780442
1747.1648507345667,-34.21244681649535
1747.16485073456,-18.600491359349892
1747.164850734563,-16.236681086176386
1747.16485073456,-27.677085462023264
1747.1648507345617,-13.125811787332244
1747.1648507345576,-24.169443395889527
1747.1648507345626,-19.561317859385678
1747.1648507345637,-12.910218297436032
1747.1648507345708,-9.701245636948503
1747.1648507345635,-12.79883700209781
1747.1648507345617,-10.47126147518053
1747.1648507345662,-26.929216685385832
1747.1648507345594,-13.821514992022863
1747.1648507345662,-13.913594697165824
1747.1648507345585,-28.88089973009209
1747.164850734568,-16.882883067808546
1747.1648507345624,-20.21441612925599
1747.1648507345649,-21.772029466007226
1747.1648507345667,-42.56923719628494
1747.1648507345674,-23.421509866274327
1747.164850734563,-14.378588845736434
1747.1648507345649,-24.760787981906113
1747.1648507345662,-19.403304901817428
1747.1648507345694,-17.658567838920444
1747.1648507345599,-20.14970248906636
1747.1648507345658,-31.81280216431007
1747.164850734563,-17.905725372528003
1747.1648507345635,-19.03394133065379
1747.1648507345649,-17.986173822721323
1747.1648507345667,-22.487934319926374
1747.1648507345635,-34.992135370959026
1747.164850734567,-23.790152459309677
1747.1648507345658,-13.546847627737577
1747.1648507345715,-27.89291097235418
1747.164850734562,-11.047658820424926
1747.1648507345592,-25.08848581715835
1747.1648507345687,-21.322685610885106
1747.1648507345687,-28.706972202720806
1747.1648507345683,-22.514276887289782
1747.1648507345694,-10.852055986833758
1747.1648507345712,-35.073308960653385
1747.164850734565,-24.1143580313845
1747.1648507345656,-22.60977913988974
1747.164850734562,-30.921549496790163
1747.164850734565,-30.687785953695425
1747.1648507345624,-14.597975267364859
1747.164850734563,-21.83068744876406
1747.164850734561,-17.680634231945515
1747.164850734568,-15.379426016062853
1747.1648507345606,-17.065493217878878
1747.164850734558,-22.11134544974871
1747.1648507345674,-27.61148025798687
1747.1648507345649,-16.67493367901521
1747.1648507345656,-32.96543563309158
1747.1648507345624,-21.248149695410397
1747.1648507345683,-14.468860191278099
1747.1648507345676,-23.04822378703204
1747.164850734563,-19.084938211812858
1747.1648507345599,-22.255649678515265
1747.164850734565,-40.4256302604557
1747.1648507345683,-21.65819903741939
1747.164850734563,-29.195885260469385
1747.1648507345674,-33.99683746938032
1747.1648507345658,-25.107547893054345
1747.1648507345667,-23.143004720833076
1747.1648507345662,-41.42226766280576
1747.1648507345642,-18.056213089996415
1747.1648507345683,-35.38874820508911
1747.1648507345612,-35.77206393028483
1747.1648507345642,-34.712133272129506
1747.1648507345635,-42.871366407628855
1747.1648507345637,-20.473304736948254
1747.1648507345574,-17.382142899879884
1747.1648507345658,-16.13707658329569
1747.1648507345715,-25.221493872145125
1747.1648507345624,-23.971178923703043
1747.1648507345662,-17.45662205102268
1747.1648507345599,-13.304782054110165
1747.1648507345667,-20.624004575637155
1747.1648507345706,-22.135473767736652
1747.1648507345683,-27.36565086225116
1747.1648507345594,-37.94015333206217
1747.164850734567,-15.0945368964506
1747.1648507345674,-12.359028271623322
1747.1648507345683,-8.8331499686973
1747.1648507345544,-29.727510736375002
1747.1648507345617,-32.23718574069007
1747.164850734563,-27.34429505023417
1747.1648507345658,-22.71027443220802
1747.1648507345667,-35.25368136736165
1747.164850734568,-23.138030452928206
1747.1648507345658,-13.16302173817987
1747.1648507345649,-27.765847487610063
1747.1648507345585,-18.504558077172764
1747.1648507345667,-15.463252258212437
1747.1648507345676,-26.26087543083098
1747.1648507345617,-18.64200135776824
1747.164850734565,-16.24672923867344
1747.1648507345658,-14.323886769331828
1747.164850734562,-15.730550763765713
1747.1648507345667,-28.40609276766253
1747.1648507345635,-20.54206635510351
1747.1648507345562,-21.849669642996673
1747.1648507345683,-13.961340463580058
1747.1648507345749,-19.843055915453153
1747.1648507345612,-20.828876591358387
1747.1648507345606,-11.51518520014329
1747.1648507345687,-25.865247215881986
1747.164850734561,-16.418181505039545
1747.1648507345656,-21.57409053833281
1747.1648507345667,-16.78296281091813
1747.1648507345635,-19.32614212990056
1747.1648507345606,-45.85376177573169
1747.1648507345612,-30.00225842147353
1747.164850734568,-25.549361147388865
1747.1648507345649,-17.21167412566244
1747.1648507345699,-20.52907972741415
1747.1648507345599,-27.201006831435116
1747.1648507345642,-17.100957925794113
1747.1648507345667,-10.837636830069338
1747.164850734563,-17.872256460960195
1747.1648507345635,-17.32325708479616
1747.1648507345683,-24.532861936584773
1747.1648507345649,-41.869950692036596
1747.1648507345649,-19.69759481480945
1747.164850734563,-27.00508464957686
1747.16485073456,-23.637048202151018
1747.164850734563,-15.587850967402323
1747.1648507345587,-18.068694009320932
1747.1648507345637,-16.77754387107574
1747.1648507345676,-24.588025921700872
1747.1648507345656,-16.301636652667252
1747.164850734563,-29.505938081240828
1747.1648507345676,-15.421958790970821
1747.1648507345649,-20.73721188200947
1747.1648507345624,-22.75061864876222
1747.1648507345624,-20.87927943332717
1747.164850734561,-36.55306299213786
1747.1648507345656,-17.036255503520145
1747.1648507345662,-25.93394187398782
1747.164850734565,-23.708709955440955
1747.1648507345635,-16.23853415646466
1747.1648507345612,-15.069351784988982
1747.1648507345635,-23.85093951867414
1747.1648507345649,-33.975128110600664
1747.1648507345658,-20.365848863275616
1747.1648507345637,-19.9037041862385
1747.164850734567,-37.92123289601908
1747.1648507345649,-28.636303411924104
1747.164850734563,-22.821553208373142
1747.1648507345624,-14.460776969772713
1747.164850734563,-15.244425349021759
1747.1648507345656,-25.36585798890719
1747.1648507345612,-16.23503228629046
1747.164850734569,-21.592550159825226
1747.164850734565,-28.122303261799225
1747.1648507345635,-25.67620009064689
1747.1648507345642,-29.71273445741296
1747.1648507345642,-18.79099068510638
1747.164850734563,-16.091686097721237
1747.1648507345612,-19.452847434431387
1747.1648507345626,-17.27592953374578
1747.1648507345662,-16.262726282719328
1747.1648507345624,-16.465700713595773
1747.16485073456,-14.316973027683263
1747.164850734561,-31.243773418650022
1747.1648507345635,-18.3001123629737
1747.164850734562,-27.20772327358656
1747.1648507345687,-13.531415272079325
1747.1648507345637,-34.37287139386076
1747.1648507345667,-18.090089025156626
1747.1648507345612,-10.196703993475715
1747.1648507345592,-23.431753077648114
1747.1648507345594,-13.698389266182124
1747.1648507345667,-23.651945600750807
1747.1648507345626,-31.34940621149658
1747.1648507345635,-19.952881822599544
1747.164850734568,-25.902533343264118
1747.1648507345658,-12.125054675510857
1747.1648507345658,-13.594758060609143
1747.164850734563,-34.03260521545734
1747.164850734561,-27.246123813364857
1747.1648507345694,-22.96741751657549
1747.1648507345626,-17.335624369907254
1747.1648507345667,-10.265118315096206
1747.164850734569,-18.71316334993585
1747.1648507345667,-53.82032925257515
1747.1648507345624,-58.192085413992636
1747.164850734567,-18.61930046108442
1747.1648507345708,-39.289547415810425
1747.1648507345662,-45.736464499964654
1747.1648507345649,-18.50047767098662
1747.164850734557,-16.143539073508787
1747.1648507345635,-17.05598522254144
1747.164850734563,-19.99260205563409
1747.1648507345606,-27.826268515290746
1747.1648507345592,-19.40612211176285
1747.1648507345599,-22.855427220518614
1747.1648507345635,-11.888646532507103
1747.1648507345658,-19.72531756061458
1747.1648507345642,-20.139457300640334
1747.1648507345612,-9.720818327792166
1747.164850734565,-21.93074514661828
1747.164850734563,-20.086308417256564
1747.1648507345617,-16.374217482816015
1747.1648507345674,-31.773332308520036
1747.1648507345637,-18.194359686057425
1747.1648507345656,-9.162183176479338
1747.1648507345606,-26.536016356646837
1747.1648507345592,-25.3011415637933
1747.1648507345658,-45.21055607178199
1747.1648507345658,-27.851657362335132
1747.1648507345676,-24.373232281191072
1747.164850734562,-27.976901357319424
1747.1648507345624,-12.76909923186071
1747.164850734562,-37.85709350030038
1747.1648507345687,-14.993733531507392
1747.164850734562,-20.35175228254008
1747.1648507345612,-71.00647873859339
1747.1648507345674,-24.27411264541873
1747.164850734558,-45.06947361927251
1747.1648507345626,-24.575385869008958
1747.1648507345649,-52.61583532045713
1747.1648507345649,-14.340763895084915
1747.1648507345642,-33.10105398925033
1747.16485073456,-25.991791276995365
1747.164850734561,-15.498925655359558
1747.1648507345592,-12.32742217269078
1747.1648507345612,-30.81670343026025
1747.1648507345662,-19.245836123549417
1747.1648507345587,-32.410079853421934
1747.1648507345606,-21.649522713999644
1747.164850734565,-24.14587181211273
1747.164850734558,-24.902914270163908
1747.1648507345624,-16.424551463896247
1747.1648507345699,-21.38354638159651
1747.1648507345662,-57.07299052728313
1747.1648507345649,-16.01397189911943
1747.164850734567,-33.72701298657622
1747.1648507345637,-47.50593443054251
1747.1648507345635,-22.093774659543477
1747.1648507345656,-28.28156134733377
1747.164850734568,-25.505124547800033
1747.1648507345658,-32.72656823736354
1747.1648507345683,-11.294713649809523
1747.164850734562,-12.119956371366198
1747.164850734562,-11.27664354358722
1747.1648507345587,-23.939432305121823
1747.1648507345594,-16.335495462817303
1747.1648507345635,-44.329274782163104
1747.1648507345649,-20.320216220394478
1747.1648507345592,-12.20857258420091
1747.1648507345674,-11.460213378080129
1747.16485073457,-26.48361844313217
1747.1648507345706,-21.19494944500054
1747.1648507345676,-54.11667500647791
1747.1648507345635,-24.41052687543705
1747.1648507345626,-14.567114680851937
1747.1648507345617,-23.975462229996168
1747.164850734561,-32.95149738392851
1747.1648507345599,-11.738887197190055
1747.164850734567,-15.478303904896032
1747.1648507345667,-26.533694824108345
1747.1648507345624,-22.961732208950163
1747.1648507345694,-51.848997964891694
1747.1648507345694,-14.855004273680825
1747.1648507345635,-17.302607628723976
1747.1648507345694,-21.249400318213716
1747.1648507345667,-12.574774899607737
1747.1648507345594,-20.64530508001318
1747.164850734561,-19.13535045963413
1747.1648507345656,-20.138330188766158
1747.164850734565,-27.920058593994646
1747.16485073456,-42.12146426872903
1747.1648507345612,-42.128105698965115
1747.1648507345642,-65.73697507283272
1747.1648507345724,-21.086142264996273
1747.164850734563,-23.116493085055968
1747.1648507345687,-21.32523671912782
1747.16485073456,-15.224783553937545
1747.164850734568,-10.996699328914374
1747.1648507345585,-15.054968667592597
1747.1648507345676,-20.858032422940948
1747.164850734563,-12.466891563292291
1747.1648507345637,-16.454294576659724
1747.1648507345587,-20.733001080999973
1747.1648507345642,-15.900108079206637
1747.1648507345656,-15.100345131399928
1747.1648507345642,-31.207823203399045
1747.1648507345606,-20.528339915151452
1747.1648507345708,-15.554358085888524
1747.164850734567,-11.107696858833199
1747.1648507345574,-24.780435660844432
1747.1648507345708,-33.148421472852945
1747.1648507345626,-28.55678808049759
1747.1648507345656,-15.461419560139413
1747.164850734563,-43.31118064775065
1747.16485073456,-17.347880028212074
1747.1648507345635,-24.710220796151944
1747.164850734561,-35.670179582414555
1747.164850734565,-31.036326262406195
1747.1648507345699,-14.952919899222227
1747.1648507345599,-12.110314189170378
1747.1648507345658,-18.400263249564528
1747.1648507345642,-20.29056947479194
1747.1648507345642,-13.112068985765662
1747.1648507345687,-11.879841657276057
1747.1648507345617,-16.79168150089704
1747.1648507345642,-19.000273210762288
1747.164850734569,-28.242520655661373
1747.1648507345676,-32.8288796104588
1747.1648507345624,-22.13641258559448
1747.1648507345612,-14.892416453648622
1747.1648507345635,-25.079393456526915
1747.1648507345637,-20.470042351790074
1747.1648507345637,-19.24555995968263
1747.1648507345637,-37.920712349373545
1747.1648507345667,-30.797853168353363
1747.1648507345624,-27.625110672196573
1747.1648507345712,-24.759773366478573
1747.1648507345667,-21.834094854909786
1747.1648507345658,-57.56338507130418
1747.1648507345606,-17.969222681882762
1747.16485073456,-27.95407244627332
1747.1648507345624,-19.784058885384283
1747.1648507345649,-15.08595528743173
1747.1648507345642,-19.749664582343073
1747.1648507345662,-27.31958198108675
1747.1648507345708,-20.571324559453483
1747.1648507345606,-14.57942304445795
1747.1648507345699,-22.470763036027055
1747.1648507345649,-26.403753874651457
1747.1648507345594,-11.193546959599056
1747.164850734565,-40.80634146163851
1747.1648507345656,-25.090940298264808
1747.1648507345676,-24.18229942917079
1747.1648507345706,-16.472587240805016
1747.1648507345656,-14.946914386205426
1747.164850734563,-22.01929934294665
1747.1648507345617,-41.95127351729654
1747.1648507345676,-15.232944192897424
1747.1648507345724,-18.004611255718157
1747.164850734562,-17.328296431880798
1747.1648507345706,-19.083433874965568
1747.1648507345662,-16.8995094574665
1747.1648507345649,-15.997300859699562
1747.164850734561,-19.76970839915135
1747.1648507345649,-29.114886262217315
1747.1648507345676,-13.835044726837516
1747.1648507345649,-14.06581176233124
1747.1648507345676,-22.316938319302306
1747.1648507345662,-19.305854882931847
1747.1648507345676,-18.678948701026986
1747.164850734563,-20.90128764258077
1747.1648507345656,-23.652909397660775
1747.164850734563,-20.860576037365387
1747.1648507345649,-19.549334524786243
1747.164850734562,-26.72581996042686
1747.1648507345606,-31.63160190282912
1747.1648507345694,-27.821692669461694
1747.1648507345606,-23.093293773228133
1747.1648507345635,-13.11154549774312
1747.1648507345649,-27.755795575718402
1747.164850734562,-18.949643363399023
1747.1648507345649,-22.417340888057698
1747.1648507345724,-37.75173332969375
1747.164850734563,-10.789978437034515
1747.164850734565,-35.43807355830149
1747.1648507345694,-17.817882605329817
1747.1648507345612,-12.301900395831378
1747.164850734558,-23.75317464962514
1747.1648507345683,-12.70081047787293
1747.1648507345656,-15.365271569017494
1747.1648507345617,-32.90572046214659
1747.164850734565,-20.168391186832714
1747.1648507345662,-20.24153743283381
1747.164850734562,-24.5555482175761
1747.164850734565,-18.535647827589663
1747.1648507345656,-42.92649172031759
1747.1648507345687,-7.85088431918586
1747.1648507345637,-19.63601086181382
1747.1648507345683,-9.711543451013881
1747.164850734565,-18.142075930020177
1747.1648507345612,-12.946430694058176
1747.1648507345594,-18.53176792612378
1747.164850734569,-25.854514844194732
1747.1648507345676,-28.017940106753315
1747.1648507345658,-18.105159848745526
1747.1648507345662,-20.112104344071685
1747.1648507345606,-18.39834831041629
1747.1648507345587,-24.160151186220354
1747.164850734561,-25.48875733151333
1747.164850734562,-30.386334180482898
1747.1648507345624,-19.09086608902166
1747.1648507345635,-12.610437454616685
1747.1648507345662,-17.873511755684003
1747.1648507345599,-15.616220541569934
1747.1648507345683,-12.465385592332478
1747.1648507345676,-27.721067726157827
1747.1648507345617,-18.612487355029693
1747.164850734567,-37.26421637589773
1747.1648507345635,-17.87980836448417
1747.16485073456,-14.031250027316785
1747.164850734562,-21.857427276738292
1747.1648507345594,-47.094193568681796
1747.1648507345606,-46.833544029123345
1747.1648507345606,-12.45276825867311
1747.1648507345585,-19.010405689964234
1747.1648507345592,-20.07324170035583
1747.1648507345674,-17.446540848321565
1747.164850734567,-14.024771292682164
1747.1648507345606,-16.280058885747895
1747.1648507345674,-22.625841641975043
1747.1648507345662,-21.649965216850976
1747.1648507345658,-16.706350694308075
1747.1648507345694,-15.597269211627562
1747.1648507345662,-32.7273896696203
1747.1648507345662,-16.624221437089385
1747.1648507345624,-18.91908808348672
1747.1648507345676,-19.02467396277723
1747.1648507345612,-16.14100896294972
1747.164850734558,-26.232573389699493
1747.164850734561,-11.892565419154444
1747.1648507345676,-18.645456668732567
1747.1648507345626,-16.41545142214714
1747.1648507345656,-17.63426512297152
1747.164850734563,-19.36288622868803
1747.1648507345642,-9.921917278596348
1747.1648507345606,-31.72822245617522
1747.1648507345667,-18.22269920533317
1747.16485073457,-13.73805729143853
1747.1648507345642,-43.75909389788358
1747.1648507345715,-16.881811841524566
1747.1648507345624,-29.91980303123662
1747.1648507345642,-15.516229206566734
1747.1648507345599,-21.129480236781706
1747.1648507345676,-16.42566817244717
1747.1648507345599,-33.355916425892495
1747.1648507345637,-13.184366186114394
1747.164850734568,-17.81839607335436
1747.1648507345624,-32.883574117347266
1747.1648507345587,-23.473003668609792
1747.1648507345594,-16.238357253436796
1747.1648507345624,-12.862765623924721
1747.1648507345667,-46.88880470853676
1747.164850734563,-33.19441319854315
1747.1648507345658,-7.3516108164007985
1747.1648507345726,-24.262856605608487
1747.1648507345658,-28.09912521706085
1747.1648507345599,-30.599493269250626
1747.164850734562,-16.64234362593455
1747.1648507345676,-19.288557785906615
1747.1648507345683,-11.325917707958848
1747.1648507345635,-20.362894652780053
1747.1648507345626,-13.838552255146691
1747.1648507345642,-48.16057268983521
1747.1648507345658,-56.33411812667364
1747.1648507345715,-30.58971389495044
1747.1648507345649,-63.87144951327465
1747.1648507345656,-11.968332472235451
1747.164850734565,-34.7488285200661
1747.1648507345683,-41.13337179915783
1747.1648507345587,-20.582291907840094
1747.164850734568,-32.459592586293056
1747.1648507345576,-18.50051862283064
1747.1648507345637,-22.827061646080683
1747.1648507345624,-11.429606921557637
1747.1648507345642,-65.94393022719268
1747.164850734557,-13.286942374944456
1747.1648507345662,-16.329081789088125
1747.1648507345667,-13.061331540401605
1747.1648507345667,-15.061901077519208
1747.164850734568,-25.771373495530188
1747.1648507345635,-39.978715857581356
1747.164850734563,-21.947318255787646
1747.1648507345599,-22.46565681488746
1747.1648507345585,-21.896850556329923
1747.1648507345617,-23.90814866629995
1747.1648507345712,-30.733719216711464
1747.1648507345635,-24.522399456482642
1747.1648507345635,-14.139725330261111
1747.1648507345606,-14.268934941610729
1747.1648507345708,-18.58753416500618
1747.1648507345662,-19.19342940773323
1747.1648507345656,-39.81984796438018
1747.1648507345656,-30.43963690302621
1747.1648507345687,-8.107441290137102
1747.164850734562,-21.224630470995816
1747.1648507345637,-15.80697529685661
1747.1648507345674,-15.194097744152957
1747.1648507345606,-15.56925574611504
1747.1648507345617,-20.21744524957417
1747.1648507345662,-33.89423446274083
1747.1648507345594,-9.16824056418565
1747.1648507345683,-17.45040762368342
1747.1648507345637,-32.67602477545093
1747.16485073456,-17.62401033712118
1747.1648507345662,-27.934199981705554
1747.164850734563,-15.264202535475635
1747.1648507345674,-12.711688547535921
1747.164850734569,-32.023284072341276
1747.164850734565,-20.841369880104935
1747.164850734562,-30.821565515312372
1747.1648507345617,-28.209989350768883
1747.1648507345667,-16.537281591834795
1747.1648507345637,-19.057127706597544
1747.16485073457,-24.064906691821893
1747.164850734569,-21.87396440733132
1747.1648507345656,-16.465208535662946
1747.164850734562,-18.966644719836165
1747.1648507345637,-17.4239718032889
1747.1648507345649,-15.068516546831711
1747.164850734568,-15.60637515517864
1747.164850734563,-17.281651711130635
1747.1648507345662,-16.442124416452454
1747.1648507345662,-20.976590613859088
1747.164850734567,-22.206237012345678
1747.1648507345662,-17.670272358083235
1747.164850734563,-20.040732165713834
1747.164850734573,-8.55172153779501
1747.1648507345662,-38.24400602377818
1747.1648507345649,-17.757366552613455
1747.1648507345642,-24.26926916378219
1747.1648507345715,-33.97433707006256
1747.1648507345708,-32.23177455757726
1747.1648507345576,-17.451553345322974
1747.1648507345637,-36.28005438846634
1747.164850734558,-36.72734120806126
1747.164850734563,-25.778758007743853
1747.1648507345642,-15.98848204147215
1747.1648507345612,-30.671519375311778
1747.1648507345637,-30.88145175880181
1747.16485073456,-20.92104253668074
1747.1648507345574,-15.388645864114297
1747.164850734561,-21.367274510844737
1747.1648507345656,-16.698947893396973
1747.16485073456,-22.35254765414175
1747.1648507345617,-31.614893980538206
1747.1648507345637,-25.028066184900766
1747.16485073457,-21.66192642350793
1747.1648507345658,-25.222734439956135
1747.1648507345699,-16.527320058962562
1747.1648507345612,-17.892805830044452
1747.1648507345606,-18.977973713903214
1747.1648507345617,-14.34208942700746
1747.1648507345606,-10.862300960624703
1747.164850734561,-18.518681570268484
1747.1648507345626,-21.516456775066846
1747.1648507345635,-25.27846519511707
1747.1648507345712,-18.965066943286633
1747.1648507345642,-19.38576335272467
1747.1648507345674,-32.754971221282794
1747.1648507345674,-20.14273424849285
1747.164850734558,-19.756021401511177
1747.1648507345642,-12.757584450571821
1747.16485073456,-23.590906602278782
1747.1648507345649,-18.374998831525534
1747.1648507345676,-13.680861897553994
1747.1648507345667,-14.307546608598015
1747.1648507345612,-19.761824521801344
1747.1648507345635,-15.468034703333903
1747.1648507345649,-23.869690515503468
1747.164850734563,-27.291207304336616
1747.1648507345724,-18.527370181173964
1747.1648507345656,-12.86509334193211
1747.164850734565,-13.991766671796736
1747.164850734569,-19.10574160233771
1747.164850734562,-10.334830841345639
1747.1648507345662,-32.3551757086113
1747.164850734568,-16.518081075851114
1747.164850734561,-19.201034756692902
1747.1648507345667,-33.04973992068144
1747.1648507345587,-15.15297755842301
1747.1648507345637,-24.408993225478117
1747.164850734567,-20.86252148114662
1747.1648507345724,-38.70842281900615
1747.1648507345694,-17.70436760339654
1747.1648507345635,-14.332826361738544
1747.16485073456,-53.610643719814256
1747.164850734563,-13.432614585607597
1747.164850734565,-15.367411798419278
1747.1648507345624,-16.34632651793749
1747.1648507345712,-24.863144929802846
1747.1648507345674,-15.844214344059642
1747.1648507345706,-13.141523342642852
1747.1648507345662,-22.35695767393958
1747.1648507345637,-13.17741604323292
1747.164850734562,-13.188301382070494
1747.1648507345635,-16.818717199557714
1747.1648507345667,-26.06199480530451
1747.16485073457,-29.991725465360176
1747.1648507345585,-12.548156263227703
1747.1648507345744,-19.23714463023849
1747.1648507345658,-21.654624731961178
1747.164850734563,-17.40157976718722
1747.1648507345626,-15.376099506761737
1747.1648507345635,-20.401611157007316
1747.1648507345635,-26.225656545608356
1747.1648507345599,-12.356742949761102
1747.164850734563,-30.758414712796633
1747.164850734563,-20.395342717396872
1747.1648507345667,-21.524567932360114
1747.1648507345635,-22.662234795228162
1747.1648507345612,-27.809286093902468
1747.164850734567,-21.060203835317516
1747.164850734567,-23.25186788728104
1747.1648507345624,-26.794847349346355
1747.164850734569,-29.270795136988554
1747.1648507345635,-38.8550909915758
1747.1648507345662,-19.47793426095737
1747.1648507345642,-20.41090507159741
1747.1648507345694,-18.851201662368847
1747.164850734565,-30.136349368002918
1747.1648507345658,-22.55835282052128
1747.1648507345624,-22.683020110573416
1747.1648507345635,-21.672153850259022
1747.1648507345715,-25.55162893661057
1747.1648507345642,-35.82590864813784
1747.164850734557,-18.631073682895032
1747.164850734561,-12.248925269639992
1747.1648507345662,-12.293885327005546
1747.1648507345585,-8.516989818252341
1747.1648507345658,-23.257890078882642
1747.1648507345606,-14.207851327428966
1747.1648507345676,-26.96211746115259
1747.1648507345687,-30.605252114358716
1747.1648507345642,-17.69761065391414
1747.1648507345594,-23.932251486865912
1747.164850734563,-15.823607768731387
1747.164850734565,-12.822436304518686
1747.1648507345612,-31.74784350955737
1747.164850734565,-15.589970628220234
1747.1648507345637,-18.844063271692157
1747.1648507345642,-45.14311644319504
1747.1648507345617,-27.686538333403526
1747.164850734567,-12.739241266008511
1747.1648507345617,-17.229806665558904
1747.164850734567,-12.437071860722197
1747.1648507345637,-12.384601354603754
1747.164850734562,-30.987892282425065
1747.1648507345635,-23.851187944048295
1747.164850734561,-21.96488960612847
1747.1648507345656,-17.185458309361852
1747.1648507345642,-38.934805018969456
1747.1648507345635,-26.535651628658442
1747.1648507345606,-20.054767161669265
1747.1648507345712,-35.94633201750143
1747.1648507345674,-24.194593786972
1747.1648507345658,-15.858472394950072
1747.1648507345626,-22.156228753637127
1747.1648507345635,-21.98942720632061
1747.164850734558,-22.757828918782653
1747.1648507345626,-18.903079597146693
1747.1648507345599,-29.304626293665624
1747.1648507345656,-24.288220572311033
1747.1648507345658,-21.709452149961205
1747.1648507345694,-29.618437728269143
1747.1648507345637,-14.153294195333018
1747.1648507345617,-19.1195338724796
1747.1648507345649,-31.535021975901962
1747.1648507345637,-15.880051150863808
1747.1648507345662,-20.193347250856434
1747.16485073456,-16.175140355720508
1747.1648507345656,-18.23322919180253
1747.164850734563,-22.31510349434994
1747.164850734568,-25.510392919784096
1747.164850734563,-23.460459862876153
1747.1648507345624,-23.86072069368461
1747.1648507345656,-20.870378482512614
1747.1648507345662,-26.634836192857104
1747.1648507345587,-52.42419719834152
1747.1648507345612,-14.309371400408539
1747.1648507345683,-24.793956986872054
1747.1648507345656,-28.474578241035502
1747.164850734573,-29.07788310589921
1747.1648507345576,-26.308660864562817
1747.1648507345674,-43.245988430196405
1747.1648507345667,-34.09862354824422
1747.1648507345626,-27.623815868829677
1747.1648507345635,-21.072756411417746
1747.1648507345649,-14.969340942632156
1747.1648507345694,-12.850232403934466
1747.1648507345737,-19.839039215349363
1747.16485073456,-20.90433283043604
1747.1648507345683,-19.90333545844577
1747.1648507345587,-16.156249226825032
1747.1648507345617,-18.218662651858583
1747.1648507345683,-35.61757544371046
1747.164850734568,-14.2756397894981
1747.1648507345683,-26.708388345754475
1747.1648507345674,-10.85118820734165
1747.1648507345587,-32.26551257494352
1747.1648507345724,-22.25055123755125
1747.164850734562,-15.709995407432684
1747.1648507345683,-25.05097562553882
1747.1648507345642,-33.612862453945546
1747.164850734568,-20.85630487057237
1747.1648507345694,-17.803892436271997
1747.1648507345649,-44.333775446007245
1747.1648507345656,-9.062809436345095
1747.1648507345626,-15.646912232375215
1747.1648507345576,-12.923470723021643
1747.1648507345637,-16.672180226163828
1747.164850734568,-17.703107446467666
1747.164850734567,-27.65351890856506
1747.1648507345656,-15.516495332458714
1747.1648507345637,-23.67341198732952
1747.164850734567,-29.63959357778332
1747.164850734563,-40.00486156644766
1747.1648507345635,-11.490840898056836
1747.1648507345635,-30.538420727986775
1747.16485073456,-20.425277044626895
1747.1648507345624,-39.85680190406702
1747.1648507345699,-22.00655304580096
1747.1648507345626,-20.992393698928502
1747.1648507345626,-24.655451111731523
1747.1648507345676,-16.87980933294504
1747.1648507345658,-22.698496470123406
1747.1648507345667,-23.895585332293127
1747.1648507345649,-22.70506133086819
1747.164850734574,-31.36336222234965
1747.1648507345642,-18.94312737910332
1747.1648507345649,-28.36486576801405
1747.1648507345649,-12.286470329185633
1747.1648507345658,-16.203909161046493
1747.1648507345635,-41.67730313385383
1747.1648507345667,-35.09451063231982
1747.1648507345606,-26.496522586598786
1747.1648507345658,-22.640091238818762
1747.1648507345617,-39.3190666169955
1747.1648507345674,-14.212751684660724
1747.1648507345576,-30.413603174167967
1747.1648507345626,-18.241067897553258
1747.1648507345676,-20.493716225796796
1747.1648507345612,-17.117345426170584
1747.1648507345587,-29.478597278524067
1747.1648507345635,-51.642241689464555
1747.1648507345676,-10.435549025894145
1747.164850734568,-17.895647404182665
1747.1648507345676,-18.595633390209628
1747.1648507345658,-38.877013221259496
1747.164850734562,-17.670278942399868
1747.1648507345687,-19.91939890715236
1747.1648507345585,-16.346948609518577
1747.1648507345676,-32.87645530943481
1747.1648507345649,-17.824024304569498
1747.164850734562,-18.74538679871051
1747.164850734562,-17.90683339437595
1747.1648507345674,-14.316613560687802
1747.1648507345694,-16.707052002708885
1747.1648507345642,-32.70471411422407
1747.164850734573,-14.699920110456825
1747.1648507345599,-22.29762103638234
1747.1648507345656,-23.144311444950606
1747.16485073457,-17.718078629933377
1747.1648507345637,-24.408899334857367
1747.1648507345592,-19.738594007537042
1747.1648507345626,-41.64015043688223
1747.1648507345667,-12.551195691855973
1747.1648507345617,-18.549295959285462
1747.1648507345626,-39.52181904568023
1747.1648507345617,-34.6745871935061
1747.164850734557,-21.291824506870363
1747.1648507345635,-14.240215550053465
1747.164850734563,-14.2409347195488
1747.1648507345642,-27.126596972544238
1747.1648507345637,-13.47953968280406
1747.164850734568,-17.95799115946356
1747.1648507345649,-38.478651003137465
1747.1648507345626,-25.59848930120759
1747.1648507345635,-25.310525566089137
1747.164850734563,-19.97715266471019
1747.1648507345599,-16.256503223963207
1747.1648507345642,-22.777108969802185
1747.1648507345642,-26.791520822410998
1747.1648507345674,-11.69169907132527
1747.1648507345617,-34.61947457377062
1747.1648507345706,-17.750914244328285
1747.1648507345712,-27.082262747541375
1747.1648507345635,-28.655845554713892
1747.1648507345637,-22.81591477900584
1747.1648507345667,-18.271940728580955
1747.1648507345599,-13.921241355588771
1747.1648507345658,-39.344405576403815
1747.1648507345662,-39.21408143931762
1747.1648507345592,-31.242954978535113
1747.1648507345612,-18.797045214545278
1747.1648507345656,-41.46911872503188
1747.1648507345674,-15.411148413826117
1747.164850734561,-27.96973881805476
1747.1648507345649,-16.901288629505927
1747.1648507345617,-20.632707140604044
1747.1648507345658,-10.805485402300336
1747.1648507345656,-15.824398383454508
1747.1648507345658,-14.585785638566911
1747.164850734561,-38.98072754190959
1747.164850734562,-12.171521336141884
1747.1648507345642,-15.91135144753562
1747.164850734565,-22.101455436515245
1747.164850734558,-20.08302544762386
1747.16485073456,-22.67755369118442
1747.1648507345658,-15.517820644051088
1747.164850734567,-14.824780182745414
1747.1648507345656,-15.50951209618523
1747.1648507345658,-28.656547372504377
1747.1648507345637,-25.524247340402546
1747.1648507345612,-28.58958529864864
1747.16485073456,-14.490102670457977
1747.1648507345656,-29.384804841019047
1747.1648507345676,-13.678117992018713
1747.1648507345658,-21.78227670583423
1747.1648507345635,-18.019328121450176
1747.1648507345626,-18.366173724675136
1747.164850734561,-33.826952724912
1747.1648507345612,-14.849798560048521
1747.1648507345649,-17.877233064214675
1747.1648507345624,-63.6778307751212
1747.1648507345683,-20.725443851979573
1747.1648507345674,-23.509873517601328
1747.16485073457,-16.04551096476986
1747.1648507345649,-23.06456559331056
1747.164850734568,-8.43618425863597
1747.16485073457,-21.614526095365918
1747.1648507345606,-24.13792219745566
1747.1648507345594,-21.434678479557654
1747.16485073456,-17.829469811988705
1747.164850734567,-33.76378509875741
1747.164850734568,-20.225115823098818
1747.1648507345606,-12.933418609083166
1747.164850734563,-28.33059389793528
1747.1648507345549,-24.30460640473595
1747.164850734561,-14.529176727650137
1747.1648507345626,-20.399728475079254
1747.1648507345606,-26.042904968684017
1747.1648507345617,-20.12344940799272
1747.1648507345592,-38.62120667520875
1747.1648507345635,-21.128803942869297
1747.1648507345624,-14.339896276952569
1747.164850734563,-11.919070962236706
1747.1648507345612,-14.438443680331106
1747.1648507345626,-15.82894642179733
1747.1648507345658,-16.39416408939095
1747.1648507345656,-16.088088834965077
1747.1648507345635,-25.036709903249676
1747.1648507345674,-47.213013315799664
1747.1648507345642,-29.47797780094316
1747.1648507345656,-15.05332001475872
1747.1648507345667,-20.842812241036395
1747.164850734567,-17.94789526179037
1747.1648507345635,-19.71688536254098
1747.164850734567,-10.24012205039253
1747.1648507345637,-14.088209756231898
1747.16485073456,-18.770476186407016
1747.1648507345576,-21.954876718864163
1747.164850734562,-16.66613224329372
1747.1648507345626,-17.419661349802197
1747.1648507345683,-44.15701863370988
1747.1648507345617,-17.534237044639625
1747.1648507345706,-38.518801815485425
1747.1648507345612,-8.73797900990487
1747.1648507345624,-19.729839881501345
1747.1648507345642,-23.134944600930233
1747.164850734561,-16.179314085700632
1747.1648507345658,-19.33759117978262
1747.1648507345658,-13.854460587370966
1747.1648507345637,-13.017746601604511
1747.1648507345658,-11.30377168037146
1747.1648507345626,-20.45833192157808
1747.164850734561,-23.38355345412109
1747.1648507345637,-12.408871428672768
1747.1648507345642,-26.08086832514272
1747.1648507345626,-44.45352681033447
1747.1648507345617,-21.706759899507926
1747.1648507345642,-21.83341709704842
1747.1648507345656,-63.37832687897069
1747.1648507345667,-29.118429182875026
1747.1648507345656,-16.941443873690424
1747.1648507345667,-21.205031409383146
1747.1648507345724,-24.751438323731044
1747.1648507345635,-12.48725275864155
1747.1648507345658,-23.059301662255244
1747.1648507345662,-16.734636328643994
1747.1648507345656,-12.696714347664722
1747.1648507345656,-22.91327680778672
1747.1648507345617,-25.387958757834404
1747.1648507345662,-15.44538454117367
1747.1648507345642,-15.1027634027541
1747.164850734562,-31.60185699467518
1747.1648507345587,-22.297285372746796
1747.164850734562,-29.390327961785022
1747.1648507345612,-21.9778598611489
1747.164850734563,-45.69413202816694
1747.1648507345637,-15.24175585650249
1747.1648507345612,-15.907946375698561
1747.1648507345612,-14.021393765755851
1747.164850734563,-26.389061749729937
1747.1648507345683,-15.00995054687298
1747.1648507345637,-22.259950084016708
1747.1648507345612,-12.32896751203773
1747.164850734565,-20.426826446560206
1747.1648507345667,-22.327289917403363
1747.1648507345624,-14.864783428445289
1747.1648507345617,-19.30208662352487
1747.1648507345676,-9.73943379280847
1747.1648507345599,-20.697622503263783
1747.1648507345662,-34.848927691074785
1747.1648507345676,-33.665911715750084
1747.164850734561,-14.272749357225695
1747.1648507345624,-20.580588530907317
1747.1648507345642,-18.737741870096137
1747.1648507345592,-12.813748424555293
1747.1648507345658,-22.84972147886887
1747.1648507345635,-21.583030161717616
1747.1648507345662,-38.737101060444964
1747.1648507345662,-11.11866169875471
1747.1648507345683,-17.812354147434313
1747.1648507345642,-11.499565186777835
1747.1648507345626,-14.395009405219133
1747.1648507345624,-44.80702753035491
1747.1648507345676,-27.042302837758434
1747.1648507345612,-14.697995006883623
1747.164850734562,-25.733527733978466
1747.1648507345624,-27.22955063608829
1747.1648507345649,-12.876955629751748
1747.1648507345676,-19.95743199339144
1747.1648507345683,-15.26150999234465
1747.1648507345656,-19.027642112854657
1747.1648507345626,-31.956520187143095
1747.1648507345606,-32.36004027055769
1747.1648507345715,-37.726029254646726
1747.1648507345658,-49.6904441214953
1747.1648507345642,-16.059490743091864
1747.1648507345649,-12.79903922088893
1747.1648507345649,-18.497434358207943
1747.164850734562,-22.839160993944013
1747.1648507345624,-32.09581913303102
1747.1648507345642,-6.691755073392428
1747.1648507345642,-13.669698974107716
1747.1648507345642,-23.602281705425646
1747.1648507345562,-12.74888143900095
1747.164850734565,-25.02659942698561
1747.1648507345656,-36.342141265657
1747.1648507345624,-19.70486259822937
1747.1648507345617,-16.965997114529173
1747.1648507345642,-26.552072323546234
1747.16485073457,-41.167348122690115
1747.1648507345624,-15.657335301829256
1747.1648507345706,-26.667024575366444
1747.1648507345635,-28.28344800970616
1747.1648507345624,-21.346316336954754
1747.1648507345667,-17.83796026664534
1747.1648507345612,-12.633157731065037
1747.1648507345606,-17.487015284876087
1747.1648507345687,-29.158320488326417
1747.164850734562,-19.452993526149232
1747.1648507345683,-16.122764801910183
1747.1648507345587,-15.02866481609377
1747.164850734569,-19.390922366508427
1747.1648507345592,-15.100829965388238
1747.1648507345662,-16.352415539306868
1747.1648507345637,-35.701300769985686
1747.1648507345612,-34.03100509822147
1747.164850734567,-28.686846940469827
1747.164850734562,-12.96530675846471
1747.1648507345626,-35.51841343133282
1747.1648507345624,-27.482502206914837
1747.1648507345617,-23.51615295313507
1747.1648507345612,-14.37912832860995
1747.1648507345694,-21.61609993683987
1747.164850734563,-18.96262654111944
1747.1648507345642,-16.04190458839077
1747.1648507345642,-10.361965163906559
1747.164850734562,-22.83832871361155
1747.1648507345617,-22.899068558032987
1747.16485073456,-31.093709857757222
1747.1648507345676,-21.19861309980819
1747.1648507345667,-18.77097495564098
1747.1648507345662,-16.178569923406574
1747.1648507345592,-27.529847331581607
1747.1648507345624,-22.22177501921059
1747.1648507345637,-22.478680391716427
1747.1648507345606,-27.704535095835027
1747.164850734562,-18.242353709151182
1747.1648507345594,-18.554181918586004
1747.1648507345637,-27.674312974278763
1747.1648507345617,-17.171700019063405
1747.1648507345635,-23.81908112963511
1747.1648507345667,-28.311103411325888
1747.1648507345642,-11.819954712585536
1747.1648507345612,-29.39947290373979
1747.1648507345708,-28.122497760706317
1747.164850734563,-70.48035364261955
1747.1648507345624,-17.350130632701653
1747.1648507345624,-22.584785228628864
1747.1648507345658,-9.434587703023867
1747.164850734565,-32.463178381702186
1747.1648507345592,-12.180783917331008
1747.1648507345667,-24.549480914181192
1747.1648507345683,-19.19917978599632
1747.1648507345676,-23.393913680021246
1747.1648507345712,-24.754703044522273
1747.164850734562,-24.035143568870165
1747.1648507345574,-12.824389224792201
1747.1648507345587,-20.595818929445223
1747.1648507345624,-14.134954484975376
1747.1648507345656,-12.994362928355429
1747.1648507345649,-17.776355354831974
1747.1648507345715,-30.49154829266822
1747.1648507345592,-12.620251724946257
1747.164850734568,-12.202014128616272
1747.1648507345592,-38.074046658001734
1747.1648507345683,-16.434168142810172
1747.1648507345712,-22.342655981635847
1747.164850734563,-37.626924977377904
1747.1648507345626,-29.61333922425247
1747.1648507345658,-14.017146891189311
1747.1648507345656,-21.581884616289777
1747.1648507345662,-16.30197647848752
1747.1648507345624,-22.44219665718151
1747.1648507345642,-30.4479902310897
1747.1648507345594,-14.52807059612333
1747.164850734567,-17.481945589666697
1747.164850734563,-19.489825722471856
1747.1648507345662,-40.830685787940425
1747.1648507345637,-15.006113059800006
1747.164850734568,-11.84057894379774
1747.1648507345642,-26.827972116111702
1747.16485073456,-14.869659664717638
1747.1648507345662,-37.41440569069614
1747.1648507345626,-26.08635192660722
1747.1648507345617,-18.60260854670659
1747.1648507345587,-24.66746412926993
1747.1648507345637,-13.962723077614706
1747.1648507345617,-24.436349630694853
1747.1648507345694,-37.26479719191762
1747.1648507345694,-22.43630242951169
1747.1648507345642,-20.302923832615456
1747.164850734561,-23.623959504980313
1747.1648507345556,-24.534380244539868
1747.164850734565,-22.212750796948512
1747.1648507345699,-22.316631115451145
1747.164850734562,-13.654261730888587
1747.1648507345626,-21.053732959987666
1747.1648507345662,-14.916838540241132
1747.1648507345658,-12.248792052946385
1747.1648507345599,-26.797520174551693
1747.1648507345649,-36.21043521767346
1747.1648507345676,-18.395448940926386
1747.1648507345617,-12.217874987101645
1747.1648507345635,-13.469001870411502
1747.1648507345635,-26.938397553194815
1747.164850734561,-38.600049952311636
1747.1648507345676,-21.623509908473
1747.164850734563,-11.423568901158475
1747.1648507345687,-15.186642267631203
1747.164850734568,-26.30153150970328
1747.164850734562,-16.349385631152888
1747.164850734562,-36.65807292019032
1747.1648507345624,-24.33527760852537
1747.1648507345674,-19.013069678734222
1747.1648507345662,-34.66329563480415
1747.1648507345592,-30.019698952207158
1747.1648507345694,-12.638983357143813
1747.1648507345662,-13.52469232268907
1747.1648507345624,-19.52243015415382
1747.1648507345662,-15.875839175284256
1747.1648507345674,-25.285406245068607
1747.1648507345656,-28.722114072118636
1747.1648507345576,-27.681281949075938
1747.1648507345612,-17.112220699315507
1747.1648507345606,-25.860463006974214
1747.1648507345649,-12.719454941267236
1747.1648507345637,-22.654123117394423
1747.1648507345662,-18.375047988418824
1747.164850734561,-27.093646357632178
1747.164850734565,-32.18495376719151
1747.164850734563,-17.4818214642066
1747.1648507345649,-22.18520368190885
1747.1648507345674,-9.673962282118069
1747.1648507345708,-22.488970267832496
1747.164850734563,-29.583154275914502
1747.1648507345683,-15.046028649119943
1747.1648507345676,-27.083938477255032
1747.1648507345617,-12.003889613900828
1747.1648507345674,-10.44331074893078
1747.164850734562,-47.03270258934842
1747.1648507345737,-10.562238862243314
1747.1648507345706,-14.360565726891497
1747.16485073456,-17.82084815225472
1747.1648507345642,-14.749835880493745
1747.1648507345574,-12.973963754153955
1747.1648507345642,-26.792273210718577
1747.164850734561,-19.168052759125757
1747.1648507345624,-20.95917623502429
1747.1648507345699,-13.908837993323575
1747.1648507345635,-15.472226010259979
1747.1648507345656,-21.52665817735374
1747.1648507345662,-24.630411264764536
1747.164850734565,-17.88863705967599
1747.1648507345658,-18.51429234579061
1747.1648507345642,-18.879805381650893
1747.164850734567,-11.801652014132099
1747.164850734568,-23.85096897583998
1747.1648507345658,-41.77628604943212
1747.16485073456,-36.29514735035902
1747.164850734567,-26.336662230922688
1747.1648507345658,-25.518260337249178
1747.164850734562,-12.689835908707428
1747.1648507345694,-44.98139019447682
1747.1648507345658,-30.105096508293723
1747.1648507345592,-22.096472261015627
1747.1648507345656,-15.991591436368685
1747.16485073456,-16.9652951712811
1747.1648507345715,-11.480623067037843
1747.1648507345687,-17.412120633290236
1747.1648507345549,-21.464317244682135
1747.1648507345667,-13.030113709502439
1747.1648507345658,-29.553305969381828
1747.164850734575,-19.909543876873343
1747.1648507345676,-34.09899780678255
1747.1648507345642,-7.199696279629688
1747.1648507345606,-36.43293264013806
1747.1648507345637,-20.673202555958575
1747.1648507345635,-9.829233095956896
1747.164850734562,-19.05470052047112
1747.1648507345649,-42.689089616390135
1747.1648507345667,-15.099914982132484
1747.1648507345626,-19.654907654973247
1747.164850734569,-19.891701524306942
1747.16485073457,-9.437459437407556
1747.1648507345662,-9.709534652201954
1747.1648507345656,-23.35977978448701
1747.1648507345656,-28.32179039209696
1747.1648507345635,-18.378661307393628
1747.164850734562,-17.777028958530142
1747.1648507345637,-26.474442994561887
1747.1648507345674,-27.33804177792976
1747.1648507345683,-11.061457583670084
1747.1648507345649,-44.186853336344214
1747.1648507345642,-15.39126718427148
1747.1648507345612,-10.905147976420814
1747.1648507345662,-12.200323995904053
1747.164850734563,-58.8029603331488
1747.1648507345626,-18.15775151235344
1747.1648507345635,-23.96618160865847
1747.1648507345658,-19.40955613658588
1747.164850734565,-19.88870087452996
1747.1648507345599,-11.640822341303192
1747.1648507345642,-27.900278300462166
1747.164850734568,-17.859793254664197
1747.1648507345658,-20.058176842289125
1747.164850734558,-26.96046661140982
1747.1648507345676,-18.86579526041092
1747.1648507345592,-21.579729984966413
1747.164850734556,-31.771212194839833
1747.1648507345656,-35.90447802813064
1747.1648507345662,-14.280462992642729
1747.1648507345658,-19.51684140597916
1747.1648507345606,-40.20893702158021
1747.164850734567,-14.105202420116298
1747.1648507345642,-38.3627240845754
1747.16485073456,-12.940920389957611
1747.1648507345694,-21.42861764844452
1747.1648507345617,-10.547910315449824
1747.1648507345662,-19.072471532086972
1747.1648507345635,-19.72990519836195
1747.1648507345624,-16.224392076715812
1747.1648507345667,-12.22129400373265
1747.1648507345624,-18.0852663245075
1747.1648507345658,-14.479989321932704
1747.164850734565,-11.113881694327413
1747.164850734565,-60.23095577510752
1747.164850734561,-13.320446487430814
1747.1648507345687,-19.408326389525385
1747.1648507345635,-27.027273271262693
1747.1648507345624,-27.337810374754568
1747.1648507345658,-18.731293534830414
1747.1648507345656,-15.507508459374716
1747.16485073457,-16.576754912854163
1747.1648507345658,-21.80032441316721
1747.164850734565,-12.484612520946687
1747.1648507345667,-27.952554117085533
1747.1648507345676,-22.784462701372597
1747.1648507345594,-32.02587014145817
1747.1648507345724,-22.013086681914007
1747.1648507345674,-15.781726643228724
1747.1648507345642,-11.515657828490626
1747.1648507345658,-16.849850724875555
1747.1648507345642,-18.298136891311447
1747.1648507345676,-18.89907349376618
1747.1648507345606,-21.192605286224058
1747.1648507345587,-22.084779448673018
1747.1648507345626,-30.473259109359564
1747.164850734565,-25.780388356893113
1747.1648507345662,-17.976285311551717
1747.1648507345637,-18.08757409296073
1747.1648507345674,-27.6893038188337
1747.164850734562,-21.17041072015254
1747.1648507345658,-8.947145806510086
1747.164850734557,-12.806433563055108
1747.164850734569,-58.90194283667155
1747.1648507345674,-22.078771344348528
1747.1648507345626,-19.304041876864215
1747.1648507345624,-17.072697378339058
1747.1648507345656,-32.12043610890093
1747.1648507345642,-19.17613992632025
1747.1648507345587,-21.51257988703625
1747.164850734569,-14.231973408856714
1747.1648507345606,-22.75546088414996
1747.1648507345676,-19.34239824030214
1747.1648507345674,-13.729213968072074
1747.164850734567,-17.70724723250567
1747.164850734558,-25.99459959141392
1747.1648507345667,-11.005004836065776
1747.1648507345656,-23.042009140082502
1747.164850734561,-47.15458820566539
1747.164850734561,-13.456413982545879
1747.1648507345674,-10.069499084289596
1747.1648507345642,-60.32633935519719
1747.1648507345626,-38.127372015695336
1747.1648507345687,-13.79335398039371
1747.1648507345635,-14.310132552886312
1747.1648507345637,-16.749004604673072
1747.1648507345626,-38.234258965468925
1747.1648507345635,-23.097193144758155
1747.1648507345667,-28.339185508981707
1747.1648507345687,-26.558846305818086
1747.1648507345626,-22.120429949647125
1747.164850734563,-18.268711375130096
1747.164850734568,-36.127877986624924
1747.1648507345626,-23.802179024630693
1747.1648507345606,-19.128746304833374
1747.1648507345658,-12.775582438895311
1747.1648507345649,-14.43237566082086
1747.1648507345592,-15.871243870282376
1747.1648507345706,-30.064614415291143
1747.1648507345715,-25.743859044899608
1747.164850734568,-28.044004479956275
1747.1648507345624,-15.8125706423678
1747.1648507345658,-38.280412951749646
1747.1648507345626,-41.91753233817907
1747.1648507345637,-17.2397015593982
1747.1648507345626,-47.06597446358581
1747.164850734568,-14.807054522717136
1747.164850734561,-11.750821853732388
1747.1648507345674,-25.576136077188988
1747.16485073456,-15.178837671256936
1747.164850734563,-17.19434592497542
1747.1648507345617,-13.581487273711717
1747.1648507345683,-20.41457842918438
1747.16485073457,-57.27629068130548
1747.1648507345649,-15.062940425948865
1747.164850734563,-25.324476262778678
1747.1648507345624,-28.83770189545425
1747.1648507345656,-23.723333595649134
1747.16485073456,-16.538988055991936
1747.164850734562,-13.253950758468559
1747.1648507345683,-16.2235733353927
1747.164850734565,-17.611062937905825
1747.1648507345624,-17.879861432228914
1747.1648507345658,-18.434780478501384
1747.1648507345635,-23.084957061758853
1747.1648507345656,-15.938972824633794
1747.1648507345624,-12.217775761130815
1747.1648507345712,-14.279454776008038
1747.1648507345658,-13.822827279659736
1747.1648507345642,-30.958757176108676
1747.1648507345612,-19.741059763135528
1747.1648507345667,-34.51342392144381
1747.1648507345624,-29.33992532022836
1747.164850734562,-24.99437560695597
1747.1648507345724,-15.342249685479626
1747.164850734565,-20.13655745683912
1747.164850734562,-48.12296911210024
1747.1648507345592,-19.914495876979572
1747.1648507345676,-43.275559386341826
1747.1648507345592,-20.12065021523869
1747.1648507345637,-17.76913743452095
1747.1648507345642,-22.755666178114947
1747.1648507345624,-30.402739454784033
1747.1648507345706,-37.578903476638295
1747.164850734563,-26.026084182436183
1747.1648507345642,-10.489659806510053
1747.1648507345694,-22.344870378531397
1747.1648507345637,-19.007664911280088
1747.1648507345642,-36.82084577189659
1747.16485073456,-76.94393399249279
1747.164850734562,-45.23949902193705
1747.164850734561,-20.478460351371634
1747.1648507345649,-19.054855580128322
1747.1648507345562,-21.214686240330938
1747.1648507345599,-24.53833636107674
1747.164850734561,-8.560881997798317
1747.164850734562,-13.125806260777544
1747.1648507345658,-24.1037601955458
1747.1648507345587,-37.61336051074694
1747.1648507345656,-36.04156755422569
1747.1648507345635,-23.444131797743868
1747.1648507345594,-20.80960197386692
1747.164850734563,-25.768430543012048
1747.1648507345649,-15.564050384981284
1747.164850734565,-25.88619941024411
1747.1648507345662,-15.553128309451491
1747.1648507345642,-25.307949058591195
1747.1648507345612,-20.108602045987418
1747.1648507345662,-40.32635716001939
1747.1648507345624,-55.906530449691836
1747.1648507345694,-20.702991518507112
1747.1648507345708,-10.053470885394992
1747.1648507345642,-13.548376260112285
1747.1648507345656,-39.03205769786287
1747.1648507345612,-14.00133552379267
1747.164850734568,-17.382829613760624
1747.1648507345662,-11.268531288107457
1747.1648507345658,-25.099491941478025
1747.1648507345656,-17.808618832204097
1747.164850734567,-46.071793544515614
1747.164850734565,-26.509537895184298
1747.1648507345683,-18.417188632995877
1747.1648507345662,-27.565689236579765
1747.1648507345649,-21.615781656896978
1747.1648507345637,-18.862713014052293
1747.1648507345676,-46.005374624815126
1747.16485073457,-30.885656796180495
1747.1648507345658,-16.4951713769735
1747.1648507345626,-40.601994427524055
1747.1648507345667,-22.08284949018954
1747.1648507345599,-35.16414592991242
1747.1648507345626,-24.137019963574794
1747.1648507345592,-21.105505828268424
1747.1648507345662,-23.687752908740276
1747.164850734561,-38.62678536986493
1747.1648507345612,-20.459218064786235
1747.164850734565,-22.739676966954367
1747.1648507345662,-51.072246714352474
1747.1648507345606,-24.53851891025483
1747.1648507345649,-19.533461691042177
1747.1648507345606,-11.336208982038215
1747.1648507345599,-17.530774321298253
1747.1648507345656,-29.481302610145633
1747.1648507345612,-15.176594777022132
1747.1648507345656,-20.026237229290704
1747.1648507345756,-12.74717506721879
1747.164850734563,-27.988221290763022
1747.1648507345662,-28.35251274989663
1747.164850734565,-29.24298725039619
1747.164850734565,-34.78376023965712
1747.1648507345637,-17.743001994786965
1747.164850734569,-16.095219203916074
1747.1648507345635,-25.227883886570318
1747.1648507345687,-29.506717788731713
1747.1648507345656,-14.196280134303073
1747.1648507345662,-10.886632150475775
1747.1648507345658,-15.690142053625047
1747.164850734563,-26.41114464280821
1747.1648507345687,-13.14371914481231
1747.1648507345658,-30.28636535947074
1747.164850734562,-19.58324746252394
1747.1648507345635,-49.03575792927507
1747.1648507345674,-22.109646632879276
1747.164850734562,-15.506269520801716
1747.1648507345649,-11.68718475533947
1747.1648507345667,-21.59336409499108
1747.1648507345683,-15.158978899647412
1747.164850734568,-21.54859334925906
1747.1648507345617,-24.45725975563205
1747.1648507345674,-13.393214199043769
1747.1648507345594,-12.365614785026171
1747.1648507345674,-18.186028407532085
1747.1648507345617,-51.816359581284345
1747.1648507345606,-23.909356264804252
1747.1648507345656,-17.204705699433642
1747.164850734562,-25.547605524127693
1747.1648507345658,-15.264987933188163
1747.1648507345676,-12.579514615095944
1747.1648507345699,-9.612097119422938
1747.1648507345576,-16.956700425436697
1747.1648507345637,-23.599580920657935
1747.1648507345683,-65.00192406280543
1747.164850734563,-14.55506244702691
1747.1648507345635,-27.59859191053369
1747.1648507345649,-17.727359451242258
1747.1648507345687,-19.573043336194207
1747.1648507345606,-28.467457744181495
1747.1648507345656,-19.02641637163174
1747.1648507345635,-16.136788222275932
1747.1648507345683,-21.04641671296565
1747.1648507345612,-12.619347829328062
1747.1648507345592,-15.580194873716174
1747.1648507345658,-13.026941678263043
1747.1648507345624,-12.68136899107925
1747.1648507345635,-29.321032606952407
1747.1648507345624,-31.214154135063083
1747.1648507345683,-21.197642820544196
1747.1648507345649,-15.265095065379095
1747.1648507345656,-28.83814748717251
1747.1648507345674,-9.116548545859352
1747.1648507345637,-38.08845665794032
1747.1648507345658,-20.575043031611294
1747.1648507345649,-10.659364153958405
1747.16485073456,-16.81113393669491
1747.1648507345658,-19.90825712745057
1747.16485073457,-9.865763661686582
1747.164850734562,-43.06623391042165
1747.1648507345626,-12.71818091831185
1747.164850734563,-19.309688968967624
1747.1648507345658,-11.132933467869186
1747.1648507345635,-46.0386259416529
1747.1648507345662,-17.223923258093585
1747.1648507345667,-14.830419981831112
1747.1648507345662,-26.934466221373103
1747.1648507345687,-13.662464218869472
1747.16485073456,-12.74726359818409
1747.1648507345667,-16.489818385771613
1747.16485073456,-19.351649091841118
1747.164850734563,-16.221840518468753
1747.1648507345635,-17.771112367613068
1747.164850734565,-12.597768307079738
1747.1648507345667,-13.499536433521378
1747.164850734573,-22.72568695240693
1747.164850734568,-25.53285097525973
1747.1648507345626,-26.238487993311786
1747.1648507345683,-25.22818337756314
1747.1648507345635,-37.71816433473752
1747.1648507345658,-17.357193175946897
1747.1648507345606,-19.140725945432322
1747.1648507345599,-24.21095425741061
1747.1648507345637,-43.461362558537374
1747.1648507345624,-26.545449618945042
1747.1648507345626,-24.96101792427541
1747.1648507345594,-33.13243617407021
1747.1648507345637,-25.842679471907008
1747.1648507345612,-39.572886990972535
1747.1648507345642,-24.20842212111854
1747.1648507345617,-14.398268239947576
1747.164850734561,-36.04079442884267
1747.1648507345674,-15.872321823872937
1747.16485073457,-103.6874667639693
1747.1648507345635,-20.805424582867097
1747.16485073456,-17.2449090885221
1747.1648507345626,-10.230127257183378
1747.1648507345594,-14.472814497780837
1747.164850734562,-14.876848198591484
1747.1648507345744,-21.38811611707857
1747.1648507345626,-26.165822478389504
1747.1648507345624,-37.93933207209266
1747.1648507345674,-30.991026853525327
1747.1648507345635,-14.850938065028691
1747.1648507345676,-16.94732765879295
1747.1648507345676,-17.452978816720783
1747.1648507345649,-9.666078427923255
1747.1648507345687,-28.59680539087454
1747.1648507345642,-21.343961226902323
1747.164850734557,-34.4133024236333
1747.1648507345667,-19.941853638119994
1747.1648507345624,-21.77353196864911
1747.1648507345656,-10.648882588090087
1747.1648507345658,-20.7059980967874
1747.1648507345694,-13.77043871506402
1747.1648507345724,-27.322127187105632
1747.1648507345662,-10.168162486648624
1747.1648507345724,-10.8397713125244
1747.164850734568,-12.575631694420993
1747.164850734562,-15.797055381766151
1747.1648507345649,-16.502251482182583
1747.1648507345656,-21.010898267609228
1747.1648507345562,-21.30567884792778
1747.164850734562,-8.181110135184493
1747.1648507345658,-12.195029221223
1747.164850734558,-17.813055294104636
1747.1648507345676,-11.890349770172394
1747.1648507345658,-25.462459196778216
1747.1648507345624,-34.14164600748599
1747.1648507345599,-41.468617847132904
1747.1648507345649,-11.408762600478854
1747.1648507345585,-23.197686240677452
1747.1648507345637,-20.36657971498475
1747.1648507345687,-19.069782819793705
1747.1648507345617,-13.671696466779187
1747.1648507345658,-15.421067915879624
1747.1648507345617,-38.9311462693063
1747.164850734568,-19.239951588911065
1747.164850734567,-25.547703280049955
1747.1648507345626,-6.8705357304989985
1747.164850734568,-21.724574276672712
1747.1648507345617,-61.04123967955692
1747.164850734562,-43.69098381211543
1747.164850734562,-15.533833462153474
1747.164850734568,-16.289113374281694
1747.164850734561,-16.070016604939983
1747.1648507345587,-12.983940132854613
1747.1648507345694,-10.965057452620359
1747.16485073456,-15.421265236936021
1747.1648507345667,-16.698064883937697
1747.1648507345649,-10.477105227381237
1747.1648507345712,-10.361270667107906
1747.1648507345667,-23.68345633026154
1747.1648507345637,-14.354157299081388
1747.1648507345667,-19.87354369976659
1747.1648507345662,-16.073086351189307
1747.1648507345667,-15.845885704653062
1747.164850734563,-26.744234286028007
1747.164850734563,-29.482867882276555
1747.1648507345658,-25.002965399588202
1747.1648507345683,-15.201577597646331
1747.1648507345599,-31.115029497314396
1747.1648507345617,-20.371596166020982
1747.1648507345662,-12.344169737603139
1747.1648507345626,-26.33890030892079
1747.164850734562,-11.19358955813348
1747.1648507345642,-49.04444779063401
1747.1648507345667,-22.86996307648132
1747.1648507345656,-46.71966119714924
1747.1648507345642,-70.7865550706995
1747.1648507345649,-27.780749881640745
1747.1648507345592,-31.89647245887539
1747.1648507345642,-17.294649357618628
1747.1648507345585,-16.271226782503884
1747.164850734557,-16.819166555662292
1747.1648507345667,-27.223625587024376
1747.1648507345637,-28.189129952215282
1747.164850734568,-29.521551150115087
1747.1648507345617,-20.581576616994063
1747.164850734563,-32.692432796561015
1747.1648507345624,-28.120621224007518
1747.164850734565,-10.738594632392937
1747.1648507345642,-48.14398686681909
1747.1648507345658,-28.793586550735505
1747.1648507345626,-26.701955185128874
1747.1648507345624,-20.283035007595824
1747.1648507345576,-13.76639699857614
1747.164850734565,-20.540423777077528
1747.1648507345676,-11.97957997886288
1747.164850734562,-10.991302514543422
1747.1648507345606,-16.287136220213792
1747.164850734562,-18.962759430486305
1747.164850734568,-17.52798936486958
1747.164850734567,-14.964833966499352
1747.1648507345687,-24.025539891791016
1747.164850734565,-14.426097422813994
1747.1648507345624,-16.247899855739448
1747.1648507345599,-13.374595840594436
1747.1648507345658,-16.50000290249308
1747.1648507345687,-30.798555507343433
1747.1648507345637,-21.223239540524308
1747.164850734565,-25.689101435755713
1747.164850734565,-11.476002385482383
1747.1648507345599,-19.817144048488565
1747.1648507345637,-23.24898162596016
1747.1648507345592,-22.13647885417659
1747.1648507345626,-23.761814058265397
1747.1648507345667,-26.2046382756301
1747.164850734561,-28.56576942900392
1747.1648507345687,-19.17309676469485
1747.164850734561,-42.747748525448834
1747.1648507345642,-22.540769476177786
1747.1648507345658,-22.922717790340524
1747.1648507345594,-25.17911647298572
1747.1648507345656,-28.543068967605773
1747.1648507345656,-13.408384058725197
1747.1648507345617,-26.41877036125033
1747.1648507345712,-23.594142081717834
1747.1648507345676,-26.671866176621805
1747.1648507345649,-67.4833152860701
1747.1648507345626,-13.966184975926652
1747.1648507345606,-17.485203420999255
1747.1648507345683,-16.461003057505096
1747.1648507345626,-25.439507074356076
1747.1648507345637,-19.988078005743887
1747.1648507345708,-34.771474207564324
1747.1648507345676,-34.59254110989941
1747.1648507345662,-34.737044070142375
1747.1648507345662,-16.478378439178115
1747.1648507345674,-13.30611821475976
1747.1648507345658,-16.68199392089444
1747.164850734569,-19.2103286127743
1747.1648507345658,-23.299703631098595
1747.164850734565,-12.814703717057801
1747.164850734561,-19.558070386052442
1747.1648507345599,-21.60272968628049
1747.1648507345637,-20.025686617949244
1747.1648507345642,-25.105365859568163
1747.1648507345656,-20.17746415746919
1747.1648507345599,-13.45187481013245
1747.164850734558,-22.749065720727813
1747.164850734563,-10.67212976199466
1747.164850734562,-25.628008401231305
1747.164850734567,-17.270380144493014
1747.164850734567,-30.800058988507867
1747.164850734565,-39.498514241991586
1747.1648507345637,-16.707100719489894
1747.1648507345626,-18.253540982944415
1747.1648507345635,-22.104434137017652
1747.1648507345674,-29.851710462848807
1747.1648507345617,-17.211576912124844
1747.1648507345667,-11.388750174914803
1747.1648507345635,-13.895479435801548
1747.164850734568,-18.737122972227947
1747.1648507345649,-15.118654813801498
1747.1648507345642,-38.60603341477678
1747.1648507345635,-13.687038492809966
1747.1648507345635,-8.825188953533155
1747.1648507345592,-16.265774338276255
1747.1648507345553,-51.980284569025834
1747.1648507345662,-26.840608069912076
1747.1648507345585,-27.349771013343393
1747.1648507345624,-20.315198179688053
1747.1648507345683,-15.534904079513076
1747.164850734563,-7.605095404550011
1747.1648507345658,-17.453980084683057
1747.1648507345626,-32.02002237627614
1747.1648507345612,-29.942952353876816
1747.1648507345662,-14.886089447397651
1747.1648507345617,-10.114866152037893
1747.1648507345642,-13.636518459781716
1747.164850734567,-22.755994880830848
1747.1648507345658,-39.447928563768315
1747.1648507345642,-9.245625134950942
1747.1648507345658,-28.768401213022223
1747.164850734565,-45.873818267627605
1747.1648507345585,-18.358804885835838
1747.1648507345642,-20.814252385612267
1747.1648507345599,-10.56990567370781
1747.1648507345683,-39.21883894339035
1747.164850734567,-31.21257408079556
1747.164850734567,-22.24512189813691
1747.1648507345594,-19.873312916957225
1747.1648507345674,-35.17588842230672
1747.1648507345626,-11.617383547422763
1747.1648507345658,-17.218976814471183
1747.164850734568,-18.282194082333554
1747.1648507345617,-27.567129616323445
1747.1648507345599,-75.47438120240241
1747.1648507345649,-35.93021896471703
1747.1648507345624,-26.086746261764816
1747.1648507345637,-45.226354265341904
1747.1648507345635,-26.157324269949143
1747.1648507345649,-17.867905768576748
1747.1648507345592,-25.160788734230483
1747.164850734569,-18.957815054817083
1747.1648507345642,-23.419524767120514
1747.1648507345656,-16.33203873098278
1747.164850734568,-14.112403257924786
1747.1648507345637,-39.96925339322826
1747.1648507345617,-20.547329696890078
1747.164850734561,-18.237038065470255
1747.1648507345667,-23.789001023403785
1747.1648507345642,-17.333254146131367
1747.1648507345599,-19.212092725538223
1747.1648507345637,-25.33384681022363
1747.164850734562,-29.271474247976343
1747.1648507345706,-26.94739967412701
1747.1648507345662,-23.195665423270015
1747.164850734565,-18.73318200932395
1747.164850734563,-24.998368141684825
1747.1648507345637,-13.437592649650924
1747.164850734567,-20.221961679044437
1747.1648507345594,-11.917497504130123
1747.1648507345637,-21.039035315727457
1747.1648507345642,-13.747723541933238
1747.1648507345642,-39.341145207178315
1747.1648507345617,-22.149548664158953
1747.164850734565,-46.87260403134075
1747.1648507345656,-10.241601131373477
1747.164850734562,-26.046791161613527
1747.164850734567,-15.682422799119239
1747.1648507345649,-28.099142924312755
1747.1648507345656,-37.46892110269596
1747.164850734562,-16.409150260529458
1747.1648507345658,-18.530871517827777
1747.1648507345626,-17.55162271251585
1747.1648507345656,-27.833071978517644
1747.164850734567,-15.538275884278354
1747.1648507345667,-21.495403014029538
1747.1648507345662,-37.66006288075027
1747.1648507345592,-16.38126760811614
1747.1648507345635,-21.414901010560712
1747.164850734563,-15.95483050095598
1747.1648507345649,-13.244335795639028
1747.1648507345708,-16.409472109012043
1747.1648507345624,-12.342253139814805
1747.164850734561,-24.549714564298515
1747.1648507345635,-20.232185292766378
1747.1648507345676,-22.035754647519944
1747.1648507345642,-40.70083909810092
1747.164850734567,-32.32925478537475
1747.164850734561,-23.346325969827873
1747.1648507345694,-16.514544258948018
1747.1648507345626,-13.610104962964096
1747.1648507345662,-22.8994954094374
1747.1648507345617,-16.70387518617102
1747.1648507345624,-14.673923686071188
1747.1648507345658,-20.494813078699927
1747.1648507345635,-30.288219409191306
1747.1648507345637,-31.170012667873475
1747.164850734569,-12.332604339484599
1747.1648507345683,-31.5777970458842
1747.1648507345674,-15.811573830405157
1747.1648507345617,-17.622911200367827
1747.1648507345626,-28.15902368583179
1747.1648507345599,-16.88494324863082
1747.1648507345612,-12.223406603662278
1747.1648507345642,-20.845510045224856
1747.1648507345658,-10.539281658575272
1747.1648507345642,-20.031646134109344
1747.1648507345624,-12.062219264622277
1747.1648507345683,-24.468591792516158
1747.1648507345626,-18.075841875081935
1747.1648507345637,-22.6445495621656
1747.1648507345658,-22.888405188411653
1747.1648507345626,-16.673527970205264
1747.164850734569,-25.054533035607545
1747.1648507345683,-14.799542481911935
1747.1648507345606,-15.5115052710049
1747.1648507345635,-27.35637349491048
1747.1648507345635,-44.376386463679935
1747.164850734567,-12.690408492864453
1747.164850734562,-27.51821701550548
1747.1648507345624,-24.958220287512457
1747.1648507345683,-14.389174902517052
1747.1648507345599,-28.310034629721326
1747.1648507345635,-42.4816882342739
1747.164850734569,-17.245069323443076
1747.164850734565,-10.035559774340758
1747.1648507345637,-36.452703839979534
1747.1648507345662,-26.639061117610787
1747.16485073457,-16.02153417677762
1747.1648507345667,-16.56794013702848
1747.1648507345592,-16.870083903437134
1747.1648507345635,-16.90608546862087
1747.1648507345683,-22.169188525783824
1747.164850734563,-38.17839543056027
1747.1648507345674,-15.874905518350992
1747.1648507345637,-22.997065359762008
1747.1648507345649,-33.02166542551434
1747.164850734561,-32.23135097451104
1747.1648507345667,-15.526267643748689
1747.164850734568,-13.690797908583757
1747.164850734562,-26.051867999986406
1747.16485073456,-23.60488544690558
1747.1648507345592,-14.639166949950209
1747.1648507345667,-39.57647763113141
1747.1648507345617,-25.251987204579446
1747.1648507345599,-26.676859117635626
1747.1648507345642,-20.701078787187512
1747.1648507345712,-26.142385970056093
1747.164850734563,-41.913112103735735
1747.1648507345606,-20.24371901750359
1747.1648507345662,-19.8559811735851
1747.164850734562,-28.7295498718887
1747.1648507345658,-56.77857913462638
1747.1648507345667,-20.748287272733954
1747.1648507345617,-18.60320166787124
1747.1648507345642,-9.173461037433569
1747.1648507345667,-11.958841243794941
1747.164850734565,-33.47794669632271
1747.164850734561,-17.326769234716526
1747.164850734562,-19.504209298587792
1747.1648507345594,-25.8675121268306
1747.1648507345612,-25.749427360414824
1747.1648507345637,-16.9549143177624
1747.1648507345662,-47.354956012036595
1747.1648507345637,-14.886562130381945
1747.1648507345667,-20.39233332748293
1747.1648507345587,-22.309660576694537
1747.16485073456,-8.239783399715334
1747.1648507345642,-49.27529794384768
1747.1648507345694,-36.37556698593865
1747.1648507345637,-24.503209101080138
1747.1648507345635,-29.587616955026157
1747.1648507345624,-25.636443116384577
1747.164850734568,-15.62943819934425
1747.164850734563,-22.659909996065288
1747.1648507345637,-12.876116472303089
1747.164850734569,-11.462201502530466
1747.1648507345637,-13.749629562728455
1747.1648507345662,-11.159521581131218
1747.1648507345642,-17.734200498675722
1747.1648507345658,-18.886252034695232
1747.1648507345626,-10.696018265332647
1747.1648507345694,-24.48948371140864
1747.1648507345683,-13.600087474314856
1747.1648507345612,-16.61152468049917
1747.1648507345687,-38.455970515570385
1747.1648507345676,-21.19061645825675
1747.1648507345656,-23.10699190894912
1747.1648507345626,-19.640048358555607
1747.1648507345658,-14.383022135004571
1747.164850734568,-22.213804976762
1747.1648507345674,-11.32636525324128
1747.1648507345706,-13.042953942510396
1747.164850734563,-39.06002672446393
1747.1648507345687,-17.66029746414164
1747.1648507345606,-17.848499202358038
1747.1648507345637,-18.79199860151263
1747.1648507345706,-10.665328848707075
1747.1648507345656,-18.92457391459847
1747.1648507345624,-30.709573035915778
1747.1648507345674,-37.78754067556962
1747.164850734562,-16.74560458620483
1747.1648507345585,-30.686358681403053
1747.1648507345656,-33.555003041346666
1747.164850734567,-10.698173556067637
1747.164850734573,-13.320434257498365
1747.164850734562,-19.271834560559803
1747.164850734562,-20.43959418920311
1747.164850734565,-16.741500866472602
1747.1648507345712,-19.24466706530091
1747.16485073457,-13.084333943790446
1747.164850734562,-31.16825605388068
1747.164850734565,-15.051434372097669
1747.164850734565,-15.916133757688758
1747.1648507345649,-17.82140273569105
1747.16485073457,-12.066353698023152
1747.164850734565,-17.581131348462637
1747.1648507345637,-13.031921423287443
1747.1648507345617,-15.540631368203778
1747.1648507345637,-10.016122694537987
1747.1648507345706,-23.598209319396066
1747.1648507345599,-27.02963856092752
1747.1648507345612,-32.07733963030706
1747.1648507345642,-21.210535586812792
1747.164850734561,-36.79882422841107
1747.1648507345649,-20.03672815061521
1747.1648507345635,-18.856651690932274
1747.1648507345699,-24.424008089793226
1747.1648507345635,-19.07630251292446
1747.164850734558,-31.52331934568014
1747.1648507345635,-20.513156809804396
1747.1648507345649,-23.06794365635104
1747.1648507345637,-26.482402705165768
1747.1648507345637,-14.012272071546878
1747.1648507345635,-17.300098260748758
1747.164850734565,-20.750531968472426
1747.1648507345637,-13.891100994250749
1747.1648507345592,-23.43456127345202
1747.1648507345674,-26.077450315457178
1747.1648507345612,-29.4288497819732
1747.1648507345617,-15.600009745156923
1747.1648507345687,-24.637001733566876
1747.1648507345637,-24.290082123868906
1747.1648507345594,-21.24687038621966
1747.164850734561,-20.100160614593904
1747.1648507345656,-28.114781592162775
1747.1648507345624,-10.103774107715523
1747.1648507345649,-22.504619450597936
1747.1648507345594,-46.11391696139886
1747.1648507345676,-16.065600003319474
1747.1648507345656,-16.30365957612949
1747.1648507345592,-26.46381689608756
1747.164850734562,-17.58066473182343
1747.164850734565,-15.077639140315224
1747.1648507345667,-17.953116128779698
1747.1648507345606,-17.016285171528857
1747.164850734565,-21.99011424847452
1747.1648507345662,-15.939673527798744
1747.1648507345624,-18.56102848072246
1747.1648507345642,-22.613525060564452
1747.1648507345642,-23.252312593856995
1747.1648507345662,-13.072792906613328
1747.1648507345612,-20.40858083786576
1747.1648507345637,-9.580191636360437
1747.1648507345642,-24.217169346576515
1747.164850734568,-19.50655520183596
1747.16485073456,-18.851271870209185
1747.1648507345662,-27.858770811372942
1747.164850734565,-15.69694794792956
1747.1648507345656,-21.986565098139575
1747.1648507345606,-10.134135339709712
1747.164850734569,-25.920588288574812
1747.164850734563,-29.415023047771623
1747.164850734562,-45.37237915116166
1747.1648507345612,-11.90123089833064
1747.164850734568,-25.931716084735136
1747.1648507345626,-18.88273422972457
1747.1648507345676,-24.04373497786823
1747.16485073456,-30.478337856761506
1747.1648507345676,-10.005481634539512
1747.1648507345649,-18.100289670818356
1747.164850734563,-17.101175441844006
1747.1648507345587,-21.145080059145876
1747.164850734561,-23.239154154432136
1747.1648507345624,-12.029222359472822
1747.164850734565,-22.963790885325334
1747.1648507345708,-12.746384665133201
1747.164850734565,-23.506157194003894
1747.1648507345667,-15.43732939649684
1747.1648507345649,-22.821851918151953
1747.1648507345658,-25.53720576728274
1747.164850734562,-26.40522509292673
1747.164850734567,-64.36204885454305
1747.1648507345649,-19.898028040988105
1747.1648507345676,-9.268755595231656
1747.1648507345656,-10.471804609107304
1747.164850734557,-41.06484081114785
1747.1648507345683,-17.03778296459458
1747.164850734563,-25.63532662830817
1747.1648507345726,-39.28889834069717
1747.1648507345667,-25.35404239523992
1747.164850734565,-27.14649338996698
1747.164850734563,-20.13950169470224
1747.16485073456,-30.480829069875444
1747.1648507345667,-14.946491271104598
1747.164850734563,-14.616694159655234
1747.1648507345626,-21.829315849488793
1747.16485073456,-12.637938214871621
1747.1648507345694,-13.216316566568825
1747.1648507345617,-13.65399448704041
1747.1648507345617,-18.2825474563423
1747.1648507345635,-10.418393456656498
1747.164850734568,-14.80742122363089
1747.1648507345649,-38.71790294389705
1747.1648507345626,-21.863207498802588
1747.164850734563,-25.052865041067644
1747.1648507345576,-38.301032194412585
1747.1648507345656,-14.454208119207088
1747.1648507345624,-18.58874535350839
1747.1648507345626,-13.528961183253715
1747.1648507345674,-18.20834960744142
1747.1648507345667,-21.06866268708537
1747.1648507345617,-23.60720532258469
1747.1648507345635,-17.686257404627696
1747.1648507345562,-17.333133044403016
1747.164850734562,-23.31460849991209
1747.164850734567,-16.00380412289894
1747.1648507345667,-9.14145572180944
1747.1648507345676,-19.28419984004368
1747.1648507345635,-31.47270440682437
1747.164850734562,-21.693267115141442
1747.164850734567,-15.865528200733687
1747.1648507345635,-16.03235985401911
1747.1648507345592,-16.113816213975642
1747.1648507345626,-21.374835071788546
1747.1648507345662,-25.957866111871468
1747.164850734568,-38.31207404668771
1747.1648507345599,-17.65176604123455
1747.1648507345667,-9.674570324736802
1747.164850734563,-21.478838907262954
1747.1648507345624,-19.02798215139008
1747.1648507345687,-19.48189247177037
1747.164850734562,-20.23470814783408
1747.164850734565,-28.34707876052116
1747.1648507345699,-28.265936723525385
1747.1648507345642,-15.26130037985023
1747.1648507345617,-20.067523993058188
1747.1648507345599,-50.84453594065366
1747.1648507345635,-18.61527313071911
1747.164850734565,-20.719337174979636
1747.1648507345708,-22.926000613654885
1747.1648507345617,-21.83397770753491
1747.1648507345626,-14.86267926684616
1747.1648507345592,-12.780630443525954
1747.1648507345649,-16.363287302655532
1747.1648507345599,-16.762108074377323
1747.1648507345649,-19.612897820143836
1747.1648507345612,-52.956539092463004
1747.1648507345667,-40.12209570545542
1747.164850734567,-34.45346346382465
1747.1648507345599,-18.593207626866224
1747.1648507345612,-75.01258141040479
1747.1648507345637,-31.056116527637478
1747.164850734563,-28.59702037915845
1747.1648507345624,-19.177818157370602
1747.164850734565,-13.049682949191094
1747.1648507345635,-22.000947728401073
1747.1648507345715,-35.61624623439207
1747.1648507345676,-15.271055458628274
1747.1648507345642,-50.030463837173976
1747.1648507345617,-40.97578382661028
1747.1648507345656,-23.373662673485608
1747.1648507345656,-15.267586477857758
1747.1648507345649,-31.17659110066329
1747.1648507345674,-22.670980532568958
1747.1648507345676,-22.285298508696872
1747.1648507345624,-24.022996709761905
1747.1648507345637,-21.593449166907487
1747.1648507345637,-17.46147347601747
1747.1648507345637,-31.497064724139218
1747.1648507345624,-17.98547819420233
1747.1648507345658,-63.105563189339975
1747.1648507345587,-39.32680031265186
1747.164850734568,-40.269273142489645
1747.1648507345667,-13.015783463613579
1747.1648507345626,-24.41120922357684
1747.1648507345617,-44.15151988746917
1747.164850734563,-37.63997441462743
1747.1648507345585,-10.651903067215267
1747.1648507345667,-46.82389283140115
1747.164850734563,-15.096258013978817
1747.1648507345587,-20.825359046272453
1747.1648507345667,-28.632773966876996
1747.1648507345617,-50.56027792332857
1747.1648507345626,-12.133278881957352
1747.1648507345635,-44.108302959783465
1747.1648507345662,-16.45375180314713
1747.1648507345637,-13.352874202845058
1747.1648507345624,-10.427393927852552
1747.1648507345676,-22.229389771387428
1747.1648507345624,-28.982286027838143
1747.164850734567,-31.347827365247422
1747.164850734561,-34.11830033747766
1747.1648507345606,-24.14918396306994
1747.1648507345683,-18.720284271114494
1747.164850734569,-31.717923374884414
1747.1648507345624,-18.172503240098305
1747.164850734561,-16.948377369025692
1747.164850734565,-12.711267592274062
1747.1648507345635,-14.956457541105324
1747.16485073456,-24.3388226531936
1747.164850734568,-13.343299429277087
1747.1648507345624,-32.773398263260475
1747.1648507345687,-30.550649635338722
1747.1648507345574,-21.258489681138464
1747.1648507345706,-15.297554634266175
1747.164850734569,-17.701041669844074
1747.16485073457,-19.741884864599662
1747.1648507345667,-22.05261971492865
1747.1648507345667,-67.15679268995233
1747.1648507345592,-31.6175353378448
1747.164850734561,-17.61397672211699
1747.1648507345656,-18.60982057469119
1747.1648507345656,-44.17949292401162
1747.1648507345626,-24.83649457388828
1747.1648507345683,-55.26112996105608
1747.1648507345667,-28.868205063558687
1747.1648507345712,-23.36567320692388
1747.164850734567,-16.039420070546434
1747.164850734563,-18.742732899995467
1747.1648507345574,-15.297308424143882
1747.1648507345637,-16.49691182007827
1747.164850734561,-80.94398110908703
1747.1648507345635,-23.680750780025626
1747.1648507345656,-23.51171865399587
1747.1648507345612,-27.659457485721106
1747.1648507345694,-9.1830392797858
1747.1648507345626,-53.17535376094755
1747.1648507345617,-22.946649392037486
1747.1648507345642,-13.757619900586743
1747.1648507345662,-18.220246474698527
1747.164850734565,-25.93047970370207
1747.1648507345649,-26.51564827298487
1747.164850734563,-26.92331610003467
1747.1648507345612,-20.18525511708399
1747.1648507345687,-19.35835206917171
1747.1648507345676,-38.156278168921894
1747.1648507345662,-15.303375392635543
1747.1648507345667,-25.470223725866965
1747.1648507345658,-20.69615885985348
1747.1648507345658,-19.688404840389893
1747.164850734567,-36.425964848505096
1747.1648507345662,-25.6873128651046
1747.164850734556,-13.221059426929365
1747.164850734567,-21.98125601797915
1747.1648507345612,-16.5680345323544
1747.1648507345626,-27.44826800254631
1747.1648507345594,-17.828628395450828
1747.164850734561,-15.827597295556245
1747.1648507345694,-19.816011885375463
1747.1648507345592,-26.473815397063344
1747.1648507345674,-63.852339502750525
1747.1648507345587,-30.50178357305705
1747.1648507345635,-13.305892938289363
1747.1648507345637,-30.414759456461542
1747.1648507345624,-24.970527495699947
1747.1648507345683,-25.46011016902949
1747.1648507345649,-17.261832601656614
1747.164850734561,-26.956501513614313
1747.164850734567,-17.10320750737104
1747.164850734567,-20.671725305904587
1747.1648507345694,-11.30446023138471
1747.1648507345658,-12.800720527719392
1747.164850734567,-17.72722038952284
1747.164850734567,-13.35868652236446
1747.164850734562,-21.306821209668282
1747.1648507345706,-18.275845471194447
1747.1648507345649,-18.791795314298206
1747.1648507345676,-19.45233937587982
1747.1648507345674,-13.700941399342442
1747.1648507345617,-15.929793611276413
1747.1648507345674,-19.517896516844065
1747.164850734568,-21.954544951105802
1747.1648507345626,-13.474193208510757
1747.1648507345658,-42.84784983669803
1747.1648507345658,-39.065712816286215
1747.164850734565,-30.026204576933445
1747.1648507345662,-22.18199326949938
1747.1648507345642,-36.02922657509844
1747.164850734565,-25.13355071157503
1747.1648507345617,-28.978100745427305
1747.1648507345715,-13.939919313435478
1747.16485073456,-17.544477027191974
1747.1648507345667,-12.918072604168648
1747.1648507345624,-29.73980997436227
1747.164850734565,-14.408162052097346
1747.1648507345658,-29.07490717838884
1747.1648507345649,-42.4626022543451
1747.1648507345635,-19.605691231270146
1747.1648507345599,-26.445707004350517
1747.1648507345624,-31.942523100467156
1747.164850734563,-25.12380770782715
1747.1648507345658,-14.699946575561896
1747.164850734565,-20.966238091646588
1747.164850734567,-23.611624425699038
1747.1648507345683,-25.94238269540127
1747.1648507345626,-24.946908024268602
1747.1648507345656,-13.066203933975437
1747.1648507345587,-36.11903579963517
1747.1648507345656,-16.45789705140695
1747.1648507345574,-22.701018575605996
1747.164850734562,-15.940813507626956
1747.1648507345637,-18.781895732737176
1747.164850734565,-21.32747936353149
1747.1648507345585,-19.426764908294516
1747.1648507345667,-25.620409701401897
1747.1648507345624,-26.31930645185301
1747.1648507345626,-18.589566243857856
1747.164850734563,-24.164470852091995
1747.1648507345576,-16.454990103012257
1747.1648507345635,-12.104387644702658
1747.164850734567,-32.35880506326471
1747.1648507345612,-12.26849572657464
1747.164850734565,-20.020919890861574
1747.164850734562,-25.963501455592553
1747.1648507345676,-11.360911476562771
1747.164850734565,-15.403567740409638
1747.164850734567,-18.785399983771867
1747.164850734563,-9.807670139542944
1747.1648507345676,-19.34937870817734
1747.1648507345617,-34.8513076503263
1747.1648507345656,-27.534225270921247
1747.1648507345635,-50.57940109581119
1747.1648507345635,-25.149012768381468
1747.1648507345606,-41.39914228979285
1747.1648507345612,-22.020090432686285
1747.1648507345658,-20.210490782817946
1747.1648507345674,-17.512172405545805
1747.1648507345667,-19.02940190935772
1747.164850734567,-22.39891797201442
1747.164850734561,-26.79255764277778
1747.1648507345694,-25.486536748476922
1747.1648507345637,-30.36562520662282
1747.1648507345617,-22.934840295550334
1747.1648507345624,-35.284239590435035
1747.164850734565,-14.86247981692622
1747.1648507345674,-15.703210528268444
1747.164850734562,-20.10266864440635
1747.164850734558,-31.958113803271043
1747.164850734563,-23.145529379263206
1747.1648507345656,-17.909637848148723
1747.164850734565,-20.691562181363075
1747.1648507345626,-52.178113357323355
1747.1648507345612,-27.458882728105905
1747.1648507345617,-20.21619390232742
1747.164850734568,-29.94692703837105
1747.1648507345662,-16.091292027422064
1747.1648507345617,-18.25370862022528
1747.1648507345637,-24.726482673290988
1747.1648507345635,-25.05723579106951
1747.1648507345687,-28.542236957693827
1747.164850734565,-14.375046014754963
1747.16485073456,-14.83023320699961
1747.1648507345637,-19.918337434729878
1747.1648507345642,-20.94337551816686
1747.1648507345674,-23.841876271909797
1747.1648507345676,-12.329112910848282
1747.1648507345699,-14.842680134339403
1747.1648507345674,-22.718883066955375
1747.1648507345649,-18.907946373680034
1747.1648507345667,-20.10174152332393
1747.164850734565,-16.909458939913648
1747.1648507345606,-19.18677000493621
1747.1648507345694,-32.193546221846916
1747.1648507345667,-31.644618065093443
1747.1648507345649,-29.629960393591396
1747.1648507345662,-23.360797434318382
1747.1648507345624,-14.6122093421287
1747.1648507345617,-15.474020240645753
1747.164850734568,-16.648131556293606
1747.1648507345642,-20.381698474445603
1747.1648507345635,-25.563859698709614
1747.164850734565,-16.36590660953599
1747.1648507345649,-16.801404402247954
1747.1648507345674,-44.435082212968155
1747.164850734562,-19.434450680346387
1747.164850734563,-14.34007216908165
1747.164850734562,-25.79309546240256
1747.1648507345637,-38.905678722433414
1747.164850734568,-27.570703239135657
1747.1648507345642,-20.325760710853068
1747.164850734568,-11.131631241567245
1747.1648507345642,-27.85612347050338
1747.164850734561,-25.857929995404106
1747.164850734565,-27.872193535590966
1747.1648507345708,-21.87047913520822
1747.1648507345626,-25.042075010933633
1747.1648507345694,-33.652319985943976
1747.1648507345687,-56.621430715112375
1747.1648507345683,-15.002250942311479
1747.1648507345624,-12.34856848618942
1747.1648507345642,-52.31380386367089
1747.1648507345649,-28.072379267044166
1747.164850734569,-26.399652623960808
1747.164850734562,-22.463479709909628
1747.164850734563,-28.53379431583584
1747.1648507345635,-17.1257460422567
1747.1648507345708,-27.047878607604602
1747.1648507345658,-21.948217559664077
1747.1648507345617,-29.781930818884867
1747.1648507345642,-18.555607388972913
1747.1648507345726,-26.173985339020494
1747.1648507345626,-14.715746315628126
1747.1648507345667,-27.631506850080438
1747.1648507345674,-35.60137308988077
1747.1648507345637,-15.559973719758052
1747.1648507345635,-16.16717099141902
1747.164850734561,-26.071530288107645
1747.1648507345617,-9.266933348775535
1747.1648507345606,-31.540370939449
1747.164850734561,-16.435333033827085
1747.1648507345683,-24.601497663909665
1747.1648507345662,-30.946091318728687
1747.1648507345674,-24.29581129154426
1747.164850734568,-18.60750536540931
1747.1648507345656,-14.77580536256814
1747.1648507345626,-17.501260951606515
1747.1648507345637,-20.045373863729
1747.1648507345726,-19.495259684961873
1747.1648507345656,-23.4154447791873
1747.1648507345649,-19.296421003530792
1747.1648507345674,-16.42904986487419
1747.1648507345576,-31.8916361350344
1747.164850734567,-32.354226687271925
1747.1648507345667,-13.723854443084257
1747.1648507345637,-23.62530281996569
1747.164850734567,-37.282682220362226
1747.16485073456,-20.19015067167534
1747.1648507345658,-17.08494332221175
1747.164850734567,-33.05063286979679
1747.1648507345642,-40.19538042880606
1747.1648507345637,-48.131045337964395
1747.164850734568,-24.988178799106493
1747.1648507345662,-12.396283010662302
1747.164850734563,-10.145801856596568
1747.1648507345637,-30.71500255763164
1747.1648507345594,-14.295596626640863
1747.1648507345658,-22.061210996468255
1747.1648507345706,-33.422384637428046
1747.1648507345667,-14.601712213354032
1747.164850734561,-22.453247500719613
1747.164850734567,-22.143074483378967
1747.1648507345662,-30.712519252692864
1747.1648507345649,-16.549030390621827
1747.164850734562,-11.8045019810698
1747.1648507345612,-22.730442917522225
1747.1648507345594,-21.87327449299328
1747.1648507345649,-18.250483672513194
1747.1648507345715,-12.963706256380672
1747.1648507345612,-17.92462815200895
1747.164850734558,-16.633194444358892
1747.1648507345642,-27.732178047379204
1747.1648507345676,-16.47484769473752
1747.1648507345562,-15.402610780231802
1747.1648507345676,-51.906578516398284
1747.164850734568,-11.057203602579627
1747.1648507345649,-25.65435519215371
1747.164850734562,-20.835127322964937
1747.1648507345617,-15.918314178733814
1747.1648507345656,-20.408786290933058
1747.1648507345656,-18.33423993833193
1747.1648507345576,-22.940084533902347
1747.1648507345612,-19.986305417271286
1747.1648507345649,-36.58388008115053
1747.1648507345617,-31.574285238022682
1747.1648507345574,-30.42204213636102
1747.164850734567,-15.096556265301512
1747.1648507345574,-31.52178390992633
1747.1648507345626,-13.533717581825899
1747.1648507345667,-15.37222574651862
1747.1648507345667,-36.39881653055493
1747.164850734565,-34.29426204428226
1747.1648507345649,-10.770027960714511
1747.1648507345658,-11.357853553743626
1747.1648507345656,-13.908940151699076
1747.1648507345658,-24.374869375487645
1747.1648507345635,-37.990746927894016
1747.1648507345649,-24.95064587248943
1747.1648507345617,-22.987642453532995
1747.164850734567,-36.56209536947803
1747.1648507345658,-17.483736704174945
1747.164850734561,-26.202613794430913
1747.164850734562,-32.994393370683845
1747.164850734562,-35.48206606747341
1747.1648507345694,-24.821569044726363
1747.1648507345624,-31.270678418355224
1747.164850734563,-18.25285350748929
1747.1648507345592,-16.478907209398592
1747.1648507345656,-13.468352922488949
1747.16485073456,-18.400285551389306
1747.1648507345606,-13.427018689719544
1747.16485073456,-18.226232065786817
1747.1648507345658,-18.04114435850993
1747.1648507345626,-21.782875509278675
1747.1648507345642,-44.70801845853447
1747.1648507345667,-10.990565311815976
1747.164850734567,-24.718145962175996
1747.1648507345667,-19.265378979058028
1747.1648507345576,-21.49904324421629
1747.1648507345706,-60.44486433727588
1747.164850734565,-30.022609195861925
1747.1648507345642,-24.074696707789585
1747.1648507345642,-49.23714475675805
1747.1648507345612,-31.722195934594538
1747.1648507345624,-14.322810315284135
1747.1648507345662,-15.054068336567456
1747.1648507345642,-14.873989976922605
1747.1648507345574,-19.290193676490198
1747.1648507345662,-23.229312455408962
1747.1648507345699,-24.037601112865666
1747.1648507345637,-32.659531144300914
1747.1648507345649,-20.5971464650926
1747.1648507345612,-49.274702854030366
1747.1648507345656,-21.090623338517588
1747.1648507345606,-41.91636051174728
1747.1648507345599,-19.18191138304639
1747.164850734568,-27.414218949678837
1747.1648507345649,-15.96743950884354
1747.1648507345612,-17.04990353491666
1747.1648507345658,-39.17631760594991
1747.1648507345626,-18.62275895092227
1747.1648507345687,-20.56742834185256
1747.164850734558,-15.792248392780387
1747.1648507345624,-35.60002422422394
1747.164850734567,-15.070557993258
1747.1648507345624,-11.675456449493762
1747.1648507345599,-14.21948371417147
1747.164850734569,-33.77234683180876
1747.1648507345642,-12.036357399355593
1747.1648507345574,-12.593154682331878
1747.164850734561,-21.875535689737934
1747.1648507345662,-30.999527244597147
1747.1648507345667,-22.865118391616782
1747.164850734568,-25.645986774951414
1747.1648507345656,-26.701187639228742
1747.1648507345637,-11.601674705499832
1747.1648507345594,-18.9197441858674
1747.1648507345662,-28.262382554337545
1747.1648507345637,-18.095134727787222
1747.1648507345649,-23.57564650351822
1747.1648507345662,-18.710209295629266
1747.1648507345683,-15.871988214435936
1747.164850734565,-23.25307556981712
1747.1648507345662,-12.142215692536126
1747.164850734565,-18.05946410254516
1747.1648507345642,-19.157012765937804
1747.1648507345649,-25.703952928783657
1747.1648507345662,-23.88940598627448
1747.1648507345642,-30.995163374286733
1747.164850734567,-37.64197453684834
1747.1648507345642,-37.1407076943711
1747.164850734561,-22.36712514768041
1747.164850734563,-26.42934162018481
1747.1648507345656,-16.683535990783703
1747.1648507345617,-24.957558942480574
1747.1648507345599,-16.23850742066732
1747.1648507345585,-16.94916384574689
1747.164850734563,-11.89860997649904
1747.1648507345694,-15.825170702389595
1747.1648507345694,-16.637073998885178
1747.164850734565,-30.183155739322487
1747.164850734563,-27.194069875235744
1747.1648507345656,-28.66035935539935
1747.1648507345662,-24.675714022898894
1747.164850734556,-22.9900570491746
1747.1648507345637,-16.936236322323285
1747.16485073456,-45.35618280031129
1747.1648507345667,-20.600853545412573
1747.1648507345656,-15.212337084283206
1747.164850734565,-16.440194666611998
1747.1648507345674,-17.075937689510283
1747.1648507345617,-26.789872099834515
1747.1648507345662,-23.653457207800834
1747.1648507345606,-14.762780940689305
1747.1648507345649,-15.235464912579442
1747.1648507345635,-36.536536467737385
1747.1648507345699,-25.301187510604134
1747.1648507345649,-46.671581258287034
1747.1648507345637,-11.580071703623727
1747.164850734567,-16.425599128615957
1747.1648507345594,-30.58165528435196
1747.1648507345635,-30.6323519608992
1747.164850734567,-32.7819623072403
1747.1648507345667,-15.687517312257853
1747.1648507345662,-45.22474637623755
1747.1648507345674,-28.5200123575607
1747.1648507345658,-23.09819296199264
1747.164850734563,-14.025559835801538
1747.164850734567,-10.179519943914418
1747.1648507345617,-16.657784625680012
1747.1648507345635,-17.03351450373212
1747.1648507345624,-15.799198465556236
1747.164850734567,-21.56951413324259
1747.164850734563,-23.074824015636814
1747.1648507345585,-27.338643360673593
1747.1648507345642,-22.152978825206947
1747.1648507345626,-21.841480863314697
1747.1648507345617,-12.565199719489408
1747.164850734569,-36.24180967185425
1747.1648507345576,-20.317573766524184
1747.1648507345617,-20.515694764499894
1747.164850734565,-15.948183939112281
1747.164850734567,-37.37051027801033
1747.164850734562,-25.429293813309833
1747.16485073456,-18.278998581090494
1747.1648507345606,-27.7011674509201
1747.1648507345656,-15.424995396789301
1747.1648507345626,-24.97110010470186
1747.1648507345649,-34.10697802291282
1747.1648507345637,-27.92601536118996
1747.1648507345637,-35.259133351201356
1747.1648507345694,-10.292004263441584
1747.1648507345612,-15.44066258040775
1747.1648507345649,-23.077263896959444
1747.1648507345626,-17.861229467549254
1747.164850734563,-18.596883250039408
1747.1648507345624,-21.785002629796832
1747.1648507345637,-41.041884558807936
1747.1648507345706,-23.03914646720334
1747.1648507345674,-14.73179324008883
1747.1648507345606,-17.43589635587439
1747.1648507345642,-19.361578839082018
1747.1648507345642,-15.88439520921171
1747.1648507345683,-22.04701159249182
1747.1648507345656,-24.24677376675627
1747.1648507345708,-50.04280760508338
1747.164850734563,-18.08534369287087
1747.1648507345642,-17.56671049805408
1747.1648507345687,-44.4132384613089
1747.164850734565,-11.435262246365866
1747.1648507345642,-30.31760077678667
1747.164850734563,-12.226107502774102
1747.1648507345617,-12.111697923492175
1747.164850734562,-21.64024915952373
1747.1648507345667,-28.69042935733537
1747.1648507345624,-19.19977543898963
1747.1648507345649,-21.08052616421273
1747.1648507345606,-15.641397627247745
1747.1648507345674,-20.087250642098343
1747.1648507345683,-16.862855180932716
1747.164850734567,-12.878329455083845
1747.164850734568,-23.71708281967137
1747.1648507345612,-32.78784229054148
1747.1648507345649,-16.858579341387482
1747.1648507345683,-24.308302990074722
1747.1648507345544,-20.083058425994988
1747.164850734561,-23.57176265142186
1747.1648507345662,-26.437245806445713
1747.1648507345606,-72.99949489901681
1747.1648507345658,-20.743112941154354
1747.164850734561,-15.626142625793843
1747.1648507345683,-24.861651844702607
1747.1648507345667,-31.50925075159442
1747.1648507345662,-46.74722196536087
1747.1648507345649,-14.207260161314483
1747.164850734569,-9.985887659306691
1747.164850734563,-14.3780306699713
1747.164850734561,-22.242818643045453
1747.1648507345658,-15.28825910996883
1747.164850734558,-14.798536389618903
1747.1648507345617,-24.8684280005285
1747.164850734558,-16.45598296594039
1747.1648507345626,-13.161832871392395
1747.1648507345612,-20.042865397881084
1747.1648507345658,-16.672099007422904
1747.1648507345649,-19.601381565497462
1747.164850734561,-23.867768080016035
1747.1648507345699,-15.428800190192046
1747.1648507345667,-22.504818675222722
1747.1648507345674,-8.227339678907075
1747.16485073456,-23.26336396164694
1747.1648507345617,-16.497282185139735
1747.1648507345635,-29.811703015919704
1747.1648507345649,-23.50089785060498
1747.1648507345635,-16.132248818798864
1747.1648507345649,-11.826916970240863
1747.1648507345642,-31.27054221127666
1747.1648507345612,-27.246604789749433
1747.164850734563,-31.653388285076982
1747.1648507345674,-17.008333317424196
1747.164850734561,-19.8521325915615
1747.1648507345637,-14.727795021053236
1747.1648507345699,-13.999902890037424
1747.1648507345626,-46.827179967483175
1747.164850734565,-24.68491021839686
1747.1648507345624,-25.511243241656967
1747.1648507345676,-32.713480021316364
1747.1648507345642,-16.088315653535005
1747.164850734565,-33.55900840182929
1747.1648507345612,-19.261622505763416
1747.1648507345649,-14.213093511729916
1747.1648507345606,-21.04558343828361
1747.1648507345617,-27.49184889083851
1747.16485073457,-20.01742353030547
1747.164850734565,-16.848784962227644
1747.164850734561,-11.783726041959083
1747.1648507345674,-20.350630311843975
1747.164850734568,-13.447165556740964
1747.164850734557,-31.046374266767295
1747.1648507345706,-17.173751772525478
1747.1648507345674,-21.24038709144787
1747.16485073456,-21.109453014807368
1747.164850734567,-57.06125422066567
1747.1648507345637,-34.3424920796003
1747.1648507345674,-20.7724622782819
1747.164850734573,-36.09574200657234
1747.164850734569,-29.347052416334996
1747.1648507345656,-15.706771605223773
1747.164850734565,-23.24175946836375
1747.1648507345585,-16.735440830882474
1747.164850734561,-12.305075563029428
1747.1648507345626,-28.62030741362769
1747.1648507345658,-10.029753011158999
1747.1648507345676,-17.132239919197943
1747.1648507345715,-19.87921418295402
1747.1648507345637,-26.434330427166557
1747.1648507345667,-13.220340661079682
1747.1648507345612,-12.502072845981047
1747.164850734563,-37.08384884320683
1747.164850734557,-13.475981137764059
1747.1648507345706,-34.93831585514336
1747.1648507345637,-19.3991579485602
1747.1648507345594,-22.50769792536565
1747.1648507345637,-28.512606644506523
1747.1648507345658,-31.874085476090343
1747.164850734567,-19.65210523013676
1747.1648507345599,-15.011911500940792
1747.1648507345656,-18.526364677017554
1747.1648507345626,-42.19785344189686
1747.1648507345649,-11.817173555171928
1747.1648507345649,-22.831199201435677
1747.1648507345649,-27.84108488688165
1747.164850734557,-30.704861433174063
1747.1648507345585,-28.99056085941627
1747.1648507345635,-18.75196185352321
1747.1648507345606,-14.32551390672305
1747.1648507345642,-36.32354073789642
1747.164850734568,-14.025010946944514
1747.1648507345635,-17.356355207306688
1747.1648507345687,-15.353316240240092
1747.1648507345537,-19.37936382534522
1747.164850734558,-34.05208445495613
1747.1648507345624,-31.147879781359038
1747.16485073457,-10.495282479026015
1747.1648507345699,-31.082387698672377
1747.1648507345606,-15.828482315325099
1747.1648507345585,-10.719472397378443
1747.1648507345606,-39.53560246299877
1747.1648507345637,-29.253033471792428
1747.1648507345617,-20.36739595540367
1747.1648507345674,-9.830556103836233
1747.1648507345612,-23.976195420454378
1747.1648507345674,-20.13232673991451
1747.1648507345683,-18.416598695665414
1747.1648507345617,-12.671627392831306
1747.1648507345662,-26.3408136291549
1747.1648507345637,-20.737075875819205
1747.164850734561,-39.290995468992996
1747.1648507345687,-21.25614406555974
1747.1648507345656,-26.847573928418345
1747.1648507345576,-16.090098013495055
1747.164850734562,-26.535405138785222
1747.1648507345649,-22.536248353854543
1747.164850734567,-11.094983061815793
1747.1648507345637,-27.05095098942322
1747.164850734567,-21.330356987164816
1747.164850734563,-22.18092959895127
1747.1648507345542,-14.535247404394337
1747.1648507345683,-12.78216839203479
1747.16485073457,-22.414671975708682
1747.1648507345658,-23.518023102448417
1747.1648507345606,-23.476028328749546
1747.1648507345662,-11.793167882251064
1747.1648507345642,-21.33600780339428
1747.1648507345606,-16.73914728835861
1747.1648507345667,-27.620942712550995
1747.1648507345626,-17.20652613420653
1747.1648507345626,-24.001930800266013
1747.1648507345658,-19.390220698790902
1747.1648507345649,-34.10251418657319
1747.1648507345649,-17.11106395841206
1747.1648507345624,-15.009472732037818
1747.1648507345599,-37.31308381519334
1747.1648507345635,-19.963782552846315
1747.1648507345612,-40.6781062380744
1747.164850734562,-19.608569553622644
1747.1648507345626,-26.484089847106134
1747.1648507345576,-37.451358749828564
1747.1648507345676,-19.811876811913244
1747.1648507345606,-53.055046802579085
1747.1648507345662,-12.24413357212111
1747.1648507345662,-21.574041179342434
1747.1648507345676,-27.185872416836652
1747.164850734565,-20.65499995416439
1747.1648507345592,-19.81405322380848
1747.1648507345626,-13.254800511820742
1747.1648507345649,-17.814437532928565
1747.1648507345617,-9.726420358141379
1747.1648507345649,-24.668742373139203
1747.1648507345635,-13.368696316421621
1747.164850734568,-24.944508766809285
1747.1648507345624,-15.174119682781395
1747.164850734563,-29.76266868230968
1747.1648507345624,-19.595542540490275
1747.1648507345642,-14.81770647374252
1747.164850734561,-34.05416614917304
1747.164850734561,-22.33811473927579
1747.1648507345585,-32.258394729174725
1747.1648507345606,-21.915211810613155
1747.164850734568,-20.367317446881447
1747.1648507345637,-21.705733816815634
1747.1648507345726,-14.3649041350103
1747.1648507345576,-11.705821671696036
1747.1648507345699,-15.095952286862524
1747.1648507345649,-12.260220128248257
1747.164850734567,-16.229270104835596
1747.1648507345674,-15.176616269675142
1747.1648507345635,-12.936166656332684
1747.1648507345737,-13.34162015208921
1747.1648507345667,-16.843534028915602
1747.1648507345612,-17.13050773922023
1747.1648507345606,-80.03746535201938
1747.1648507345642,-16.724994100600895
1747.1648507345694,-14.641454776730775
1747.1648507345637,-15.412273641380327
1747.1648507345694,-15.76957475797757
1747.164850734561,-23.793510621944147
1747.164850734565,-26.094637791633836
1747.164850734563,-18.536789083659052
1747.1648507345667,-26.385011867198333
1747.164850734563,-42.60674853113387
1747.164850734565,-22.89104264317482
1747.16485073457,-18.49577132464892
1747.16485073456,-24.64510034298263
1747.1648507345662,-34.77234989935164
1747.1648507345662,-28.242503237651373
1747.164850734561,-15.215266450988379
1747.1648507345606,-14.31155945549721
1747.1648507345674,-17.45623016141924
1747.16485073456,-22.168527675551964
1747.164850734565,-12.092282013780144
1747.1648507345637,-27.072443276459335
1747.1648507345667,-36.51165090521243
1747.164850734565,-36.10307927111503
1747.1648507345662,-18.44420823483248
1747.164850734569,-13.267456646308423
1747.1648507345624,-16.247647301259764
1747.1648507345624,-50.32714892852772
1747.1648507345649,-19.607809539504647
1747.16485073457,-13.3471350148627
1747.164850734563,-31.288569331308345
1747.1648507345606,-12.86557120994548
1747.1648507345683,-22.598955619014088
1747.1648507345626,-19.861921610988986
1747.164850734565,-35.80033709752071
1747.1648507345662,-17.920778175099883
1747.164850734565,-38.386724351805206
1747.1648507345667,-20.841757900129736
1747.1648507345617,-13.258263513201635
1747.1648507345624,-58.59786150238799
1747.1648507345649,-25.32339789129369
1747.1648507345592,-8.952766007896905
1747.1648507345708,-18.34040821284987
1747.1648507345642,-14.57911512058973
1747.1648507345699,-31.044976887046154
1747.1648507345687,-29.43197255648987
1747.1648507345649,-21.20874645419747
1747.16485073457,-20.310160020659517
1747.1648507345642,-22.702506317069876
1747.1648507345676,-32.989885031097785
1747.1648507345667,-16.70432526263547
1747.1648507345637,-37.35082958333166
1747.1648507345617,-22.40955640623005
1747.164850734565,-21.834776856759493
1747.1648507345656,-28.54557776915561
1747.1648507345642,-23.430168330765554
1747.164850734563,-36.249488388216996
1747.1648507345733,-16.420195257108
1747.1648507345662,-18.132358179607046
1747.1648507345715,-31.790789052041447
1747.1648507345699,-12.698402170985085
1747.1648507345635,-12.7362946467622
1747.164850734567,-21.921319633993285
1747.1648507345658,-14.089854216817201
1747.1648507345592,-20.58371831759924
1747.1648507345617,-30.054437649851263
1747.164850734574,-28.28823633407296
1747.164850734567,-29.894384175893013
1747.1648507345637,-26.158623028611512
1747.1648507345637,-20.128123735765215
1747.1648507345649,-29.811006319605504
1747.164850734565,-18.880133172971142
1747.1648507345637,-12.6600314343758
1747.1648507345658,-28.182490889788397
1747.1648507345642,-30.723732910215347
1747.1648507345667,-13.868975505003034
1747.1648507345617,-37.95295905967054
1747.1648507345656,-15.014904008806006
1747.1648507345587,-40.22644354460717
1747.164850734563,-14.857358431983336
1747.164850734567,-17.677338610086345
1747.164850734562,-33.10988496460304
1747.1648507345624,-12.791081062093902
1747.1648507345617,-17.088610214838752
1747.164850734568,-18.129849194321007
1747.1648507345637,-13.25102888760616
1747.1648507345676,-12.36308414758928
1747.1648507345642,-71.48949512359707
1747.164850734567,-35.749816298392936
1747.1648507345594,-24.096645265105607
1747.1648507345658,-21.841574129350434
1747.16485073456,-21.410264134551056
1747.164850734567,-20.00239745274439
1747.1648507345592,-26.016074218163364
1747.164850734567,-54.85511037632167
1747.1648507345649,-27.898575746331556
1747.1648507345649,-39.450989932130334
1747.1648507345658,-18.56566895460083
1747.1648507345656,-20.412016456708617
1747.164850734565,-27.759647309651097
1747.1648507345642,-20.07552843974737
1747.164850734565,-16.637959498366026
1747.164850734567,-16.12131009962259
1747.1648507345667,-13.695704886362734
1747.1648507345587,-16.890530445951555
1747.1648507345658,-37.802613150318976
1747.1648507345649,-16.759188694463784
1747.1648507345674,-11.500200155627898
1747.1648507345694,-30.95281857957125
1747.1648507345635,-31.020354586059153
1747.1648507345635,-35.90929757628276
1747.1648507345658,-37.616081811675144
1747.164850734561,-11.420179682600363
1747.164850734569,-21.03564695001676
1747.1648507345656,-34.100449966390954
1747.1648507345649,-13.182539545498695
1747.1648507345626,-6.993144740406445
1747.1648507345676,-28.086777825783933
1747.1648507345635,-15.2573748686042
1747.1648507345626,-18.05163491337178
1747.164850734568,-16.037117810850145
1747.1648507345587,-25.453723260913293
1747.1648507345662,-23.41297645190112
1747.1648507345635,-17.58207521460225
1747.1648507345662,-24.7262908399559
1747.1648507345656,-24.177310814464537
1747.1648507345699,-23.825078829765022
1747.1648507345635,-11.722560237423858
1747.1648507345676,-27.91396327518087
1747.1648507345662,-27.547943090030092
1747.1648507345637,-18.16445146845243
1747.16485073456,-24.0147837393718
1747.1648507345626,-22.62523175922707
1747.164850734563,-16.187374030272707
1747.1648507345687,-29.50261149997835
1747.1648507345617,-21.80237408704155
1747.1648507345674,-25.566964109159386
1747.1648507345635,-21.6688422264811
1747.1648507345687,-28.1818503230153
1747.1648507345637,-27.53732655085595
1747.164850734562,-14.431825836263338
1747.164850734568,-15.69465714425207
1747.1648507345676,-15.690038207590778
1747.1648507345676,-9.5690561464316
1747.1648507345662,-15.934501006363458
1747.1648507345658,-18.69908331599573
1747.1648507345656,-26.935369723508796
1747.164850734563,-48.47728232811011
1747.1648507345637,-12.02848209960395
1747.1648507345662,-19.925292616243887
1747.164850734561,-10.666817922669582
1747.164850734567,-18.10449916106822
1747.1648507345662,-21.314602127074167
1747.1648507345699,-25.205927859340544
1747.1648507345662,-16.318555411780057
1747.1648507345592,-36.91183211492835
1747.1648507345626,-12.713784384896273
1747.1648507345656,-13.535250933774396
1747.16485073457,-16.528473160801564
1747.164850734562,-16.188584733828606
1747.164850734563,-12.741383799328975
1747.164850734562,-16.066783992323373
1747.1648507345649,-14.02760956625576
1747.1648507345649,-28.209553893016242
1747.1648507345674,-15.669480743999515
1747.1648507345667,-14.293793170808774
1747.164850734567,-15.288816457099319
1747.1648507345599,-43.65450785272737
1747.1648507345624,-40.7107349492534
1747.1648507345658,-19.86425848342226
1747.1648507345624,-7.800932903109589
1747.1648507345662,-13.180348260181118
1747.164850734567,-12.738914885744942
1747.164850734567,-14.058515880398554
1747.1648507345658,-16.383343551042742
1747.1648507345699,-20.5218609786871
1747.1648507345724,-45.53903067670027
1747.1648507345617,-15.410484895552178
1747.1648507345667,-15.337134087739363
1747.1648507345676,-22.71017566812038
1747.164850734568,-21.716664227428648
1747.1648507345637,-18.47119697782798
1747.164850734565,-18.215672871504655
1747.1648507345617,-30.114364687647548
1747.1648507345626,-13.959392100514531
1747.1648507345662,-27.139885013019448
1747.164850734567,-30.80694591777601
1747.1648507345599,-25.19934227060279
1747.164850734567,-21.031871119167604
1747.164850734557,-35.30256024225877
1747.1648507345762,-23.698408954139655
1747.1648507345642,-25.357998194538684
1747.1648507345662,-14.99925662826011
1747.1648507345617,-13.986125654677355
1747.1648507345662,-19.317414472015265
1747.1648507345649,-15.24374890998633
1747.1648507345624,-10.094896951961246
1747.1648507345612,-22.845792732695262
1747.164850734569,-12.191205975665667
1747.1648507345626,-19.792632223868527
1747.16485073457,-10.490110059051073
1747.1648507345599,-12.336133889259147
1747.1648507345699,-32.51563897107361
1747.1648507345606,-12.211203891338656
1747.16485073456,-28.65308231293709
1747.1648507345649,-21.106789562230055
1747.1648507345617,-33.465213492026955
1747.1648507345606,-10.699373193220032
1747.1648507345699,-24.09776785083786
1747.1648507345635,-19.954484624904744
1747.1648507345637,-13.861267383250423
1747.1648507345626,-14.711751905199137
1747.164850734569,-38.56420206612122
1747.1648507345694,-26.776115875065017
1747.164850734561,-16.046345181989903
1747.1648507345667,-31.34347321147893
1747.1648507345626,-18.730330828117676
1747.1648507345637,-12.006065102955649
1747.1648507345642,-17.556549575931115
1747.1648507345667,-16.199460100800678
1747.1648507345662,-13.239410015856635
1747.164850734567,-13.27158766388048
1747.1648507345662,-16.26121330529296
1747.1648507345658,-13.438121802083709
1747.164850734567,-20.648994941058973
1747.1648507345662,-35.75612494796601
1747.16485073456,-22.02789548350832
1747.164850734561,-16.36545993282725
1747.164850734561,-24.319109540058097
1747.1648507345687,-19.556958030601397
1747.164850734562,-38.35888584428277
1747.1648507345658,-13.75988058193516
1747.1648507345649,-25.35702436885713
1747.164850734567,-20.01070181504764
1747.1648507345542,-17.083165553897935
1747.1648507345617,-18.441600313773108
1747.1648507345699,-16.67438272941212
1747.1648507345612,-16.88761651271124
1747.1648507345635,-29.712223694908275
1747.1648507345674,-30.184294041847927
1747.1648507345635,-33.05704876983812
1747.164850734565,-20.862142351645602
1747.164850734561,-26.311537933287642
1747.1648507345656,-15.56966286345586
1747.1648507345585,-29.013997185090368
1747.1648507345667,-39.914034602954096
1747.164850734563,-13.24922016601445
1747.1648507345594,-32.73886320998768
1747.164850734558,-24.81898437773601
1747.1648507345587,-46.76887209642374
1747.1648507345617,-22.454240631503197
1747.1648507345667,-22.976836310258513
1747.1648507345656,-27.20862150899528
1747.1648507345624,-23.084249807707664
1747.1648507345624,-31.242588073831783
1747.1648507345683,-13.990666125679411
1747.1648507345676,-19.862007298800712
1747.1648507345662,-18.833967761535344
1747.1648507345656,-16.902274742584815
1747.164850734565,-19.906142033898988
1747.1648507345599,-11.457231461954478
1747.1648507345612,-32.91780749377421
1747.1648507345637,-19.199168968508495
1747.1648507345626,-12.02768535665733
1747.1648507345594,-13.630649269438482
1747.16485073457,-10.704837594904792
1747.1648507345606,-12.413106366964175
1747.1648507345694,-15.460715791226365
1747.164850734562,-11.854353068167526
1747.1648507345642,-11.687300004420711
1747.1648507345649,-43.80668430199777
1747.1648507345592,-14.601346327101131
1747.1648507345637,-29.01147212654198
1747.1648507345649,-30.601349377097826
1747.16485073456,-33.141523124805325
1747.1648507345667,-28.115000158341967
1747.1648507345649,-27.15798934375958
1747.1648507345606,-24.363177842040535
1747.1648507345694,-21.947634582349433
1747.164850734568,-19.828738381088744
1747.1648507345626,-19.996381943590535
1747.164850734565,-19.64407372603763
1747.1648507345694,-26.11087973276848
1747.1648507345649,-18.139423151378008
1747.1648507345624,-22.30312109524576
1747.1648507345658,-29.09115478665622
1747.164850734565,-34.44723168297385
1747.1648507345656,-14.816844222800684
1747.1648507345642,-16.50924912752854
1747.164850734563,-18.463813698039065
1747.1648507345637,-33.0276244417731
1747.164850734562,-29.99179490371482
1747.1648507345624,-18.75490197789692
1747.1648507345667,-18.972674237577543
1747.164850734556,-20.76966432994202
1747.1648507345635,-16.904871300759066
1747.1648507345724,-16.252260164109643
1747.1648507345585,-8.795934795013736
1747.1648507345649,-16.071060918947314
1747.16485073457,-23.459833969191923
1747.1648507345587,-13.238017139499997
1747.1648507345656,-15.372898931136659
1747.1648507345674,-10.87120330733641
1747.1648507345612,-21.47535769254512
1747.1648507345687,-10.230396896802697
1747.1648507345656,-23.059398370132982
1747.1648507345637,-28.217124242741775
1747.164850734565,-17.59869249975188
1747.1648507345626,-23.15347489161329
1747.164850734558,-44.605067097787845
1747.164850734562,-17.213782317644707
1747.1648507345617,-27.050738828351207
1747.164850734565,-20.121364790316775
1747.1648507345612,-12.643025981419978
1747.1648507345642,-29.40703476943408
1747.1648507345676,-30.354855198735915
1747.164850734563,-27.85050298603068
1747.164850734558,-18.116045109849615
1747.1648507345715,-40.399119938802684
1747.1648507345635,-32.795877194805634
1747.164850734565,-18.99425749664591
1747.164850734565,-15.731088041333418
1747.1648507345617,-19.349208316983297
1747.1648507345606,-37.35243354467731
1747.1648507345687,-17.29571448480869
1747.1648507345674,-25.275064801834485
1747.1648507345642,-12.209810581900063
1747.1648507345617,-33.94196892727694
1747.1648507345617,-25.997341099939646
1747.1648507345656,-50.60382915641441
1747.1648507345687,-25.088607762061876
1747.1648507345662,-27.805494244314467
1747.16485073456,-15.012814196564683
1747.1648507345667,-21.613485381228955
1747.1648507345576,-8.584811711171568
1747.1648507345683,-30.42296820554365
1747.1648507345687,-15.674791496922289
1747.1648507345594,-37.64890994688155
1747.164850734569,-30.102767263072298
1747.1648507345674,-20.84433092058052
1747.164850734573,-17.537881510581236
1747.1648507345674,-37.313920307919915
1747.1648507345662,-13.768139132590921
1747.1648507345585,-11.518307589254972
1747.164850734568,-9.148073776878189
1747.1648507345662,-11.578925933342829
1747.1648507345676,-12.699357175091716
1747.1648507345585,-16.152774304299136
1747.1648507345624,-26.248836039156725
1747.1648507345606,-22.312610271852698
1747.1648507345592,-10.036114981397063
1747.1648507345599,-26.42493631169609
1747.1648507345624,-11.799164153399454
1747.164850734563,-23.86744764092729
1747.1648507345658,-25.838626238026524
1747.164850734568,-28.371491820211496
1747.164850734563,-14.667355430114903
1747.1648507345606,-30.53328263654577
1747.1648507345606,-42.725451061298465
1747.1648507345612,-36.68574189463943
1747.1648507345587,-25.72526388178527
1747.1648507345642,-33.35947824210816
1747.1648507345637,-10.549608039379752
1747.1648507345676,-33.357891131258015
1747.164850734568,-15.808161411539043
1747.1648507345687,-19.146469360854898
1747.1648507345658,-18.19951530663284
1747.1648507345606,-19.63182902004224
1747.1648507345726,-13.27213129936522
1747.164850734565,-9.254858404400302
1747.1648507345662,-43.97658720346392
1747.1648507345658,-22.087689065083545
1747.1648507345556,-16.139244317795324
1747.1648507345624,-19.733216465951934
1747.1648507345617,-11.245954334352684
1747.1648507345656,-34.166394877453925
1747.1648507345576,-17.344596731880106
1747.1648507345676,-18.5556575855184
1747.164850734565,-36.11707035728588
1747.1648507345662,-16.242168929274094
1747.164850734565,-19.58885708751286
1747.1648507345612,-19.317158959570584
1747.1648507345662,-37.518469021316
1747.1648507345683,-23.156978680387404
1747.164850734562,-25.953034645803402
1747.1648507345637,-19.847110635315136
1747.1648507345626,-15.001703057370005
1747.1648507345594,-17.426354238969363
1747.1648507345626,-31.294132671390333
1747.1648507345683,-16.54359038790422
1747.1648507345642,-24.016950270228147
1747.1648507345699,-26.26965831543388
1747.164850734567,-31.383626921482723
1747.1648507345674,-17.797069541131755
1747.1648507345626,-37.81513263002387
1747.164850734561,-28.70873687493976
1747.1648507345683,-51.10952086096392
1747.1648507345656,-28.538584822218738
1747.1648507345676,-14.454381906081878
1747.1648507345658,-12.329864880040892
1747.1648507345585,-24.08573000691776
1747.1648507345658,-44.46665039048446
1747.1648507345658,-37.42154481168285
1747.164850734562,-14.14256197616355
1747.164850734563,-23.648937274542188
1747.1648507345612,-16.8413370116462
1747.1648507345599,-16.689417150267918
1747.1648507345624,-53.16089169789605
1747.1648507345724,-21.272713465539933
1747.1648507345599,-24.87309042652777
1747.164850734567,-14.80994334059842
1747.1648507345649,-33.78608772123091
1747.1648507345649,-17.128493329280868
1747.1648507345626,-32.96894017704942
1747.164850734565,-25.616239008282914
1747.1648507345624,-17.542140246451076
1747.16485073457,-16.16386546197506
1747.1648507345676,-20.17676229511796
1747.1648507345637,-23.934923895330787
1747.1648507345667,-29.262395161500198
1747.1648507345656,-16.28733345055504
1747.1648507345617,-19.276887075089398
1747.1648507345662,-18.21539373640981
1747.1648507345592,-32.209747195753714
1747.1648507345712,-33.76655987517133
1747.16485073456,-22.242123269605827
1747.164850734563,-16.12695117809535
1747.1648507345635,-21.38098026762611
1747.1648507345687,-24.831249452190633
1747.1648507345606,-43.399875617784126
1747.1648507345624,-39.19749040482118
1747.1648507345617,-16.853518122819164
1747.1648507345649,-17.747491534809463
1747.1648507345658,-20.147534106239565
1747.1648507345642,-25.05455429611065
1747.164850734567,-13.853424495663722
1747.1648507345624,-16.215622331135684
1747.164850734563,-16.5705761567254
1747.1648507345606,-32.273222898162615
1747.1648507345642,-12.945134537212052
1747.1648507345626,-16.83317916474583
1747.16485073456,-41.733492143077314
1747.1648507345612,-11.670781179218888
1747.1648507345649,-17.62619257471766
1747.1648507345617,-29.293669164797638
1747.164850734567,-30.42460212888647
1747.1648507345624,-21.776520886620627
1747.1648507345658,-14.106549819468043
1747.1648507345667,-20.396589281395777
1747.1648507345662,-22.81873932746619
1747.1648507345658,-30.288956128299567
1747.1648507345642,-41.618085040228856
1747.1648507345662,-16.072797975281386
1747.164850734567,-34.995548905615514
1747.1648507345676,-20.488116931327912
1747.164850734558,-13.846919126455914
1747.1648507345637,-31.519174534169835
1747.164850734563,-18.30790609920739
1747.1648507345642,-19.14962130956271
1747.1648507345687,-19.96794005427956
1747.1648507345674,-17.804421412997648
1747.1648507345617,-17.56648901210464
1747.1648507345637,-18.798675992353576
1747.1648507345687,-21.217984043543836
1747.1648507345606,-10.813182850990458
1747.1648507345617,-13.440471920964129
1747.1648507345606,-11.003878606881315
1747.1648507345656,-39.567591686357176
1747.164850734562,-15.87781376929091
1747.1648507345649,-9.224369261959808
1747.1648507345599,-15.230834785424177
1747.1648507345708,-17.609100177176852
1747.164850734565,-25.903834260348983
1747.164850734563,-34.87415950537428
1747.1648507345587,-38.48121109849782
1747.164850734562,-23.512991754949816
1747.1648507345674,-19.305108143596268
1747.1648507345656,-20.30136484915867
1747.1648507345624,-31.834663448794558
1747.1648507345662,-33.961523964669965
1747.1648507345637,-24.43073544538341
1747.1648507345599,-17.45223942634799
1747.1648507345658,-30.62453456422495
1747.1648507345642,-23.70013750144122
1747.1648507345667,-21.26507571310557
1747.1648507345612,-17.085134076161292
1747.1648507345683,-13.331370731980074
1747.1648507345617,-24.631572264292707
1747.1648507345699,-21.534177051784845
1747.164850734563,-29.229699901628976
1747.1648507345683,-30.63253653454914
1747.1648507345683,-16.685428987424526
1747.16485073456,-48.80614096860195
1747.1648507345626,-24.6938775433514
1747.1648507345637,-10.771592005137826
1747.1648507345635,-26.816565974774775
1747.1648507345612,-9.995583883267201
1747.164850734568,-17.948244209369022
1747.1648507345694,-16.923826764097562
1747.1648507345667,-51.64053329285051
1747.1648507345687,-17.502971672679717
1747.1648507345674,-67.66134443732699
1747.1648507345676,-21.597091477534253
1747.1648507345656,-26.533579370434147
1747.164850734565,-29.29314892983343
1747.1648507345674,-23.52461797099779
1747.1648507345626,-17.130552757571486
1747.1648507345642,-14.72661957593629
1747.1648507345553,-18.84175698019068
1747.1648507345667,-15.8856575391758
1747.1648507345637,-27.974628920021694
1747.1648507345676,-26.410441994125733
1747.1648507345626,-13.267426138337596
1747.1648507345637,-18.83459179937767
1747.164850734569,-12.15940821751573
1747.1648507345637,-23.67742341933661
1747.1648507345642,-29.31794054136107
1747.1648507345612,-9.384196878114908
1747.1648507345656,-13.90919610262361
1747.1648507345658,-43.594528061426274
1747.1648507345726,-13.859631862476785
1747.1648507345606,-18.299480831419235
1747.1648507345637,-16.00334257334423
1747.1648507345649,-15.376501216214795
1747.1648507345656,-46.82986746630255
1747.1648507345635,-43.7529971495419
1747.164850734563,-17.38230561718444
1747.1648507345624,-15.373724926396559
1747.1648507345624,-9.324383172707835
1747.164850734561,-19.423745857062933
1747.1648507345656,-36.15695971383835
1747.1648507345676,-29.764026829724777
1747.1648507345592,-11.170951986401368
1747.1648507345635,-37.190805759636525
1747.164850734563,-15.461928949134881
1747.1648507345576,-17.9917043722221
1747.1648507345587,-14.130940045313833
1747.1648507345674,-57.654105572328426
1747.164850734563,-32.06185822612848
1747.1648507345676,-11.565791078194843
1747.164850734569,-36.916868620145785
1747.1648507345667,-26.853970572352154
1747.1648507345606,-11.916659347737966
1747.164850734562,-16.913088899510665
1747.1648507345637,-20.863534244648736
1747.1648507345649,-19.93399155822557
1747.1648507345658,-15.739403817557724
1747.1648507345656,-26.414881553702724
1747.1648507345687,-30.384689590612613
1747.1648507345642,-16.96083907032078
1747.1648507345667,-31.194099705369805
1747.1648507345635,-14.22831212150702
1747.1648507345662,-16.215756814221805
1747.1648507345635,-36.194447033428254
1747.1648507345624,-24.444482310769633
1747.1648507345637,-52.10894940465431
1747.164850734557,-22.72462922330023
1747.1648507345612,-13.865853993865205
1747.164850734565,-21.507215745279968
1747.1648507345606,-35.392613662194115
1747.164850734563,-29.691343677958663
1747.1648507345637,-30.491015607100792
1747.1648507345599,-9.418910954926805
1747.1648507345626,-12.711774564201395
1747.1648507345674,-19.043007248101528
1747.164850734568,-16.712521551836275
1747.164850734562,-29.238000772457045
1747.1648507345667,-26.926961350625295
1747.164850734567,-11.496121424003688
1747.164850734562,-26.981566828502533
1747.1648507345656,-21.099524957375586
1747.1648507345585,-23.637048325463656
1747.1648507345592,-14.359107122404174
1747.1648507345649,-20.06921360939285
1747.1648507345594,-26.016420627298398
1747.1648507345599,-20.65899154868048
1747.16485073456,-15.02839602655754
1747.1648507345649,-16.168950388031874
1747.1648507345585,-31.119251571549363
1747.1648507345662,-20.679127715951832
1747.1648507345656,-25.831221320324456
1747.1648507345656,-14.96705478434371
1747.1648507345676,-30.105229959737695
1747.1648507345656,-18.815707971780796
1747.1648507345594,-46.457427857604785
1747.1648507345599,-54.2208299658168
1747.1648507345658,-14.941247373153915
1747.1648507345562,-16.870272583546637
1747.1648507345662,-19.855718524872678
1747.1648507345626,-17.345591200118832
1747.1648507345658,-22.661338052122407
1747.164850734568,-23.014327408583434
1747.1648507345662,-11.914447524012708
1747.164850734569,-11.33106166169333
1747.164850734561,-20.74930191798794
1747.1648507345715,-22.64754195657148
1747.164850734565,-11.633917472496861
1747.1648507345674,-18.185430496300903
1747.1648507345606,-21.979389296093903
1747.164850734567,-13.817553359256548
1747.164850734565,-16.164487091448223
1747.164850734567,-32.533716241915805
1747.1648507345626,-41.78738199316114
1747.1648507345667,-12.198995479263552
1747.164850734561,-34.28313372781666
1747.1648507345642,-24.829072829915372
1747.1648507345642,-11.817184543395669
1747.1648507345617,-25.42661520954101
1747.1648507345626,-21.51806923088771
1747.164850734562,-20.950884035312075
1747.164850734563,-15.095741064321983
1747.1648507345662,-22.95167860173985
1747.164850734569,-19.7458690030354
1747.1648507345649,-22.390620134379414
1747.164850734568,-23.493714149105493
1747.1648507345656,-19.262508957749088
1747.164850734563,-25.895562929310607
1747.1648507345649,-59.0811686909229
1747.1648507345637,-36.19741605379856
1747.1648507345594,-28.52122082011307
1747.1648507345676,-15.4323587214807
1747.1648507345656,-22.82138499386494
1747.164850734563,-19.892029007287405
1747.164850734565,-34.92740575283437
1747.164850734562,-27.794803565681985
1747.1648507345594,-30.89888768421782
1747.1648507345687,-18.61721493690503
1747.164850734563,-46.30983442294265
1747.1648507345635,-48.73284291336276
1747.1648507345635,-20.613241765360137
1747.164850734562,-13.473675214937433
1747.1648507345656,-11.124269119944845
1747.164850734563,-19.874982776671644
1747.1648507345699,-37.35690356437703
1747.1648507345676,-23.536695500650957
1747.164850734567,-22.62494383875689
1747.1648507345635,-12.37393802399775
1747.1648507345624,-10.698043508625025
1747.1648507345656,-40.51884927782612
1747.164850734567,-18.640775767996352
1747.1648507345658,-27.08957127681717
1747.164850734562,-11.99802329416211
1747.1648507345592,-13.696106835300684
1747.1648507345667,-26.17758953004074
1747.1648507345617,-12.283657079940019
1747.164850734563,-15.704557260429036
1747.164850734568,-31.231943829511664
1747.1648507345626,-22.57084198499018
1747.164850734561,-25.457694996731828
1747.1648507345656,-17.458960216202456
1747.1648507345635,-20.34465021396043
1747.164850734565,-17.6427088222405
1747.1648507345637,-32.270993125029406
1747.1648507345674,-22.491070340630287
1747.164850734568,-16.31660411167989
1747.1648507345642,-15.905911398697297
1747.1648507345683,-24.53798048454483
1747.164850734562,-27.060788961943217
1747.16485073456,-21.5697536947845
1747.164850734563,-15.201932174405123
1747.1648507345617,-21.549734397147734
1747.1648507345624,-37.56531754912697
1747.164850734569,-26.339165082557496
1747.1648507345694,-27.865318147870866
1747.164850734569,-28.356025743029573
1747.164850734567,-58.253563687779376
1747.1648507345642,-17.84621007510409
1747.164850734562,-26.93759014917446
1747.1648507345635,-34.60464815947341
1747.1648507345617,-19.065130630960624
1747.1648507345687,-34.39458477920731
1747.1648507345637,-15.9924709916192
1747.16485073457,-13.856014684145245
1747.164850734563,-13.707753013884954
1747.1648507345637,-15.806284635655699
1747.1648507345674,-21.962680559652796
1747.164850734563,-12.551453490236472
1747.1648507345667,-17.182830023078544
1747.1648507345624,-20.734211329339495
1747.1648507345667,-15.494549060444712
1747.1648507345637,-13.50576062993486
1747.1648507345706,-38.867962962440004
1747.1648507345694,-28.122517992258704
1747.1648507345674,-14.476225567697764
1747.1648507345606,-18.348564852665778
1747.1648507345635,-43.315549071548325
1747.164850734561,-14.878289983850687
1747.1648507345687,-12.722360510978447
1747.164850734562,-18.669994484205592
1747.164850734568,-15.96356015418759
1747.1648507345662,-24.192482036616987
1747.164850734568,-32.93953358165927
1747.164850734567,-34.003689204844235
1747.1648507345592,-31.36696872940121
1747.164850734558,-18.085911097499437
1747.164850734565,-22.793918466472746
1747.1648507345649,-13.07734897575128
1747.1648507345642,-19.114676015828593
1747.1648507345612,-8.793045020539338
1747.1648507345592,-38.17492303005903
1747.1648507345612,-38.29795450938002
1747.1648507345635,-12.747847567339294
1747.1648507345642,-19.311019599515177
1747.1648507345606,-27.32460046932524
1747.1648507345594,-9.704989788207882
1747.1648507345683,-28.712815190490588
1747.1648507345656,-15.314704998842457
1747.1648507345594,-20.817064475840223
1747.1648507345676,-37.69750520278838
1747.1648507345617,-23.115324713431594
1747.1648507345667,-23.419608020325654
1747.1648507345612,-21.539301704573113
1747.1648507345674,-13.265119948275943
1747.164850734568,-20.23888189866745
1747.1648507345656,-20.97018320389393
1747.1648507345687,-12.085538557264032
1747.164850734562,-20.811069146603423
1747.16485073456,-20.932597284148258
1747.164850734562,-29.79890306044803
1747.1648507345642,-13.10148468816474
1747.164850734561,-14.038448172304419
1747.1648507345617,-11.356380195338504
1747.1648507345694,-30.9557083864018
1747.1648507345674,-33.75219683508581
1747.1648507345606,-24.430588507656115
1747.1648507345687,-16.077437367085167
1747.1648507345676,-19.58407906008667
1747.164850734558,-23.312144188215903
1747.1648507345626,-12.92172940590175
1747.1648507345658,-17.017711208304494
1747.1648507345594,-12.726993148429392
1747.164850734562,-20.542626870479946
1747.164850734568,-17.423638709109255
1747.1648507345626,-17.630532728876698
1747.1648507345683,-23.381625089468635
1747.1648507345649,-48.10938538392739
1747.1648507345656,-20.662378843845893
1747.164850734558,-18.766763121253874
1747.1648507345635,-15.710690546207825
1747.164850734567,-14.501565521954197
1747.1648507345649,-27.3015479319797
1747.1648507345649,-20.509884576128922
1747.1648507345635,-18.00034183404735
1747.1648507345594,-23.38447260370185
1747.1648507345667,-43.15237516647326
1747.1648507345694,-14.279569080216106
1747.1648507345656,-19.327766594167965
1747.164850734569,-19.951271814666608
1747.1648507345708,-42.48546713405235
1747.1648507345626,-23.362766721053262
1747.1648507345585,-18.580664563423603
1747.164850734561,-31.40358440727314
1747.1648507345658,-34.11593805812724
1747.164850734567,-16.76496634921189
1747.1648507345656,-22.693915912167622
1747.1648507345617,-11.640489404892508
1747.1648507345642,-17.515339299085717
1747.1648507345626,-17.13976331235055
1747.1648507345649,-37.28585751621875
1747.1648507345635,-13.634102340693754
1747.1648507345637,-37.50071715367859
1747.1648507345662,-51.263628823375015
1747.1648507345617,-12.265965505296302
1747.1648507345667,-14.511302335455877
1747.1648507345658,-18.882744568747185
1747.1648507345687,-14.173737312964295
1747.1648507345612,-18.095913705812674
1747.1648507345656,-21.215763602271974
1747.1648507345658,-25.95909306473375
1747.1648507345617,-13.040596159691944
1747.164850734561,-21.19321533616677
1747.1648507345706,-27.98657158371019
1747.164850734562,-9.512060481663967
1747.164850734561,-17.277145726737785
1747.1648507345635,-19.495192278727657
1747.1648507345674,-14.45994761090951
1747.1648507345642,-20.67796012837015
1747.1648507345683,-26.26798229924228
1747.1648507345649,-30.385282264872128
1747.1648507345606,-14.508621140718711
1747.1648507345662,-14.858639446092308
1747.1648507345649,-24.546849036066764
1747.1648507345637,-15.522426565690262
1747.1648507345594,-7.264595240245551
1747.1648507345674,-14.440680793498743
1747.1648507345592,-30.823964557010193
1747.1648507345656,-8.1677390703715
1747.1648507345637,-17.577459507527735
1747.1648507345649,-31.60384145173446
1747.164850734563,-37.7641506411545
1747.1648507345624,-18.543165627498436
1747.164850734562,-13.934738486209403
1747.1648507345587,-11.676877612019466
1747.1648507345656,-19.02319573947409
1747.164850734558,-12.551091814856308
1747.1648507345635,-24.783972699671892
1747.164850734565,-22.682830834754732
1747.164850734558,-13.934559668932797
1747.1648507345612,-27.71219367970035
1747.16485073457,-31.41788481096015
1747.1648507345715,-9.708015790045847
1747.1648507345662,-24.695687776649958
1747.1648507345676,-24.22412373222945
1747.164850734565,-26.756230916056584
1747.1648507345642,-18.499356606766042
1747.1648507345662,-33.39835754992637
1747.1648507345676,-24.98872247718679
1747.1648507345624,-17.233052387139765
1747.1648507345656,-24.098521975865182
1747.1648507345667,-14.92545269315004
1747.164850734565,-24.129117039249273
1747.1648507345656,-16.443963866903953
1747.1648507345658,-38.026211224283195
1747.1648507345606,-15.245355623093957
1747.1648507345626,-14.326898583807077
1747.1648507345674,-20.135375975852508
1747.1648507345683,-13.705348387536501
1747.16485073456,-22.87599229126335
1747.1648507345635,-22.943880870466625
1747.1648507345606,-24.215495423390703
1747.1648507345642,-37.413005070709026
1747.1648507345606,-12.90727394023582
1747.164850734573,-24.430348580470824
1747.1648507345642,-10.576845781384838
1747.1648507345674,-38.23462320372657
1747.1648507345599,-13.800321200687273
1747.1648507345626,-24.65465440371373
1747.1648507345699,-12.464694333221859
1747.1648507345553,-26.52916777701998
1747.1648507345667,-14.269227291459524
1747.1648507345637,-16.59178981885325
1747.164850734562,-17.404654140877092
1747.1648507345626,-15.92603545676985
1747.1648507345587,-24.060380108031016
1747.1648507345592,-31.677372277629672
1747.1648507345683,-28.952784237762017
1747.16485073456,-13.453276415084453
1747.1648507345715,-16.896664253959884
1747.1648507345637,-13.499182665194526
1747.1648507345687,-19.591058811787534
1747.1648507345676,-23.111540774458632
1747.1648507345683,-37.08706876150728
1747.1648507345626,-15.109404167538557
1747.164850734562,-29.40780170614564
1747.164850734569,-10.982295485603572
1747.1648507345667,-23.15920553913626
1747.1648507345624,-19.86280772017061
1747.164850734561,-21.56892715055046
1747.1648507345676,-10.598324373495158
1747.164850734569,-41.963123439531195
1747.1648507345637,-21.51837800808422
1747.164850734556,-21.39278056415967
1747.1648507345612,-15.585223766823411
1747.1648507345674,-20.08364427769148
1747.1648507345624,-31.156272652039156
1747.1648507345626,-17.144862847649076
1747.1648507345612,-28.52876409531216
1747.1648507345687,-18.375422764272557
1747.16485073456,-19.68982754504664
1747.1648507345656,-25.585556245617514
1747.164850734567,-23.836788524691656
1747.1648507345662,-25.545337743656297
1747.164850734561,-27.259253223308743
1747.1648507345658,-26.72780255348418
1747.1648507345599,-31.36987606723501
1747.1648507345553,-13.966699429451346
1747.164850734563,-27.60611461659419
1747.1648507345676,-38.89662038141921
1747.164850734565,-15.272217355027964
1747.1648507345592,-12.062080154805018
1747.1648507345649,-22.90745638207754
1747.164850734568,-16.862655424773212
1747.1648507345658,-26.280435087163983
1747.1648507345585,-10.608295669708507
1747.1648507345676,-21.500976938914867
1747.1648507345658,-17.57572793455543
1747.1648507345658,-13.27952452780021
1747.1648507345699,-14.749897675106913
1747.1648507345715,-18.18420346562825
1747.1648507345642,-17.97536653132138
1747.1648507345626,-29.04257421644147
1747.164850734563,-8.762957911614084
1747.164850734565,-30.766577192538904
1747.1648507345674,-35.58382294654967
1747.1648507345637,-43.569635549787556
1747.1648507345594,-19.29718008831129
1747.1648507345674,-19.214160027088028
1747.1648507345587,-37.13424401837738
1747.1648507345617,-13.736590138718432
1747.1648507345687,-30.28206152470615
1747.164850734562,-22.363796457157452
1747.1648507345637,-15.170280661728894
1747.1648507345649,-19.990009522760445
1747.1648507345606,-15.877251201031948
1747.164850734565,-17.60155980272266
1747.1648507345624,-19.139197469571265
1747.1648507345676,-27.639134351548694
1747.1648507345662,-18.78163272668655
1747.1648507345699,-14.981598516385858
1747.164850734567,-18.960451108129615
1747.164850734569,-12.914643554757316
1747.164850734568,-20.95586062346106
1747.164850734562,-20.92497767211109
1747.164850734567,-23.077306833587922
1747.1648507345699,-15.271004945120758
1747.1648507345687,-25.354235788349616
1747.1648507345617,-14.53229036082433
1747.164850734567,-43.095647134113726
1747.1648507345635,-30.855321278966695
1747.1648507345626,-18.65131760080857
1747.1648507345649,-15.370542014243997
1747.1648507345649,-18.785154362228457
1747.164850734568,-31.004775632725906
1747.1648507345637,-29.255978596179727
1747.1648507345624,-22.862222663928687
1747.1648507345687,-12.36877355892717
1747.1648507345642,-29.14005320073218
1747.1648507345587,-12.430044952837541
1747.1648507345574,-15.321035081361432
1747.1648507345674,-18.21054563496051
1747.1648507345683,-32.02156799224806
1747.164850734561,-29.958812056224744
1747.1648507345635,-30.959260566360904
1747.1648507345635,-13.430653406690407
1747.1648507345667,-21.96148705016019
1747.1648507345562,-17.572598226053895
1747.1648507345562,-16.20705725273964
1747.1648507345612,-26.30263898487522
1747.1648507345612,-19.600143898928373
1747.164850734561,-18.96451697825114
1747.164850734568,-23.43956060941564
1747.1648507345658,-15.813707230451483
1747.1648507345617,-22.633146853475196
1747.1648507345667,-47.21978531659241
1747.1648507345656,-11.333512909464673
1747.1648507345635,-62.759697552041246
1747.1648507345626,-21.45624923395902
1747.1648507345635,-13.419987122728285
1747.1648507345662,-10.464635568680567
1747.1648507345612,-12.858973938187196
1747.1648507345699,-14.370219705811344
1747.16485073456,-17.12215630621838
1747.164850734565,-38.23745411344464
1747.1648507345662,-17.06070367673189
1747.1648507345708,-11.513908831071912
1747.1648507345715,-15.722612331580793
1747.1648507345626,-14.843815822331871
1747.1648507345683,-31.033203883590733
1747.1648507345667,-15.953483112230419
1747.1648507345699,-14.678020029183758
1747.164850734565,-23.53628982606455
1747.1648507345706,-26.49131773868094
1747.164850734563,-22.69981342395954
1747.164850734568,-10.672487649630675
1747.1648507345642,-14.092499582391312
1747.1648507345649,-26.65126022895977
1747.1648507345635,-20.49937018632106
1747.1648507345585,-18.969980754599224
1747.164850734561,-30.720418551365103
1747.1648507345637,-22.346142099039564
1747.1648507345676,-16.036512525355228
1747.164850734567,-12.21320933207292
1747.164850734567,-52.55121708013748
1747.1648507345637,-11.902834038927077
1747.1648507345737,-96.92643229232634
1747.1648507345635,-14.983257495024283
1747.1648507345612,-19.136214873356685
1747.1648507345656,-31.398770677245206
1747.1648507345626,-19.82200319347879
1747.1648507345612,-15.947372923289487
1747.164850734562,-28.183152074012064
1747.1648507345649,-17.333940160895576
1747.164850734568,-40.45302503904131
1747.1648507345626,-16.11325877976018
1747.1648507345635,-25.989148350713336
1747.164850734563,-67.18935562483698
1747.1648507345642,-16.267396636791478
1747.1648507345674,-18.775977379920867
1747.1648507345656,-17.06216208482452
1747.1648507345667,-19.145335419224203
1747.1648507345708,-35.26046201496993
