trade_id,symbol,signal_date,direction,probability,intended_entry,actual_entry,entry_execution_type,target,stop,entry_date,exit_date,exit_price,quantity,position_value,risk_amount,gross_pnl,slippage_cost,transaction_cost,net_pnl,pnl,costs,return_pct,bars_in_position,status,portfolio_equity_before,entry_dt
25771,PFC,2024-08-07T00:00:00,LONG,0.53125,474.0499877929688,474.0499877929688,NORMAL,488.2714874267578,459.8284881591797,2024-09-20T00:00:00,2024-09-23T00:00:00,495.75,2428,1150993.370361328,34529.80111083981,52687.62963867188,0.0,4016.183980294995,48671.44565837688,48671.44565837688,4016.183980294995,4.228646915932938,0,EXECUTED,13023525.249984823,2024-09-20
27611,RECLTD,2024-07-01T00:00:00,LONG,0.67875,525.4000244140625,525.4000244140625,NORMAL,541.1620251464844,509.6380236816406,2024-09-20T00:00:00,2024-09-23T00:00:00,552.0,2474,1299839.6604003906,38995.18981201173,65808.33959960938,0.0,4545.851457131616,61262.48814247776,61262.48814247776,4545.851457131616,4.713080390515783,0,EXECUTED,13023525.249984823,2024-09-20
12815,HUDCO,2024-05-16T00:00:00,LONG,0.52,229.6499938964844,229.6499938964844,NORMAL,236.5394937133789,222.76049407958985,2024-09-20T00:00:00,2024-09-23T00:00:00,242.1499938964844,5660,1299818.9654541016,38994.56896362303,70750.0,0.0,4553.847064439576,66196.15293556043,66196.15293556043,4553.847064439576,5.09272096306383,0,EXECUTED,13023525.249984823,2024-09-20
27613,RECLTD,2024-07-03T00:00:00,LONG,0.53225,530.0,530.0,NORMAL,545.9,523.0240118408203,2024-09-23T00:00:00,2024-10-01T00:00:00,555.3760125732422,2478,1313340.0,17286.498658447243,62881.75915649412,0.0,4587.172659471145,58294.586497022974,58294.586497022974,4587.172659471145,4.438651567531863,0,EXECUTED,13560241.568251751,2024-09-23
17987,IRFC,2024-09-19T00:00:00,LONG,0.61225,156.0,156.0,NORMAL,160.68,153.80319763183593,2024-09-23T00:00:00,2024-10-07T00:00:00,153.0,8493,1324908.0,18657.44251281746,-25479.0,0.0,4482.4414851,-29961.4414851,-29961.4414851,4482.4414851,-2.2613978846153846,0,EXECUTED,13075760.712799212,2024-09-23
25782,PFC,2024-09-18T00:00:00,LONG,0.6869999999999999,482.4500122070313,482.4500122070313,NORMAL,496.9235125732422,467.9765118408203,2024-09-23T00:00:00,2024-10-03T00:00:00,496.9235125732422,2747,1325290.1835327148,39758.70550598146,39758.70550598146,0.0,4590.2339956882215,35168.47151029324,35168.47151029324,4590.2339956882215,2.653643100000001,0,EXECUTED,13464301.358314425,2024-09-23
15713,INDUSTOWER,2024-07-11T00:00:00,LONG,0.608,382.8999938964844,382.8999938964844,NORMAL,394.3869937133789,371.41299407958985,2024-09-23T00:00:00,2024-09-24T00:00:00,394.3869937133789,3436,1315644.3790283203,39469.331370849584,39469.331370849584,0.0,4556.825086226741,34912.50628462284,34912.50628462284,4556.825086226741,2.653643099999998,0,EXECUTED,13367209.072090574,2024-09-23
29021,RVNL,2024-08-12T00:00:00,LONG,0.5705,512.5,512.5,NORMAL,527.875,502.6055236816406,2024-09-23T00:00:00,2024-09-24T00:00:00,533.6945251464844,2570,1317125.0,25428.80413818368,54469.92962646479,0.0,4586.366291129279,49883.56333533551,49883.56333533551,4586.366291129279,3.787306697187853,0,EXECUTED,13367209.072090574,2024-09-23
5,ADANIENSOL,2024-06-06T00:00:00,SHORT,0.53725,976.2000122070312,976.2000122070312,NORMAL,946.9140118408204,980.2510125732422,2024-09-23T00:00:00,2024-09-24T00:00:00,980.2510125732422,1350,1317870.0164794922,5468.850494384753,-5468.850494384753,0.0,4509.746090507016,-9978.59658489177,-9978.59658489177,4509.746090507016,-0.7571760841443387,0,EXECUTED,13367209.072090574,2024-09-23
10776,HAL,2024-06-05T00:00:00,LONG,0.7065,4229.9501953125,4229.9501953125,NORMAL,4356.848701171875,4203.349594726563,2024-09-23T00:00:00,2024-09-24T00:00:00,4203.349594726563,310,1311284.560546875,8246.186181640524,-8246.186181640524,0.0,4464.052010739068,-12710.238192379593,-12710.238192379593,4464.052010739068,-0.9692967167308634,0,EXECUTED,13367209.072090574,2024-09-23
17381,IRB,2024-09-19T00:00:00,LONG,0.567,29.700000762939453,29.700000762939453,NORMAL,30.59100078582764,29.458900814056395,2024-09-23T00:00:00,2024-09-24T00:00:00,31.2811008644104,40946,1216096.2312393188,9872.078506965678,64739.72475482945,0.0,4258.156843907086,60481.56791092237,60481.56791092237,4258.156843907086,4.9734195664175225,0,EXECUTED,13367209.072090574,2024-09-23
10777,HAL,2024-06-06T00:00:00,LONG,0.56675,4364.89990234375,4364.89990234375,NORMAL,4495.846899414063,4233.952905273437,2024-09-24T00:00:00,2024-10-08T00:00:00,4233.952905273437,305,1331294.4702148438,39938.83410644548,-39938.83410644548,0.0,4480.645939083654,-44419.48004552913,-44419.48004552913,4480.645939083654,-3.3365631000000127,0,EXECUTED,13238962.486288236,2024-09-24
5454,BEL,2024-09-19T00:00:00,LONG,0.54,280.0,280.0,NORMAL,288.40000000000003,274.3645059204101,2024-09-24T00:00:00,2024-09-26T00:00:00,291.3355062866211,4771,1335880.0,26886.942253723297,54081.70049346939,0.0,4649.773407715491,49431.9270857539,49431.9270857539,4649.773407715491,3.7003269070390976,0,EXECUTED,13453057.335222589,2024-09-24
11646,HDFCBANK,2024-09-23T00:00:00,LONG,0.7155,854.0396728515625,854.0396728515625,NORMAL,879.6608630371094,828.4184826660156,2024-09-24T00:00:00,2024-10-04T00:00:00,828.4184826660156,1567,1338280.1673583984,40148.40502075196,-40148.40502075196,0.0,4504.157217946615,-44652.56223869858,-44652.56223869858,4504.157217946615,-3.3365631000000007,0,EXECUTED,13294096.776133709,2024-09-24
3797,BANDHANBNK,2024-09-23T00:00:00,LONG,0.70675,210.0399932861328,210.0399932861328,NORMAL,216.3411930847168,203.73879348754883,2024-09-24T00:00:00,2024-09-27T00:00:00,203.73879348754883,6375,1339004.957199097,40170.14871597287,-40170.14871597287,0.0,4506.596593102953,-44676.74530907582,-44676.74530907582,4506.596593102953,-3.336563099999998,0,EXECUTED,13483835.042809412,2024-09-24
27219,POWERGRID,2024-09-23T00:00:00,LONG,0.70025,340.8500061035156,340.8500061035156,NORMAL,351.0755062866211,330.6245059204102,2024-09-24T00:00:00,2024-09-27T00:00:00,353.8500061035156,3684,1255691.4224853516,37670.74267456049,47892.0,0.0,4365.858042818481,43526.14195718152,43526.14195718152,4365.858042818481,3.466308774414622,0,EXECUTED,13483835.042809412,2024-09-24
15731,INDUSTOWER,2024-09-23T00:00:00,LONG,0.55975,388.25,388.25,NORMAL,399.8975,376.6025,2024-09-26T00:00:00,2024-09-27T00:00:00,401.0,3471,1347615.75,40428.47250000013,44255.25,0.0,4673.806584524999,39581.443415475,39581.443415475,4673.806584524999,2.9371460978750803,0,EXECUTED,13483835.042809412,2024-09-26
37579,ZOMATO,2024-09-20T00:00:00,LONG,0.57975,278.8500061035156,278.8500061035156,NORMAL,287.2155062866211,270.48450592041013,2024-09-27T00:00:00,2024-10-07T00:00:00,269.70001220703125,4814,1342383.9293823242,40271.51788146986,-44048.07061767578,0.0,4511.804499599652,-48559.87511727544,-48559.87511727544,4511.804499599652,-3.617435672044991,0,EXECUTED,13075760.712799212,2024-09-27
29625,SAIL,2024-09-25T00:00:00,LONG,0.5297499999999999,133.8800048828125,133.8800048828125,NORMAL,137.8964050292969,129.8636047363281,2024-09-27T00:00:00,2024-09-30T00:00:00,137.8964050292969,9944,1331302.7685546875,39939.08305664074,39939.08305664074,0.0,4611.05899878019,35328.024057860544,35328.024057860544,4611.05899878019,2.653643100000008,0,EXECUTED,13557826.2341374,2024-09-27
23744,NMDC,2024-09-25T00:00:00,LONG,0.55475,74.6433334350586,74.6433334350586,NORMAL,76.88263343811035,72.40403343200684,2024-09-27T00:00:00,2024-09-30T00:00:00,76.88263343811035,18015,1344699.6518325806,40340.98955497733,40340.98955497733,0.0,4657.460028398119,35683.52952657921,35683.52952657921,4657.460028398119,2.6536430999999934,0,EXECUTED,13557826.2341374,2024-09-27
6093,BHARTIARTL,2024-09-20T00:00:00,LONG,0.6185,1676.4599609375,1676.4599609375,NORMAL,1726.753759765625,1626.166162109375,2024-09-30T00:00:00,2024-10-07T00:00:00,1626.166162109375,809,1356256.1083984375,40687.6832519532,-40687.6832519532,0.0,4564.657602365141,-45252.34085431834,-45252.34085431834,4564.657602365141,-3.3365631000000056,0,EXECUTED,13075760.712799212,2024-09-30
32302,SUZLON,2024-09-19T00:00:00,LONG,0.61075,80.81999969482422,80.81999969482422,NORMAL,83.24459968566894,78.39539970397949,2024-09-30T00:00:00,2024-10-07T00:00:00,76.73999786376953,16780,1356159.5948791504,40684.7878463745,-68462.43072509766,0.0,4518.9913270017705,-72981.42205209943,-72981.42205209943,4518.9913270017705,-5.381477395999467,0,EXECUTED,13075760.712799212,2024-09-30
28605,RELIANCE,2024-09-19T00:00:00,LONG,0.67375,1457.0916748046875,1457.0916748046875,NORMAL,1500.804425048828,1413.378924560547,2024-10-01T00:00:00,2024-10-04T00:00:00,1413.378924560547,924,1346352.7075195312,40390.5812255859,-40390.5812255859,0.0,4531.326409361667,-44921.907634947565,-44921.907634947565,4531.326409361667,-3.336563099999997,0,EXECUTED,13294096.776133709,2024-10-01
20522,KOTAKBANK,2024-09-13T00:00:00,LONG,0.536,363.0239868164063,363.0239868164063,NORMAL,373.9147064208984,352.1332672119141,2024-10-03T00:00:00,2024-10-11T00:00:00,373.9147064208984,3449,1252069.7305297852,37562.09191589352,37562.09191589352,0.0,4336.629904501318,33225.4620113922,33225.4620113922,4336.629904501318,2.653643099999997,0,EXECUTED,13766546.95498084,2024-10-03
905,ADANIPOWER,2024-09-16T00:00:00,LONG,0.7204999999999999,126.69000244140624,126.69000244140624,NORMAL,130.49070251464843,122.88930236816404,2024-10-04T00:00:00,2024-10-07T00:00:00,130.49070251464843,9019,1142617.132019043,34278.51396057138,34278.51396057125,0.0,3957.5332773300647,30320.98068324118,30320.98068324118,3957.5332773300647,2.653643099999996,0,EXECUTED,13075760.712799212,2024-10-04
8701,DABUR,2024-06-05T00:00:00,LONG,0.5765,578.2000122070312,578.2000122070312,NORMAL,595.5460125732423,560.8540118408202,2024-10-04T00:00:00,2024-10-07T00:00:00,595.5460125732423,2257,1304997.4275512695,39149.92282653823,39149.92282653823,0.0,4519.948635146324,34629.9741913919,34629.9741913919,4519.948635146324,2.6536431000000102,0,EXECUTED,13075760.712799212,2024-10-04
35663,VEDL,2024-09-27T00:00:00,LONG,0.642,501.75,501.75,NORMAL,516.8025,486.6975,2024-10-07T00:00:00,2024-10-10T00:00:00,486.6975,2635,1322111.25,39663.33750000002,-39663.33750000002,0.0,4449.73860844875,-44113.076108448775,-44113.076108448775,4449.73860844875,-3.336563100000002,0,EXECUTED,13954726.227664284,2024-10-07
29003,RVNL,2024-07-08T00:00:00,LONG,0.66725,491.0499877929688,491.0499877929688,NORMAL,505.78148742675785,476.3184881591797,2024-10-07T00:00:00,2024-10-08T00:00:00,507.0,2685,1318469.217224121,39554.07651672373,42825.782775878906,0.0,4571.949514358552,38253.833261520354,38253.833261520354,4571.949514358552,2.9013823577966584,0,EXECUTED,13238962.486288236,2024-10-07
30975,SBIN,2024-09-11T00:00:00,LONG,0.573,740.1297607421875,740.1297607421875,NORMAL,762.3336535644531,717.9258679199219,2024-10-07T00:00:00,2024-10-08T00:00:00,770.3666227637009,1786,1321871.7526855469,39656.15258056641,54003.03557042292,0.0,4601.81244168167,49401.22312874124,49401.22312874124,4601.81244168167,3.737217549915604,0,EXECUTED,13238962.486288236,2024-10-07
32296,SUZLON,2024-09-10T00:00:00,LONG,0.53225,74.33999633789062,74.33999633789062,NORMAL,76.57019622802734,72.10979644775391,2024-10-07T00:00:00,2024-10-08T00:00:00,76.57019622802734,17760,1320278.3349609375,39608.35004882809,39608.35004882809,0.0,4572.875112342319,35035.47493648577,35035.47493648577,4572.875112342319,2.6536430999999974,0,EXECUTED,13238962.486288236,2024-10-07
37572,ZOMATO,2024-09-11T00:00:00,LONG,0.576,267.0,267.0,NORMAL,275.01,259.6690118408203,2024-10-07T00:00:00,2024-10-08T00:00:00,275.7310125732422,4937,1318179.0,36193.088541870165,43105.00907409673,0.0,4571.414319711648,38533.59475438508,38533.59475438508,4571.414319711648,2.9232444724415334,0,EXECUTED,13238962.486288236,2024-10-07
3781,BANDHANBNK,2024-07-26T00:00:00,SHORT,0.64975,189.0,189.0,NORMAL,183.33,191.40490188598636,2024-10-07T00:00:00,2024-10-09T00:00:00,191.40490188598636,6978,1318842.0,16781.40536041264,-16781.40536041264,0.0,4533.227391973864,-21314.632752386504,-21314.632752386504,4533.227391973864,-1.6161627209617606,0,EXECUTED,13300495.006472226,2024-10-07
11640,HDFCBANK,2024-09-11T00:00:00,LONG,0.61375,797.7928466796875,797.7928466796875,NORMAL,821.7266320800782,773.8590612792968,2024-10-07T00:00:00,2024-10-16T00:00:00,822.1066552857113,1655,1320347.1612548828,39610.41483764655,40239.35324296943,0.0,4574.140113119422,35665.21312985001,35665.21312985001,4574.140113119422,2.7011996675141954,0,EXECUTED,13900129.389444018,2024-10-07
6710,BHEL,2024-09-20T00:00:00,LONG,0.66375,257.1499938964844,257.1499938964844,NORMAL,264.8644937133789,249.43549407958983,2024-10-08T00:00:00,2024-10-09T00:00:00,269.5,5174,1330494.0684204102,39914.82205261238,63898.93157958984,0.0,4647.407272045697,59251.52430754415,59251.52430754415,4647.407272045697,4.453347498037987,0,EXECUTED,13300495.006472226,2024-10-08
17942,IRFC,2024-05-14T00:00:00,LONG,0.7275,145.89999389648438,145.89999389648438,NORMAL,150.2769937133789,141.52299407958984,2024-10-08T00:00:00,2024-10-09T00:00:00,152.07000732421875,9140,1333525.9442138672,40005.77832641609,56393.92272949219,0.0,4645.509489184022,51748.41324030817,51748.41324030817,4645.509489184022,3.880570412959952,0,EXECUTED,13300495.006472226,2024-10-08
17306,IRB,2024-03-18T00:00:00,LONG,0.624,28.649999618530277,28.649999618530277,NORMAL,29.509499607086184,27.790499629974363,2024-10-08T00:00:00,2024-10-09T00:00:00,29.899999618530277,46664,1336923.582199097,40107.707465973006,58330.0,0.0,4660.271322777036,53669.72867722296,53669.72867722296,4660.271322777036,4.014420075449786,0,EXECUTED,13300495.006472226,2024-10-08
25741,PFC,2024-05-07T00:00:00,LONG,0.5802499999999999,437.7999877929688,437.7999877929688,NORMAL,450.9339874267578,424.6659881591797,2024-10-08T00:00:00,2024-10-09T00:00:00,467.0,3046,1333538.7628173828,40006.16288452152,88943.23718261719,0.0,4698.683505569421,84244.55367704776,84244.55367704776,4698.683505569421,6.317368195511866,0,EXECUTED,13300495.006472226,2024-10-08
14275,IDBI,2024-06-06T00:00:00,LONG,0.5662499999999999,81.1500015258789,81.1500015258789,NORMAL,83.58450157165528,78.71550148010253,2024-10-08T00:00:00,2024-10-09T00:00:00,85.05999755859375,16413,1331914.9750442505,39957.44925132764,64174.76488494873,0.0,4652.709342507799,59522.05554244093,59522.05554244093,4652.709342507799,4.468908050265252,0,EXECUTED,13300495.006472226,2024-10-08
12813,HUDCO,2024-05-14T00:00:00,LONG,0.61675,210.0,210.0,NORMAL,216.3,209.85950592041016,2024-10-09T00:00:00,2024-10-10T00:00:00,209.85950592041016,6457,1355970.0,907.1702719116138,-907.1702719116138,0.0,4628.614387965159,-5535.784659876773,-5535.784659876773,4628.614387965159,-0.4082527386208229,0,EXECUTED,13954726.227664284,2024-10-09
25743,PFC,2024-05-16T00:00:00,LONG,0.53,436.5,436.5,NORMAL,449.595,423.4534881591797,2024-10-09T00:00:00,2024-10-10T00:00:00,449.6464874267578,3134,1367991.0,40887.768109130826,41201.09159545895,0.0,4738.394610411267,36462.69698504768,36462.69698504768,4738.394610411267,2.665419362046072,0,EXECUTED,13954726.227664284,2024-10-09
32280,SUZLON,2024-08-06T00:00:00,LONG,0.591,67.8499984741211,67.8499984741211,NORMAL,69.88549842834473,65.81449851989746,2024-10-09T00:00:00,2024-10-10T00:00:00,69.88549842834473,20346,1380476.0689544678,41414.28206863415,41414.28206863415,0.0,4781.374117672558,36632.90795096159,36632.90795096159,4781.374117672558,2.653643100000008,0,EXECUTED,13954726.227664284,2024-10-09
7209,BPCL,2024-09-23T00:00:00,LONG,0.538,331.20001220703125,331.20001220703125,NORMAL,341.13601257324217,321.2640118408204,2024-10-09T00:00:00,2024-10-11T00:00:00,345.0,4205,1392696.0513305664,41780.88153991692,58028.9486694336,0.0,4850.22058978647,53178.72807964712,53178.72807964712,4850.22058978647,3.818401583665061,0,EXECUTED,13766546.95498084,2024-10-09
12588,HINDPETRO,2024-08-20T00:00:00,LONG,0.59575,387.3500061035156,387.3500061035156,NORMAL,398.9705062866211,375.7295059204101,2024-10-09T00:00:00,2024-10-11T00:00:00,400.0,3593,1391748.5719299316,41752.45715789803,45451.42807006836,0.0,4826.455039750717,40624.97303031764,40624.97303031764,4826.455039750717,2.918987944351412,0,EXECUTED,13766546.95498084,2024-10-09
15705,INDUSTOWER,2024-06-28T00:00:00,LONG,0.53625,360.0,360.0,NORMAL,370.8,354.1954940795898,2024-10-09T00:00:00,2024-10-11T00:00:00,376.1044937133789,3824,1376640.0,22196.430639648526,61583.58395996103,0.0,4801.197828097845,56782.38613186318,56782.38613186318,4801.197828097845,4.124708430080717,0,EXECUTED,13766546.95498084,2024-10-09
31498,SJVN,2024-05-14T00:00:00,LONG,0.5605,122.3000030517578,122.3000030517578,NORMAL,125.96900314331054,119.795,2024-10-10T00:00:00,2024-10-14T00:00:00,119.795,11277,1379177.1344146729,28248.919414672837,-28248.919414672837,0.0,4663.227532011772,-32912.1469466846,-32912.1469466846,4663.227532011772,-2.386361122543742,0,EXECUTED,13663737.264825985,2024-10-10
16635,IOC,2024-10-07T00:00:00,LONG,0.68275,167.7899932861328,167.7899932861328,NORMAL,172.8236930847168,163.59049407958983,2024-10-10T00:00:00,2024-10-15T00:00:00,163.59049407958983,8141,1365978.3353424072,34188.12304046641,-34188.12304046641,0.0,4608.464350621231,-38796.58739108764,-38796.58739108764,4608.464350621231,-2.840205176560328,0,EXECUTED,13803094.55748578,2024-10-10
33038,TATAPOWER,2024-10-07T00:00:00,LONG,0.7072499999999999,459.9500122070313,459.9500122070313,NORMAL,473.7485125732422,452.6504940795898,2024-10-10T00:00:00,2024-10-11T00:00:00,452.6504940795898,2998,1378930.1365966797,21883.95534606945,-21883.95534606945,0.0,4672.7736641116335,-26556.729010181087,-26556.729010181087,4672.7736641116335,-1.9258937277072947,0,EXECUTED,13766546.95498084,2024-10-10
10581,GMRINFRA,2024-10-07T00:00:00,LONG,0.7175,88.8499984741211,88.8499984741211,NORMAL,91.51549842834471,87.24180236816406,2024-10-10T00:00:00,2024-10-11T00:00:00,87.24180236816406,15547,1381350.9262771606,25002.62485931402,-25002.62485931402,0.0,4675.949088308134,-29678.573947622157,-29678.573947622157,4675.949088308134,-2.1485180473008425,0,EXECUTED,13766546.95498084,2024-10-10
22461,NATIONALUM,2024-10-01T00:00:00,LONG,0.5885,208.1199951171875,208.1199951171875,NORMAL,214.36359497070316,203.9812934875488,2024-10-10T00:00:00,2024-10-14T00:00:00,216.5986930847168,6619,1377546.247680664,27394.06608657848,56120.50184707653,0.0,4795.374912495378,51325.12693458115,51325.12693458115,4795.374912495378,3.725836938033538,0,EXECUTED,13663737.264825985,2024-10-10
25457,PAYTM,2024-10-09T00:00:00,LONG,0.5955,744.75,744.75,NORMAL,767.0925,728.0819763183594,2024-10-11T00:00:00,2024-10-14T00:00:00,728.0819763183594,1838,1368850.5,30635.82752685551,-30635.82752685551,0.0,4624.070056027913,-35259.89758288342,-35259.89758288342,4624.070056027913,-2.575876443985915,0,EXECUTED,13663737.264825985,2024-10-11
17993,IRFC,2024-10-04T00:00:00,LONG,0.6307499999999999,151.60000610351562,151.60000610351562,NORMAL,156.1480062866211,147.05200592041015,2024-10-11T00:00:00,2024-10-22T00:00:00,147.05200592041015,9057,1373041.255279541,41191.23765838626,-41191.23765838626,0.0,4621.1502130477365,-45812.387871434,-45812.387871434,4621.1502130477365,-3.336563100000003,0,EXECUTED,13587933.46879008,2024-10-11
17385,IRB,2024-10-07T00:00:00,LONG,0.6985,29.84499931335449,29.84499931335449,NORMAL,30.740349292755127,28.949649333953857,2024-10-11T00:00:00,2024-10-22T00:00:00,28.949649333953857,45993,1372661.0534191132,41179.8316025734,-41179.8316025734,0.0,4619.870593880023,-45799.70219645342,-45799.70219645342,4619.870593880023,-3.3365631,0,EXECUTED,13587933.46879008,2024-10-11
22927,NHPC,2024-10-09T00:00:00,LONG,0.6507499999999999,90.63999938964844,90.63999938964844,NORMAL,93.3591993713379,87.92079940795898,2024-10-11T00:00:00,2024-10-18T00:00:00,87.92079940795898,15115,1370023.590774536,41100.70772323613,-41100.70772323613,0.0,4610.993867842093,-45711.70159107823,-45711.70159107823,4610.993867842093,-3.336563100000004,0,EXECUTED,13757213.235308295,2024-10-11
28613,RELIANCE,2024-10-10T00:00:00,SHORT,0.7162499999999999,1359.31103515625,1359.31103515625,NORMAL,1318.5317041015624,1400.0903662109376,2024-10-11T00:00:00,2024-10-25T00:00:00,1318.5317041015624,1005,1366107.5903320312,40983.22770996108,40983.22770996108,0.0,4591.6665712002905,36391.56113876079,36391.56113876079,4591.6665712002905,2.6638869000000107,0,EXECUTED,13453348.271372754,2024-10-11
36210,WIPRO,2024-10-09T00:00:00,LONG,0.60925,263.4750061035156,263.4750061035156,NORMAL,271.3792562866211,255.5707559204101,2024-10-11T00:00:00,2024-10-16T00:00:00,271.3792562866211,5199,1369806.5567321775,41094.19670196544,41094.19670196544,0.0,4744.419525894313,36349.777176071126,36349.777176071126,4744.419525894313,2.653643100000008,0,EXECUTED,13900129.389444018,2024-10-11
25787,PFC,2024-10-07T00:00:00,LONG,0.582,463.3500061035156,463.3500061035156,NORMAL,477.2505062866211,449.44950592041016,2024-10-14T00:00:00,2024-10-16T00:00:00,477.2505062866211,2965,1373832.7680969238,41214.983042907705,41214.983042907705,0.0,4758.364586764695,36456.61845614301,36456.61845614301,4758.364586764695,2.6536431,0,EXECUTED,13900129.389444018,2024-10-14
8911,EXIDEIND,2024-10-10T00:00:00,LONG,0.544,516.2000122070312,516.2000122070312,NORMAL,531.6860125732422,503.76947631835935,2024-10-14T00:00:00,2024-10-21T00:00:00,503.76947631835935,2667,1376705.4325561523,33152.23921508795,-33152.23921508795,0.0,4646.78396993545,-37799.023185023405,-37799.023185023405,4646.78396993545,-2.745614442360507,0,EXECUTED,13568560.326795025,2024-10-14
12594,HINDPETRO,2024-10-09T00:00:00,LONG,0.6765,390.25,390.25,NORMAL,401.9575,378.5425,2024-10-14T00:00:00,2024-10-16T00:00:00,401.9575,3523,1374850.75,41245.52250000014,41245.52250000014,0.0,4761.89043732675,36483.63206267339,36483.63206267339,4761.89043732675,2.65364310000001,0,EXECUTED,13900129.389444018,2024-10-14
3446,BAJFINANCE,2024-08-29T00:00:00,LONG,0.61475,697.7339477539062,697.7339477539062,NORMAL,718.6659661865234,676.8019293212891,2024-10-15T00:00:00,2024-10-21T00:00:00,676.8019293212891,1993,1390583.7578735352,41717.512736206,-41717.512736206,0.0,4680.191803595664,-46397.704539801656,-46397.704539801656,4680.191803595664,-3.336563099999996,0,EXECUTED,13568560.326795025,2024-10-15
3800,BANDHANBNK,2024-10-03T00:00:00,SHORT,0.67175,200.7899932861328,200.7899932861328,NORMAL,194.76629348754884,201.13839874267575,2024-10-16T00:00:00,2024-10-17T00:00:00,201.13839874267575,6884,1382238.3137817385,2398.423162841758,-2398.423162841758,0.0,4724.065655842256,-7122.488818684014,-7122.488818684014,4724.065655842256,-0.5152866005571227,0,EXECUTED,13845851.623610072,2024-10-16
23751,NMDC,2024-10-14T00:00:00,LONG,0.66625,77.8933334350586,77.8933334350586,NORMAL,80.23013343811036,75.55653343200683,2024-10-16T00:00:00,2024-10-21T00:00:00,75.55653343200683,17790,1385722.4018096924,41571.67205429087,-41571.67205429087,0.0,4663.830272925157,-46235.50232721603,-46235.50232721603,4663.830272925157,-3.336563100000008,0,EXECUTED,13568560.326795025,2024-10-16
20536,KOTAKBANK,2024-10-11T00:00:00,LONG,0.615,375.3983459472656,375.3983459472656,NORMAL,386.6602963256836,364.13639556884766,2024-10-16T00:00:00,2024-10-22T00:00:00,364.13639556884766,3693,1386346.091583252,41590.38274749754,-41590.38274749754,0.0,4665.929382561431,-46256.31213005897,-46256.31213005897,4665.929382561431,-3.3365630999999984,0,EXECUTED,13587933.46879008,2024-10-16
32310,SUZLON,2024-10-09T00:00:00,LONG,0.6025,73.63999938964844,73.63999938964844,NORMAL,75.84919937133789,71.43079940795899,2024-10-16T00:00:00,2024-10-22T00:00:00,71.43079940795899,18829,1386567.5485076904,41597.02645523068,-41597.02645523068,0.0,4666.674724851486,-46263.70118008217,-46263.70118008217,4666.674724851486,-3.336563099999998,0,EXECUTED,13587933.46879008,2024-10-16
19027,ITC,2024-10-11T00:00:00,LONG,0.64425,433.2854919433594,433.2854919433594,NORMAL,446.2840567016602,420.2869271850586,2024-10-17T00:00:00,2024-10-25T00:00:00,420.2869271850586,3115,1349684.3074035645,40490.529222107,-40490.529222107,0.0,4542.539345210966,-45033.06856731796,-45033.06856731796,4542.539345210966,-3.3365631000000047,0,EXECUTED,13453348.271372754,2024-10-17
25455,PAYTM,2024-10-07T00:00:00,LONG,0.6447499999999999,695.1500244140625,695.1500244140625,NORMAL,716.0045251464844,674.2955236816406,2024-10-18T00:00:00,2024-10-21T00:00:00,726.0499877929688,1699,1181059.8914794922,35431.796744384825,52499.03778076172,0.0,4118.541284815412,48380.49649594631,48380.49649594631,4118.541284815412,4.09636266924118,0,EXECUTED,13568560.326795025,2024-10-18
35661,VEDL,2024-09-25T00:00:00,LONG,0.7175,470.2000122070313,470.2000122070313,NORMAL,484.3060125732422,456.0940118408203,2024-10-21T00:00:00,2024-10-23T00:00:00,484.5,2882,1355116.435180664,40653.49305541992,41212.56481933594,0.0,4694.451849122497,36518.11297021344,36518.11297021344,4694.451849122497,2.6948321208535004,0,EXECUTED,13617096.868120404,2024-10-21
21189,M&M,2024-09-23T00:00:00,LONG,0.7105,2945.35009765625,2945.35009765625,NORMAL,3033.7106005859378,2862.3245947265623,2024-10-21T00:00:00,2024-10-25T00:00:00,2862.3245947265623,459,1351915.6948242188,38108.70584472666,-38108.70584472666,0.0,4554.04649099643,-42662.75233572309,-42662.75233572309,4554.04649099643,-3.155725797034279,0,EXECUTED,13453348.271372754,2024-10-21
6672,BHEL,2024-06-05T00:00:00,LONG,0.6775,246.5500030517578,246.5500030517578,NORMAL,253.94650314331057,239.15350296020503,2024-10-21T00:00:00,2024-10-22T00:00:00,253.94650314331057,5479,1350847.466720581,40525.42400161753,40525.42400161753,0.0,4678.753409461937,35846.6705921556,35846.6705921556,4678.753409461937,2.653643100000008,0,EXECUTED,13587933.46879008,2024-10-21
12860,HUDCO,2024-10-08T00:00:00,SHORT,0.6355,216.3000030517578,216.3000030517578,NORMAL,209.81100296020503,216.6192974853516,2024-10-21T00:00:00,2024-10-23T00:00:00,216.6192974853516,5965,1290229.5182037354,1904.5912963868277,-1904.5912963868277,0.0,4409.012265926025,-6313.603562312852,-6313.603562312852,4409.012265926025,-0.4893395689088469,0,EXECUTED,13617096.868120404,2024-10-21
17386,IRB,2024-10-08T00:00:00,SHORT,0.67075,28.75,28.75,NORMAL,27.8875,28.819399528503418,2024-10-22T00:00:00,2024-10-23T00:00:00,28.819399528503418,47418,1363267.5,3290.78684257506,-3290.78684257506,0.0,4660.878374889522,-7951.665217464582,-7951.665217464582,4660.878374889522,-0.5832798931585021,0,EXECUTED,13617096.868120404,2024-10-22
32309,SUZLON,2024-10-08T00:00:00,LONG,0.70975,70.93000030517578,70.93000030517578,NORMAL,73.05790031433105,68.80210029602051,2024-10-22T00:00:00,2024-10-24T00:00:00,68.80210029602051,19231,1364054.8358688354,40921.645076064975,-40921.645076064975,0.0,4590.9052413000645,-45512.55031736504,-45512.55031736504,4590.9052413000645,-3.336563099999993,0,EXECUTED,13312178.138966598,2024-10-22
20535,KOTAKBANK,2024-10-09T00:00:00,LONG,0.7072499999999999,357.3603122953124,357.3603122953124,NORMAL,368.08112166417175,348.35145721435543,2024-10-22T00:00:00,2024-10-29T00:00:00,348.35145721435543,3822,1365831.113592684,34431.84411941746,-34431.84411941746,0.0,4607.563821317453,-39039.40794073491,-39039.40794073491,4607.563821317453,-2.858289546358744,0,EXECUTED,13513603.1264172,2024-10-22
22862,NHPC,2024-03-21T00:00:00,LONG,0.6305,82.8499984741211,82.8499984741211,NORMAL,85.33549842834474,80.36449851989745,2024-10-22T00:00:00,2024-10-24T00:00:00,80.36449851989745,16483,1365616.524848938,40968.49574546828,-40968.49574546828,0.0,4596.161310143856,-45564.65705561214,-45564.65705561214,4596.161310143856,-3.3365631000000104,0,EXECUTED,13312178.138966598,2024-10-22
914,ADANIPOWER,2024-10-21T00:00:00,LONG,0.6955,122.27999877929688,122.27999877929688,NORMAL,125.94839874267578,118.61159881591796,2024-10-22T00:00:00,2024-10-24T00:00:00,118.61159881591796,11152,1363666.5463867188,40909.996391601526,-40909.996391601526,0.0,4589.598402182079,-45499.5947937836,-45499.5947937836,4589.598402182079,-3.336563099999997,0,EXECUTED,13312178.138966598,2024-10-22
16593,IOC,2024-06-06T00:00:00,LONG,0.531,159.25,159.25,NORMAL,164.0275,154.4725,2024-10-23T00:00:00,2024-10-25T00:00:00,154.4725,7172,1142141.0,34264.230000000025,-34264.230000000025,0.0,3844.025155971001,-38108.25515597103,-38108.25515597103,3844.025155971001,-3.336563100000002,0,EXECUTED,13453348.271372754,2024-10-23
10542,GMRINFRA,2024-05-31T00:00:00,LONG,0.54325,81.05000305175781,81.05000305175781,NORMAL,83.48150314331055,78.61850296020508,2024-10-23T00:00:00,2024-10-24T00:00:00,84.25,16478,1335541.9502868652,40066.25850860597,52729.549713134766,0.0,4646.411987446279,48083.13772568849,48083.13772568849,4646.411987446279,3.6002716137340767,0,EXECUTED,13312178.138966598,2024-10-23
29557,SAIL,2024-03-21T00:00:00,LONG,0.7275,123.6500015258789,123.6500015258789,NORMAL,127.35950157165529,119.94050148010254,2024-10-23T00:00:00,2024-10-24T00:00:00,127.35950157165529,10819,1337769.366508484,40133.0809952545,40133.0809952545,0.0,4633.456506988423,35499.62448826608,35499.62448826608,4633.456506988423,2.653643099999999,0,EXECUTED,13312178.138966598,2024-10-23
8579,COALINDIA,2024-06-06T00:00:00,LONG,0.72525,460.5499877929688,460.5499877929688,NORMAL,474.3664874267578,446.7334881591797,2024-10-24T00:00:00,2024-10-25T00:00:00,474.3664874267578,2913,1341582.114440918,40247.46343322758,40247.46343322758,0.0,4646.662222532015,35600.801210695565,35600.801210695565,4646.662222532015,2.653643100000003,0,EXECUTED,13453348.271372754,2024-10-24
25753,PFC,2024-06-05T00:00:00,LONG,0.5227499999999999,426.75,426.75,NORMAL,439.5525,413.9475,2024-10-24T00:00:00,2024-10-25T00:00:00,442.0,3136,1338288.0,40148.64000000003,47824.0,0.0,4647.78132,43176.21868,43176.21868,4647.78132,3.226227738722905,0,EXECUTED,13453348.271372754,2024-10-24
5461,BEL,2024-10-23T00:00:00,LONG,0.7144999999999999,271.0,271.0,NORMAL,279.13,263.5004940795898,2024-10-24T00:00:00,2024-10-29T00:00:00,263.5004940795898,4965,1345515.0,37235.0468948365,-37235.0468948365,0.0,4533.616751953558,-41768.66364679006,-41768.66364679006,4533.616751953558,-3.104288220256932,0,EXECUTED,13513603.1264172,2024-10-24
30985,SBIN,2024-10-23T00:00:00,LONG,0.71375,756.88525390625,756.88525390625,NORMAL,779.5918115234375,734.1786962890625,2024-10-24T00:00:00,2024-10-30T00:00:00,779.5918115234375,1775,1343471.3256835938,40304.13977050784,40304.13977050784,0.0,4653.2056360266,35650.934134481235,35650.934134481235,4653.2056360266,2.653643100000002,0,EXECUTED,13870164.157184936,2024-10-24
17308,IRB,2024-03-21T00:00:00,LONG,0.6555,26.364999771118164,26.364999771118164,NORMAL,27.15594976425171,26.165750370025638,2024-10-24T00:00:00,2024-10-25T00:00:00,26.165750370025638,50749,1337997.3733844757,10111.7078560448,-10111.7078560448,0.0,4552.2204904252085,-14663.928346470007,-14663.928346470007,4552.2204904252085,-1.0959609217600683,0,EXECUTED,13453348.271372754,2024-10-24
11660,HDFCBANK,2024-10-23T00:00:00,LONG,0.604,842.3924560546875,842.3924560546875,NORMAL,867.6642297363281,817.1206823730469,2024-10-25T00:00:00,2024-11-14T00:00:00,817.1206823730469,1601,1348670.3221435547,40460.10966430666,-40460.10966430666,0.0,4539.126644986334,-44999.236309293,-44999.236309293,4539.126644986334,-3.3365631000000016,0,EXECUTED,13428330.163806694,2024-10-25
21589,MAHABANK,2024-10-24T00:00:00,SHORT,0.7224999999999999,50.650001525878906,50.650001525878906,NORMAL,49.13050148010254,51.97379905700684,2024-10-25T00:00:00,2024-10-29T00:00:00,48.94619911193848,26548,1344656.2405090332,35144.176856384285,45232.546485290535,0.0,4510.845231241411,40721.70125404913,40721.70125404913,4510.845231241411,3.028409791831518,0,EXECUTED,13513603.1264172,2024-10-25
25215,ONGC,2024-10-24T00:00:00,SHORT,0.7135,271.8999938964844,271.8999938964844,NORMAL,263.74299407958983,278.9755062866211,2024-10-25T00:00:00,2024-10-29T00:00:00,262.72450592041014,4854,1319802.5703735352,34344.53714172372,44537.81863586434,0.0,4427.2181026427725,40110.60053322157,40110.60053322157,4427.2181026427725,3.0391364158253857,0,EXECUTED,13513603.1264172,2024-10-25
7805,CANBK,2024-02-02T00:00:00,LONG,0.6932499999999999,98.0,98.0,NORMAL,100.94,97.29100296020508,2024-10-25T00:00:00,2024-10-29T00:00:00,97.29100296020508,13761,1348578.0,9756.508264617936,-9756.508264617936,0.0,4588.928890359664,-14345.4371549776,-14345.4371549776,4588.928890359664,-1.063745452986598,0,EXECUTED,13513603.1264172,2024-10-25
37589,ZOMATO,2024-10-23T00:00:00,LONG,0.58,256.3500061035156,256.3500061035156,NORMAL,264.0405062866211,248.6595059204101,2024-10-25T00:00:00,2024-10-28T00:00:00,267.20001220703125,5262,1348913.7321166992,40467.41196350106,57092.73211669922,0.0,4699.19329631977,52393.53882037945,52393.53882037945,4699.19329631977,3.8841282116806783,0,EXECUTED,13473323.383531408,2024-10-25
22936,NHPC,2024-10-24T00:00:00,SHORT,0.7275,78.38999938964844,78.38999938964844,NORMAL,76.03829940795899,80.52540031433105,2024-10-25T00:00:00,2024-10-28T00:00:00,80.52540031433105,17192,1347680.869506836,36711.8126971435,-36711.8126971435,0.0,4667.222560788161,-41379.03525793166,-41379.03525793166,4667.222560788161,-3.0703882643280163,0,EXECUTED,13473323.383531408,2024-10-25
22474,NATIONALUM,2024-10-22T00:00:00,LONG,0.588,225.8999938964844,225.8999938964844,NORMAL,232.6769937133789,223.1,2024-10-25T00:00:00,2024-10-28T00:00:00,223.1,5970,1348622.9635620115,16715.96356201175,-16715.96356201175,0.0,4577.722504056574,-21293.686066068323,-21293.686066068323,4577.722504056574,-1.5789206206178623,0,EXECUTED,13473323.383531408,2024-10-25
17926,IRFC,2024-03-21T00:00:00,LONG,0.6685,133.1999969482422,133.1999969482422,NORMAL,137.19599685668945,129.20399703979493,2024-10-28T00:00:00,2024-10-29T00:00:00,138.3300018310547,10132,1349582.3690795898,40487.471072387634,51977.20947265625,0.0,4693.126356481384,47284.08311617487,47284.08311617487,4693.126356481384,3.503608538426775,0,EXECUTED,13513603.1264172,2024-10-28
29001,RVNL,2024-07-04T00:00:00,LONG,0.56675,416.9500122070313,416.9500122070313,NORMAL,429.4585125732422,404.4415118408203,2024-10-28T00:00:00,2024-10-29T00:00:00,442.1000061035156,3239,1350501.0895385742,40515.03268615732,81460.83023071289,0.0,4744.389533524009,76716.44069718888,76716.44069718888,4744.389533524009,5.680590803773479,0,EXECUTED,13513603.1264172,2024-10-28
16549,IOC,2024-02-01T00:00:00,LONG,0.55075,146.9499969482422,146.9499969482422,NORMAL,151.35849685668947,142.5414970397949,2024-10-28T00:00:00,2024-10-29T00:00:00,153.5,9190,1350470.4719543457,40514.11415863053,60194.5280456543,0.0,4709.572001664231,55484.95604399007,55484.95604399007,4709.572001664231,4.108564918394292,0,EXECUTED,13513603.1264172,2024-10-28
33041,TATAPOWER,2024-10-28T00:00:00,LONG,0.7235,422.1000061035156,422.1000061035156,NORMAL,434.7630062866211,409.4370059204102,2024-10-29T00:00:00,2024-11-04T00:00:00,434.7630062866211,3048,1286560.8186035156,38596.82455810542,38596.82455810542,0.0,4456.092167929761,34140.73239017566,34140.73239017566,4456.092167929761,2.653643099999996,0,EXECUTED,13756879.066176774,2024-10-29
32322,SUZLON,2024-10-25T00:00:00,LONG,0.64175,68.0,68.0,NORMAL,70.04,67.07550148010253,2024-10-29T00:00:00,2024-10-30T00:00:00,67.07550148010253,20346,1383528.0,18809.846885833904,-18809.846885833904,0.0,4693.491395728253,-23503.33828156216,-23503.33828156216,4693.491395728253,-1.6987974425932948,0,EXECUTED,13870164.157184936,2024-10-29
25791,PFC,2024-10-24T00:00:00,SHORT,0.5495,441.0,441.0,NORMAL,427.77,451.5005062866211,2024-10-29T00:00:00,2024-10-30T00:00:00,451.5005062866211,3144,1386504.0,33013.591765136705,-33013.591765136705,0.0,4793.196683003003,-37806.788448139705,-37806.788448139705,4793.196683003003,-2.726770961218987,0,EXECUTED,13870164.157184936,2024-10-29
25163,ONGC,2024-06-11T00:00:00,LONG,0.669,259.1499938964844,259.1499938964844,NORMAL,266.9244937133789,251.37549407958983,2024-10-29T00:00:00,2024-11-04T00:00:00,266.9244937133789,5317,1377900.5175476074,41337.01552642831,41337.01552642831,0.0,4772.453517661849,36564.56200876646,36564.56200876646,4772.453517661849,2.6536431000000062,0,EXECUTED,13756879.066176774,2024-10-29
25461,PAYTM,2024-10-25T00:00:00,LONG,0.60975,747.7000122070312,747.7000122070312,NORMAL,770.1310125732422,741.5165118408203,2024-10-29T00:00:00,2024-10-30T00:00:00,741.5165118408203,1857,1388478.922668457,11482.760180053789,-11482.760180053789,0.0,4722.356819901812,-16205.1169999556,-16205.1169999556,4722.356819901812,-1.1671129273472651,0,EXECUTED,13870164.157184936,2024-10-29
10543,GMRINFRA,2024-06-05T00:00:00,LONG,0.7035,76.5999984741211,76.5999984741211,NORMAL,78.89799842834474,74.30199851989745,2024-10-29T00:00:00,2024-10-30T00:00:00,80.4000015258789,17964,1376042.372589111,41281.27117767349,68263.25482177734,0.0,4810.060396288367,63453.194425488975,63453.194425488975,4810.060396288367,4.6112820135108015,0,EXECUTED,13870164.157184936,2024-10-29
8578,COALINDIA,2024-06-05T00:00:00,LONG,0.5765,441.8999938964844,441.8999938964844,NORMAL,455.1569937133789,428.6429940795898,2024-10-29T00:00:00,2024-10-30T00:00:00,455.1569937133789,3118,1377844.1809692385,41335.325429077246,41335.325429077246,0.0,4772.258392035445,36563.0670370418,36563.0670370418,4772.258392035445,2.6536431000000067,0,EXECUTED,13870164.157184936,2024-10-29
29000,RVNL,2024-07-03T00:00:00,LONG,0.62125,411.0,411.0,NORMAL,423.33,398.67,2024-10-29T00:00:00,2024-10-30T00:00:00,423.33,3357,1379727.0,41391.80999999995,41391.80999999995,0.0,4778.779665663001,36613.03033433695,36613.03033433695,4778.779665663001,2.653643099999996,0,EXECUTED,13870164.157184936,2024-10-29
12598,HINDPETRO,2024-10-29T00:00:00,LONG,0.7244999999999999,383.2999877929688,383.2999877929688,NORMAL,394.7989874267578,371.80098815917967,2024-10-30T00:00:00,2024-11-06T00:00:00,371.80098815917967,3589,1375663.6561889648,41269.909685669016,-41269.909685669016,0.0,4629.976246842922,-45899.88593251194,-45899.88593251194,4629.976246842922,-3.3365631000000056,0,EXECUTED,13432539.721423538,2024-10-30
916,ADANIPOWER,2024-10-24T00:00:00,SHORT,0.67575,117.56999969482422,117.56999969482422,NORMAL,114.04289970397949,121.09709968566897,2024-10-30T00:00:00,2024-11-04T00:00:00,121.09709968566897,11741,1380389.3664169312,41411.680992508,-41411.680992508,0.0,4787.285569600201,-46198.9665621082,-46198.9665621082,4787.285569600201,-3.346806900000005,0,EXECUTED,13756879.066176774,2024-10-30
8598,COALINDIA,2024-10-29T00:00:00,SHORT,0.716,444.2000122070313,444.2000122070313,NORMAL,430.8740118408203,454.8994937133789,2024-10-30T00:00:00,2024-11-01T00:00:00,454.8994937133789,3095,1374799.0377807615,33114.895262146114,-33114.895262146114,0.0,4753.409472231911,-37868.30473437803,-37868.30473437803,4753.409472231911,-2.75446110258457,0,EXECUTED,13566596.916270208,2024-10-30
10593,GMRINFRA,2024-10-29T00:00:00,SHORT,0.72325,78.01000213623047,78.01000213623047,NORMAL,75.66970207214355,80.27820251464844,2024-10-30T00:00:00,2024-11-01T00:00:00,80.27820251464844,17659,1377578.6277236938,40054.15048248298,-40054.15048248298,0.0,4775.268494630254,-44829.41897711324,-44829.41897711324,4775.268494630254,-3.254218530610424,0,EXECUTED,13566596.916270208,2024-10-30
36181,WIPRO,2024-07-19T00:00:00,LONG,0.7045,279.8999938964844,279.8999938964844,NORMAL,288.2969937133789,278.00200592041017,2024-10-30T00:00:00,2024-10-31T00:00:00,278.00200592041017,4930,1379906.969909668,9357.080722045832,-9357.080722045832,0.0,4696.556776590956,-14053.637498636788,-14053.637498636788,4696.556776590956,-1.0184481856452088,0,EXECUTED,13735930.426419638,2024-10-30
15014,IDFCFIRSTB,2024-10-28T00:00:00,SHORT,0.544,66.19000244140625,66.19000244140625,NORMAL,64.20430236816406,67.465,2024-10-30T00:00:00,2024-10-31T00:00:00,67.465,20836,1379134.8908691406,26565.84913085945,-26565.84913085945,0.0,4756.542311267698,-31322.391442127144,-31322.391442127144,4756.542311267698,-2.27116228075323,0,EXECUTED,13735930.426419638,2024-10-30
9995,GAIL,2024-10-29T00:00:00,LONG,0.7152499999999999,205.6499938964844,205.6499938964844,NORMAL,211.8194937133789,200.64450592041013,2024-10-30T00:00:00,2024-10-31T00:00:00,200.64450592041013,6682,1374153.2592163086,33446.67065612794,-33446.67065612794,0.0,4637.58871840801,-38084.25937453596,-38084.25937453596,4637.58871840801,-2.7714710218171543,0,EXECUTED,13735930.426419638,2024-10-30
15013,IDFCFIRSTB,2024-10-25T00:00:00,SHORT,0.546,68.05000305175781,68.05000305175781,NORMAL,66.00850296020508,70.09150314331055,2024-10-31T00:00:00,2024-11-04T00:00:00,70.09150314331055,19989,1360251.511001587,40807.54533004761,-40807.54533004761,0.0,4717.446097507763,-45524.99142755537,-45524.99142755537,4717.446097507763,-3.3468069,0,EXECUTED,13756879.066176774,2024-10-31
8881,DRREDDY,2024-06-28T00:00:00,LONG,0.6467499999999999,1247.1800537109375,1247.1800537109375,NORMAL,1284.5954553222657,1209.7646520996093,2024-10-31T00:00:00,2024-11-05T00:00:00,1209.7646520996093,1090,1359426.258544922,40782.78775634775,-40782.78775634775,0.0,4575.327157972803,-45358.11491432055,-45358.11491432055,4575.327157972803,-3.3365631000000064,0,EXECUTED,13522298.29142806,2024-10-31
32324,SUZLON,2024-10-29T00:00:00,LONG,0.7,68.98999786376953,68.98999786376953,NORMAL,71.05969779968262,68.7147964477539,2024-10-31T00:00:00,2024-11-01T00:00:00,68.7147964477539,19488,1344477.0783691406,5363.125195312667,-5363.125195312667,0.0,4582.097202542958,-9945.222397855625,-9945.222397855625,4582.097202542958,-0.739709330702703,0,EXECUTED,13566596.916270208,2024-10-31
21865,MANAPPURAM,2024-10-30T00:00:00,SHORT,0.528,158.05999755859375,158.05999755859375,NORMAL,153.31819763183594,160.5666993713379,2024-11-01T00:00:00,2024-11-05T00:00:00,160.5666993713379,8439,1333868.319396973,21154.05659774792,-21154.05659774792,0.0,4592.329638487068,-25746.386236234983,-25746.386236234983,4592.329638487068,-1.930204493339691,0,EXECUTED,13522298.29142806,2024-11-01
24415,NTPC,2024-10-29T00:00:00,LONG,0.622,403.8999938964844,403.8999938964844,NORMAL,416.0169937133789,391.78299407958986,2024-11-01T00:00:00,2024-11-14T00:00:00,391.78299407958986,3401,1373663.8792419434,41209.91637725826,-41209.91637725826,0.0,4623.24573555694,-45833.1621128152,-45833.1621128152,4623.24573555694,-3.336563099999997,0,EXECUTED,13428330.163806694,2024-11-01
31292,SHRIRAMFIN,2024-10-28T00:00:00,LONG,0.61,618.530029296875,618.530029296875,NORMAL,637.0859301757813,599.9741284179687,2024-11-01T00:00:00,2024-11-08T00:00:00,637.4000244140625,2218,1371899.6049804688,41156.988149414174,41853.64916992188,0.0,4752.806102706372,37100.8430672155,37100.8430672155,4752.806102706372,2.7043409687215187,0,EXECUTED,13342675.824597163,2024-11-01
36942,YESBANK,2024-11-01T00:00:00,SHORT,0.69075,20.56999969482422,20.56999969482422,NORMAL,19.95289970397949,21.01199960708618,2024-11-04T00:00:00,2024-11-11T00:00:00,21.01199960708618,65878,1355110.43989563,29118.07021999359,-29118.07021999359,0.0,4679.057244620712,-33797.1274646143,-33797.1274646143,4679.057244620712,-2.494049670757266,0,EXECUTED,13456003.807353465,2024-11-04
26500,PNB,2024-11-01T00:00:00,SHORT,0.7045,98.69000244140624,98.69000244140624,NORMAL,95.72930236816406,100.83700157165528,2024-11-04T00:00:00,2024-11-05T00:00:00,100.83700157165528,13765,1358467.883605957,29553.44302787788,-29553.44302787788,0.0,4691.297536869488,-34244.740564747364,-34244.740564747364,4691.297536869488,-2.5208354925437853,0,EXECUTED,13522298.29142806,2024-11-04
33040,TATAPOWER,2024-10-22T00:00:00,LONG,0.6935,444.0,444.0,NORMAL,457.32,440.18598815917966,2024-11-04T00:00:00,2024-11-06T00:00:00,440.18598815917966,3059,1358196.0,11667.062221069426,-11667.062221069426,0.0,4618.651915936549,-16285.714137005974,-16285.714137005974,4618.651915936549,-1.1990695111019305,0,EXECUTED,13432539.721423538,2024-11-04
21031,L&TFH,2024-11-01T00:00:00,SHORT,0.67675,146.88999938964844,146.88999938964844,NORMAL,142.48329940795898,150.38,2024-11-04T00:00:00,2024-11-07T00:00:00,141.62,8883,1304823.864578247,31001.67542175289,46813.40457824703,0.0,4372.0160370090725,42441.38854123795,42441.38854123795,4372.0160370090725,3.252652690787205,0,EXECUTED,13470699.432627035,2024-11-04
20545,KOTAKBANK,2024-10-29T00:00:00,SHORT,0.6985,351.028564453125,351.028564453125,NORMAL,340.4977075195312,361.5594213867188,2024-11-05T00:00:00,2024-11-14T00:00:00,340.4977075195312,3821,1341280.1447753906,40238.40434326184,40238.40434326184,0.0,4508.218274289053,35730.18606897279,35730.18606897279,4508.218274289053,2.6638869000000094,0,EXECUTED,13428330.163806694,2024-11-05
3462,BAJFINANCE,2024-10-22T00:00:00,SHORT,0.7164999999999999,676.1457938727494,676.1457938727494,NORMAL,655.8614200565669,679.4289007568359,2024-11-05T00:00:00,2024-11-06T00:00:00,679.4289007568359,1986,1342825.5466312803,6520.250271795719,-6520.250271795719,0.0,4596.833153586591,-11117.083425382309,-11117.083425382309,4596.833153586591,-0.8278873941050283,0,EXECUTED,13432539.721423538,2024-11-05
22478,NATIONALUM,2024-11-01T00:00:00,LONG,0.71425,227.32000732421875,227.32000732421875,NORMAL,234.1396075439453,220.50040710449215,2024-11-05T00:00:00,2024-11-07T00:00:00,234.1396075439453,5470,1243440.4400634766,37303.21320190432,37303.21320190432,0.0,4306.741761550216,32996.4714403541,32996.4714403541,4306.741761550216,2.653643100000002,0,EXECUTED,13470699.432627035,2024-11-05
26501,PNB,2024-11-05T00:00:00,SHORT,0.71925,103.7300033569336,103.7300033569336,NORMAL,100.61810325622558,106.75950157165528,2024-11-06T00:00:00,2024-11-08T00:00:00,106.75950157165528,13004,1348904.9636535645,39395.594784240784,-39395.594784240784,0.0,4676.185657475414,-44071.7804417162,-44071.7804417162,4676.185657475414,-3.26722650069772,0,EXECUTED,13342675.824597163,2024-11-06
9998,GAIL,2024-11-05T00:00:00,SHORT,0.71375,196.19000244140625,196.19000244140625,NORMAL,190.3043023681641,202.07570251464844,2024-11-06T00:00:00,2024-11-08T00:00:00,202.07570251464844,6803,1334680.5866088867,40040.41759826663,-40040.41759826663,0.0,4628.764367320095,-44669.18196558672,-44669.18196558672,4628.764367320095,-3.3468069000000016,0,EXECUTED,13342675.824597163,2024-11-06
32328,SUZLON,2024-11-04T00:00:00,LONG,0.71175,66.30000305175781,66.30000305175781,NORMAL,68.28900314331055,66.09579940795898,2024-11-06T00:00:00,2024-11-07T00:00:00,66.09579940795898,20316,1346950.8619995115,4148.601227417119,-4148.601227417119,0.0,4592.526651600019,-8741.127879017138,-8741.127879017138,4592.526651600019,-0.6489567010663755,0,EXECUTED,13470699.432627035,2024-11-06
23758,NMDC,2024-11-06T00:00:00,LONG,0.68575,78.24333190917969,78.24333190917969,NORMAL,80.59063186645508,75.89603195190429,2024-11-07T00:00:00,2024-11-08T00:00:00,80.59063186645508,14967,1171067.9486846924,35132.038460540854,35132.038460540854,0.0,4056.074643957892,31075.963816582964,31075.963816582964,4056.074643957892,2.653643100000007,0,EXECUTED,13342675.824597163,2024-11-07
16019,INFY,2024-11-06T00:00:00,LONG,0.693,1723.542661022224,1723.542661022224,NORMAL,1775.2489408528909,1681.7495776367186,2024-11-07T00:00:00,2024-11-13T00:00:00,1785.7753247070314,772,1330574.934309157,32264.260373610243,48043.61636467117,0.0,4621.8027656841,43421.81359898707,43421.81359898707,4621.8027656841,3.263387313209229,0,EXECUTED,13515426.491511194,2024-11-07
22942,NHPC,2024-11-06T00:00:00,SHORT,0.705,81.0,81.0,NORMAL,78.57,82.58540031433105,2024-11-07T00:00:00,2024-11-08T00:00:00,82.58540031433105,16510,1337310.0,26174.95918960569,-26174.95918960569,0.0,4613.030355763634,-30787.98954536933,-30787.98954536933,4613.030355763634,-2.302232806557144,0,EXECUTED,13342675.824597163,2024-11-07
22933,NHPC,2024-10-18T00:00:00,SHORT,0.5475,84.94999694824219,84.94999694824219,NORMAL,82.40149703979492,87.49849685668946,2024-11-08T00:00:00,2024-11-12T00:00:00,81.5,15843,1345862.801651001,40375.88404953008,54658.30165100098,0.0,4498.16563148493,50160.136019516045,50160.136019516045,4498.16563148493,3.726987324263918,0,EXECUTED,13480940.580931572,2024-11-08
37590,ZOMATO,2024-10-24T00:00:00,LONG,0.54025,257.0,257.0,NORMAL,264.71,256.12848815917965,2024-11-08T00:00:00,2024-11-11T00:00:00,256.12848815917965,5238,1346166.0,4564.979022216976,-4564.979022216976,0.0,4589.167008342036,-9154.146030559012,-9154.146030559012,4589.167008342036,-0.680016136981547,0,EXECUTED,13456003.807353465,2024-11-08
21868,MANAPPURAM,2024-11-05T00:00:00,SHORT,0.62925,156.00999450683594,156.00999450683594,NORMAL,151.32969467163085,157.48699371337892,2024-11-08T00:00:00,2024-11-13T00:00:00,148.31299407958983,8053,1256348.4857635498,11894.274610290657,61983.94444061292,0.0,4179.453555311712,57804.49088530121,57804.49088530121,4179.453555311712,4.600991806041009,0,EXECUTED,13515426.491511194,2024-11-08
21583,MAHABANK,2024-10-09T00:00:00,SHORT,0.72175,57.040000915527344,57.040000915527344,NORMAL,55.32880088806152,58.751200942993165,2024-11-08T00:00:00,2024-11-11T00:00:00,55.32880088806152,23527,1341980.1015396118,40259.40304618838,40259.40304618838,0.0,4510.570920667937,35748.83212552044,35748.83212552044,4510.570920667937,2.663886900000002,0,EXECUTED,13456003.807353465,2024-11-08
18008,IRFC,2024-11-04T00:00:00,LONG,0.71375,155.0,155.0,NORMAL,159.65,153.366700592041,2024-11-08T00:00:00,2024-11-11T00:00:00,153.366700592041,8678,1345090.0,14173.772262268089,-14173.772262268089,0.0,4569.8084655363,-18743.580727804387,-18743.580727804387,4569.8084655363,-1.393481531184113,0,EXECUTED,13456003.807353465,2024-11-08
32275,SUZLON,2024-07-29T00:00:00,LONG,0.57975,61.88999938964844,61.88999938964844,NORMAL,63.74669937133789,60.033299407958985,2024-11-11T00:00:00,2024-11-12T00:00:00,66.58999633789062,21819,1350377.8966827393,40511.33690048216,102549.23341369627,0.0,4778.391479714058,97770.84193398224,97770.84193398224,4778.391479714058,7.2402578696052755,0,EXECUTED,13480940.580931572,2024-11-11
4481,BANKBARODA,2024-11-06T00:00:00,LONG,0.579,257.8999938964844,257.8999938964844,NORMAL,265.6369937133789,250.16299407958985,2024-11-11T00:00:00,2024-11-18T00:00:00,250.1499938964844,5240,1351395.968017578,40541.87904052731,-40610.0,0.0,4548.188969392822,-45158.18896939282,-45158.18896939282,4548.188969392822,-3.341595656500097,0,EXECUTED,13607276.24610778,2024-11-11
35674,VEDL,2024-11-08T00:00:00,LONG,0.729,457.8999938964844,457.8999938964844,NORMAL,471.6369937133789,444.16299407958985,2024-11-11T00:00:00,2024-11-14T00:00:00,444.16299407958985,2860,1309593.9825439453,39287.81947631834,-39287.81947631834,0.0,4407.610105063361,-43695.4295813817,-43695.4295813817,4407.610105063361,-3.3365630999999984,0,EXECUTED,13428330.163806694,2024-11-11
22481,NATIONALUM,2024-11-07T00:00:00,LONG,0.708,242.5,242.5,NORMAL,249.775,237.6305958557129,2024-11-11T00:00:00,2024-11-12T00:00:00,237.6305958557129,5569,1350482.5,27117.711679534877,-27117.711679534877,0.0,4567.093303725495,-31684.80498326037,-31684.80498326037,4567.093303725495,-2.346184047794797,0,EXECUTED,13480940.580931572,2024-11-11
23760,NMDC,2024-11-08T00:00:00,LONG,0.647,78.12999725341797,78.12999725341797,NORMAL,80.47389717102051,77.24756538391114,2024-11-12T00:00:00,2024-11-13T00:00:00,77.24756538391114,17274,1349617.572555542,15243.128113861005,-15243.128113861005,0.0,4583.522805227898,-19826.650919088905,-19826.650919088905,4583.522805227898,-1.469056962673251,0,EXECUTED,13515426.491511194,2024-11-12
33692,TATASTEEL,2024-11-11T00:00:00,SHORT,0.7255,147.57000732421875,147.57000732421875,NORMAL,143.1429071044922,151.9971075439453,2024-11-12T00:00:00,2024-11-18T00:00:00,143.1429071044922,9138,1348494.726928711,40454.84180786125,40454.84180786125,0.0,4532.467430016625,35922.37437784463,35922.37437784463,4532.467430016625,2.6638868999999947,0,EXECUTED,13607276.24610778,2024-11-12
36218,WIPRO,2024-11-11T00:00:00,LONG,0.69175,284.5,284.5,NORMAL,293.035,275.965,2024-11-12T00:00:00,2024-11-21T00:00:00,275.965,4747,1350521.5,40515.64500000012,-40515.64500000012,0.0,4545.3570265665,-45061.002026566624,-45061.002026566624,4545.3570265665,-3.336563100000009,0,EXECUTED,13643454.086560678,2024-11-12
37588,ZOMATO,2024-10-22T00:00:00,LONG,0.67225,259.95001220703125,259.95001220703125,NORMAL,267.7485125732422,257.7290118408203,2024-11-13T00:00:00,2024-11-14T00:00:00,257.7290118408203,5037,1309368.2114868164,11187.178844604528,-11187.178844604528,0.0,4452.707862914836,-15639.886707519365,-15639.886707519365,4452.707862914836,-1.1944605474849528,0,EXECUTED,13428330.163806694,2024-11-13
32273,SUZLON,2024-07-25T00:00:00,LONG,0.60475,60.720001220703125,60.720001220703125,NORMAL,62.54160125732422,58.89840118408203,2024-11-13T00:00:00,2024-11-14T00:00:00,62.54160125732422,22162,1345676.667053223,40370.30001159664,40370.30001159664,0.0,4660.843988028862,35709.45602356778,35709.45602356778,4660.843988028862,2.6536430999999974,0,EXECUTED,13428330.163806694,2024-11-13
837,ADANIPOWER,2024-04-02T00:00:00,LONG,0.5615,112.08999633789062,112.08999633789062,NORMAL,115.45269622802736,108.7272964477539,2024-11-13T00:00:00,2024-11-14T00:00:00,115.95999908447266,12013,1346537.12600708,40396.11378021247,46490.34299468994,0.0,4673.771857334008,41816.57113735593,41816.57113735593,4673.771857334008,3.105489654143859,0,EXECUTED,13428330.163806694,2024-11-13
21866,MANAPPURAM,2024-10-31T00:00:00,SHORT,0.7105,161.2899932861328,161.2899932861328,NORMAL,156.4512934875488,166.12869308471682,2024-11-14T00:00:00,2024-11-18T00:00:00,156.4512934875488,8410,1356448.843536377,40693.46530609146,40693.46530609146,0.0,4559.202257924266,36134.2630481672,36134.2630481672,4559.202257924266,2.663886900000011,0,EXECUTED,13607276.24610778,2024-11-14
24419,NTPC,2024-11-12T00:00:00,LONG,0.6825,384.0,384.0,NORMAL,395.52,380.7734881591797,2024-11-14T00:00:00,2024-11-18T00:00:00,380.7734881591797,3532,1356288.0,11396.039821777327,-11396.039821777327,0.0,4612.579248998913,-16008.61907077624,-16008.61907077624,4612.579248998913,-1.1803259389433691,0,EXECUTED,13607276.24610778,2024-11-14
25794,PFC,2024-11-12T00:00:00,LONG,0.7182499999999999,469.1000061035156,469.1000061035156,NORMAL,483.1730062866211,467.39450592041015,2024-11-14T00:00:00,2024-11-18T00:00:00,467.39450592041015,2896,1358513.6176757812,4939.128530273444,-4939.128530273444,0.0,4630.718459415757,-9569.846989689202,-9569.846989689202,4630.718459415757,-0.7044351168199414,0,EXECUTED,13607276.24610778,2024-11-14
16653,IOC,2024-11-13T00:00:00,SHORT,0.69625,138.7899932861328,138.7899932861328,NORMAL,134.62629348754882,142.9536930847168,2024-11-14T00:00:00,2024-11-19T00:00:00,134.62629348754882,9638,1337657.955291748,40129.73865875251,40129.73865875251,0.0,4496.043620927709,35633.6950378248,35633.6950378248,4496.043620927709,2.663886900000005,0,EXECUTED,13601841.67955561,2024-11-14
3810,BANDHANBNK,2024-10-28T00:00:00,SHORT,0.67925,172.0,172.0,NORMAL,166.84,173.2563069152832,2024-11-14T00:00:00,2024-11-25T00:00:00,163.16370651245117,7856,1351232.0,9869.547126464851,69417.9216381836,0.0,4490.193225464265,64927.72841271933,64927.72841271933,4490.193225464265,4.805076286878887,0,EXECUTED,13841810.451200996,2024-11-14
33023,TATAPOWER,2024-08-16T00:00:00,LONG,0.60375,405.4500122070313,405.4500122070313,NORMAL,417.6135125732422,393.2865118408203,2024-11-14T00:00:00,2024-11-22T00:00:00,417.6135125732422,3338,1353392.1407470703,40601.76422241212,40601.76422241212,0.0,4687.567063535189,35914.19715887692,35914.19715887692,4687.567063535189,2.6536431000000005,0,EXECUTED,13797514.527182853,2024-11-14
922,ADANIPOWER,2024-11-13T00:00:00,SHORT,0.7215,112.0,112.0,NORMAL,108.64,114.93769622802736,2024-11-14T00:00:00,2024-11-18T00:00:00,114.93769622802736,12101,1355312.0,35549.06205535895,-35549.06205535895,0.0,4691.207448501266,-40240.26950386021,-40240.26950386021,4691.207448501266,-2.9690779321558587,0,EXECUTED,13607276.24610778,2024-11-14
28629,RELIANCE,2024-11-14T00:00:00,SHORT,0.7075,1256.746826171875,1256.746826171875,NORMAL,1219.0444213867188,1294.4492309570312,2024-11-18T00:00:00,2024-11-22T00:00:00,1219.0444213867188,1079,1356029.8254394531,40680.89476318355,40680.89476318355,0.0,4557.793883209135,36123.100879974416,36123.100879974416,4557.793883209135,2.663886899999997,0,EXECUTED,13797514.527182853,2024-11-18
33695,TATASTEEL,2024-11-14T00:00:00,SHORT,0.62175,139.7100067138672,139.7100067138672,NORMAL,135.51870651245116,143.34509811401367,2024-11-18T00:00:00,2024-11-27T00:00:00,144.94000244140625,9370,1309082.7629089355,34060.80641937251,-49005.059967041016,0.0,4557.335720608109,-53562.39568764913,-53562.39568764913,4557.335720608109,-4.091597353908106,0,EXECUTED,13644462.204565477,2024-11-18
24634,NYKAA,2024-11-14T00:00:00,SHORT,0.65175,174.60000610351562,174.60000610351562,NORMAL,169.36200592041016,177.39689559936525,2024-11-18T00:00:00,2024-11-21T00:00:00,167.06309585571287,7753,1353673.8473205566,21684.284261322155,58433.66515121473,0.0,4518.108397661763,53915.55675355297,53915.55675355297,4518.108397661763,3.9829059902629194,0,EXECUTED,13643454.086560678,2024-11-18
21869,MANAPPURAM,2024-11-14T00:00:00,SHORT,0.6447499999999999,158.89999389648438,158.89999389648438,NORMAL,154.13299407958985,162.8430062866211,2024-11-18T00:00:00,2024-11-21T00:00:00,153.35700592041016,8534,1356052.5479125977,33649.66773742673,47303.85938781736,0.0,4546.067361515449,42757.792026301904,42757.792026301904,4546.067361515449,3.153107310783785,0,EXECUTED,13643454.086560678,2024-11-18
22484,NATIONALUM,2024-11-14T00:00:00,LONG,0.70475,219.69000244140625,219.69000244140625,NORMAL,226.28070251464845,213.09930236816405,2024-11-18T00:00:00,2024-11-19T00:00:00,230.0,6175,1356585.7650756836,40697.57295227061,63664.234924316406,0.0,4736.116884094391,58928.11804022201,58928.11804022201,4736.116884094391,4.343854959803033,0,EXECUTED,13601841.67955561,2024-11-18
24421,NTPC,2024-11-14T00:00:00,LONG,0.69825,380.0499877929688,380.0499877929688,NORMAL,391.4514874267578,369.9095059204101,2024-11-18T00:00:00,2024-11-21T00:00:00,369.9095059204101,3569,1356398.4064331057,36191.37980316168,-36191.37980316168,0.0,4572.482809353782,-40763.862612515455,-40763.862612515455,4572.482809353782,-3.0053015706286024,0,EXECUTED,13643454.086560678,2024-11-18
25161,ONGC,2024-06-06T00:00:00,LONG,0.72275,247.5,247.5,NORMAL,254.925,240.075,2024-11-19T00:00:00,2024-11-22T00:00:00,254.925,5506,1362735.0,40882.05000000006,40882.05000000006,0.0,4719.926701215,36162.12329878506,36162.12329878506,4719.926701215,2.6536431000000045,0,EXECUTED,13797514.527182853,2024-11-19
7178,BPCL,2024-06-05T00:00:00,LONG,0.65875,290.1000061035156,290.1000061035156,NORMAL,298.8030062866211,281.3970059204101,2024-11-19T00:00:00,2024-11-21T00:00:00,298.8030062866211,4700,1363470.0286865234,40904.100860595725,40904.100860595725,0.0,4722.472523787754,36181.628336807975,36181.628336807975,4722.472523787754,2.653643100000002,0,EXECUTED,13643454.086560678,2024-11-19
21598,MAHABANK,2024-11-18T00:00:00,SHORT,0.6935,51.790000915527344,51.790000915527344,NORMAL,50.23630088806152,52.015,2024-11-21T00:00:00,2024-11-22T00:00:00,52.015,26678,1381653.6444244385,6002.525575561539,-6002.525575561539,0.0,4728.492835585011,-10731.01841114655,-10731.01841114655,4728.492835585011,-0.7766793403289446,0,EXECUTED,13797514.527182853,2024-11-21
30982,SBIN,2024-10-07T00:00:00,LONG,0.6679999999999999,742.1038208007812,742.1038208007812,NORMAL,764.3669354248048,719.8407061767577,2024-11-21T00:00:00,2024-11-22T00:00:00,768.9222221753172,1850,1372892.0684814453,41186.76205444348,49614.04254289148,0.0,4768.8622586795045,44845.18028421198,44845.18028421198,4768.8622586795045,3.2664752979318465,0,EXECUTED,13797514.527182853,2024-11-21
32333,SUZLON,2024-11-12T00:00:00,LONG,0.699,60.5,60.5,NORMAL,62.315000000000005,60.29519985198974,2024-11-21T00:00:00,2024-11-22T00:00:00,60.29519985198974,22719,1374499.5,4652.85456264503,-4652.85456264503,0.0,4685.771138197394,-9338.625700842424,-9338.625700842424,4685.771138197394,-0.6794200871548097,0,EXECUTED,13797514.527182853,2024-11-21
6727,BHEL,2024-11-13T00:00:00,SHORT,0.5295,230.22000122070312,230.22000122070312,NORMAL,223.31340118408204,237.1266012573242,2024-11-21T00:00:00,2024-11-25T00:00:00,223.31340118408204,5991,1379248.0273132324,41377.44081939693,41377.44081939693,0.0,4635.833301291352,36741.60751810558,36741.60751810558,4635.833301291352,2.663886899999997,0,EXECUTED,13841810.451200996,2024-11-21
36945,YESBANK,2024-11-13T00:00:00,SHORT,0.72025,19.75,19.75,NORMAL,19.1575,20.3425,2024-11-21T00:00:00,2024-11-25T00:00:00,19.1575,69782,1378194.5,41345.83500000008,41345.83500000008,0.0,4632.2922579795,36713.54274202058,36713.54274202058,4632.2922579795,2.663886900000006,0,EXECUTED,13841810.451200996,2024-11-21
23764,NMDC,2024-11-21T00:00:00,SHORT,0.71975,74.31999969482422,74.31999969482422,NORMAL,72.09039970397949,75.95219779968262,2024-11-22T00:00:00,2024-11-27T00:00:00,75.95219779968262,18700,1389783.994293213,30522.104560852145,-30522.104560852145,0.0,4799.955973872411,-35322.06053472456,-35322.06053472456,4799.955973872411,-2.541550390547411,0,EXECUTED,13644462.204565477,2024-11-22
32276,SUZLON,2024-07-30T00:00:00,LONG,0.5445,63.900001525878906,63.900001525878906,NORMAL,65.81700157165527,63.03060325622558,2024-11-22T00:00:00,2024-11-26T00:00:00,66.9294034576416,21705,1386949.5331192017,18870.2894428254,65753.16892890923,0.0,4843.206773431484,60909.96215547775,60909.96215547775,4843.206773431484,4.391649494159557,0,EXECUTED,13738913.306972934,2024-11-22
9401,FEDERALBNK,2024-11-21T00:00:00,LONG,0.69275,206.4199981689453,206.4199981689453,NORMAL,212.61259811401368,200.45049407958984,2024-11-22T00:00:00,2024-11-27T00:00:00,212.8494937133789,6713,1385697.44770813,40073.280951843255,43161.20358978271,0.0,4802.054537563783,38359.14905221893,38359.14905221893,4802.054537563783,2.768219651097931,0,EXECUTED,13644462.204565477,2024-11-22
25795,PFC,2024-11-21T00:00:00,LONG,0.7184999999999999,470.9500122070313,470.9500122070313,NORMAL,485.0785125732422,457.2579940795898,2024-11-22T00:00:00,2024-11-25T00:00:00,457.2579940795898,2957,1392599.1860961914,40487.29760284431,-40487.29760284431,0.0,4689.081764966933,-45176.37936781124,-45176.37936781124,4689.081764966933,-3.244033158920054,0,EXECUTED,13841810.451200996,2024-11-22
5471,BEL,2024-11-21T00:00:00,LONG,0.69425,278.45001220703125,278.45001220703125,NORMAL,286.8035125732422,270.63,2024-11-22T00:00:00,2024-11-25T00:00:00,270.63,4982,1387237.9608154297,38959.30081542971,-38959.30081542971,0.0,4673.269474279341,-43632.57028970905,-43632.57028970905,4673.269474279341,-3.1452837596847103,0,EXECUTED,13841810.451200996,2024-11-22
28632,RELIANCE,2024-11-21T00:00:00,SHORT,0.6895,1218.87390570229,1218.87390570229,NORMAL,1182.3076885312214,1248.9044213867187,2024-11-22T00:00:00,2024-11-25T00:00:00,1248.9044213867187,1139,1388297.3785949084,34204.75736456414,-34204.75736456414,0.0,4801.443368001037,-39006.20073256518,-39006.20073256518,4801.443368001037,-2.809643044348556,0,EXECUTED,13841810.451200996,2024-11-22
37601,ZOMATO,2024-11-21T00:00:00,LONG,0.602,266.79998779296875,266.79998779296875,NORMAL,274.8039874267578,263.2191857910156,2024-11-25T00:00:00,2024-11-26T00:00:00,263.2191857910156,5160,1376687.9370117188,18476.938330078232,-18476.938330078232,0.0,4670.678723284029,-23147.61705336226,-23147.61705336226,4670.678723284029,-1.681398988910093,0,EXECUTED,13738913.306972934,2024-11-25
3815,BANDHANBNK,2024-11-21T00:00:00,SHORT,0.7125,167.61000061035156,167.61000061035156,NORMAL,162.58170059204102,172.6383006286621,2024-11-25T00:00:00,2024-11-27T00:00:00,174.5,8227,1378927.4750213623,41367.82425064086,-56684.024978637695,0.0,4809.51369392737,-61493.53867256507,-61493.53867256507,4809.51369392737,-4.459519429882446,0,EXECUTED,13644462.204565477,2024-11-25
10006,GAIL,2024-11-22T00:00:00,SHORT,0.72775,189.58999633789065,189.58999633789065,NORMAL,183.9022964477539,193.94900314331056,2024-11-25T00:00:00,2024-11-27T00:00:00,197.3999938964844,7259,1376233.783416748,31642.030400543328,-56692.77227783203,0.0,4800.331404885608,-61493.10368271764,-61493.10368271764,4800.331404885608,-4.468216405068182,0,EXECUTED,13644462.204565477,2024-11-25
10601,GMRINFRA,2024-11-19T00:00:00,SHORT,0.6074999999999999,78.01000213623047,78.01000213623047,NORMAL,75.66970207214355,80.35030220031739,2024-11-25T00:00:00,2024-11-27T00:00:00,82.3499984741211,17706,1381245.097824097,41437.35293472297,-76843.9751586914,0.0,4853.358527955496,-81697.3336866469,-81697.3336866469,4853.358527955496,-5.914760082431885,0,EXECUTED,13644462.204565477,2024-11-25
24424,NTPC,2024-11-21T00:00:00,SHORT,0.5519999999999999,366.7000122070313,366.7000122070313,NORMAL,355.6990118408203,377.7010125732422,2024-11-25T00:00:00,2024-12-16T00:00:00,355.6990118408203,3750,1375125.0457763672,41253.751373291154,41253.751373291154,0.0,4621.975420235367,36631.77595305579,36631.77595305579,4621.975420235367,2.6638869000000103,0,EXECUTED,13714114.793533055,2024-11-25
15025,IDFCFIRSTB,2024-11-21T00:00:00,SHORT,0.53475,64.62000274658203,64.62000274658203,NORMAL,62.68140266418457,66.55860282897949,2024-11-25T00:00:00,2024-12-09T00:00:00,66.55999755859375,21286,1375501.3784637451,41265.04135391227,-41294.729568481445,0.0,4770.386603412208,-46065.11617189365,-46065.11617189365,4770.386603412208,-3.348969102694928,0,EXECUTED,13760168.134267893,2024-11-25
17406,IRB,2024-11-13T00:00:00,SHORT,0.697,25.114999771118164,25.114999771118164,NORMAL,24.361549777984617,25.86844976425171,2024-11-26T00:00:00,2024-11-28T00:00:00,25.86844976425171,54345,1364874.6625614166,40946.2398768426,-40946.2398768426,0.0,4733.479506114711,-45679.71938295731,-45679.71938295731,4733.479506114711,-3.346806900000008,0,EXECUTED,13487755.773075989,2024-11-26
36948,YESBANK,2024-11-21T00:00:00,SHORT,0.5802499999999999,19.559999465942383,19.559999465942383,NORMAL,18.973199481964112,20.146799449920653,2024-11-26T00:00:00,2024-11-28T00:00:00,20.146799449920653,65701,1285111.5249118805,38553.34574735635,-38553.34574735635,0.0,4456.85544108962,-43010.201188445964,-43010.201188445964,4456.85544108962,-3.346806899999995,0,EXECUTED,13487755.773075989,2024-11-26
13884,ICICIBANK,2024-11-25T00:00:00,LONG,0.544,1277.7849738450243,1277.7849738450243,NORMAL,1316.1185230603753,1241.7900451660155,2024-11-27T00:00:00,2024-12-06T00:00:00,1318.6018005371095,1055,1348063.1474065008,37974.64975635453,43061.75216014966,0.0,4673.386121185251,38388.366038964414,38388.366038964414,4673.386121185251,2.847668235187548,0,EXECUTED,13726348.25054942,2024-11-27
5469,BEL,2024-11-12T00:00:00,LONG,0.68075,294.0,294.0,NORMAL,302.82,290.7575,2024-11-27T00:00:00,2024-12-02T00:00:00,308.7425,4589,1349166.0,14879.832500000031,67653.33250000003,0.0,4717.29275823975,62936.03974176028,62936.03974176028,4717.29275823975,4.664810686139458,0,EXECUTED,13524187.386193532,2024-11-27
18016,IRFC,2024-11-25T00:00:00,SHORT,0.5519999999999999,146.30999755859375,146.30999755859375,NORMAL,141.92069763183594,146.4144937133789,2024-11-27T00:00:00,2024-11-28T00:00:00,146.4144937133789,9220,1348978.1774902344,963.4545471191092,-963.4545471191092,0.0,4607.938049897484,-5571.392597016594,-5571.392597016594,4607.938049897484,-0.4130083562494788,0,EXECUTED,13487755.773075989,2024-11-27
22489,NATIONALUM,2024-11-25T00:00:00,LONG,0.57875,252.8800048828125,252.8800048828125,NORMAL,260.4664050292969,249.14450592041013,2024-11-27T00:00:00,2024-11-28T00:00:00,249.14450592041013,5341,1350632.1060791016,19951.29995819093,-19951.29995819093,0.0,4579.301882495945,-24530.601840686875,-24530.601840686875,4579.301882495945,-1.81623120983696,0,EXECUTED,13487755.773075989,2024-11-27
21600,MAHABANK,2024-11-26T00:00:00,SHORT,0.72325,54.5099983215332,54.5099983215332,NORMAL,52.874698371887206,55.908398742675786,2024-11-27T00:00:00,2024-11-29T00:00:00,56.0,24738,1348468.3384780884,34593.62961822521,-36859.66152191162,0.0,4670.174963297784,-41529.8364852094,-41529.8364852094,4670.174963297784,-3.079778390057041,0,EXECUTED,13351664.67481172,2024-11-27
35806,VOLTAS,2024-11-26T00:00:00,LONG,0.72,1644.25,1644.25,NORMAL,1693.5775,1594.9225,2024-11-27T00:00:00,2024-12-04T00:00:00,1693.5775,802,1318688.5,39560.65500000008,39560.65500000008,0.0,4567.3686092565,34993.28639074358,34993.28639074358,4567.3686092565,2.6536431000000062,0,EXECUTED,13662133.800755246,2024-11-27
11671,HDFCBANK,2024-11-27T00:00:00,LONG,0.72525,879.5181884765625,879.5181884765625,NORMAL,905.9037341308594,853.1326428222656,2024-11-28T00:00:00,2024-12-06T00:00:00,905.9037341308594,1392,1224289.318359375,36728.67955078135,36728.67955078135,0.0,4240.410530100662,32488.269020680687,32488.269020680687,4240.410530100662,2.653643100000008,0,EXECUTED,13726348.25054942,2024-11-28
16020,INFY,2024-11-25T00:00:00,LONG,0.619,1796.507568359375,1796.507568359375,NORMAL,1850.4027954101564,1742.6123413085936,2024-11-28T00:00:00,2024-12-06T00:00:00,1850.4027954101564,745,1338398.1384277344,40151.94415283213,40151.94415283213,0.0,4635.63430191601,35516.30985091612,35516.30985091612,4635.63430191601,2.653643100000008,0,EXECUTED,13726348.25054942,2024-11-28
1223,AMBUJACEM,2024-11-22T00:00:00,SHORT,0.57475,497.0,497.0,NORMAL,482.09,498.6744937133789,2024-11-28T00:00:00,2024-11-29T00:00:00,498.6744937133789,2710,1346870.0,4537.877963256879,-4537.877963256879,0.0,4607.110161893913,-9144.988125150792,-9144.988125150792,4607.110161893913,-0.6789807572483456,0,EXECUTED,13351664.67481172,2024-11-28
9,ADANIENSOL,2024-11-25T00:00:00,SHORT,0.6819999999999999,648.9500122070312,648.9500122070312,NORMAL,629.4815118408203,668.4185125732422,2024-11-28T00:00:00,2024-11-29T00:00:00,601.0999755859375,2067,1341379.6752319336,40241.39025695802,98906.02569580078,0.0,4403.994829449335,94502.03086635144,94502.03086635144,4403.994829449335,7.045136631432215,0,EXECUTED,13351664.67481172,2024-11-28
21998,MAZDOCK,2024-10-21T00:00:00,LONG,0.6405,2250.5,2250.5,NORMAL,2318.015,2195.279797363281,2024-11-29T00:00:00,2024-12-03T00:00:00,2331.070300292969,601,1352550.5,33187.34178466813,48422.75047607438,0.0,4697.459392902097,43725.29108317229,43725.29108317229,4697.459392902097,3.232802847891615,0,EXECUTED,13556760.003704453,2024-11-29
14290,IDBI,2024-11-08T00:00:00,LONG,0.61375,82.4800033569336,82.4800033569336,NORMAL,84.9544034576416,82.24630088806153,2024-11-29T00:00:00,2024-12-02T00:00:00,82.24630088806153,16406,1353166.9350738523,3834.122704315139,-3834.122704315139,0.0,4614.265378012923,-8448.388082328062,-8448.388082328062,4614.265378012923,-0.6243418948059775,0,EXECUTED,13524187.386193532,2024-11-29
10591,GMRINFRA,2024-10-25T00:00:00,SHORT,0.6395,82.5199966430664,82.5199966430664,NORMAL,80.04439674377441,84.9955965423584,2024-11-29T00:00:00,2024-12-10T00:00:00,84.9955965423584,16400,1353327.944946289,40599.83834838868,-40599.83834838868,0.0,4693.434692701932,-45293.27304109061,-45293.27304109061,4693.434692701932,-3.3468069000000003,0,EXECUTED,13775163.84333768,2024-11-29
37607,ZOMATO,2024-11-29T00:00:00,LONG,0.715,285.0,285.0,NORMAL,293.55,277.5461047363281,2024-12-02T00:00:00,2024-12-03T00:00:00,277.5461047363281,4766,1358310.0,35525.26482666019,-35525.26482666019,0.0,4580.097436223442,-40105.36226288363,-40105.36226288363,4580.097436223442,-2.952592726467716,0,EXECUTED,13556760.003704453,2024-12-02
9403,FEDERALBNK,2024-11-25T00:00:00,LONG,0.72775,209.3699951171875,209.3699951171875,NORMAL,215.65109497070316,203.08889526367187,2024-12-02T00:00:00,2024-12-06T00:00:00,215.65109497070316,6484,1357555.0483398438,40726.65145019533,40726.65145019533,0.0,4701.9855812233845,36024.66586897194,36024.66586897194,4701.9855812233845,2.653643100000001,0,EXECUTED,13726348.25054942,2024-12-02
8238,CHAMBLFERT,2024-11-08T00:00:00,LONG,0.60875,515.6500244140625,515.6500244140625,NORMAL,531.1195251464844,500.18052368164064,2024-12-03T00:00:00,2024-12-04T00:00:00,531.1195251464844,2645,1363894.3145751953,40916.82943725583,40916.82943725598,0.0,4723.942067238895,36192.88737001709,36192.88737001709,4723.942067238895,2.653643100000009,0,EXECUTED,13662133.800755246,2024-12-03
28627,RELIANCE,2024-11-06T00:00:00,SHORT,0.60475,1314.002197265625,1314.002197265625,NORMAL,1274.5821313476563,1353.4222631835937,2024-12-03T00:00:00,2024-12-11T00:00:00,1274.5821313476563,1038,1363934.2807617188,40918.02842285152,40918.02842285152,0.0,4584.3617930309165,36333.66662982061,36333.66662982061,4584.3617930309165,2.663886899999997,0,EXECUTED,13718666.069883969,2024-12-03
375,ADANIPORTS,2024-06-05T00:00:00,LONG,0.67125,1226.949951171875,1226.949951171875,NORMAL,1263.758449707031,1211.4814526367188,2024-12-04T00:00:00,2024-12-05T00:00:00,1286.4184497070312,1112,1364368.345703125,17200.97037109368,66128.97037109367,0.0,4766.714471574627,61362.25589951905,61362.25589951905,4766.714471574627,4.497484575391267,0,EXECUTED,13702823.900200838,2024-12-04
17398,IRB,2024-10-31T00:00:00,SHORT,0.5825,27.395000457763672,27.395000457763672,NORMAL,26.57315044403076,27.825449371337893,2024-12-04T00:00:00,2024-12-06T00:00:00,27.825449371337893,50050,1371119.7729110718,21543.968124389758,-21543.968124389758,0.0,4720.223390970245,-26264.19151536,-26264.19151536,4720.223390970245,-1.9155286091161523,0,EXECUTED,13726348.25054942,2024-12-04
4488,BANKBARODA,2024-12-04T00:00:00,LONG,0.7125,254.5500030517578,254.5500030517578,NORMAL,262.1865031433106,246.91350296020508,2024-12-05T00:00:00,2024-12-09T00:00:00,262.1865031433106,5380,1369479.016418457,41084.3704925537,41084.370492553855,0.0,4743.285067417459,36341.08542513639,36341.08542513639,4743.285067417459,2.6536431000000102,0,EXECUTED,13760168.134267893,2024-12-05
26515,PNB,2024-12-05T00:00:00,LONG,0.6985,110.01000213623048,110.01000213623048,NORMAL,113.31030220031738,106.70970207214356,2024-12-06T00:00:00,2024-12-17T00:00:00,106.70970207214356,12518,1377105.206741333,41313.15620223996,-41313.15620223996,0.0,4634.82797407004,-45947.98417631,-45947.98417631,4634.82797407004,-3.336563099999998,0,EXECUTED,13721865.138048368,2024-12-06
32340,SUZLON,2024-12-05T00:00:00,LONG,0.6975,67.72000122070312,67.72000122070312,NORMAL,69.75160125732423,65.68840118408202,2024-12-06T00:00:00,2024-12-16T00:00:00,65.61000061035156,20314,1375664.1047973633,41269.92314392103,-42862.55239868164,0.0,4627.378107960709,-47489.93050664235,-47489.93050664235,4627.378107960709,-3.452145792060022,0,EXECUTED,13714114.793533055,2024-12-06
9407,FEDERALBNK,2024-12-05T00:00:00,LONG,0.67875,215.44000244140625,215.44000244140625,NORMAL,221.90320251464848,208.97680236816404,2024-12-06T00:00:00,2024-12-20T00:00:00,208.97680236816404,6389,1376446.1755981443,41293.38526794445,-41293.38526794445,0.0,4632.609918424559,-45925.995186369015,-45925.995186369015,4632.609918424559,-3.336563100000009,0,EXECUTED,13379919.846048469,2024-12-06
3469,BAJFINANCE,2024-12-05T00:00:00,SHORT,0.7052499999999999,679.2029480959052,679.2029480959052,NORMAL,658.826859653028,696.9795751953125,2024-12-06T00:00:00,2024-12-12T00:00:00,696.9795751953125,2027,1376744.3757903995,36033.22313049856,-36033.22313049856,0.0,4765.2533591593865,-40798.47648965794,-40798.47648965794,4765.2533591593865,-2.9634024447156517,0,EXECUTED,13657365.429383753,2024-12-06
18018,IRFC,2024-12-05T00:00:00,LONG,0.7105,151.0500030517578,151.0500030517578,NORMAL,155.58150314331056,146.51850296020507,2024-12-06T00:00:00,2024-12-10T00:00:00,155.58150314331056,9117,1377122.877822876,41313.68633468636,41313.68633468636,0.0,4769.760108818101,36543.92622586826,36543.92622586826,4769.760108818101,2.653643100000006,0,EXECUTED,13775163.84333768,2024-12-06
19035,ITC,2024-12-05T00:00:00,LONG,0.59425,414.9139404296875,414.9139404296875,NORMAL,427.3613586425781,402.4665222167969,2024-12-09T00:00:00,2024-12-16T00:00:00,402.4665222167969,3322,1378344.110107422,41350.323303222656,-41350.323303222656,0.0,4638.997665644953,-45989.32096886761,-45989.32096886761,4638.997665644953,-3.3365631,0,EXECUTED,13714114.793533055,2024-12-09
17391,IRB,2024-10-18T00:00:00,SHORT,0.68975,29.045000076293945,29.045000076293945,NORMAL,28.173650074005128,29.916350078582763,2024-12-09T00:00:00,2024-12-11T00:00:00,29.916350078582763,47543,1380886.438627243,41426.59315881726,-41426.59315881726,0.0,4789.009450323543,-46215.602609140806,-46215.602609140806,4789.009450323543,-3.3468068999999976,0,EXECUTED,13718666.069883969,2024-12-09
4490,BANKBARODA,2024-12-09T00:00:00,LONG,0.72275,263.0,263.0,NORMAL,270.89,256.66200592041014,2024-12-10T00:00:00,2024-12-17T00:00:00,256.66200592041014,5117,1345771.0,32431.515705261325,-32431.515705261325,0.0,4542.331693514302,-36973.84739877563,-36973.84739877563,4542.331693514302,-2.747410027320817,0,EXECUTED,13721865.138048368,2024-12-10
34988,UNIONBANK,2024-12-09T00:00:00,LONG,0.72875,128.24000549316406,128.24000549316406,NORMAL,132.08720565795898,125.0427035522461,2024-12-10T00:00:00,2024-12-17T00:00:00,125.0427035522461,10693,1371270.378738403,34188.74965423582,-34188.74965423582,0.0,4626.533539179543,-38815.283193415366,-38815.283193415366,4626.533539179543,-2.830607573476955,0,EXECUTED,13721865.138048368,2024-12-10
31535,SJVN,2024-12-09T00:00:00,LONG,0.5682499999999999,120.61000061035156,120.61000061035156,NORMAL,124.22830062866213,116.991700592041,2024-12-11T00:00:00,2024-12-17T00:00:00,116.991700592041,11018,1328880.9867248535,39866.42960174563,-39866.42960174563,0.0,4472.523044231755,-44338.95264597738,-44338.95264597738,4472.523044231755,-3.336563100000002,0,EXECUTED,13721865.138048368,2024-12-11
37613,ZOMATO,2024-12-09T00:00:00,LONG,0.63725,296.75,296.75,NORMAL,305.65250000000003,293.8615118408203,2024-12-11T00:00:00,2024-12-13T00:00:00,290.0,4609,1367720.75,13313.041925659243,-31110.75,0.0,4619.4371957250005,-35730.187195725,-35730.187195725,4619.4371957250005,-2.6123890564448184,0,EXECUTED,13641135.728937857,2024-12-11
34244,TRIDENT,2024-10-03T00:00:00,SHORT,0.6872499999999999,37.560001373291016,37.560001373291016,NORMAL,36.43320133209228,38.07910125732422,2024-12-12T00:00:00,2024-12-17T00:00:00,35.86090118408203,35040,1316102.4481201172,18189.259936523427,59536.4706298828,0.0,4387.851567747312,55148.61906213549,55148.61906213549,4387.851567747312,4.190298341964806,0,EXECUTED,13721865.138048368,2024-12-12
836,ADANIPOWER,2024-03-28T00:00:00,LONG,0.72025,103.30999755859376,103.30999755859376,NORMAL,106.40929748535156,100.21069763183594,2024-12-13T00:00:00,2024-12-16T00:00:00,106.40929748535156,13217,1365448.2377319336,40963.44713195795,40963.44713195795,0.0,4729.324187312956,36234.122944645,36234.122944645,4729.324187312956,2.6536430999999965,0,EXECUTED,13714114.793533055,2024-12-13
17418,IRB,2024-12-06T00:00:00,LONG,0.72875,28.565000534057617,28.565000534057617,NORMAL,29.421950550079348,27.708050518035886,2024-12-16T00:00:00,2024-12-17T00:00:00,29.421950550079348,47759,1364235.8605060575,40927.075815181845,40927.075815181845,0.0,4725.125035137106,36201.95078004474,36201.95078004474,4725.125035137106,2.653643100000008,0,EXECUTED,13721865.138048368,2024-12-16
37610,ZOMATO,2024-12-04T00:00:00,LONG,0.54025,279.0,279.0,NORMAL,287.37,271.45450592041016,2024-12-16T00:00:00,2024-12-17T00:00:00,288.2455062866211,4874,1359846.0,36776.7381439209,45062.59764099121,0.0,4716.88582972939,40345.71181126182,40345.71181126182,4716.88582972939,2.966932418175427,0,EXECUTED,13721865.138048368,2024-12-16
23766,NMDC,2024-12-03T00:00:00,LONG,0.59925,77.25,77.25,NORMAL,79.5675,74.9325,2024-12-16T00:00:00,2024-12-20T00:00:00,74.9325,17592,1358982.0,40769.45999999992,-40769.45999999992,0.0,4573.831947642,-45343.29194764192,-45343.29194764192,4573.831947642,-3.3365630999999936,0,EXECUTED,13379919.846048469,2024-12-16
21874,MANAPPURAM,2024-12-13T00:00:00,LONG,0.72175,177.25999450683594,177.25999450683594,NORMAL,182.57779434204105,173.3875,2024-12-16T00:00:00,2024-12-17T00:00:00,173.3875,7721,1368624.4175872805,29899.53008728036,-29899.53008728036,0.0,4624.499933332059,-34524.03002061242,-34524.03002061242,4624.499933332059,-2.5225350049997006,0,EXECUTED,13721865.138048368,2024-12-16
36960,YESBANK,2024-12-16T00:00:00,SHORT,0.644,21.149999618530277,21.149999618530277,NORMAL,20.515499629974364,21.722700157165526,2024-12-17T00:00:00,2024-12-23T00:00:00,20.299999237060547,62843,1329129.426027298,35990.219949455204,53416.57397270203,0.0,4443.240978321264,48973.33299438076,48973.33299438076,4443.240978321264,3.684617316822157,0,EXECUTED,13530382.041877875,2024-12-17
20566,KOTAKBANK,2024-12-16T00:00:00,LONG,0.72725,358.1879305839825,358.1879305839825,NORMAL,368.933568501502,349.0575549316406,2024-12-17T00:00:00,2024-12-20T00:00:00,349.0575549316406,3795,1359323.1965662136,34649.77560063755,-34649.77560063755,0.0,4584.986158282072,-39234.76175891962,-39234.76175891962,4584.986158282072,-2.886345341419212,0,EXECUTED,13379919.846048469,2024-12-17
16664,IOC,2024-12-16T00:00:00,SHORT,0.725,144.32000732421875,144.32000732421875,NORMAL,139.9904071044922,148.567205657959,2024-12-17T00:00:00,2024-12-20T00:00:00,139.14999389648438,9411,1358195.588928223,39970.38351882943,48654.9963684082,0.0,4550.976857926895,44104.01951048131,44104.01951048131,4550.976857926895,3.2472509754861307,0,EXECUTED,13379919.846048469,2024-12-17
37616,ZOMATO,2024-12-16T00:00:00,LONG,0.6915,288.25,288.25,NORMAL,296.8975,279.6025,2024-12-17T00:00:00,2024-12-19T00:00:00,296.8975,4715,1359098.75,40772.96249999991,40772.96249999991,0.0,4707.332298438751,36065.63020156116,36065.63020156116,4707.332298438751,2.6536430999999934,0,EXECUTED,13559428.494109323,2024-12-17
1882,ASHOKLEY,2024-12-16T00:00:00,LONG,0.6559999999999999,115.97000122070312,115.97000122070312,NORMAL,119.44910125732422,112.49090118408203,2024-12-17T00:00:00,2024-12-20T00:00:00,112.49090118408203,11731,1360444.0843200684,40813.32252960202,-40813.32252960202,0.0,4578.752783954236,-45392.075313556255,-45392.075313556255,4578.752783954236,-3.336563099999998,0,EXECUTED,13379919.846048469,2024-12-17
11682,HDFCBANK,2024-12-16T00:00:00,LONG,0.6725,900.8958970749952,900.8958970749952,NORMAL,927.9227739872453,878.0350720214843,2024-12-17T00:00:00,2024-12-19T00:00:00,878.0350720214843,1512,1362154.596377393,34565.56748090864,-34565.56748090864,0.0,4594.791708991159,-39160.3591898998,-39160.3591898998,4594.791708991159,-2.874883606754001,0,EXECUTED,13559428.494109323,2024-12-17
7935,CANBK,2024-12-16T00:00:00,LONG,0.68975,106.5,106.5,NORMAL,109.695,103.38260177612304,2024-12-17T00:00:00,2024-12-20T00:00:00,103.38260177612304,12785,1361602.5,39855.93629226695,-39855.93629226695,0.0,4584.271051690132,-44440.20734395708,-44440.20734395708,4584.271051690132,-3.2638165208977714,0,EXECUTED,13379919.846048469,2024-12-17
22485,NATIONALUM,2024-11-18T00:00:00,LONG,0.5835,219.8699951171875,219.8699951171875,NORMAL,226.46609497070312,213.27389526367188,2024-12-17T00:00:00,2024-12-18T00:00:00,226.47999572753903,6183,1359456.1798095703,40783.68539428711,40869.63377380371,0.0,4708.710574786739,36160.92319901697,36160.92319901697,4708.710574786739,2.6599550420288143,0,EXECUTED,13611461.655335717,2024-12-17
6735,BHEL,2024-12-12T00:00:00,LONG,0.638,246.8000030517578,246.8000030517578,NORMAL,254.20400314331056,246.0889970397949,2024-12-18T00:00:00,2024-12-19T00:00:00,246.0889970397949,5505,1358634.0167999268,3914.088095855732,-3914.088095855732,0.0,4632.802747766165,-8546.890843621897,-8546.890843621897,4632.802747766165,-0.6290797034327839,0,EXECUTED,13559428.494109323,2024-12-18
11674,HDFCBANK,2024-12-02T00:00:00,LONG,0.72975,873.3548187057529,873.3548187057529,NORMAL,899.5554632669255,849.5549981689453,2024-12-19T00:00:00,2025-01-06T00:00:00,849.5549981689453,1377,1202609.5853578218,32772.352879184065,-32772.352879184065,0.0,4052.9363785581263,-36825.28925774219,-36825.28925774219,4052.9363785581263,-3.062115062619036,0,EXECUTED,13323009.810533889,2024-12-19
24374,NTPC,2024-06-06T00:00:00,LONG,0.6859999999999999,341.0,341.0,NORMAL,351.23,330.77,2024-12-19T00:00:00,2024-12-26T00:00:00,330.77,3928,1339448.0,40183.44000000008,-40183.44000000008,0.0,4508.087711688,-44691.52771168808,-44691.52771168808,4508.087711688,-3.3365631000000056,0,EXECUTED,13393006.864729494,2024-12-19
31294,SHRIRAMFIN,2024-11-26T00:00:00,LONG,0.636,589.5599975585938,589.5599975585938,NORMAL,607.2467974853515,571.873197631836,2024-12-19T00:00:00,2024-12-23T00:00:00,571.873197631836,2272,1339480.314453125,40184.40943359365,-40184.40943359365,0.0,4508.196470213186,-44692.60590380684,-44692.60590380684,4508.196470213186,-3.336563099999993,0,EXECUTED,13530382.041877875,2024-12-19
9408,FEDERALBNK,2024-12-19T00:00:00,LONG,0.7125,197.0,197.0,NORMAL,202.91,194.029098815918,2024-12-20T00:00:00,2024-12-24T00:00:00,194.029098815918,6845,1348465.0,20335.81860504155,-20335.81860504155,0.0,4571.27443229099,-24907.09303733254,-24907.09303733254,4571.27443229099,-1.847070041664599,0,EXECUTED,13330541.062657066,2024-12-20
1874,ASHOKLEY,2024-11-22T00:00:00,LONG,0.6307499999999999,108.0,108.0,NORMAL,111.24,106.16649703979492,2024-12-20T00:00:00,2025-01-06T00:00:00,112.8499984741211,12466,1346328.0,22856.44790191654,60460.08097839356,0.0,4695.860578981032,55764.22039941252,55764.22039941252,4695.860578981032,4.141949094084986,0,EXECUTED,13323009.810533889,2024-12-20
21034,L&TFH,2024-12-19T00:00:00,SHORT,0.66225,141.02000427246094,141.02000427246094,NORMAL,136.78940414428712,145.25060440063476,2024-12-20T00:00:00,2024-12-24T00:00:00,136.78940414428712,9599,1353651.0210113523,40609.53063034049,40609.53063034049,0.0,4549.798409902908,36059.73222043758,36059.73222043758,4549.798409902908,2.663886899999994,0,EXECUTED,13330541.062657066,2024-12-20
25796,PFC,2024-11-25T00:00:00,LONG,0.6174999999999999,477.9500122070313,477.9500122070313,NORMAL,492.2885125732422,463.6115118408203,2024-12-20T00:00:00,2024-12-24T00:00:00,463.6115118408203,2820,1347819.034423828,40434.57103271488,-40434.57103271488,0.0,4536.261524646903,-44970.83255736179,-44970.83255736179,4536.261524646903,-3.336563100000004,0,EXECUTED,13330541.062657066,2024-12-20
26777,POONAWALLA,2024-10-29T00:00:00,SHORT,0.69275,325.0,325.0,NORMAL,315.25,329.2394937133789,2024-12-20T00:00:00,2025-01-08T00:00:00,329.2394937133789,4142,1346150.0,17559.982960815487,-17559.982960815487,0.0,4627.860947631061,-22187.84390844655,-22187.84390844655,4627.860947631061,-1.648244542469008,0,EXECUTED,13564270.009003732,2024-12-20
36231,WIPRO,2024-12-19T00:00:00,LONG,0.6779999999999999,306.3500061035156,306.3500061035156,NORMAL,315.5405062866211,303.22200592041014,2024-12-20T00:00:00,2024-12-23T00:00:00,303.22200592041014,4410,1351003.526916504,13794.480807495189,-13794.480807495189,0.0,4590.61991198702,-18385.10071948221,-18385.10071948221,4590.61991198702,-1.3608477219481354,0,EXECUTED,13530382.041877875,2024-12-20
5472,BEL,2024-11-26T00:00:00,LONG,0.61875,292.3500061035156,292.3500061035156,NORMAL,301.1205062866211,283.57950592041016,2024-12-23T00:00:00,2024-12-24T00:00:00,301.1205062866211,4574,1337208.9279174805,40116.267837524414,40116.267837524414,0.0,4631.51538925822,35484.7524482662,35484.7524482662,4631.51538925822,2.6536431000000005,0,EXECUTED,13330541.062657066,2024-12-23
22472,NATIONALUM,2024-10-17T00:00:00,LONG,0.6427499999999999,217.30999755859372,217.30999755859372,NORMAL,223.8292974853516,210.79069763183597,2024-12-23T00:00:00,2025-01-01T00:00:00,210.79069763183597,6160,1338629.5849609375,40158.88754882811,-40158.88754882811,0.0,4505.333228661665,-44664.220777489776,-44664.220777489776,4505.333228661665,-3.3365631,0,EXECUTED,13297099.140383253,2024-12-23
17427,IRB,2024-12-19T00:00:00,LONG,0.62575,28.19499969482422,28.19499969482422,NORMAL,29.040849685668945,27.72744911193848,2024-12-23T00:00:00,2024-12-24T00:00:00,27.72744911193848,47397,1336358.4005355835,22160.49497703553,-22160.49497703553,0.0,4526.956818517789,-26687.451795553323,-26687.451795553323,4526.956818517789,-1.9970280266773923,0,EXECUTED,13330541.062657066,2024-12-23
34992,UNIONBANK,2024-12-23T00:00:00,SHORT,0.7075,117.19000244140624,117.19000244140624,NORMAL,113.67430236816406,120.2833987426758,2024-12-24T00:00:00,2024-12-30T00:00:00,120.2833987426758,11450,1341825.5279541016,35419.387649536184,-35419.387649536184,0.0,4644.925422359844,-40064.31307189603,-40064.31307189603,4644.925422359844,-2.9858064433296776,0,EXECUTED,13415467.56354802,2024-12-24
22954,NHPC,2024-12-23T00:00:00,SHORT,0.70875,82.75,82.75,NORMAL,80.2675,83.91410125732422,2024-12-24T00:00:00,2025-01-01T00:00:00,79.02590118408203,16204,1340881.0,18863.09677368165,60345.29721313478,0.0,4471.0188393770295,55874.27837375775,55874.27837375775,4471.0188393770295,4.166982631102816,0,EXECUTED,13297099.140383253,2024-12-24
33708,TATASTEEL,2024-12-23T00:00:00,SHORT,0.723,142.4499969482422,142.4499969482422,NORMAL,138.17649703979492,144.9003924560547,2024-12-24T00:00:00,2025-01-01T00:00:00,136.4595928955078,9421,1342021.4212493896,23085.17607910171,56435.5965808107,0.0,4481.881181212188,51953.71539959851,51953.71539959851,4481.881181212188,3.871302989428504,0,EXECUTED,13297099.140383253,2024-12-24
6736,BHEL,2024-12-23T00:00:00,SHORT,0.72225,238.3500061035156,238.3500061035156,NORMAL,231.19950592041016,242.35900314331056,2024-12-24T00:00:00,2024-12-26T00:00:00,242.35900314331056,5632,1342387.234375,22578.67132812507,-22578.67132812507,0.0,4623.957416404992,-27202.628744530062,-27202.628744530062,4623.957416404992,-2.026436787235636,0,EXECUTED,13393006.864729494,2024-12-24
30999,SBIN,2024-12-20T00:00:00,LONG,0.63425,781.9221801757812,781.9221801757812,NORMAL,805.3798455810547,758.4645147705078,2024-12-24T00:00:00,2024-12-31T00:00:00,758.4645147705078,1716,1341778.4611816406,40253.35383544928,-40253.35383544928,0.0,4515.931184085226,-44769.2850195345,-44769.2850195345,4515.931184085226,-3.336563100000004,0,EXECUTED,13365263.564451698,2024-12-24
15351,IGL,2024-12-19T00:00:00,SHORT,0.71975,199.1999969482422,199.1999969482422,NORMAL,193.2239970397949,205.1759968566895,2024-12-26T00:00:00,2025-01-02T00:00:00,205.1759968566895,6704,1335436.7795410156,40063.10338623056,-40063.10338623056,0.0,4631.38689658603,-44694.49028281659,-44694.49028281659,4631.38689658603,-3.3468069000000065,0,EXECUTED,13277181.428422203,2024-12-26
27642,RECLTD,2024-11-25T00:00:00,LONG,0.64175,506.25,506.25,NORMAL,521.4375,491.0625,2024-12-26T00:00:00,2025-01-07T00:00:00,522.0499877929688,2638,1335487.5,40064.625,41680.36779785156,0.0,4628.190481856433,37052.177315995126,37052.177315995126,4628.190481856433,2.774430858843316,0,EXECUTED,13327904.690598428,2024-12-26
17430,IRB,2024-12-26T00:00:00,SHORT,0.6755,27.799999237060547,27.799999237060547,NORMAL,26.96599925994873,28.113850078582765,2024-12-30T00:00:00,2025-01-01T00:00:00,28.113850078582765,48052,1335845.5633392334,15081.160636825602,-15081.160636825602,0.0,4588.257413181161,-19669.418050006763,-19669.418050006763,4588.257413181161,-1.4724320377902682,0,EXECUTED,13297099.140383253,2024-12-30
23667,NMDC,2024-04-01T00:00:00,LONG,0.6305,67.25,67.25,NORMAL,69.2675,65.2325,2024-12-31T00:00:00,2025-01-01T00:00:00,69.44999694824219,19555,1315073.75,39452.212499999965,43020.94032287598,0.0,4560.67390763903,38460.26641523695,38460.26641523695,4560.67390763903,2.924571067990441,0,EXECUTED,13297099.140383253,2024-12-31
4493,BANKBARODA,2024-12-31T00:00:00,SHORT,0.71075,241.0,241.0,NORMAL,233.77,248.23,2025-01-01T00:00:00,2025-01-08T00:00:00,233.77,5509,1327669.0,39830.0700000001,39830.0700000001,0.0,4462.469433639,35367.6005663611,35367.6005663611,4462.469433639,2.663886900000008,0,EXECUTED,13564270.009003732,2025-01-01
23666,NMDC,2024-03-28T00:00:00,LONG,0.53525,66.33333587646484,66.33333587646484,NORMAL,68.3233359527588,64.34333580017089,2025-01-01T00:00:00,2025-01-07T00:00:00,68.3233359527588,20080,1331973.384399414,39959.20153198257,39959.20153198257,0.0,4613.381723030894,35345.81980895168,35345.81980895168,4613.381723030894,2.653643100000012,0,EXECUTED,13327904.690598428,2025-01-01
7927,CANBK,2024-11-25T00:00:00,SHORT,0.71275,99.0500030517578,99.0500030517578,NORMAL,96.07850296020509,99.92030220031738,2025-01-01T00:00:00,2025-01-02T00:00:00,99.92030220031738,13437,1330934.8910064695,11694.209659194908,-11694.209659194908,0.0,4565.452868706275,-16259.662527901182,-16259.662527901182,4565.452868706275,-1.2216722724584537,0,EXECUTED,13277181.428422203,2025-01-01
27250,POWERGRID,2024-12-31T00:00:00,SHORT,0.711,307.54998779296875,307.54998779296875,NORMAL,298.3234881591797,316.7764874267578,2025-01-01T00:00:00,2025-01-06T00:00:00,316.7764874267578,4319,1328308.397277832,39849.25191833489,-39849.25191833489,0.0,4606.665175038934,-44455.91709337383,-44455.91709337383,4606.665175038934,-3.346806899999995,0,EXECUTED,13323009.810533889,2025-01-01
20571,KOTAKBANK,2024-12-30T00:00:00,SHORT,0.71225,354.82761490467936,354.82761490467936,NORMAL,344.1827864575389,357.5539636230469,2025-01-01T00:00:00,2025-01-02T00:00:00,357.5539636230469,3746,1329184.245432929,10212.902299004829,-10212.902299004829,0.0,4556.834980222795,-14769.737279227624,-14769.737279227624,4556.834980222795,-1.1111881087950275,0,EXECUTED,13277181.428422203,2025-01-01
25235,ONGC,2024-12-31T00:00:00,SHORT,0.5589999999999999,237.80999755859372,237.80999755859372,NORMAL,230.67569763183596,239.6294937133789,2025-01-02T00:00:00,2025-01-06T00:00:00,239.6294937133789,5598,1331260.3663330078,10185.539474487305,-10185.539474487305,0.0,4563.875333886067,-14749.41480837337,-14749.41480837337,4563.875333886067,-1.1079286352526987,0,EXECUTED,13323009.810533889,2025-01-02
29033,RVNL,2025-01-01T00:00:00,LONG,0.68975,422.7000122070313,422.7000122070313,NORMAL,435.3810125732422,410.0190118408203,2025-01-02T00:00:00,2025-01-07T00:00:00,435.3810125732422,3145,1329391.5383911133,39881.74615173336,39881.74615173336,0.0,4604.43932123377,35277.30683049959,35277.30683049959,4604.43932123377,2.6536430999999974,0,EXECUTED,13327904.690598428,2025-01-02
15039,IDFCFIRSTB,2025-01-01T00:00:00,SHORT,0.70425,63.290000915527344,63.290000915527344,NORMAL,61.39130088806152,65.03419937133789,2025-01-02T00:00:00,2025-01-07T00:00:00,65.03419937133789,21038,1331495.0392608645,36694.4471133423,-36694.4471133423,0.0,4611.923474150257,-41306.37058749256,-41306.37058749256,4611.923474150257,-3.1022549367080208,0,EXECUTED,13327904.690598428,2025-01-02
26531,PNB,2025-01-02T00:00:00,SHORT,0.72875,105.4499969482422,105.4499969482422,NORMAL,102.28649703979492,105.73980377197266,2025-01-06T00:00:00,2025-01-07T00:00:00,105.73980377197266,12636,1332466.1614379885,3661.999024658253,-3661.999024658253,0.0,4556.365735707803,-8218.364760366056,-8218.364760366056,4556.365735707803,-0.6167784967609874,0,EXECUTED,13327904.690598428,2025-01-06
6739,BHEL,2025-01-03T00:00:00,SHORT,0.6779999999999999,233.0,233.0,NORMAL,226.01,239.722205657959,2025-01-06T00:00:00,2025-01-08T00:00:00,225.75780532836916,5712,1330896.0,38397.238718261775,41367.415964355525,0.0,4470.74833612673,36896.6676282288,36896.6676282288,4470.74833612673,2.7723178691820243,0,EXECUTED,13564270.009003732,2025-01-06
31538,SJVN,2025-01-03T00:00:00,SHORT,0.6699999999999999,109.5,109.5,NORMAL,106.215,112.63049842834472,2025-01-06T00:00:00,2025-01-08T00:00:00,106.06949851989746,11014,1206033.0,34479.30968978877,37783.54330184932,0.0,4050.778672573114,33732.76462927621,33732.76462927621,4050.778672573114,2.7970017925940835,0,EXECUTED,13564270.009003732,2025-01-06
30993,SBIN,2024-11-21T00:00:00,LONG,0.6895,751.8297119140625,751.8297119140625,NORMAL,774.3846032714844,729.2748205566406,2025-01-06T00:00:00,2025-01-10T00:00:00,729.2748205566406,1773,1332994.0792236328,39989.822376708966,-39989.822376708966,0.0,4486.366195851515,-44476.18857256048,-44476.18857256048,4486.366195851515,-3.3365630999999984,0,EXECUTED,13544677.600512415,2025-01-06
12304,HINDCOPPER,2024-03-14T00:00:00,LONG,0.5665,235.0500030517578,235.0500030517578,NORMAL,242.10150314331057,227.99850296020503,2025-01-07T00:00:00,2025-01-08T00:00:00,249.22999572753903,5760,1353888.017578125,40616.64052734386,81676.7578125,0.0,4756.306996599609,76920.45081590039,76920.45081590039,4756.306996599609,5.681448525816631,0,EXECUTED,13564270.009003732,2025-01-07
32337,SUZLON,2024-11-19T00:00:00,LONG,0.6255,59.2599983215332,59.2599983215332,NORMAL,61.0377982711792,57.48219837188721,2025-01-07T00:00:00,2025-01-08T00:00:00,62.04999923706055,22849,1354031.7016487122,40620.95104946135,63748.73091888428,0.0,4727.533701928587,59021.19721695569,59021.19721695569,4727.533701928587,4.358922848341704,0,EXECUTED,13564270.009003732,2025-01-07
37603,ZOMATO,2024-11-25T00:00:00,LONG,0.712,264.20001220703125,264.20001220703125,NORMAL,272.1260125732422,256.2740118408203,2025-01-07T00:00:00,2025-01-08T00:00:00,274.5,5120,1352704.0625,40581.12187499995,52735.9375,0.0,4705.024162593751,48030.91333740625,48030.91333740625,4705.024162593751,3.550733280761937,0,EXECUTED,13564270.009003732,2025-01-07
24640,NYKAA,2024-12-19T00:00:00,SHORT,0.5625,175.08999633789062,175.08999633789062,NORMAL,169.8372964477539,178.49900314331057,2025-01-07T00:00:00,2025-01-15T00:00:00,167.99000549316406,7454,1305120.8327026367,25410.736727600088,52923.3317565918,0.0,4362.14034115665,48561.19141543515,48561.19141543515,4362.14034115665,3.720819574604055,0,EXECUTED,13295154.341604054,2025-01-07
36226,WIPRO,2024-12-04T00:00:00,LONG,0.5872499999999999,291.6499938964844,291.6499938964844,NORMAL,300.3994937133789,282.90049407958986,2025-01-07T00:00:00,2025-01-14T00:00:00,300.3994937133789,4639,1352964.321685791,40588.92965057365,40588.92965057365,0.0,4686.085282696933,35902.844367876714,35902.844367876714,4686.085282696933,2.653643099999994,0,EXECUTED,13441384.368957631,2025-01-07
3475,BAJFINANCE,2025-01-07T00:00:00,LONG,0.7195,726.419677734375,726.419677734375,NORMAL,748.2122680664063,704.6270874023437,2025-01-08T00:00:00,2025-01-16T00:00:00,704.6270874023437,1847,1341697.1447753906,40250.9143432618,-40250.9143432618,0.0,4515.657503067542,-44766.57184632935,-44766.57184632935,4515.657503067542,-3.3365631000000064,0,EXECUTED,13325247.466914022,2025-01-08
226,ADANIGREEN,2024-11-28T00:00:00,SHORT,0.6745,988.4000244140624,988.4000244140624,NORMAL,958.7480236816406,1018.0520251464844,2025-01-08T00:00:00,2025-01-14T00:00:00,958.7480236816406,1363,1347189.2332763672,40415.676998291085,40415.676998291085,0.0,4528.079494831429,35887.597503459656,35887.597503459656,4528.079494831429,2.663886900000005,0,EXECUTED,13441384.368957631,2025-01-08
24439,NTPC,2025-01-07T00:00:00,SHORT,0.7052499999999999,327.5,327.5,NORMAL,317.675,337.325,2025-01-08T00:00:00,2025-01-14T00:00:00,317.675,4023,1317532.5,39525.97499999996,39525.97499999996,0.0,4428.3993292575005,35097.57567074245,35097.57567074245,4428.3993292575005,2.6638868999999965,0,EXECUTED,13441384.368957631,2025-01-08
32336,SUZLON,2024-11-18T00:00:00,SHORT,0.6839999999999999,58.060001373291016,58.060001373291016,NORMAL,56.318201332092286,58.43189952850342,2025-01-08T00:00:00,2025-01-09T00:00:00,58.43189952850342,23357,1356107.4520759585,8686.425211296175,-8686.425211296175,0.0,4646.04632151266,-13332.471532808837,-13332.471532808837,4646.04632151266,-0.9831427083745616,0,EXECUTED,13383649.685727328,2025-01-08
17432,IRB,2024-12-31T00:00:00,SHORT,0.637,28.61000061035156,28.61000061035156,NORMAL,27.75170059204101,28.649450550079347,2025-01-08T00:00:00,2025-01-09T00:00:00,28.649450550079347,47022,1345299.4486999512,1855.0150658798952,-1855.0150658798952,0.0,4596.965690882771,-6451.980756762667,-6451.980756762667,4596.965690882771,-0.4795943953591616,0,EXECUTED,13383649.685727328,2025-01-08
937,ADANIPOWER,2025-01-07T00:00:00,SHORT,0.7175,99.79000091552734,99.79000091552734,NORMAL,96.79630088806152,102.64980377197266,2025-01-08T00:00:00,2025-01-09T00:00:00,102.64980377197266,13449,1342075.7223129272,38461.488616333016,-38461.488616333016,0.0,4651.201672570613,-43112.69028890363,-43112.69028890363,4651.201672570613,-3.212388807287521,0,EXECUTED,13383649.685727328,2025-01-08
379,ADANIPORTS,2024-11-25T00:00:00,SHORT,0.54975,1163.050048828125,1163.050048828125,NORMAL,1128.1585473632813,1170.8525,2025-01-08T00:00:00,2025-01-09T00:00:00,1170.8525,1160,1349138.056640625,9050.843359374958,-9050.843359374958,0.0,4622.898126324492,-13673.741485699453,-13673.741485699453,4622.898126324492,-1.0135168464335875,0,EXECUTED,13383649.685727328,2025-01-08
24736,OIL,2025-01-06T00:00:00,LONG,0.64575,475.2999877929688,475.2999877929688,NORMAL,489.5589874267578,466.6670059204101,2025-01-09T00:00:00,2025-01-13T00:00:00,466.6670059204101,2840,1349851.9653320312,24517.66851806647,-24517.66851806647,0.0,4569.184330500713,-29086.852848567185,-29086.852848567185,4569.184330500713,-2.1548179797191698,0,EXECUTED,13400553.989951676,2025-01-09
9409,FEDERALBNK,2024-12-23T00:00:00,LONG,0.6935,194.4600067138672,194.4600067138672,NORMAL,200.2938069152832,188.6262065124512,2025-01-09T00:00:00,2025-01-14T00:00:00,188.6262065124512,6943,1350135.82661438,40504.07479843136,-40504.07479843136,0.0,4544.058992263983,-45048.13379069535,-45048.13379069535,4544.058992263983,-3.336563099999998,0,EXECUTED,13441384.368957631,2025-01-09
21088,LICHSGFIN,2024-06-05T00:00:00,LONG,0.5355,577.0,577.0,NORMAL,594.3100000000001,559.6899999999999,2025-01-09T00:00:00,2025-01-14T00:00:00,559.6899999999999,2338,1349026.0,40470.78000000014,-40470.78000000014,0.0,4540.323725406,-45011.10372540614,-45011.10372540614,4540.323725406,-3.3365631000000104,0,EXECUTED,13441384.368957631,2025-01-09
22507,NATIONALUM,2025-01-06T00:00:00,LONG,0.65,204.97999572753903,204.97999572753903,NORMAL,211.12939559936524,201.76,2025-01-09T00:00:00,2025-01-13T00:00:00,201.76,6589,1350613.1918487549,21216.55184875494,-21216.55184875494,0.0,4577.172027304036,-25793.72387605897,-25793.72387605897,4577.172027304036,-1.9097787606199708,0,EXECUTED,13400553.989951676,2025-01-09
8895,EXIDEIND,2024-04-15T00:00:00,LONG,0.54225,398.1499938964844,398.1499938964844,NORMAL,410.0944937133789,386.2054940795898,2025-01-10T00:00:00,2025-01-15T00:00:00,386.2054940795898,3366,1340172.8794555664,40205.1863836671,-40205.1863836671,0.0,4510.527388454918,-44715.71377212201,-44715.71377212201,4510.527388454918,-3.336563100000008,0,EXECUTED,13295154.341604054,2025-01-10
2590,AXISBANK,2024-04-19T00:00:00,LONG,0.62175,1024.9328592000836,1024.9328592000836,NORMAL,1055.680844976086,995.8373803710936,2025-01-13T00:00:00,2025-01-14T00:00:00,1057.4355688476562,1276,1307814.3283393066,37125.830985791166,41473.45751030264,0.0,4533.359930241464,36940.09758006117,36940.09758006117,4533.359930241464,2.824567431293445,0,EXECUTED,13441384.368957631,2025-01-13
7161,BPCL,2024-03-20T00:00:00,LONG,0.617,278.8500061035156,278.8500061035156,NORMAL,287.2155062866211,270.48450592041013,2025-01-13T00:00:00,2025-01-14T00:00:00,277.6499938964844,4813,1342105.0793762207,40263.15238128675,-5775.658752441406,0.0,4573.324396256434,-10348.98314869784,-10348.98314869784,4573.324396256434,-0.7711008107880649,0,EXECUTED,13441384.368957631,2025-01-13
35649,VEDL,2024-08-16T00:00:00,LONG,0.6932499999999999,420.2000122070313,420.2000122070313,NORMAL,432.8060125732422,407.5940118408203,2025-01-14T00:00:00,2025-01-16T00:00:00,432.8060125732422,3176,1334555.2387695312,40036.65716308593,40036.65716308593,0.0,4622.324153789748,35414.333009296184,35414.333009296184,4622.324153789748,2.6536431,0,EXECUTED,13325247.466914022,2025-01-14
32335,SUZLON,2024-11-14T00:00:00,SHORT,0.52125,54.5,54.5,NORMAL,52.865,55.650898742675786,2025-01-14T00:00:00,2025-01-15T00:00:00,55.650898742675786,24552,1338084.0,28256.865930175885,-28256.865930175885,0.0,4619.383838547352,-32876.24976872324,-32876.24976872324,4619.383838547352,-2.4569645678988192,0,EXECUTED,13295154.341604054,2025-01-14
27605,RECLTD,2024-06-05T00:00:00,LONG,0.5682499999999999,452.1000061035156,452.1000061035156,NORMAL,465.6630062866211,438.6340118408203,2025-01-14T00:00:00,2025-01-15T00:00:00,465.7660125732422,2956,1336407.6180419922,39805.47904052745,40396.71512451182,0.0,4629.237010663926,35767.478113847894,35767.478113847894,4629.237010663926,2.67638987019932,0,EXECUTED,13295154.341604054,2025-01-14
22458,NATIONALUM,2024-09-25T00:00:00,LONG,0.7244999999999999,191.47999572753903,191.47999572753903,NORMAL,197.22439559936524,185.7355958557129,2025-01-14T00:00:00,2025-01-15T00:00:00,198.25,6959,1332509.2902679443,39975.27870803836,47112.459732055664,0.0,4626.887890569557,42485.5718414861,42485.5718414861,4626.887890569557,3.1883884151339013,0,EXECUTED,13295154.341604054,2025-01-14
18005,IRFC,2024-10-28T00:00:00,SHORT,0.54925,134.42999267578125,134.42999267578125,NORMAL,130.3970928955078,138.4628924560547,2025-01-14T00:00:00,2025-01-15T00:00:00,130.3970928955078,9911,1332335.657409668,39970.069722290194,39970.069722290194,0.0,4478.154680525015,35491.91504176518,35491.91504176518,4478.154680525015,2.663886900000012,0,EXECUTED,13295154.341604054,2025-01-14
211,ADANIENT,2024-11-21T00:00:00,SHORT,0.70025,2239.3880910286434,2239.3880910286434,NORMAL,2172.206448297784,2247.040305175781,2025-01-14T00:00:00,2025-01-15T00:00:00,2247.040305175781,597,1336914.6903441,4568.371845841257,-4568.371845841257,0.0,4573.171110789807,-9141.542956631063,-9141.542956631063,4573.171110789807,-0.6837790789985395,0,EXECUTED,13295154.341604054,2025-01-14
27189,POWERGRID,2024-06-05T00:00:00,LONG,0.648,295.0,295.0,NORMAL,303.85,287.0715118408203,2025-01-14T00:00:00,2025-01-15T00:00:00,287.0715118408203,4543,1340185.0,36019.12170715348,-36019.12170715348,0.0,4517.401688637414,-40536.52339579089,-40536.52339579089,4517.401688637414,-3.024696097612709,0,EXECUTED,13295154.341604054,2025-01-14
8,ADANIENSOL,2024-11-22T00:00:00,SHORT,0.61325,702.9500122070312,702.9500122070312,NORMAL,681.8615118408203,718.1675,2025-01-15T00:00:00,2025-01-16T00:00:00,718.1675,1912,1344040.4233398438,29095.836660156285,-29095.836660156285,0.0,4641.217939215627,-33737.05459937191,-33737.05459937191,4641.217939215627,-2.510122018170984,0,EXECUTED,13325247.466914022,2025-01-15
936,ADANIPOWER,2024-12-31T00:00:00,SHORT,0.61875,107.88999938964844,107.88999938964844,NORMAL,104.65329940795898,111.12669937133788,2025-01-15T00:00:00,2025-01-16T00:00:00,92.0,12340,1331362.5924682615,39940.87777404787,196082.5924682617,0.0,4196.592703685943,191885.99976457577,191885.99976457577,4196.592703685943,14.412752833082932,0,EXECUTED,13325247.466914022,2025-01-15
1889,ASHOKLEY,2025-01-13T00:00:00,SHORT,0.6932499999999999,105.28500366210938,105.28500366210938,NORMAL,102.12645355224608,108.44355377197266,2025-01-15T00:00:00,2025-01-16T00:00:00,101.54499816894533,12661,1333013.4313659668,39990.402940979046,47352.2095489502,0.0,4467.311819663137,42884.897729287055,42884.897729287055,4467.311819663137,3.217139206567634,0,EXECUTED,13325247.466914022,2025-01-15
5493,BEL,2025-01-13T00:00:00,SHORT,0.6935,271.0,271.0,NORMAL,262.87,279.13,2025-01-15T00:00:00,2025-01-16T00:00:00,262.87,4917,1332507.0,39975.20999999998,39975.20999999998,0.0,4478.730585417,35496.47941458298,35496.47941458298,4478.730585417,2.6638868999999987,0,EXECUTED,13325247.466914022,2025-01-15
7949,CANBK,2025-01-13T00:00:00,SHORT,0.53325,92.83000183105467,92.83000183105467,NORMAL,90.04510177612305,95.61490188598631,2025-01-15T00:00:00,2025-01-16T00:00:00,89.47000122070312,14070,1306118.1257629397,39183.54377288817,47275.20858764648,0.0,4375.61234796437,42899.59623968211,42899.59623968211,4375.61234796437,3.2845112087104127,0,EXECUTED,13325247.466914022,2025-01-15
22965,NHPC,2025-01-13T00:00:00,SHORT,0.66325,76.5999984741211,76.5999984741211,NORMAL,74.30199851989745,78.89799842834474,2025-01-15T00:00:00,2025-01-16T00:00:00,72.69999694824219,17403,1333069.7734451294,39992.09320335403,67871.7265548706,0.0,4430.9322701669935,63440.79428470361,63440.79428470361,4430.9322701669935,4.759000282539592,0,EXECUTED,13325247.466914022,2025-01-15
11694,HDFCBANK,2025-01-10T00:00:00,SHORT,0.66625,804.0289916992188,804.0289916992188,NORMAL,779.9081219482422,828.1498614501953,2025-01-15T00:00:00,2025-02-03T00:00:00,828.1498614501953,1656,1331472.0102539062,39944.1603076172,-39944.1603076172,0.0,4617.636803129255,-44561.797110746455,-44561.797110746455,4617.636803129255,-3.346806900000001,0,EXECUTED,13967730.44433251,2025-01-15
37553,ZOMATO,2024-08-02T00:00:00,LONG,0.6665,233.9499969482422,233.9499969482422,NORMAL,240.96849685668943,227.0672964477539,2025-01-15T00:00:00,2025-01-17T00:00:00,241.11269622802732,5749,1344978.5324554443,39568.64517730714,41178.35815948487,0.0,4659.779130946087,36518.57902853879,36518.57902853879,4659.779130946087,2.715179324228252,0,EXECUTED,13851062.987246407,2025-01-15
27646,RECLTD,2025-01-15T00:00:00,SHORT,0.71375,481.0499877929688,481.0499877929688,NORMAL,466.61848815917966,490.4344937133789,2025-01-16T00:00:00,2025-01-20T00:00:00,490.4344937133789,2881,1385905.014831543,27036.76155670168,-27036.76155670168,0.0,4780.498883766297,-31817.260440467977,-31817.260440467977,4780.498883766297,-2.2957749701436336,0,EXECUTED,13845196.17501725,2025-01-16
10021,GAIL,2025-01-13T00:00:00,SHORT,0.613,179.5800018310547,179.5800018310547,NORMAL,174.19260177612304,184.96740188598636,2025-01-16T00:00:00,2025-01-24T00:00:00,174.19260177612304,7712,1384920.9741210938,41547.62922363286,41547.62922363286,0.0,4654.900818668606,36892.728404964255,36892.728404964255,4654.900818668606,2.663886900000003,0,EXECUTED,13758215.566649336,2025-01-16
29664,SAIL,2025-01-15T00:00:00,SHORT,0.71275,106.3000030517578,106.3000030517578,NORMAL,103.11100296020508,109.0563971710205,2025-01-16T00:00:00,2025-01-21T00:00:00,109.0563971710205,13005,1382431.5396881104,35846.90552101134,-35846.90552101134,0.0,4784.34067512912,-40631.246196140455,-40631.246196140455,4784.34067512912,-2.939114526084037,0,EXECUTED,13558399.473660735,2025-01-16
23786,NMDC,2025-01-15T00:00:00,SHORT,0.702,64.0,64.0,NORMAL,62.08,65.26080062866211,2025-01-16T00:00:00,2025-01-20T00:00:00,65.26080062866211,21619,1383616.0,27257.248791046168,-27257.248791046168,0.0,4773.075788120282,-32030.32457916645,-32030.32457916645,4773.075788120282,-2.3149721150352733,0,EXECUTED,13845196.17501725,2025-01-16
10614,GMRINFRA,2025-01-13T00:00:00,SHORT,0.6855,74.52999877929688,74.52999877929688,NORMAL,72.29409881591796,76.76589874267579,2025-01-16T00:00:00,2025-01-22T00:00:00,76.76589874267579,18563,1383500.367340088,41505.01102020275,-41505.01102020275,0.0,4798.074735460771,-46303.08575566352,-46303.08575566352,4798.074735460771,-3.3468069000000087,0,EXECUTED,13633397.851067524,2025-01-16
6743,BHEL,2025-01-13T00:00:00,SHORT,0.6527499999999999,204.4900054931641,204.4900054931641,NORMAL,198.35530532836916,210.624705657959,2025-01-16T00:00:00,2025-01-17T00:00:00,198.35530532836916,6766,1383579.377166748,41507.38131500253,41507.38131500253,0.0,4650.391535555849,36856.98977944668,36856.98977944668,4650.391535555849,2.6638869000000067,0,EXECUTED,13851062.987246407,2025-01-16
24444,NTPC,2025-01-15T00:00:00,SHORT,0.7132499999999999,312.54998779296875,312.54998779296875,NORMAL,303.17348815917967,319.7119937133789,2025-01-16T00:00:00,2025-01-17T00:00:00,319.7119937133789,4436,1386471.7458496094,31770.65826293937,-31770.65826293937,0.0,4790.871267600113,-36561.52953053949,-36561.52953053949,4790.871267600113,-2.6370194444990385,0,EXECUTED,13851062.987246407,2025-01-16
28986,RVNL,2024-06-11T00:00:00,LONG,0.5475,373.9500122070313,373.9500122070313,NORMAL,385.1685125732422,362.7315118408203,2025-01-16T00:00:00,2025-01-17T00:00:00,385.1685125732422,3702,1384362.9451904297,41530.88835571292,41530.88835571292,0.0,4794.836581710271,36736.051774002655,36736.051774002655,4794.836581710271,2.6536431000000027,0,EXECUTED,13851062.987246407,2025-01-16
6745,BHEL,2025-01-16T00:00:00,SHORT,0.6932499999999999,205.0,205.0,NORMAL,198.85,208.22480377197263,2025-01-17T00:00:00,2025-01-20T00:00:00,208.22480377197263,6773,1388465.0,21841.595947570822,-21841.595947570822,0.0,4779.980865457355,-26621.57681302818,-26621.57681302818,4779.980865457355,-1.9173387023099744,0,EXECUTED,13845196.17501725,2025-01-17
19608,KALYANKJIL,2025-01-16T00:00:00,SHORT,0.70425,558.0999755859375,558.0999755859375,NORMAL,541.3569763183593,571.7529748535156,2025-01-17T00:00:00,2025-01-20T00:00:00,538.4469763183594,2479,1383529.839477539,33845.7851843262,48719.7851843262,0.0,4637.36771674598,44082.41746758022,44082.41746758022,4637.36771674598,3.18622816868388,0,EXECUTED,13845196.17501725,2025-01-17
17437,IRB,2025-01-13T00:00:00,SHORT,0.70475,26.45499992370605,26.45499992370605,NORMAL,25.661349925994877,27.24864992141724,2025-01-17T00:00:00,2025-01-21T00:00:00,27.24864992141724,52130,1379099.1460227966,41372.97438068389,-41372.97438068389,0.0,4782.810996248134,-46155.78537693202,-46155.78537693202,4782.810996248134,-3.346806899999999,0,EXECUTED,13558399.473660735,2025-01-17
32363,SUZLON,2025-01-15T00:00:00,SHORT,0.59175,58.7599983215332,58.7599983215332,NORMAL,56.99719837188721,58.88509811401367,2025-01-17T00:00:00,2025-01-20T00:00:00,58.88509811401367,23482,1379802.280586243,2937.5933270263804,-2937.5933270263804,0.0,4716.708539876543,-7654.301866902923,-7654.301866902923,4716.708539876543,-0.5547390357733578,0,EXECUTED,13845196.17501725,2025-01-17
34997,UNIONBANK,2025-01-10T00:00:00,SHORT,0.61275,109.0999984741211,109.0999984741211,NORMAL,105.82699851989746,111.30179748535156,2025-01-20T00:00:00,2025-01-22T00:00:00,111.30179748535156,12452,1358513.180999756,27416.801287841903,-27416.801287841903,0.0,4687.644072777087,-32104.44536061899,-32104.44536061899,4687.644072777087,-2.363204554039933,0,EXECUTED,13633397.851067524,2025-01-20
19587,KALYANKJIL,2024-08-22T00:00:00,LONG,0.64325,537.0,537.0,NORMAL,553.11,528.1165118408203,2025-01-20T00:00:00,2025-01-21T00:00:00,528.1165118408203,2547,1367739.0,22626.24434143071,-22626.24434143071,0.0,4633.348770761482,-27259.59311219219,-27259.59311219219,4633.348770761482,-1.9930405663794184,0,EXECUTED,13558399.473660735,2025-01-20
37632,ZOMATO,2025-01-17T00:00:00,LONG,0.727,241.8999938964844,241.8999938964844,NORMAL,249.1569937133789,234.64299407958984,2025-01-20T00:00:00,2025-01-21T00:00:00,249.1569937133789,5081,1229093.868988037,36872.81606964113,36872.81606964113,0.0,4257.051422717027,32615.7646469241,32615.7646469241,4257.051422717027,2.6536431000000014,0,EXECUTED,13558399.473660735,2025-01-20
942,ADANIPOWER,2025-01-16T00:00:00,SHORT,0.64725,112.58999633789062,112.58999633789062,NORMAL,109.2122964477539,113.1866993713379,2025-01-20T00:00:00,2025-01-21T00:00:00,113.1866993713379,11990,1349954.0560913086,7154.469371032763,-7154.469371032763,0.0,4622.304530689374,-11776.773901722136,-11776.773901722136,4622.304530689374,-0.8723833117566169,0,EXECUTED,13558399.473660735,2025-01-20
14292,IDBI,2025-01-15T00:00:00,SHORT,0.5267499999999999,79.0,79.0,NORMAL,76.63,80.23700157165527,2025-01-20T00:00:00,2025-01-21T00:00:00,80.23700157165527,17200,1358800.0,21276.427032470645,-21276.427032470645,0.0,4677.679455899972,-25954.106488370617,-25954.106488370617,4677.679455899972,-1.9100755437423185,0,EXECUTED,13558399.473660735,2025-01-20
20578,KOTAKBANK,2025-01-20T00:00:00,LONG,0.7035,382.9964294433594,382.9964294433594,NORMAL,394.4863223266602,371.5065365600586,2025-01-21T00:00:00,2025-01-28T00:00:00,371.5065365600586,3551,1360020.3209533691,40800.60962860113,-40800.60962860113,0.0,4577.326552830609,-45377.93618143174,-45377.93618143174,4577.326552830609,-3.336563100000004,0,EXECUTED,13968203.568861496,2025-01-21
28643,RELIANCE,2025-01-20T00:00:00,SHORT,0.7,1299.2795231523412,1299.2795231523412,NORMAL,1260.301137457771,1333.1008862304689,2025-01-21T00:00:00,2025-01-24T00:00:00,1255.4445239257811,1045,1357747.1016941965,35343.32441664341,45807.57419175526,0.0,4554.520413963039,41253.05377779222,41253.05377779222,4554.520413963039,3.0383459280683915,0,EXECUTED,13758215.566649336,2025-01-21
16673,IOC,2025-01-13T00:00:00,SHORT,0.55975,130.27999877929688,130.27999877929688,NORMAL,126.37159881591796,134.1883987426758,2025-01-21T00:00:00,2025-01-29T00:00:00,126.37159881591796,10444,1360644.3072509766,40819.32921752935,40819.32921752935,0.0,4573.303761074782,36246.02545645457,36246.02545645457,4573.303761074782,2.663886900000004,0,EXECUTED,14002243.827008322,2025-01-21
2631,AXISBANK,2025-01-20T00:00:00,SHORT,0.6295,991.9865385807152,991.9865385807152,NORMAL,962.2269424232936,1016.0389233398438,2025-01-21T00:00:00,2025-01-23T00:00:00,956.8521899414062,1356,1345133.7463154497,32615.03373337852,47642.176754902845,0.0,4508.181038538471,43133.99571636437,43133.99571636437,4508.181038538471,3.2066696590220656,0,EXECUTED,13712265.839473052,2025-01-21
35235,VBL,2024-10-08T00:00:00,SHORT,0.7115,557.0,557.0,NORMAL,540.29,558.3114874267578,2025-01-21T00:00:00,2025-01-23T00:00:00,562.0499877929688,2441,1359637.0,3201.3408087158423,-12327.02020263672,0.0,4664.586948307159,-16991.607150943877,-16991.607150943877,4664.586948307159,-1.2497164427669942,0,EXECUTED,13712265.839473052,2025-01-21
6747,BHEL,2025-01-20T00:00:00,SHORT,0.69675,215.1499938964844,215.1499938964844,NORMAL,208.69549407958985,220.50240188598636,2025-01-21T00:00:00,2025-01-24T00:00:00,207.65760177612304,6329,1361684.3113708496,33875.390165557874,47419.34972976686,0.0,4565.09174258354,42854.25798718332,42854.25798718332,4565.09174258354,3.1471507477412746,0,EXECUTED,13758215.566649336,2025-01-21
31297,SHRIRAMFIN,2025-01-21T00:00:00,SHORT,0.6972499999999999,518.0,518.0,NORMAL,502.46,532.2010125732422,2025-01-22T00:00:00,2025-01-27T00:00:00,532.2010125732422,2615,1354570.0,37135.647879028416,-37135.647879028416,0.0,4691.501587214792,-41827.14946624321,-41827.14946624321,4691.501587214792,-3.0878544088709483,0,EXECUTED,13780654.122773454,2025-01-22
15747,INDUSTOWER,2025-01-20T00:00:00,LONG,0.72575,362.7000122070313,362.7000122070313,NORMAL,373.5810125732422,351.8190118408203,2025-01-22T00:00:00,2025-01-23T00:00:00,373.8999938964844,3784,1372456.8461914062,41173.70538574231,42380.73071289063,0.0,4755.569213747827,37625.1614991428,37625.1614991428,4755.569213747827,2.7414458679377303,0,EXECUTED,13712265.839473052,2025-01-22
1892,ASHOKLEY,2025-01-22T00:00:00,SHORT,0.7195,103.0,103.0,NORMAL,99.91,105.45139717102052,2025-01-23T00:00:00,2025-01-29T00:00:00,99.30859733581542,13364,1376492.0,32760.471793518187,49331.90520416272,0.0,4612.24532855462,44719.6598756081,44719.6598756081,4612.24532855462,3.2488136418960734,0,EXECUTED,14002243.827008322,2025-01-23
15746,INDUSTOWER,2025-01-16T00:00:00,LONG,0.573,351.79998779296875,351.79998779296875,NORMAL,362.3539874267578,341.24598815917966,2025-01-23T00:00:00,2025-01-27T00:00:00,362.3539874267578,3912,1376241.5522460938,41287.24656738292,41287.24656738292,0.0,4766.70757687145,36520.53899051147,36520.53899051147,4766.70757687145,2.653643100000008,0,EXECUTED,13780654.122773454,2025-01-23
25473,PAYTM,2025-01-16T00:00:00,LONG,0.5662499999999999,850.0,850.0,NORMAL,875.5,833.2784881591797,2025-01-23T00:00:00,2025-01-24T00:00:00,833.2784881591797,1621,1377850.0,27105.570693969727,-27105.570693969727,0.0,4660.562186956233,-31766.13288092596,-31766.13288092596,4660.562186956233,-2.305485566710887,0,EXECUTED,13758215.566649336,2025-01-23
18036,IRFC,2025-01-15T00:00:00,SHORT,0.5815,139.0,139.0,NORMAL,134.82999999999998,139.61650314331055,2025-01-24T00:00:00,2025-01-27T00:00:00,139.61650314331055,9893,1375127.0,6099.065596771296,-6099.065596771296,0.0,4706.379018813125,-10805.444615584422,-10805.444615584422,4706.379018813125,-0.7857779401891186,0,EXECUTED,13780654.122773454,2025-01-24
19610,KALYANKJIL,2025-01-20T00:00:00,SHORT,0.7072499999999999,501.5,501.5,NORMAL,486.455,516.545,2025-01-24T00:00:00,2025-01-27T00:00:00,486.455,2736,1372104.0,41163.119999999886,41163.120000000046,0.0,4611.821289624,36551.298710376046,36551.298710376046,4611.821289624,2.663886900000003,0,EXECUTED,13780654.122773454,2025-01-24
15428,INDHOTEL,2025-01-21T00:00:00,LONG,0.70075,771.0,771.0,NORMAL,794.13,769.2099999999999,2025-01-24T00:00:00,2025-01-27T00:00:00,769.2099999999999,1788,1378548.0,3200.520000000138,-3200.520000000138,0.0,4701.965792003999,-7902.485792004138,-7902.485792004138,4701.965792003999,-0.5732470535668064,0,EXECUTED,13780654.122773454,2025-01-24
14295,IDBI,2025-01-22T00:00:00,LONG,0.63975,80.5,80.5,NORMAL,82.915,80.1996002960205,2025-01-24T00:00:00,2025-01-27T00:00:00,80.1996002960205,17133,1379206.5,5146.748128280668,-5146.748128280668,0.0,4701.037477930207,-9847.785606210877,-9847.785606210877,4701.037477930207,-0.714018213096507,0,EXECUTED,13780654.122773454,2025-01-24
19611,KALYANKJIL,2025-01-24T00:00:00,SHORT,0.7072499999999999,480.0,480.0,NORMAL,465.6,492.4944937133789,2025-01-27T00:00:00,2025-01-28T00:00:00,463.8054940795898,2886,1385280.0,36059.10885681155,46737.34408630374,0.0,4646.877119634981,42090.46696666876,42090.46696666876,4646.877119634981,3.038408622565023,0,EXECUTED,13968203.568861496,2025-01-27
33719,TATASTEEL,2025-01-09T00:00:00,SHORT,0.5409999999999999,132.63999938964844,132.63999938964844,NORMAL,128.660799407959,136.61919937133788,2025-01-27T00:00:00,2025-01-29T00:00:00,128.660799407959,10392,1378394.8736572266,41351.846209716736,41351.846209716736,0.0,4632.965740090387,36718.88046962635,36718.88046962635,4632.965740090387,2.663886899999995,0,EXECUTED,14002243.827008322,2025-01-27
25472,PAYTM,2025-01-14T00:00:00,LONG,0.6214999999999999,789.7000122070312,789.7000122070312,NORMAL,813.3910125732422,766.0090118408203,2025-01-27T00:00:00,2025-01-28T00:00:00,849.9500122070312,1749,1381185.3213500977,41435.55964050289,105377.25,0.0,4888.202683457043,100489.04731654296,100489.04731654296,4888.202683457043,7.275565831985219,0,EXECUTED,13968203.568861496,2025-01-27
32366,SUZLON,2025-01-24T00:00:00,SHORT,0.671,54.900001525878906,54.900001525878906,NORMAL,53.25300148010254,55.93930141448975,2025-01-27T00:00:00,2025-01-28T00:00:00,52.68070133209228,25338,1391056.2386627195,26333.780577621503,56232.62831016545,0.0,4649.677219100515,51582.95109106493,51582.95109106493,4649.677219100515,3.708185884752853,0,EXECUTED,13968203.568861496,2025-01-27
2635,AXISBANK,2025-01-24T00:00:00,SHORT,0.694,946.959716796875,946.959716796875,NORMAL,918.5509252929688,975.3685083007812,2025-01-27T00:00:00,2025-01-29T00:00:00,975.3685083007812,1469,1391083.8239746094,41732.51471923834,-41732.51471923834,0.0,4824.374686327799,-46556.88940556614,-46556.88940556614,4824.374686327799,-3.346806900000004,0,EXECUTED,14002243.827008322,2025-01-27
12868,HUDCO,2025-01-24T00:00:00,SHORT,0.7105,222.25,222.25,NORMAL,215.5825,228.12439559936524,2025-01-27T00:00:00,2025-01-29T00:00:00,214.83559585571288,6227,1383950.75,36579.86139724737,46169.49460647589,0.0,4643.350340712877,41526.14426576301,41526.14426576301,4643.350340712877,3.000550725216415,0,EXECUTED,14002243.827008322,2025-01-27
36236,WIPRO,2025-01-23T00:00:00,LONG,0.55825,309.1000061035156,309.1000061035156,NORMAL,318.3730062866211,299.82700592041016,2025-01-28T00:00:00,2025-01-29T00:00:00,318.3730062866211,4559,1409186.9278259275,42275.607834777824,42275.607834777824,0.0,4880.81615842312,37394.791676354704,37394.791676354704,4880.81615842312,2.6536431,0,EXECUTED,14002243.827008322,2025-01-28
32254,SUZLON,2024-06-21T00:00:00,LONG,0.595,50.52999877929688,50.52999877929688,NORMAL,52.04589874267578,49.01409881591797,2025-01-28T00:00:00,2025-01-29T00:00:00,52.400001525878906,27913,1410443.8559265137,42313.31567779542,52197.38666534424,0.0,4901.303384700515,47296.083280643725,47296.083280643725,4901.303384700515,3.353276564814071,0,EXECUTED,14002243.827008322,2025-01-28
15749,INDUSTOWER,2025-01-27T00:00:00,LONG,0.648,365.6499938964844,365.6499938964844,NORMAL,376.6194937133789,356.9115118408203,2025-01-28T00:00:00,2025-01-29T00:00:00,356.9115118408203,3847,1406655.5265197754,33616.940468139655,-33616.940468139655,0.0,4748.29302892828,-38365.23349706794,-38365.23349706794,4748.29302892828,-2.727407867368058,0,EXECUTED,14002243.827008322,2025-01-28
25475,PAYTM,2025-01-27T00:00:00,LONG,0.6955,788.0,788.0,NORMAL,811.64,783.2265118408203,2025-01-28T00:00:00,2025-01-29T00:00:00,783.2265118408203,1787,1408156.0,8530.22334045411,-8530.22334045411,0.0,4794.365594041377,-13324.588934495489,-13324.588934495489,4794.365594041377,-0.9462438064032316,0,EXECUTED,14002243.827008322,2025-01-28
26538,PNB,2025-01-27T00:00:00,SHORT,0.6415,97.62000274658205,97.62000274658205,NORMAL,94.69140266418457,100.5486028289795,2025-01-29T00:00:00,2025-02-03T00:00:00,100.5486028289795,14527,1418125.7798995972,42543.77339698799,-42543.77339698799,0.0,4918.158055370615,-47461.93145235861,-47461.93145235861,4918.158055370615,-3.346806900000005,0,EXECUTED,13967730.44433251,2025-01-29
29667,SAIL,2025-01-28T00:00:00,SHORT,0.7012499999999999,105.0,105.0,NORMAL,101.85,106.53290031433106,2025-01-29T00:00:00,2025-02-01T00:00:00,106.53290031433106,13474,1414770.0,20654.29883529669,-20654.29883529669,0.0,4867.685798814149,-25521.984634110835,-25521.984634110835,4867.685798814149,-1.8039670500583724,0,EXECUTED,14300026.919964412,2025-01-29
18040,IRFC,2025-01-28T00:00:00,SHORT,0.6869999999999999,138.0,138.0,NORMAL,133.86,141.16150314331054,2025-01-29T00:00:00,2025-01-31T00:00:00,141.16150314331054,10271,1417398.0,32471.798784942555,-32471.798784942555,0.0,4897.721697774403,-37369.52048271696,-37369.52048271696,4897.721697774403,-2.6364874567846828,0,EXECUTED,14211495.684065992,2025-01-29
33726,TATASTEEL,2025-01-27T00:00:00,SHORT,0.6425,129.74000549316406,129.74000549316406,NORMAL,125.84780532836912,133.632205657959,2025-01-29T00:00:00,2025-01-30T00:00:00,125.84780532836912,10923,1417150.080001831,42514.50240005501,42514.50240005501,0.0,4763.227065546635,37751.27533450837,37751.27533450837,4763.227065546635,2.663886900000005,0,EXECUTED,14207437.400088836,2025-01-29
1777,ASHOKLEY,2024-05-16T00:00:00,LONG,0.7105,99.375,99.375,NORMAL,102.35625,97.67899703979492,2025-01-29T00:00:00,2025-01-30T00:00:00,103.72099685668944,14130,1404168.75,23964.521827697758,61408.93558502197,0.0,4894.912419305431,56514.02316571654,56514.02316571654,4894.912419305431,4.024731583416633,0,EXECUTED,14207437.400088836,2025-01-29
22969,NHPC,2025-01-28T00:00:00,SHORT,0.68625,75.0,75.0,NORMAL,72.75,77.0130965423584,2025-01-29T00:00:00,2025-01-30T00:00:00,72.52689674377442,18646,1398450.0,37536.19812881468,46113.483315582256,0.0,4692.959308686639,41420.52400689562,41420.52400689562,4692.959308686639,2.9618880908788743,0,EXECUTED,14207437.400088836,2025-01-29
7220,BPCL,2025-01-27T00:00:00,SHORT,0.648,263.79998779296875,263.79998779296875,NORMAL,255.88598815917967,271.7139874267578,2025-01-29T00:00:00,2025-01-30T00:00:00,255.88598815917967,5361,1414231.7345581057,42426.95203674308,42426.952036743234,0.0,4753.418124207019,37673.533912536215,37673.533912536215,4753.418124207019,2.663886900000005,0,EXECUTED,14207437.400088836,2025-01-29
17438,IRB,2025-01-14T00:00:00,SHORT,0.583,25.25,25.25,NORMAL,24.4925,25.657299842834476,2025-01-29T00:00:00,2025-01-30T00:00:00,24.162699851989743,55992,1413798.0,22805.532799987785,60880.10988739013,0.0,4719.048030947704,56161.06185644242,56161.06185644242,4719.048030947704,3.972354031936841,0,EXECUTED,14207437.400088836,2025-01-29
32249,SUZLON,2024-06-12T00:00:00,LONG,0.56325,48.2599983215332,48.2599983215332,NORMAL,49.7077982711792,46.812198371887206,2025-01-29T00:00:00,2025-01-30T00:00:00,50.59000015258789,29179,1408178.491024017,42245.35473072055,67987.12342834473,0.0,4919.341657022696,63067.78177132203,63067.78177132203,4919.341657022696,4.478678106030407,0,EXECUTED,14207437.400088836,2025-01-29
6900,BIOCON,2025-01-14T00:00:00,LONG,0.6659999999999999,360.20001220703125,360.20001220703125,NORMAL,371.0060125732422,354.2440118408203,2025-01-30T00:00:00,2025-01-31T00:00:00,354.2440118408203,3965,1428193.048400879,23615.54145202645,-23615.54145202645,0.0,4838.160334757498,-28453.701786783942,-28453.701786783942,4838.160334757498,-1.992286814352095,0,EXECUTED,14211495.684065992,2025-01-30
32367,SUZLON,2025-01-27T00:00:00,SHORT,0.7164999999999999,52.77000045776367,52.77000045776367,NORMAL,51.18690044403076,54.11620094299317,2025-01-30T00:00:00,2025-02-01T00:00:00,55.400001525878906,27014,1425528.7923660278,36366.25990798959,-71046.84885406494,0.0,4994.237413125638,-76041.08626719058,-76041.08626719058,4994.237413125638,-5.334237138836111,0,EXECUTED,14300026.919964412,2025-01-30
37636,ZOMATO,2025-01-24T00:00:00,SHORT,0.657,221.9499969482422,221.9499969482422,NORMAL,215.2914970397949,228.60849685668947,2025-01-30T00:00:00,2025-01-31T00:00:00,211.0,6425,1426028.730392456,42780.86191177379,70353.73039245605,0.0,4743.926249119606,65609.80414333646,65609.80414333646,4743.926249119606,4.600875336170825,0,EXECUTED,14211495.684065992,2025-01-30
4850,BANKINDIA,2025-01-29T00:00:00,SHORT,0.729,109.51000213623048,109.51000213623048,NORMAL,106.22470207214356,112.79530220031738,2025-01-30T00:00:00,2025-02-01T00:00:00,112.79530220031738,12995,1423082.477760315,42692.47433280941,-42692.47433280941,0.0,4935.348225563738,-47627.82255837315,-47627.82255837315,4935.348225563738,-3.3468068999999976,0,EXECUTED,14300026.919964412,2025-01-30
33727,TATASTEEL,2025-01-28T00:00:00,SHORT,0.5505,129.0,129.0,NORMAL,125.13,130.1611028289795,2025-01-30T00:00:00,2025-01-31T00:00:00,130.1611028289795,11048,1425192.0,12827.864054565454,-12827.864054565454,0.0,4889.323705304452,-17717.187759869907,-17717.187759869907,4889.323705304452,-1.243143924458593,0,EXECUTED,14211495.684065992,2025-01-30
21037,L&TFH,2025-01-22T00:00:00,SHORT,0.6405,146.07000732421875,146.07000732421875,NORMAL,141.68790710449218,150.45210754394532,2025-01-30T00:00:00,2025-01-31T00:00:00,141.68790710449218,9765,1426373.621520996,42791.20864562993,42791.20864562993,0.0,4794.228596876487,37996.980048753445,37996.980048753445,4794.228596876487,2.663886900000003,0,EXECUTED,14211495.684065992,2025-01-30
16678,IOC,2025-01-27T00:00:00,SHORT,0.5619999999999999,128.25999450683594,128.25999450683594,NORMAL,124.41219467163086,132.10779434204102,2025-01-31T00:00:00,2025-02-01T00:00:00,124.4000015258789,11106,1424455.49899292,42733.66496978762,42869.08204650879,0.0,4787.540181929732,38081.541864579056,38081.541864579056,4787.540181929732,2.6734104288622875,0,EXECUTED,14300026.919964412,2025-01-31
27258,POWERGRID,2025-01-27T00:00:00,SHORT,0.6865,295.8500061035156,295.8500061035156,NORMAL,286.97450592041014,304.7255062866211,2025-01-31T00:00:00,2025-02-04T00:00:00,304.7255062866211,4814,1424221.9293823242,42726.657881469815,-42726.657881469815,0.0,4939.299922411028,-47665.95780388084,-47665.95780388084,4939.299922411028,-3.346806900000006,0,EXECUTED,14431268.377086354,2025-01-31
12601,HINDPETRO,2025-01-27T00:00:00,SHORT,0.55725,352.8500061035156,352.8500061035156,NORMAL,342.26450592041016,363.4355062866211,2025-01-31T00:00:00,2025-02-04T00:00:00,342.26450592041016,4040,1425514.0246582031,42765.420739746085,42765.420739746085,0.0,4791.33937921345,37974.08136053263,37974.08136053263,4791.33937921345,2.663886899999999,0,EXECUTED,14431268.377086354,2025-01-31
15357,IGL,2025-01-29T00:00:00,SHORT,0.5365,196.5,196.5,NORMAL,190.605,197.14199371337887,2025-01-31T00:00:00,2025-02-01T00:00:00,197.14199371337887,7283,1431109.5,4675.640214538698,-4675.640214538698,0.0,4894.999892254373,-9570.640106793073,-9570.640106793073,4894.999892254373,-0.6687566609538314,0,EXECUTED,14300026.919964412,2025-01-31
19612,KALYANKJIL,2025-01-27T00:00:00,SHORT,0.52825,458.75,458.75,NORMAL,444.9875,472.5125,2025-01-31T00:00:00,2025-02-01T00:00:00,444.9875,3108,1425795.0,42773.84999999996,42773.84999999996,0.0,4792.283774145,37981.56622585496,37981.56622585496,4792.283774145,2.6638868999999974,0,EXECUTED,14300026.919964412,2025-01-31
9413,FEDERALBNK,2025-01-31T00:00:00,SHORT,0.6855,185.25999450683597,185.25999450683597,NORMAL,179.70219467163085,190.5088069152832,2025-02-01T00:00:00,2025-02-14T00:00:00,179.41120651245117,7193,1332575.140487671,37754.70765396117,42070.33204360961,0.0,4475.229121907876,37595.102921701735,37595.102921701735,4475.229121907876,2.821237000409852,0,EXECUTED,14274932.67946796,2025-02-01
1226,AMBUJACEM,2025-01-31T00:00:00,SHORT,0.7085,511.0,511.0,NORMAL,495.67,524.8364874267578,2025-02-01T00:00:00,2025-02-04T00:00:00,494.2634881591797,2757,1408827.0,38147.19583557125,46142.56314514156,0.0,4728.340783906414,41414.22236123514,41414.22236123514,4728.340783906414,2.939624408194558,0,EXECUTED,14431268.377086354,2025-02-01
37637,ZOMATO,2025-01-27T00:00:00,SHORT,0.5205,219.0,219.0,NORMAL,212.43,222.0680062866211,2025-02-01T00:00:00,2025-02-03T00:00:00,222.0680062866211,6462,1415178.0,19825.456624145638,-19825.456624145638,0.0,4867.601710141214,-24693.05833428685,-24693.05833428685,4867.601710141214,-1.7448729653998896,0,EXECUTED,13967730.44433251,2025-02-01
15047,IDFCFIRSTB,2025-01-30T00:00:00,SHORT,0.70575,61.209999084472656,61.209999084472656,NORMAL,59.37369911193848,61.61459968566895,2025-02-01T00:00:00,2025-02-03T00:00:00,61.61459968566895,23103,1414134.6088485718,9347.487689437958,-9347.487689437958,0.0,4845.364062683218,-14192.851752121176,-14192.851752121176,4845.364062683218,-1.0036422037416506,0,EXECUTED,13967730.44433251,2025-02-01
6751,BHEL,2025-01-31T00:00:00,SHORT,0.6955,198.5,198.5,NORMAL,192.545,202.26109497070317,2025-02-01T00:00:00,2025-02-03T00:00:00,202.26109497070317,7080,1405380.0,26628.55239257824,-26628.55239257824,0.0,4846.270616929292,-31474.823009507527,-31474.823009507527,4846.270616929292,-2.239595199128174,0,EXECUTED,13967730.44433251,2025-02-01
7957,CANBK,2025-01-31T00:00:00,SHORT,0.7065,91.4000015258789,91.4000015258789,NORMAL,88.65800148010254,93.63730377197264,2025-02-01T00:00:00,2025-02-03T00:00:00,93.63730377197264,15410,1408474.023513794,34476.82761230465,-34476.82761230465,0.0,4870.823450543611,-39347.651062848265,-39347.651062848265,4870.823450543611,-2.793636972067516,0,EXECUTED,13967730.44433251,2025-02-01
15048,IDFCFIRSTB,2025-02-01T00:00:00,SHORT,0.71875,63.2400016784668,63.2400016784668,NORMAL,61.34280162811279,65.1372017288208,2025-02-03T00:00:00,2025-02-05T00:00:00,61.34280162811279,22416,1417587.8776245115,42527.6363287353,42527.63632873546,0.0,4764.698560707953,37762.93776802751,37762.93776802751,4764.698560707953,2.663886900000008,0,EXECUTED,14516850.89276416,2025-02-03
7958,CANBK,2025-02-01T00:00:00,SHORT,0.63125,93.5,93.5,NORMAL,90.695,96.0680965423584,2025-02-03T00:00:00,2025-02-05T00:00:00,90.4718967437744,15396,1439526.0,39538.41436614999,46620.67773284921,0.0,4832.313445676743,41788.36428717247,41788.36428717247,4832.313445676743,2.902925288405521,0,EXECUTED,14516850.89276416,2025-02-03
1897,ASHOKLEY,2025-02-01T00:00:00,SHORT,0.635,108.9499969482422,108.9499969482422,NORMAL,105.68149703979492,111.66745094299316,2025-02-03T00:00:00,2025-02-04T00:00:00,105.16255088806152,13145,1432147.7098846436,35720.93276100167,49785.97846107491,0.0,4801.478020760929,44984.50044031398,44984.50044031398,4801.478020760929,3.1410517315939,0,EXECUTED,14431268.377086354,2025-02-03
19341,JINDALSTEL,2025-02-01T00:00:00,SHORT,0.6285,792.0499877929688,792.0499877929688,NORMAL,768.2884881591797,815.2964874267578,2025-02-03T00:00:00,2025-02-04T00:00:00,767.8034881591797,1688,1336980.3793945312,39240.09138183598,40928.09138183598,0.0,4492.30706621072,36435.78431562526,36435.78431562526,4492.30706621072,2.725229545412302,0,EXECUTED,14431268.377086354,2025-02-03
3480,BAJFINANCE,2025-02-01T00:00:00,LONG,0.643,782.5510385746632,782.5510385746632,NORMAL,806.0275697319031,766.5386517333984,2025-02-03T00:00:00,2025-02-04T00:00:00,813.9534136962891,1814,1419547.583974439,29046.469730054243,56963.90847062945,0.0,4940.169368035728,52023.739102593725,52023.739102593725,4940.169368035728,3.6648112180176473,0,EXECUTED,14431268.377086354,2025-02-03
4503,BANKBARODA,2025-02-01T00:00:00,SHORT,0.64125,216.0,216.0,NORMAL,209.52,219.7916993713379,2025-02-03T00:00:00,2025-02-05T00:00:00,206.98829940795895,6615,1428840.0,25082.0913414002,59612.39941635137,0.0,4772.669884520237,54839.72953183114,54839.72953183114,4772.669884520237,3.838059512039916,0,EXECUTED,14516850.89276416,2025-02-03
19617,KALYANKJIL,2025-02-01T00:00:00,SHORT,0.5852499999999999,503.1000061035156,503.1000061035156,NORMAL,488.00700592041017,518.1930062866211,2025-02-04T00:00:00,2025-02-05T00:00:00,488.00700592041017,2877,1447418.7175598145,43422.56152679441,43422.56152679441,0.0,4864.9639215705365,38557.59760522387,38557.59760522387,4864.9639215705365,2.6638868999999983,0,EXECUTED,14516850.89276416,2025-02-04
32371,SUZLON,2025-02-01T00:00:00,SHORT,0.54375,58.16999816894531,58.16999816894531,NORMAL,56.42489822387695,59.91509811401368,2025-02-04T00:00:00,2025-02-05T00:00:00,56.42489822387695,23946,1392938.7761535645,41788.16328460698,41788.16328460698,0.0,4681.849701631806,37106.31358297517,37106.31358297517,4681.849701631806,2.663886900000003,0,EXECUTED,14516850.89276416,2025-02-04
37634,ZOMATO,2025-01-21T00:00:00,LONG,0.689,233.9900054931641,233.9900054931641,NORMAL,241.009705657959,232.5575,2025-02-04T00:00:00,2025-02-05T00:00:00,232.5575,6153,1439740.5037994385,8814.206299438449,-8814.206299438449,0.0,4901.750495330989,-13715.956794769438,-13715.956794769438,4901.750495330989,-0.9526686759574644,0,EXECUTED,14516850.89276416,2025-02-04
4849,BANKINDIA,2025-01-28T00:00:00,SHORT,0.7055,106.0,106.0,NORMAL,102.82,107.41870094299315,2025-02-04T00:00:00,2025-02-06T00:00:00,107.41870094299315,13621,1443826.0,19324.12554450996,-19324.12554450996,0.0,4964.52964855798,-24288.65519306793,-24288.65519306793,4964.52964855798,-1.682242541211194,0,EXECUTED,14336074.584140155,2025-02-04
5499,BEL,2025-01-27T00:00:00,SHORT,0.5285,277.8500061035156,277.8500061035156,NORMAL,269.51450592041016,278.2544937133789,2025-02-04T00:00:00,2025-02-06T00:00:00,278.2544937133789,5190,1442041.531677246,2099.2906951904297,-2099.2906951904297,0.0,4927.736579871164,-7027.027275061593,-7027.027275061593,4927.736579871164,-0.4872971492636845,0,EXECUTED,14336074.584140155,2025-02-04
31545,SJVN,2025-01-31T00:00:00,SHORT,0.5519999999999999,95.0,95.0,NORMAL,92.15,97.4791993713379,2025-02-04T00:00:00,2025-02-07T00:00:00,97.4791993713379,15226,1446470.0,37748.289627990845,-37748.289627990845,0.0,5006.395238603969,-42754.68486659481,-42754.68486659481,5006.395238603969,-2.95579478776572,0,EXECUTED,14199590.427929936,2025-02-04
37633,ZOMATO,2025-01-20T00:00:00,LONG,0.704,242.0,242.0,NORMAL,249.26,241.33600296020504,2025-02-05T00:00:00,2025-02-06T00:00:00,241.33600296020504,5956,1441352.0,3954.766369018636,-3954.766369018636,0.0,4915.185174055851,-8869.951543074487,-8869.951543074487,4915.185174055851,-0.6153910733168918,0,EXECUTED,14336074.584140155,2025-02-05
7223,BPCL,2025-02-03T00:00:00,SHORT,0.6965,255.6499938964844,255.6499938964844,NORMAL,247.98049407958985,263.3194937133789,2025-02-05T00:00:00,2025-02-07T00:00:00,263.3194937133789,5620,1436752.9656982422,43102.58897094725,-43102.58897094725,0.0,4982.758420996137,-48085.34739194339,-48085.34739194339,4982.758420996137,-3.346806899999999,0,EXECUTED,14199590.427929936,2025-02-05
7959,CANBK,2025-02-03T00:00:00,SHORT,0.657,92.62000274658205,92.62000274658205,NORMAL,89.84140266418457,95.39860282897948,2025-02-05T00:00:00,2025-02-07T00:00:00,95.39860282897948,15508,1436351.002593994,43090.53007781981,-43090.53007781981,0.0,4981.364385215151,-48071.894463034965,-48071.894463034965,4981.364385215151,-3.3468069,0,EXECUTED,14199590.427929936,2025-02-05
36983,YESBANK,2025-02-03T00:00:00,SHORT,0.5277499999999999,19.030000686645508,19.030000686645508,NORMAL,18.45910066604614,19.600900707244875,2025-02-05T00:00:00,2025-02-13T00:00:00,18.45910066604614,75382,1434519.5117607117,43035.58535282152,43035.58535282152,0.0,4821.608001083792,38213.97735173773,38213.97735173773,4821.608001083792,2.663886900000012,0,EXECUTED,14370172.870984824,2025-02-05
25804,PFC,2025-02-03T00:00:00,SHORT,0.6174999999999999,404.0499877929688,404.0499877929688,NORMAL,391.92848815917966,416.1714874267578,2025-02-05T00:00:00,2025-02-10T00:00:00,416.1714874267578,3553,1435589.606628418,43067.68819885262,-43067.68819885262,0.0,4978.723811470211,-48046.412010322834,-48046.412010322834,4978.723811470211,-3.346806900000006,0,EXECUTED,14228629.512307672,2025-02-05
33730,TATASTEEL,2025-02-03T00:00:00,SHORT,0.6054999999999999,132.97000122070312,132.97000122070312,NORMAL,128.98090118408203,136.95910125732422,2025-02-05T00:00:00,2025-02-11T00:00:00,136.95910125732422,10793,1435145.2231750488,43054.35669525149,-43054.35669525149,0.0,4977.182658991468,-48031.53935424296,-48031.53935424296,4977.182658991468,-3.3468069000000016,0,EXECUTED,14165502.619180456,2025-02-05
16682,IOC,2025-02-03T00:00:00,SHORT,0.523,125.48999786376952,125.48999786376952,NORMAL,121.72529792785645,129.18259811401367,2025-02-06T00:00:00,2025-02-13T00:00:00,121.65739822387695,11341,1423182.0657730105,41877.7794380188,43465.51251602173,0.0,4782.128898831215,38683.38361719051,38683.38361719051,4782.128898831215,2.718090998159072,0,EXECUTED,14370172.870984824,2025-02-06
33054,TATAPOWER,2025-02-03T00:00:00,SHORT,0.712,368.3999938964844,368.3999938964844,NORMAL,357.34799407958985,379.4519937133789,2025-02-06T00:00:00,2025-02-12T00:00:00,357.34799407958985,3861,1422392.3764343262,42671.77129302975,42671.77129302975,0.0,4780.847110597084,37890.92418243267,37890.92418243267,4780.847110597084,2.6638868999999974,0,EXECUTED,14372603.92627661,2025-02-06
37643,ZOMATO,2025-02-04T00:00:00,LONG,0.7162499999999999,234.0,234.0,NORMAL,241.02,231.0539970397949,2025-02-06T00:00:00,2025-02-07T00:00:00,231.0539970397949,6053,1416402.0,17832.155918121338,-17832.155918121338,0.0,4807.338841094851,-22639.494759216188,-22639.494759216188,4807.338841094851,-1.5983805981081776,0,EXECUTED,14199590.427929936,2025-02-06
10028,GAIL,2025-02-06T00:00:00,SHORT,0.7125,180.0,180.0,NORMAL,174.6,184.885,2025-02-07T00:00:00,2025-02-11T00:00:00,171.0,7899,1421820.0,38586.614999999925,71091.0,0.0,4728.2410827,66362.7589173,66362.7589173,4728.2410827,4.6674515,0,EXECUTED,14165502.619180456,2025-02-07
4502,BANKBARODA,2025-01-31T00:00:00,SHORT,0.7255,222.38999938964844,222.38999938964844,NORMAL,215.71829940795897,229.0616993713379,2025-02-07T00:00:00,2025-02-11T00:00:00,215.71829940795897,6400,1423295.99609375,42698.87988281262,42698.87988281262,0.0,4783.884294646582,37914.99558816604,37914.99558816604,4783.884294646582,2.663886900000008,0,EXECUTED,14165502.619180456,2025-02-07
15049,IDFCFIRSTB,2025-02-06T00:00:00,SHORT,0.7235,63.68000030517578,63.68000030517578,NORMAL,61.769600296020506,65.22990188598634,2025-02-07T00:00:00,2025-02-13T00:00:00,61.430101776123045,22333,1422165.4468154907,34613.952004242135,50246.98384933475,0.0,4766.5709353815055,45480.412913953245,45480.412913953245,4766.5709353815055,3.19796919660739,0,EXECUTED,14370172.870984824,2025-02-07
5504,BEL,2025-02-05T00:00:00,LONG,0.56175,284.5,284.5,NORMAL,293.035,275.965,2025-02-07T00:00:00,2025-02-11T00:00:00,275.965,5008,1424776.0,42743.28000000012,-42743.28000000012,0.0,4795.270273656,-47538.550273656125,-47538.550273656125,4795.270273656,-3.336563100000009,0,EXECUTED,14165502.619180456,2025-02-07
18992,ITC,2024-07-08T00:00:00,LONG,0.64925,393.5647642710035,393.5647642710035,NORMAL,405.37170719913365,381.89123199462887,2025-02-10T00:00:00,2025-02-13T00:00:00,381.89123199462887,3599,1416439.5866113417,42013.04266267239,-42013.04266267239,0.0,4767.996722904807,-46781.0393855772,-46781.0393855772,4767.996722904807,-3.3027204144650537,0,EXECUTED,14370172.870984824,2025-02-10
32370,SUZLON,2025-01-30T00:00:00,SHORT,0.68475,53.38999938964844,53.38999938964844,NORMAL,51.78829940795898,54.35310047149658,2025-02-11T00:00:00,2025-02-12T00:00:00,54.35310047149658,26749,1428129.093673706,25761.99083835601,-25761.99083835601,0.0,4922.405199529439,-30684.39603788545,-30684.39603788545,4922.405199529439,-2.148572994823122,0,EXECUTED,14372603.92627661,2025-02-11
18045,IRFC,2025-02-10T00:00:00,SHORT,0.7132499999999999,133.5,133.5,NORMAL,129.495,137.4328924560547,2025-02-11T00:00:00,2025-02-13T00:00:00,129.4270928955078,10748,1434858.0,42270.72811767594,43775.60555908219,0.0,4821.444865012048,38954.16069407015,38954.16069407015,4821.444865012048,2.7148443047374826,0,EXECUTED,14370172.870984824,2025-02-11
27650,RECLTD,2025-02-07T00:00:00,SHORT,0.52225,440.0,440.0,NORMAL,426.8,447.1744937133789,2025-02-11T00:00:00,2025-02-12T00:00:00,421.1254940795898,3249,1429560.0,23309.93007476812,61323.26973541265,0.0,4772.079112350573,56551.19062306208,56551.19062306208,4772.079112350573,3.955845898252755,0,EXECUTED,14372603.92627661,2025-02-11
939,ADANIPOWER,2025-01-13T00:00:00,SHORT,0.525,99.0,99.0,NORMAL,96.03,99.35379905700684,2025-02-11T00:00:00,2025-02-12T00:00:00,99.35379905700684,14417,1427283.0,5100.721004867594,-5100.721004867594,0.0,4882.691546846976,-9983.41255171457,-9983.41255171457,4882.691546846976,-0.6994697303698404,0,EXECUTED,14372603.92627661,2025-02-11
36245,WIPRO,2025-02-11T00:00:00,LONG,0.7204999999999999,319.04998779296875,319.04998779296875,NORMAL,328.6214874267578,309.4784881591797,2025-02-12T00:00:00,2025-02-14T00:00:00,309.4784881591797,4514,1440191.644897461,43205.74934692388,-43205.74934692388,0.0,4847.153646007886,-48052.90299293176,-48052.90299293176,4847.153646007886,-3.336563100000004,0,EXECUTED,14274932.67946796,2025-02-12
21886,MANAPPURAM,2025-02-10T00:00:00,LONG,0.64625,205.5,205.5,NORMAL,211.665,202.380799407959,2025-02-12T00:00:00,2025-02-13T00:00:00,202.380799407959,7044,1447542.0,21971.64897033688,-21971.64897033688,0.0,4906.91259058572,-26878.5615609226,-26878.5615609226,4906.91259058572,-1.8568415673550476,0,EXECUTED,14370172.870984824,2025-02-12
31017,SBIN,2025-02-11T00:00:00,SHORT,0.6972499999999999,705.9928588867188,705.9928588867188,NORMAL,684.8130731201172,725.1393627929688,2025-02-12T00:00:00,2025-02-28T00:00:00,682.8982348632812,2035,1436695.467834473,38963.13544921879,46997.55988769535,0.0,4821.976593479752,42175.5832942156,42175.5832942156,4821.976593479752,2.935596599172596,0,EXECUTED,14540648.360571228,2025-02-12
951,ADANIPOWER,2025-02-11T00:00:00,SHORT,0.72075,98.81999969482422,98.81999969482422,NORMAL,95.85539970397949,101.22839874267578,2025-02-12T00:00:00,2025-02-13T00:00:00,101.22839874267578,14588,1441586.1555480957,35133.72531005856,-35133.72531005856,0.0,4985.058925354644,-40118.7842354132,-40118.7842354132,4985.058925354644,-2.782961259790949,0,EXECUTED,14370172.870984824,2025-02-12
7963,CANBK,2025-02-12T00:00:00,SHORT,0.72875,90.08999633789062,90.08999633789062,NORMAL,87.3872964477539,92.79269622802737,2025-02-13T00:00:00,2025-02-18T00:00:00,87.3872964477539,15905,1432881.3917541504,42986.441752624654,42986.441752624654,0.0,4816.102065148019,38170.33968747663,38170.33968747663,4816.102065148019,2.66388690000001,0,EXECUTED,14712859.606664551,2025-02-13
37645,ZOMATO,2025-02-12T00:00:00,SHORT,0.6985,215.4499969482422,215.4499969482422,NORMAL,208.98649703979493,221.91349685668945,2025-02-13T00:00:00,2025-02-14T00:00:00,208.98649703979493,6626,1427571.6797790527,42827.15039337155,42827.15039337155,0.0,4798.255427627448,38028.8949657441,38028.8949657441,4798.255427627448,2.663886899999998,0,EXECUTED,14274932.67946796,2025-02-13
24643,NYKAA,2025-02-12T00:00:00,SHORT,0.70225,168.0,168.0,NORMAL,162.96,171.83490188598634,2025-02-13T00:00:00,2025-02-14T00:00:00,171.83490188598634,8519,1431192.0,32669.529166717635,-32669.529166717635,0.0,4945.175105033841,-37614.70427175148,-37614.70427175148,4945.175105033841,-2.628208114058175,0,EXECUTED,14274932.67946796,2025-02-13
26541,PNB,2025-02-12T00:00:00,SHORT,0.72325,95.4000015258789,95.4000015258789,NORMAL,92.53800148010254,98.07660125732424,2025-02-13T00:00:00,2025-02-14T00:00:00,92.36340118408202,15010,1431954.0229034424,40175.76196899428,45579.37113037123,0.0,4808.314093440434,40771.0570369308,40771.0570369308,4808.314093440434,2.847232270367386,0,EXECUTED,14274932.67946796,2025-02-13
23785,NMDC,2025-01-14T00:00:00,SHORT,0.54775,61.540000915527344,61.540000915527344,NORMAL,59.69380088806152,61.8,2025-02-13T00:00:00,2025-02-14T00:00:00,61.8,23340,1436343.6213684082,6068.378631591896,-6068.378631591896,0.0,4915.354600759653,-10983.73323235155,-10983.73323235155,4915.354600759653,-0.7647009440461969,0,EXECUTED,14274932.67946796,2025-02-13
10625,GMRINFRA,2025-02-12T00:00:00,SHORT,0.6935,71.91000366210938,71.91000366210938,NORMAL,69.75270355224609,74.06730377197266,2025-02-13T00:00:00,2025-02-14T00:00:00,69.75270355224609,19858,1427988.852722168,42839.66558166513,42839.66558166513,0.0,4799.657600538912,38040.00798112622,38040.00798112622,4799.657600538912,2.6638869000000067,0,EXECUTED,14274932.67946796,2025-02-13
28983,RVNL,2024-06-05T00:00:00,LONG,0.5217499999999999,351.5,351.5,NORMAL,362.045,340.955,2025-02-13T00:00:00,2025-02-14T00:00:00,367.9500122070313,4063,1428144.5,42844.33500000007,66836.39959716797,0.0,4985.639264762457,61850.76033240551,61850.76033240551,4985.639264762457,4.330847497042877,0,EXECUTED,14274932.67946796,2025-02-13
953,ADANIPOWER,2025-02-13T00:00:00,SHORT,0.673,100.5999984741211,100.5999984741211,NORMAL,97.58199851989744,103.36049842834473,2025-02-14T00:00:00,2025-02-18T00:00:00,97.33949851989746,14376,1446225.5780639648,39684.94734191895,46872.94734191895,0.0,4854.740204809712,42018.20713710923,42018.20713710923,4854.740204809712,2.905370211565351,0,EXECUTED,14712859.606664551,2025-02-14
5506,BEL,2025-02-13T00:00:00,SHORT,0.67925,259.1499938964844,259.1499938964844,NORMAL,251.37549407958983,266.9244937133789,2025-02-14T00:00:00,2025-02-18T00:00:00,251.37549407958983,5587,1447871.0158996582,43436.13047698984,43436.13047698984,0.0,4866.484155541833,38569.646321448,38569.646321448,4866.484155541833,2.6638869000000063,0,EXECUTED,14712859.606664551,2025-02-14
12875,HUDCO,2025-02-13T00:00:00,SHORT,0.6699999999999999,193.0,193.0,NORMAL,187.21,198.4191993713379,2025-02-14T00:00:00,2025-02-18T00:00:00,186.86079940795895,7499,1447307.0,40638.57608566288,46037.86523971562,0.0,4859.921194983255,41177.944044732365,41177.944044732365,4859.921194983255,2.8451423260394906,0,EXECUTED,14712859.606664551,2025-02-14
37642,ZOMATO,2025-02-01T00:00:00,SHORT,0.7032499999999999,220.3500061035156,220.3500061035156,NORMAL,213.73950592041012,226.9605062866211,2025-02-14T00:00:00,2025-02-18T00:00:00,213.73950592041012,6566,1446818.1400756836,43404.54420227053,43404.54420227053,0.0,4862.945301970723,38541.59890029981,38541.59890029981,4862.945301970723,2.663886900000002,0,EXECUTED,14712859.606664551,2025-02-14
20591,KOTAKBANK,2025-02-12T00:00:00,LONG,0.5455,387.6729736328125,387.6729736328125,NORMAL,399.3031628417969,376.0427844238281,2025-02-14T00:00:00,2025-03-20T00:00:00,406.6782142283784,3733,1447183.210571289,43415.49631713878,70946.56314324753,0.0,5057.357865835447,65889.20527741208,65889.20527741208,5057.357865835447,4.552927700937167,0,EXECUTED,15182976.043804476,2025-02-14
10031,GAIL,2025-02-12T00:00:00,SHORT,0.59775,161.69000244140625,161.69000244140625,NORMAL,156.83930236816406,166.54070251464844,2025-02-14T00:00:00,2025-02-24T00:00:00,166.54070251464844,8957,1448257.3518676758,43447.720556030334,-43447.720556030334,0.0,5022.6564260343785,-48470.37698206472,-48470.37698206472,5022.6564260343785,-3.346806900000004,0,EXECUTED,14375211.302350637,2025-02-14
36989,YESBANK,2025-02-13T00:00:00,SHORT,0.669,18.1299991607666,18.1299991607666,NORMAL,17.586099185943603,18.6738991355896,2025-02-14T00:00:00,2025-02-19T00:00:00,17.586099185943603,79844,1447571.6529922483,43427.14958976753,43427.14958976753,0.0,4865.47795759349,38561.67163217404,38561.67163217404,4865.47795759349,2.663886900000005,0,EXECUTED,14746889.321597682,2025-02-14
19063,ITC,2025-02-13T00:00:00,SHORT,0.6495,385.499186737228,385.499186737228,NORMAL,373.9342111351111,395.08732330322266,2025-02-14T00:00:00,2025-02-21T00:00:00,372.0725277709961,3647,1405915.5340306703,34967.934056182734,48967.025249847575,0.0,4713.365253398324,44253.65999644925,44253.65999644925,4713.365253398324,3.1476755840073,0,EXECUTED,14523945.422586355,2025-02-14
16687,IOC,2025-02-17T00:00:00,SHORT,0.72425,117.25,117.25,NORMAL,113.7325,120.7675,2025-02-18T00:00:00,2025-02-24T00:00:00,120.7675,12592,1476412.0,44292.35999999998,-44292.35999999998,0.0,5120.298688428,-49412.65868842798,-49412.65868842798,5120.298688428,-3.346806899999999,0,EXECUTED,14375211.302350637,2025-02-18
32369,SUZLON,2025-01-29T00:00:00,SHORT,0.55325,51.0,51.0,NORMAL,49.47,51.7677982711792,2025-02-18T00:00:00,2025-02-21T00:00:00,51.7677982711792,28978,1477878.0,22249.258302230934,-22249.258302230934,0.0,5086.017071872066,-27335.275374103,-27335.275374103,5086.017071872066,-1.8496300353684807,0,EXECUTED,14523945.422586355,2025-02-18
28975,RVNL,2024-05-23T00:00:00,LONG,0.5267499999999999,340.0,340.0,NORMAL,350.2,331.15799407958986,2025-02-18T00:00:00,2025-02-19T00:00:00,351.6419937133789,4329,1471860.0,38277.04362945552,50398.19078521724,0.0,5108.078122818711,45290.112662398526,45290.112662398526,5108.078122818711,3.0770666138354548,0,EXECUTED,14746889.321597682,2025-02-18
17410,IRB,2024-11-25T00:00:00,SHORT,0.67775,23.799999237060547,23.799999237060547,NORMAL,23.08599925994873,24.513999214172365,2025-02-18T00:00:00,2025-02-19T00:00:00,23.08599925994873,62119,1478432.152606964,44352.964578209045,44352.964578209045,0.0,4969.204139523998,39383.76043868504,39383.76043868504,4969.204139523998,2.663886900000008,0,EXECUTED,14746889.321597682,2025-02-18
24721,OIL,2024-06-06T00:00:00,LONG,0.71025,384.9500122070313,384.9500122070313,NORMAL,396.4985125732422,375.39,2025-02-18T00:00:00,2025-02-19T00:00:00,375.39,3825,1472433.7966918943,36567.04669189458,-36567.04669189458,0.0,4968.084051868964,-41535.13074376355,-41535.13074376355,4968.084051868964,-2.8208487768401,0,EXECUTED,14746889.321597682,2025-02-18
22978,NHPC,2025-02-18T00:00:00,SHORT,0.71875,73.20999908447266,73.20999908447266,NORMAL,71.01369911193848,75.40629905700683,2025-02-19T00:00:00,2025-02-24T00:00:00,75.5,20131,1473790.491569519,44213.71474708553,-46100.00843048096,0.0,5114.569057538925,-51214.57748801988,-51214.57748801988,5114.569057538925,-3.475024284725756,0,EXECUTED,14375211.302350637,2025-02-19
11714,HDFCBANK,2025-02-18T00:00:00,LONG,0.7152499999999999,833.268662828246,833.268662828246,NORMAL,858.2667227130934,811.1185705566406,2025-02-19T00:00:00,2025-02-25T00:00:00,811.1185705566406,1768,1473218.9958803388,39161.36313619823,-39161.36313619823,0.0,4966.530490285788,-44127.893626484016,-44127.893626484016,4966.530490285788,-2.995338354303182,0,EXECUTED,14464759.887985278,2025-02-19
7966,CANBK,2025-02-17T00:00:00,SHORT,0.698,85.62000274658203,85.62000274658203,NORMAL,83.05140266418456,88.1886028289795,2025-02-19T00:00:00,2025-02-24T00:00:00,88.1886028289795,17196,1472321.5672302246,44169.647016906834,-44169.647016906834,0.0,5106.112785342558,-49275.75980224939,-49275.75980224939,5106.112785342558,-3.3468069000000065,0,EXECUTED,14375211.302350637,2025-02-19
36992,YESBANK,2025-02-18T00:00:00,SHORT,0.70475,17.65999984741211,17.65999984741211,NORMAL,17.130199851989747,18.18979984283447,2025-02-19T00:00:00,2025-02-24T00:00:00,18.18979984283447,83499,1474592.3272590635,44237.769817771805,-44237.769817771805,0.0,5113.987937805014,-49351.75775557682,-49351.75775557682,5113.987937805014,-3.3468068999999927,0,EXECUTED,14375211.302350637,2025-02-19
17452,IRB,2025-02-18T00:00:00,SHORT,0.55475,23.850000381469727,23.850000381469727,NORMAL,23.134500370025638,24.56550039291382,2025-02-21T00:00:00,2025-02-25T00:00:00,24.56550039291382,52028,1240867.819847107,37226.03459541324,-37226.03459541324,0.0,4303.415219109336,-41529.44981452257,-41529.44981452257,4303.415219109336,-3.3468069000000025,0,EXECUTED,14464759.887985278,2025-02-21
13895,ICICIBANK,2025-01-27T00:00:00,LONG,0.53775,1208.3604736328125,1208.3604736328125,NORMAL,1244.6112878417969,1172.109659423828,2025-02-21T00:00:00,2025-03-18T00:00:00,1244.6112878417969,1189,1436740.603149414,43102.218094482414,43102.218094482414,0.0,4976.250214109612,38125.9678803728,38125.9678803728,4976.250214109612,2.6536431,0,EXECUTED,15130092.189641489,2025-02-21
21888,MANAPPURAM,2025-02-21T00:00:00,LONG,0.69175,203.75,203.75,NORMAL,209.8625,199.2670928955078,2025-02-24T00:00:00,2025-02-25T00:00:00,199.2670928955078,7109,1448458.75,31868.98660583504,-31868.98660583504,0.0,4893.887500913295,-36762.874106748335,-36762.874106748335,4893.887500913295,-2.5380684197425945,0,EXECUTED,14464759.887985278,2025-02-24
35243,VBL,2025-02-20T00:00:00,SHORT,0.5325,475.8999938964844,475.8999938964844,NORMAL,461.6229940795898,490.1769937133789,2025-02-24T00:00:00,2025-02-25T00:00:00,461.6229940795898,3049,1451019.0813903809,43530.57244171147,43530.57244171147,0.0,4877.0652160527325,38653.50722565874,38653.50722565874,4877.0652160527325,2.663886900000003,0,EXECUTED,14464759.887985278,2025-02-24
10030,GAIL,2025-02-11T00:00:00,SHORT,0.54275,168.10000610351562,168.10000610351562,NORMAL,163.05700592041015,173.1430062866211,2025-02-24T00:00:00,2025-02-27T00:00:00,161.5,8612,1447677.2525634766,43430.31757690437,56839.25256347656,0.0,4841.934146759363,51997.3184167172,51997.3184167172,4841.934146759363,3.591775606382077,0,EXECUTED,14449912.096569914,2025-02-24
37648,ZOMATO,2025-02-21T00:00:00,LONG,0.69225,233.0,233.0,NORMAL,239.99,226.9120928955078,2025-02-24T00:00:00,2025-02-27T00:00:00,219.97999572753903,6224,1450192.0,37891.13381835938,-81036.50659179688,0.0,4819.549713490211,-85856.05630528709,-85856.05630528709,4819.549713490211,-5.920323398921459,0,EXECUTED,14449912.096569914,2025-02-24
7969,CANBK,2025-02-20T00:00:00,SHORT,0.6779999999999999,87.5999984741211,87.5999984741211,NORMAL,84.97199851989745,88.12679748535156,2025-02-24T00:00:00,2025-02-25T00:00:00,88.12679748535156,16563,1450918.7747268677,8725.372023010206,-8725.372023010206,0.0,4969.858478738974,-13695.23050174918,-13695.23050174918,4969.858478738974,-0.9439005642702004,0,EXECUTED,14464759.887985278,2025-02-24
26546,PNB,2025-02-24T00:00:00,SHORT,0.572,94.25,94.25,NORMAL,91.4225,97.0775,2025-02-25T00:00:00,2025-03-04T00:00:00,91.29000091552734,14527,1369169.75,41075.092500000006,42999.90670013428,0.0,4598.52829463835,38401.378405495925,38401.378405495925,4598.52829463835,2.8047200433325323,0,EXECUTED,14687458.318716986,2025-02-25
5512,BEL,2025-02-24T00:00:00,SHORT,0.61875,256.1000061035156,256.1000061035156,NORMAL,248.41700592041016,263.7830062866211,2025-02-25T00:00:00,2025-03-04T00:00:00,248.41700592041016,5640,1444404.034423828,43332.121032714975,43332.121032714815,0.0,4854.831176626996,38477.28985608782,38477.28985608782,4854.831176626996,2.663886899999998,0,EXECUTED,14687458.318716986,2025-02-25
1906,ASHOKLEY,2025-02-24T00:00:00,LONG,0.6625,110.0,110.0,NORMAL,113.3,107.92704940795898,2025-02-25T00:00:00,2025-03-04T00:00:00,107.92704940795898,13116,1442760.0,27188.81996521008,-27188.81996521008,0.0,4882.067985170787,-32070.887950380868,-32070.887950380868,4882.067985170787,-2.2228844679905784,0,EXECUTED,14687458.318716986,2025-02-25
29674,SAIL,2025-02-21T00:00:00,SHORT,0.523,111.0999984741211,111.0999984741211,NORMAL,107.76699851989746,113.13519622802734,2025-02-25T00:00:00,2025-02-28T00:00:00,106.54479644775392,12954,1439189.3802337646,26363.95170410151,59008.0870495605,0.0,4809.085944197783,54199.00110536272,54199.00110536272,4809.085944197783,3.765939482999748,0,EXECUTED,14540648.360571228,2025-02-25
4858,BANKINDIA,2025-02-24T00:00:00,SHORT,0.61775,101.51000213623048,101.51000213623048,NORMAL,98.46470207214357,104.5553022003174,2025-02-25T00:00:00,2025-02-28T00:00:00,98.46470207214357,14227,1444182.8003921509,43325.48401176456,43325.48401176456,0.0,4854.08758006487,38471.396431699686,38471.396431699686,4854.08758006487,2.663886900000002,0,EXECUTED,14540648.360571228,2025-02-25
6756,BHEL,2025-02-19T00:00:00,SHORT,0.6154999999999999,191.6999969482422,191.6999969482422,NORMAL,185.9489970397949,192.1671075439453,2025-02-27T00:00:00,2025-02-28T00:00:00,192.1671075439453,7593,1455578.076828003,3546.7707531738884,-3546.7707531738884,0.0,4976.53831065028,-8523.309063824168,-8523.309063824168,4976.53831065028,-0.5855617915322118,0,EXECUTED,14540648.360571228,2025-02-27
36996,YESBANK,2025-02-24T00:00:00,SHORT,0.6985,17.93000030517578,17.93000030517578,NORMAL,17.39210029602051,18.46790031433105,2025-02-27T00:00:00,2025-03-03T00:00:00,17.39210029602051,78573,1408813.913978577,42264.41741935723,42264.41741935723,0.0,4735.208119504727,37529.2092998525,37529.2092998525,4735.208119504727,2.663886899999995,0,EXECUTED,14548411.446684886,2025-02-27
35687,VEDL,2025-02-27T00:00:00,SHORT,0.7155,409.25,409.25,NORMAL,396.9725,421.5275,2025-02-28T00:00:00,2025-03-04T00:00:00,396.9725,3553,1454065.25,43621.95750000011,43621.95750000011,0.0,4887.30378779775,38734.653712202366,38734.653712202366,4887.30378779775,2.663886900000008,0,EXECUTED,14687458.318716986,2025-02-28
19069,ITC,2025-02-27T00:00:00,SHORT,0.7264999999999999,375.9963073730469,375.9963073730469,NORMAL,364.71641815185546,387.2761965942383,2025-02-28T00:00:00,2025-03-17T00:00:00,387.2761965942383,3861,1451721.742767334,43551.652283020034,-43551.652283020034,0.0,5034.671172717365,-48586.3234557374,-48586.3234557374,5034.671172717365,-3.346806900000001,0,EXECUTED,15111963.2679056,2025-02-28
15054,IDFCFIRSTB,2025-02-27T00:00:00,SHORT,0.6855,59.0,59.0,NORMAL,57.23,60.57430141448975,2025-02-28T00:00:00,2025-03-05T00:00:00,57.045701332092285,24671,1455589.0,38839.59019687652,48214.50243595122,0.0,4884.321491708404,43330.18094424282,43330.18094424282,4884.321491708404,2.976814261734791,0,EXECUTED,14643558.86530748,2025-02-28
28984,RVNL,2024-06-06T00:00:00,LONG,0.68975,353.29998779296875,353.29998779296875,NORMAL,363.8989874267578,342.7009881591797,2025-02-28T00:00:00,2025-03-03T00:00:00,363.8989874267578,4114,1453476.1497802734,43604.284493408144,43604.284493408144,0.0,5034.214934618311,38570.06955878983,38570.06955878983,5034.214934618311,2.653643099999996,0,EXECUTED,14548411.446684886,2025-02-28
19616,KALYANKJIL,2025-01-31T00:00:00,SHORT,0.6665,452.5499877929688,452.5499877929688,NORMAL,438.9734881591797,453.8694937133789,2025-03-03T00:00:00,2025-03-04T00:00:00,453.8694937133789,3242,1467167.0604248047,4277.838193969756,-4277.838193969756,0.0,5017.41303553965,-9295.251229509406,-9295.251229509406,5017.41303553965,-0.633550975907137,0,EXECUTED,14687458.318716986,2025-03-03
32376,SUZLON,2025-02-18T00:00:00,SHORT,0.67175,51.41999816894531,51.41999816894531,NORMAL,49.87739822387695,52.96259811401367,2025-03-03T00:00:00,2025-03-04T00:00:00,49.87739822387695,28473,1464081.60786438,43922.44823593143,43922.44823593143,0.0,4920.970078722811,39001.47815720861,39001.47815720861,4920.970078722811,2.663886900000002,0,EXECUTED,14687458.318716986,2025-03-03
23797,NMDC,2025-03-03T00:00:00,SHORT,0.729,62.709999084472656,62.709999084472656,NORMAL,60.82869911193848,64.35439952850342,2025-03-04T00:00:00,2025-03-07T00:00:00,64.35439952850342,23353,1464466.60861969,38401.683569450455,-38401.683569450455,0.0,5069.011002418625,-43470.69457186909,-43470.69457186909,5069.011002418625,-2.9683636565016465,0,EXECUTED,14673569.563596334,2025-03-04
28651,RELIANCE,2025-03-03T00:00:00,SHORT,0.7012499999999999,1161.2216796875,1161.2216796875,NORMAL,1126.385029296875,1196.058330078125,2025-03-04T00:00:00,2025-03-07T00:00:00,1196.058330078125,1260,1463139.31640625,43894.17949218748,-43894.17949218748,0.0,5074.268105909707,-48968.447598097184,-48968.447598097184,5074.268105909707,-3.346806899999998,0,EXECUTED,14673569.563596334,2025-03-04
6099,BHARTIARTL,2025-02-28T00:00:00,LONG,0.63525,1537.8282470703125,1537.8282470703125,NORMAL,1583.963094482422,1491.6933996582031,2025-03-04T00:00:00,2025-03-06T00:00:00,1583.963094482422,952,1464012.4912109375,43920.37473632812,43920.37473632812,0.0,5070.708280170976,38849.66645615714,38849.66645615714,5070.708280170976,2.653643099999999,0,EXECUTED,14699952.274372306,2025-03-04
33743,TATASTEEL,2025-02-28T00:00:00,SHORT,0.6819999999999999,138.69000244140625,138.69000244140625,NORMAL,134.52930236816405,142.85070251464845,2025-03-04T00:00:00,2025-03-05T00:00:00,134.52930236816405,10558,1464289.0457763672,43928.67137329111,43928.67137329111,0.0,4921.667304719366,39007.00406857174,39007.00406857174,4921.667304719366,2.6638869000000063,0,EXECUTED,14643558.86530748,2025-03-04
958,ADANIPOWER,2025-02-24T00:00:00,SHORT,0.71275,97.5199966430664,97.5199966430664,NORMAL,94.5943967437744,98.6019034576416,2025-03-04T00:00:00,2025-03-05T00:00:00,98.6019034576416,15036,1466310.6695251465,16267.550863952576,-16267.550863952576,0.0,5035.858068065389,-21303.408932017963,-21303.408932017963,5035.858068065389,-1.452857799835618,0,EXECUTED,14643558.86530748,2025-03-04
5514,BEL,2025-02-28T00:00:00,SHORT,0.699,252.4499969482422,252.4499969482422,NORMAL,244.8764970397949,260.02349685668946,2025-03-04T00:00:00,2025-03-05T00:00:00,244.8764970397949,5812,1467239.3822631836,44017.18146789556,44017.18146789556,0.0,4931.583772145636,39085.59769574993,39085.59769574993,4931.583772145636,2.663886900000004,0,EXECUTED,14643558.86530748,2025-03-04
35245,VBL,2025-02-24T00:00:00,SHORT,0.55625,477.6499938964844,477.6499938964844,NORMAL,463.3204940795898,491.9794937133789,2025-03-05T00:00:00,2025-03-06T00:00:00,456.9500122070313,3091,1476416.1311340332,44292.48393402107,63983.64340209961,0.0,4927.332473734708,59056.3109283649,59056.3109283649,4927.332473734708,3.999977356181,0,EXECUTED,14699952.274372306,2025-03-05
22982,NHPC,2025-02-28T00:00:00,SHORT,0.6559999999999999,74.30999755859375,74.30999755859375,NORMAL,72.08069763183593,76.53929748535157,2025-03-05T00:00:00,2025-03-07T00:00:00,76.53929748535157,19883,1477505.6814575195,44325.1704437257,-44325.1704437257,0.0,5124.091651186698,-49449.2620949124,-49449.2620949124,5124.091651186698,-3.346806900000008,0,EXECUTED,14673569.563596334,2025-03-05
3823,BANDHANBNK,2025-02-28T00:00:00,SHORT,0.5305,139.2899932861328,139.2899932861328,NORMAL,135.11129348754883,140.99669937133788,2025-03-05T00:00:00,2025-03-06T00:00:00,140.99669937133788,10616,1478702.568725586,18118.391800537025,-18118.391800537025,0.0,5081.470200876483,-23199.86200141351,-23199.86200141351,5081.470200876483,-1.5689336376421,0,EXECUTED,14699952.274372306,2025-03-05
33741,TATASTEEL,2025-02-24T00:00:00,SHORT,0.53425,140.75999450683594,140.75999450683594,NORMAL,136.53719467163086,144.98279434204102,2025-03-05T00:00:00,2025-03-06T00:00:00,136.14999389648438,10488,1476290.8223876953,44288.72467163088,48349.68640136719,0.0,4954.768996051867,43394.91740531532,43394.91740531532,4954.768996051867,2.939455881404862,0,EXECUTED,14699952.274372306,2025-03-05
24451,NTPC,2025-02-24T00:00:00,SHORT,0.7264999999999999,326.25,326.25,NORMAL,316.4625,336.0375,2025-03-06T00:00:00,2025-03-07T00:00:00,313.54998779296875,4492,1465515.0,43965.4500000001,57048.454833984375,0.0,4902.470057949389,52145.98477603499,52145.98477603499,4902.470057949389,3.55820205020317,0,EXECUTED,14673569.563596334,2025-03-06
33706,TATASTEEL,2024-12-19T00:00:00,SHORT,0.55375,144.4600067138672,144.4600067138672,NORMAL,140.12620651245118,148.7938069152832,2025-03-06T00:00:00,2025-03-07T00:00:00,139.0,10157,1467280.288192749,44018.40864578242,55457.28819274902,0.0,4911.333747317025,50545.954445432,50545.954445432,4911.333747317025,3.444873815328734,0,EXECUTED,14673569.563596334,2025-03-06
37649,ZOMATO,2025-02-24T00:00:00,SHORT,0.7092499999999999,230.3600006103516,230.3600006103516,NORMAL,223.44920059204105,237.2708006286621,2025-03-06T00:00:00,2025-03-11T00:00:00,223.44920059204105,6361,1465319.9638824463,43959.59891647334,43959.59891647334,0.0,4925.132355524171,39034.46656094917,39034.46656094917,4925.132355524171,2.663886899999997,0,EXECUTED,14905062.778227905,2025-03-06
2629,AXISBANK,2025-01-16T00:00:00,SHORT,0.6895,1036.314453125,1036.314453125,NORMAL,1005.22501953125,1067.40388671875,2025-03-06T00:00:00,2025-03-13T00:00:00,1005.22501953125,1414,1465348.63671875,43960.45910156261,43960.45910156261,0.0,4925.228728683129,39035.23037287948,39035.23037287948,4925.228728683129,2.663886900000008,0,EXECUTED,15047800.224219006,2025-03-06
36247,WIPRO,2025-02-27T00:00:00,LONG,0.6395,288.45001220703125,288.45001220703125,NORMAL,297.1035125732422,282.56098815917966,2025-03-07T00:00:00,2025-03-12T00:00:00,282.56098815917966,5142,1483209.9627685547,30281.36165405289,-30281.36165405289,0.0,5015.140472241596,-35296.50212629448,-35296.50212629448,5015.140472241596,-2.3797373947252987,0,EXECUTED,15032923.356454195,2025-03-07
26548,PNB,2025-02-28T00:00:00,SHORT,0.72,91.95999908447266,91.95999908447266,NORMAL,89.20119911193848,94.71879905700683,2025-03-07T00:00:00,2025-03-12T00:00:00,89.20119911193848,16113,1481751.465248108,44452.5439574432,44452.5439574432,0.0,4980.360784140838,39472.183173302365,39472.183173302365,4980.360784140838,2.663886899999998,0,EXECUTED,15032923.356454195,2025-03-07
17457,IRB,2025-02-28T00:00:00,SHORT,0.63625,22.75,22.75,NORMAL,22.0675,23.2986008644104,2025-03-07T00:00:00,2025-03-12T00:00:00,21.9414008140564,65168,1482572.0,35751.22113189693,52694.79174957271,0.0,4968.472423864737,47726.31932570797,47726.31932570797,4968.472423864737,3.219156933066857,0,EXECUTED,15032923.356454195,2025-03-07
18055,IRFC,2025-02-28T00:00:00,SHORT,0.64125,120.36000061035156,120.36000061035156,NORMAL,116.749200592041,123.97080062866212,2025-03-07T00:00:00,2025-03-11T00:00:00,123.97080062866212,12322,1483075.927520752,44492.277825622674,-44492.277825622674,0.0,5143.409648880966,-49635.68747450364,-49635.68747450364,5143.409648880966,-3.346806900000008,0,EXECUTED,14905062.778227905,2025-03-07
33704,TATASTEEL,2024-12-13T00:00:00,SHORT,0.7235,150.77999877929688,150.77999877929688,NORMAL,146.25659881591795,155.3033987426758,2025-03-07T00:00:00,2025-03-10T00:00:00,146.25659881591795,9837,1483222.8479919434,44496.68543975845,44496.68543975845,0.0,4985.306294294008,39511.37914546444,39511.37914546444,4985.306294294008,2.66388690000001,0,EXECUTED,14840040.47519249,2025-03-07
23795,NMDC,2025-02-24T00:00:00,SHORT,0.6699999999999999,67.7300033569336,67.7300033569336,NORMAL,65.69810325622558,69.76190345764161,2025-03-10T00:00:00,2025-03-12T00:00:00,65.69810325622558,21990,1489382.7738189695,44681.48321456924,44681.48321456924,0.0,5006.010611948928,39675.47260262031,39675.47260262031,5006.010611948928,2.66388690000001,0,EXECUTED,15032923.356454195,2025-03-10
12602,HINDPETRO,2025-03-07T00:00:00,SHORT,0.533,339.1499938964844,339.1499938964844,NORMAL,328.97549407958985,349.3244937133789,2025-03-11T00:00:00,2025-03-12T00:00:00,328.97549407958985,4415,1497347.2230529785,44920.41669158932,44920.41669158932,0.0,5032.780169167281,39887.63652242204,39887.63652242204,5032.780169167281,2.663886899999998,0,EXECUTED,15032923.356454195,2025-03-11
5517,BEL,2025-03-07T00:00:00,LONG,0.6415,272.95001220703125,272.95001220703125,NORMAL,281.13851257324217,264.76151184082033,2025-03-11T00:00:00,2025-03-12T00:00:00,281.13851257324217,5489,1498222.6170043943,44946.67851013172,44946.67851013172,0.0,5189.197411355293,39757.48109877643,39757.48109877643,5189.197411355293,2.6536430999999925,0,EXECUTED,15032923.356454195,2025-03-11
6760,BHEL,2025-03-04T00:00:00,SHORT,0.548,190.0,190.0,NORMAL,184.3,191.0341012573242,2025-03-12T00:00:00,2025-03-13T00:00:00,191.0341012573242,7997,1519430.0,8269.707754821704,-8269.707754821704,0.0,5202.984778131418,-13472.692532953122,-13472.692532953122,5202.984778131418,-0.886693861050073,0,EXECUTED,15047800.224219006,2025-03-12
16690,IOC,2025-03-05T00:00:00,SHORT,0.5805,121.19000244140624,121.19000244140624,NORMAL,117.55430236816406,121.58120094299316,2025-03-12T00:00:00,2025-03-13T00:00:00,121.58120094299316,12509,1515965.7405395508,4893.5020563507005,-4893.5020563507005,0.0,5185.138306361384,-10078.640362712084,-10078.640362712084,5185.138306361384,-0.664832990165396,0,EXECUTED,15047800.224219006,2025-03-12
25456,PAYTM,2024-10-08T00:00:00,LONG,0.62225,651.8499755859375,651.8499755859375,NORMAL,671.4054748535157,632.2944763183593,2025-03-12T00:00:00,2025-03-13T00:00:00,671.4054748535157,2313,1507728.9935302734,45231.86980590831,45231.86980590831,0.0,5222.123402392655,40009.74640351566,40009.74640351566,5222.123402392655,2.653643100000008,0,EXECUTED,15047800.224219006,2025-03-12
27655,RECLTD,2025-03-05T00:00:00,SHORT,0.5539999999999999,388.8999938964844,388.8999938964844,NORMAL,377.2329940795898,398.5069937133789,2025-03-12T00:00:00,2025-03-13T00:00:00,398.5069937133789,3883,1510098.6763000488,37303.980289001454,-37303.980289001454,0.0,5222.869824163234,-42526.85011316469,-42526.85011316469,5222.869824163234,-2.8161636574214723,0,EXECUTED,15047800.224219006,2025-03-12
29042,RVNL,2025-03-04T00:00:00,SHORT,0.61125,326.04998779296875,326.04998779296875,NORMAL,316.2684881591797,333.3080062866211,2025-03-12T00:00:00,2025-03-13T00:00:00,333.3080062866211,4667,1521675.2930297852,33873.17230987549,-33873.17230987549,0.0,5256.284610587396,-39129.456920462886,-39129.456920462886,5256.284610587396,-2.5714721859321776,0,EXECUTED,15047800.224219006,2025-03-12
26550,PNB,2025-03-05T00:00:00,SHORT,0.566,87.80000305175781,87.80000305175781,NORMAL,85.16600296020508,89.70269622802735,2025-03-12T00:00:00,2025-03-21T00:00:00,89.70269622802735,17212,1511213.6525268557,32749.15494995127,-32749.15494995127,0.0,5218.558956785499,-37967.71390673677,-37967.71390673677,5218.558956785499,-2.5123988155647003,0,EXECUTED,14843523.945454564,2025-03-12
7227,BPCL,2025-03-12T00:00:00,SHORT,0.6945,266.5,266.5,NORMAL,258.505,272.5173861694336,2025-03-13T00:00:00,2025-03-24T00:00:00,272.5173861694336,5670,1511055.0,34118.57958068863,-34118.57958068863,0.0,5220.4579473866615,-39339.03752807529,-39339.03752807529,5220.4579473866615,-2.603415330883078,0,EXECUTED,14921920.365231687,2025-03-13
24455,NTPC,2025-03-12T00:00:00,SHORT,0.67525,331.0,331.0,NORMAL,321.07,340.2089874267578,2025-03-13T00:00:00,2025-03-21T00:00:00,340.2089874267578,4565,1511015.0,42039.02760314936,-42039.02760314936,0.0,5234.437977897092,-47273.46558104645,-47273.46558104645,5234.437977897092,-3.1285900921596714,0,EXECUTED,14843523.945454564,2025-03-13
15062,IDFCFIRSTB,2025-03-12T00:00:00,SHORT,0.721,55.5,55.5,NORMAL,53.835,57.02080062866211,2025-03-13T00:00:00,2025-03-18T00:00:00,53.69920059204102,27190,1509045.0,41350.56909332273,48963.73590240476,0.0,5065.516990501144,43898.21891190362,43898.21891190362,5065.516990501144,2.9090066175563765,0,EXECUTED,15130092.189641489,2025-03-13
19627,KALYANKJIL,2025-03-12T00:00:00,SHORT,0.72375,424.1499938964844,424.1499938964844,NORMAL,411.4254940795898,434.145,2025-03-13T00:00:00,2025-03-18T00:00:00,434.145,3561,1510398.1282653809,35592.21673461928,-35592.21673461928,0.0,5220.841456661081,-40813.05819128036,-40813.05819128036,5220.841456661081,-2.7021390868745434,0,EXECUTED,15130092.189641489,2025-03-13
37651,ZOMATO,2025-03-11T00:00:00,SHORT,0.58675,211.27999877929688,211.27999877929688,NORMAL,204.941598815918,217.6183987426758,2025-03-13T00:00:00,2025-03-17T00:00:00,204.941598815918,7130,1506426.3912963867,45192.79173889169,45192.79173889169,0.0,5063.296443004415,40129.49529588728,40129.49529588728,5063.296443004415,2.663886900000006,0,EXECUTED,15111963.2679056,2025-03-13
23801,NMDC,2025-03-11T00:00:00,SHORT,0.62725,65.93000030517578,65.93000030517578,NORMAL,63.9521002960205,67.90790031433106,2025-03-13T00:00:00,2025-03-17T00:00:00,63.9521002960205,22814,1504127.0269622805,45123.8108088685,45123.8108088685,0.0,5055.567978260755,40068.24283060774,40068.24283060774,5055.567978260755,2.663886900000006,0,EXECUTED,15111963.2679056,2025-03-13
4509,BANKBARODA,2025-03-13T00:00:00,SHORT,0.71,203.6999969482422,203.6999969482422,NORMAL,197.5889970397949,208.4719937133789,2025-03-17T00:00:00,2025-03-21T00:00:00,210.0,7435,1514509.477310181,35479.795948791514,-46840.522689819336,0.0,5254.927924813408,-52095.45061463275,-52095.45061463275,5254.927924813408,-3.439757320446485,0,EXECUTED,14843523.945454564,2025-03-17
15750,INDUSTOWER,2025-03-13T00:00:00,SHORT,0.71275,324.95001220703125,324.95001220703125,NORMAL,315.2015118408204,334.3894937133789,2025-03-17T00:00:00,2025-03-21T00:00:00,337.25,4666,1516216.7569580078,44044.62070861813,-57391.74304199219,0.0,5279.563041932556,-62671.30608392474,-62671.30608392474,5279.563041932556,-4.133400174897319,0,EXECUTED,14843523.945454564,2025-03-17
16694,IOC,2025-03-13T00:00:00,SHORT,0.711,125.29000091552734,125.29000091552734,NORMAL,121.53130088806152,129.04870094299318,2025-03-17T00:00:00,2025-03-24T00:00:00,129.04870094299318,12094,1515257.2710723877,45457.71813217181,-45457.71813217181,0.0,5255.016768830745,-50712.73490100255,-50712.73490100255,5255.016768830745,-3.346806900000012,0,EXECUTED,14921920.365231687,2025-03-17
12876,HUDCO,2025-02-24T00:00:00,SHORT,0.5455,189.66000366210935,189.66000366210935,NORMAL,183.9702035522461,195.34980377197263,2025-03-18T00:00:00,2025-03-19T00:00:00,181.38999938964844,7968,1511210.9091796875,45336.32727539065,65895.39404296875,0.0,5042.735409682178,60852.65863328657,60852.65863328657,5042.735409682178,4.026748236374133,0,EXECUTED,15113544.178068075,2025-03-18
5520,BEL,2025-03-13T00:00:00,LONG,0.61425,276.8299865722656,276.8299865722656,NORMAL,285.1348861694336,268.5250869750976,2025-03-18T00:00:00,2025-03-21T00:00:00,286.0,5454,1509830.7467651367,45294.92240295429,50013.25323486328,0.0,5237.104701159504,44776.148533703774,44776.148533703774,5237.104701159504,2.965640263296941,0,EXECUTED,14843523.945454564,2025-03-18
35246,VBL,2025-02-25T00:00:00,SHORT,0.661,499.9500122070313,499.9500122070313,NORMAL,484.9515118408203,514.9485125732422,2025-03-18T00:00:00,2025-03-21T00:00:00,533.8499755859375,3025,1512348.7869262695,45370.46360778803,-102547.3892211914,0.0,5346.8363796473695,-107894.22560083878,-107894.22560083878,5346.8363796473695,-7.134215766465178,0,EXECUTED,14843523.945454564,2025-03-18
15542,INDUSINDBK,2025-03-17T00:00:00,SHORT,0.568,677.4000244140625,677.4000244140625,NORMAL,657.0780236816406,692.5204748535157,2025-03-19T00:00:00,2025-03-21T00:00:00,692.5204748535157,2241,1518053.454711914,33884.92943481458,-33884.92943481458,0.0,5243.938436190972,-39128.86787100555,-39128.86787100555,5243.938436190972,-2.577568513780113,0,EXECUTED,14843523.945454564,2025-03-19
27266,POWERGRID,2025-02-10T00:00:00,SHORT,0.54625,278.1499938964844,278.1499938964844,NORMAL,269.80549407958983,286.4944937133789,2025-03-20T00:00:00,2025-03-21T00:00:00,269.80549407958983,4392,1221634.7731933594,36649.04319580082,36649.04319580082,0.0,4106.074506858169,32542.96868894265,32542.96868894265,4106.074506858169,2.663886900000003,0,EXECUTED,14843523.945454564,2025-03-20
33754,TATASTEEL,2025-03-20T00:00:00,LONG,0.6875,158.60000610351562,158.60000610351562,NORMAL,163.3580062866211,153.84200592041014,2025-03-21T00:00:00,2025-04-02T00:00:00,153.84200592041014,9384,1488302.4572753906,44649.07371826183,-44649.07371826183,0.0,5009.076887582231,-49658.15060584406,-49658.15060584406,5009.076887582231,-3.336563100000008,0,EXECUTED,14889988.131010786,2025-03-21
29678,SAIL,2025-03-20T00:00:00,SHORT,0.6599999999999999,114.0500030517578,114.0500030517578,NORMAL,110.62850296020508,116.6269034576416,2025-03-21T00:00:00,2025-03-26T00:00:00,116.6269034576416,13089,1492800.489944458,33729.049412612934,-33729.049412612934,0.0,5157.431837732447,-38886.48125034538,-38886.48125034538,5157.431837732447,-2.604934920124002,0,EXECUTED,14846266.643118711,2025-03-21
9415,FEDERALBNK,2025-03-20T00:00:00,LONG,0.6579999999999999,186.19000244140625,186.19000244140625,NORMAL,191.77570251464843,180.60430236816407,2025-03-21T00:00:00,2025-03-26T00:00:00,191.77570251464843,8017,1492685.249572754,44780.55748718255,44780.55748718255,0.0,5170.018357177454,39610.5391300051,39610.5391300051,5170.018357177454,2.653643099999996,0,EXECUTED,14846266.643118711,2025-03-21
32384,SUZLON,2025-03-20T00:00:00,SHORT,0.67875,58.900001525878906,58.900001525878906,NORMAL,57.133001480102536,59.4927982711792,2025-03-21T00:00:00,2025-03-25T00:00:00,56.0271983718872,25271,1488461.9385604858,14980.566550483823,72598.60850452435,0.0,4953.109635471021,67645.49886905334,67645.49886905334,4953.109635471021,4.544657617142319,0,EXECUTED,14899148.684573917,2025-03-21
18060,IRFC,2025-03-20T00:00:00,SHORT,0.7132499999999999,130.5,130.5,NORMAL,126.585,131.9533006286621,2025-03-21T00:00:00,2025-03-26T00:00:00,131.9533006286621,11389,1486264.5,16551.640859832725,-16551.640859832725,0.0,5104.49875120448,-21656.139611037204,-21656.139611037204,5104.49875120448,-1.4570851696341536,0,EXECUTED,14846266.643118711,2025-03-21
1918,ASHOKLEY,2025-03-20T00:00:00,SHORT,0.645,103.52999877929688,103.52999877929688,NORMAL,100.42409881591796,105.93035125732422,2025-03-21T00:00:00,2025-03-25T00:00:00,105.93035125732422,14180,1468055.3826904297,34036.998138427734,-34036.998138427734,0.0,5073.48605151686,-39110.4841899446,-39110.4841899446,5073.48605151686,-2.6641014127320477,0,EXECUTED,14899148.684573917,2025-03-21
20607,KOTAKBANK,2025-03-20T00:00:00,LONG,0.67325,405.9602661132813,405.9602661132813,NORMAL,418.1390740966797,393.7814581298828,2025-03-21T00:00:00,2025-03-24T00:00:00,418.1390740966797,3670,1489874.1766357422,44696.22529907223,44696.22529907223,0.0,5160.282012096081,39535.94328697615,39535.94328697615,5160.282012096081,2.653643099999998,0,EXECUTED,14921920.365231687,2025-03-21
36251,WIPRO,2025-03-20T00:00:00,SHORT,0.6765,269.20001220703125,269.20001220703125,NORMAL,261.1240118408203,273.6710125732422,2025-03-21T00:00:00,2025-03-24T00:00:00,273.6710125732422,5533,1489483.667541504,24738.04502624516,-24738.04502624516,0.0,5130.081548837496,-29868.12657508265,-29868.12657508265,5130.081548837496,-2.005267142296502,0,EXECUTED,14921920.365231687,2025-03-21
24457,NTPC,2025-03-21T00:00:00,SHORT,0.699,342.0,342.0,NORMAL,331.74,352.0025,2025-03-24T00:00:00,2025-03-25T00:00:00,352.0025,4256,1455552.0,42570.63999999999,-42570.63999999999,0.0,5046.001510872,-47616.641510872,-47616.641510872,5046.001510872,-3.27138030869883,0,EXECUTED,14899148.684573917,2025-03-24
15061,IDFCFIRSTB,2025-03-11T00:00:00,SHORT,0.6872499999999999,56.369998931884766,56.369998931884766,NORMAL,54.67889896392822,58.06109889984131,2025-03-24T00:00:00,2025-03-26T00:00:00,58.06109889984131,26458,1491437.4317398071,44743.1229521943,-44743.1229521943,0.0,5172.407922456441,-49915.53087465074,-49915.53087465074,5172.407922456441,-3.346806900000006,0,EXECUTED,14846266.643118711,2025-03-24
35253,VBL,2025-03-21T00:00:00,SHORT,0.7172499999999999,548.75,548.75,NORMAL,532.2875,565.2125,2025-03-24T00:00:00,2025-03-26T00:00:00,532.2875,2717,1490953.75,44728.61249999994,44728.61249999994,0.0,5011.290868691251,39717.32163130869,39717.32163130869,5011.290868691251,2.663886899999996,0,EXECUTED,14846266.643118711,2025-03-24
29039,RVNL,2025-02-24T00:00:00,SHORT,0.5705,371.7000122070313,371.7000122070313,NORMAL,360.5490118408203,382.8510125732422,2025-03-24T00:00:00,2025-03-25T00:00:00,360.20001220703125,4002,1487543.448852539,44626.303465576224,46023.0,0.0,4997.33906755188,41025.66093244812,41025.66093244812,4997.33906755188,2.757947067972669,0,EXECUTED,14899148.684573917,2025-03-24
13908,ICICIBANK,2025-03-21T00:00:00,LONG,0.5985,1321.673583984375,1321.673583984375,NORMAL,1361.3237915039062,1282.0233764648438,2025-03-25T00:00:00,2025-04-08T00:00:00,1274.5868794921314,1092,1443267.5537109375,43298.026611328125,-51418.68130553001,0.0,4844.250675406352,-56262.93198093636,-56262.93198093636,4844.250675406352,-3.898302281948541,0,EXECUTED,14766225.060509246,2025-03-25
36999,YESBANK,2025-02-28T00:00:00,SHORT,0.5974999999999999,17.360000610351562,17.360000610351562,NORMAL,16.839200592041013,17.88080062866211,2025-03-25T00:00:00,2025-04-01T00:00:00,16.839200592041013,85685,1487491.6522979736,44624.74956893939,44624.74956893939,0.0,4999.65430477994,39625.09526415945,39625.09526415945,4999.65430477994,2.663886900000012,0,EXECUTED,14882069.371162089,2025-03-25
2626,AXISBANK,2024-12-19T00:00:00,SHORT,0.698,1108.1476316970598,1108.1476316970598,NORMAL,1074.9032027461478,1140.3123461914065,2025-03-25T00:00:00,2025-04-02T00:00:00,1073.8863842773435,1343,1488242.2693691512,43197.21156590738,46012.85528467863,0.0,4999.743341014022,41013.11194366461,41013.11194366461,4999.743341014022,2.7558088348780463,0,EXECUTED,14889988.131010786,2025-03-25
23803,NMDC,2025-03-21T00:00:00,SHORT,0.70625,68.79000091552734,68.79000091552734,NORMAL,66.72630088806152,70.85370094299317,2025-03-25T00:00:00,2025-04-07T00:00:00,70.85370094299317,21611,1486620.7097854614,44598.621293564,-44598.621293564,0.0,5155.703198364956,-49754.32449192896,-49754.32449192896,5155.703198364956,-3.346806900000011,0,EXECUTED,14713679.41432246,2025-03-25
22992,NHPC,2025-03-24T00:00:00,LONG,0.68075,82.55999755859375,82.55999755859375,NORMAL,85.03679748535157,80.08319763183593,2025-03-26T00:00:00,2025-04-01T00:00:00,80.08319763183593,18108,1494996.4357910156,44849.893073730615,-44849.893073730615,0.0,5031.606349187751,-49881.499422918365,-49881.499422918365,5031.606349187751,-3.3365631000000096,0,EXECUTED,14882069.371162089,2025-03-26
35007,UNIONBANK,2025-03-24T00:00:00,LONG,0.53825,122.5199966430664,122.5199966430664,NORMAL,126.1955965423584,118.8443967437744,2025-03-26T00:00:00,2025-03-27T00:00:00,128.35000610351562,12194,1494008.8390655518,44820.2651719666,71091.13536071777,0.0,5217.484642122532,65873.65071859524,65873.65071859524,5217.484642122532,4.409187482437976,0,EXECUTED,14935663.702999458,2025-03-26
21894,MANAPPURAM,2025-03-24T00:00:00,LONG,0.6639999999999999,234.16000366210935,234.16000366210935,NORMAL,241.18480377197267,227.13520355224608,2025-03-26T00:00:00,2025-03-27T00:00:00,241.18480377197267,6374,1492535.8633422852,44776.07590026863,44776.07590026863,0.0,5169.500947660576,39606.57495260805,39606.57495260805,5169.500947660576,2.6536431000000045,0,EXECUTED,14935663.702999458,2025-03-26
15540,INDUSINDBK,2025-03-12T00:00:00,SHORT,0.564,670.2000122070312,670.2000122070312,NORMAL,650.0940118408203,675.6285125732422,2025-03-26T00:00:00,2025-03-27T00:00:00,636.2715118408203,2220,1487844.0270996094,12051.270812988383,75321.27081298838,0.0,4946.147113964337,70375.12369902404,70375.12369902404,4946.147113964337,4.7300068029451126,0,EXECUTED,14935663.702999458,2025-03-26
5525,BEL,2025-03-25T00:00:00,LONG,0.729,302.1000061035156,302.1000061035156,NORMAL,311.1630062866211,293.03700592041014,2025-03-26T00:00:00,2025-04-03T00:00:00,293.03700592041014,4862,1468810.229675293,44064.30689025888,-44064.30689025888,0.0,4943.473242112286,-49007.78013237116,-49007.78013237116,4943.473242112286,-3.3365631000000056,0,EXECUTED,14801663.46789549,2025-03-26
6763,BHEL,2025-03-26T00:00:00,SHORT,0.7155,214.6499938964844,214.6499938964844,NORMAL,208.21049407958984,220.0080062866211,2025-03-27T00:00:00,2025-04-02T00:00:00,220.0080062866211,6982,1498686.257385254,37409.64250793469,-37409.64250793469,0.0,5184.089300309581,-42593.731808244265,-42593.731808244265,5184.089300309581,-2.842071287325822,0,EXECUTED,14889988.131010786,2025-03-27
11722,HDFCBANK,2025-03-24T00:00:00,LONG,0.58175,873.5489501953125,873.5489501953125,NORMAL,899.755418701172,847.342481689453,2025-03-27T00:00:00,2025-04-08T00:00:00,847.342481689453,1718,1500757.0964355469,45022.712893066535,-45022.712893066535,0.0,5050.994607233466,-50073.7075003,-50073.7075003,5050.994607233466,-3.336563100000008,0,EXECUTED,14766225.060509246,2025-03-27
15546,INDUSINDBK,2025-03-26T00:00:00,SHORT,0.723,637.4000244140625,637.4000244140625,NORMAL,618.2780236816407,656.1614874267578,2025-03-27T00:00:00,2025-03-28T00:00:00,656.1614874267578,2358,1502989.2575683594,44239.52978393562,-44239.52978393562,0.0,5210.955232826828,-49450.485016762446,-49450.485016762446,5210.955232826828,-3.290142279311223,0,EXECUTED,15013430.37737899,2025-03-27
10043,GAIL,2025-03-21T00:00:00,SHORT,0.54775,172.89999389648438,172.89999389648438,NORMAL,167.71299407958983,173.5138069152832,2025-03-28T00:00:00,2025-04-01T00:00:00,173.5138069152832,8652,1495930.7471923828,5310.710238647412,-5310.710238647412,0.0,5117.470408221452,-10428.180646868865,-10428.180646868865,5117.470408221452,-0.6971031691434146,0,EXECUTED,14882069.371162089,2025-03-28
12349,HINDCOPPER,2025-03-27T00:00:00,SHORT,0.5335,225.50999450683597,225.50999450683597,NORMAL,218.74469467163087,232.275294342041,2025-04-01T00:00:00,2025-04-02T00:00:00,218.74469467163087,6590,1486110.8638000488,44583.32591400141,44583.32591400141,0.0,4995.0132937551225,39588.31262024629,39588.31262024629,4995.0132937551225,2.6638868999999965,0,EXECUTED,14889988.131010786,2025-04-01
35008,UNIONBANK,2025-03-25T00:00:00,LONG,0.6705,124.58999633789062,124.58999633789062,NORMAL,128.32769622802735,123.63619911193848,2025-04-01T00:00:00,2025-04-03T00:00:00,123.63619911193848,11931,1486483.246307373,11379.754702835198,-11379.754702835198,0.0,5057.170519239719,-16436.92522207492,-16436.92522207492,5057.170519239719,-1.1057591979530534,0,EXECUTED,14801663.46789549,2025-04-01
24460,NTPC,2025-03-26T00:00:00,LONG,0.64825,362.0,362.0,NORMAL,372.86,355.9415118408203,2025-04-01T00:00:00,2025-04-03T00:00:00,352.3500061035156,4111,1488182.0,24906.444822387817,-39671.12490844727,0.0,5016.791080011942,-44687.91598845921,-44687.91598845921,5016.791080011942,-3.002852876090371,0,EXECUTED,14801663.46789549,2025-04-01
36254,WIPRO,2025-04-01T00:00:00,SHORT,0.72625,262.25,262.25,NORMAL,254.3825,270.1175,2025-04-02T00:00:00,2025-04-08T00:00:00,253.0,5650,1481712.5,44451.37500000004,52262.5,0.0,4966.30804875,47296.19195125,47296.19195125,4966.30804875,3.1919952049571023,0,EXECUTED,14766225.060509246,2025-04-02
26562,PNB,2025-03-27T00:00:00,SHORT,0.614,95.0,95.0,NORMAL,92.15,95.64580062866212,2025-04-02T00:00:00,2025-04-03T00:00:00,95.64580062866212,15592,1481240.0,10069.323402099706,-10069.323402099706,0.0,5075.788659099562,-15145.112061199268,-15145.112061199268,5075.788659099562,-1.0224617253921895,0,EXECUTED,14801663.46789549,2025-04-02
10634,GMRINFRA,2025-04-01T00:00:00,SHORT,0.7255,76.80000305175781,76.80000305175781,NORMAL,74.49600296020508,78.0019034576416,2025-04-02T00:00:00,2025-04-03T00:00:00,78.0019034576416,19290,1481472.0588684082,23184.658829498323,-23184.658829498323,0.0,5099.956509643882,-28284.615339142205,-28284.615339142205,5099.956509643882,-1.9092236785583945,0,EXECUTED,14801663.46789549,2025-04-02
27286,POWERGRID,2025-03-28T00:00:00,SHORT,0.71225,295.5,295.5,NORMAL,286.635,304.365,2025-04-02T00:00:00,2025-04-04T00:00:00,286.635,5005,1478977.5,44369.32500000005,44369.32500000005,0.0,4971.0371235525,39398.287876447546,39398.287876447546,4971.0371235525,2.663886900000003,0,EXECUTED,14764594.48277067,2025-04-02
10048,GAIL,2025-04-02T00:00:00,SHORT,0.698,186.32000732421875,186.32000732421875,NORMAL,180.73040710449217,191.90960754394533,2025-04-03T00:00:00,2025-04-07T00:00:00,180.73040710449217,7901,1472114.3778686523,44163.431336059686,44163.431336059686,0.0,4947.969271000042,39215.46206505965,39215.46206505965,4947.969271000042,2.663886900000008,0,EXECUTED,14713679.41432246,2025-04-03
10635,GMRINFRA,2025-04-02T00:00:00,SHORT,0.70225,77.48999786376953,77.48999786376953,NORMAL,75.16529792785644,79.68080062866211,2025-04-03T00:00:00,2025-04-07T00:00:00,79.68080062866211,19035,1475022.109336853,41701.93062973028,-41701.93062973028,0.0,5110.935845502987,-46812.86647523326,-46812.86647523326,5110.935845502987,-3.173706087448384,0,EXECUTED,14713679.41432246,2025-04-03
7233,BPCL,2025-04-01T00:00:00,SHORT,0.7025,283.04998779296875,283.04998779296875,NORMAL,274.55848815917966,286.82410125732423,2025-04-03T00:00:00,2025-04-04T00:00:00,286.82410125732423,5219,1477237.886291504,19697.09817047125,-19697.09817047125,0.0,5079.2826246002005,-24776.38079507145,-24776.38079507145,5079.2826246002005,-1.6772099487152143,0,EXECUTED,14764594.48277067,2025-04-03
35012,UNIONBANK,2025-04-02T00:00:00,LONG,0.6945,124.77999877929688,124.77999877929688,NORMAL,128.5233987426758,121.03659881591796,2025-04-03T00:00:00,2025-04-07T00:00:00,128.5233987426758,11582,1445201.9458618164,43356.05837585449,43356.05837585465,0.0,5005.556658426666,38350.50171742799,38350.50171742799,5005.556658426666,2.653643100000011,0,EXECUTED,14713679.41432246,2025-04-03
20612,KOTAKBANK,2025-03-27T00:00:00,LONG,0.5755,424.5068359375,424.5068359375,NORMAL,437.242041015625,411.77163085937497,2025-04-03T00:00:00,2025-04-08T00:00:00,402.5800042719004,3479,1476859.2822265625,44305.778466797,-76283.44736462098,0.0,4918.366233957549,-81201.81359857853,-81201.81359857853,4918.366233957549,-5.498276956769772,0,EXECUTED,14766225.060509246,2025-04-03
15055,IDFCFIRSTB,2025-02-28T00:00:00,SHORT,0.627,59.220001220703125,59.220001220703125,NORMAL,57.44340118408203,60.99660125732422,2025-04-04T00:00:00,2025-04-07T00:00:00,57.0,24985,1479611.7304992676,44388.35191497812,55466.73049926758,0.0,4953.4238611939545,50513.30663807363,50513.30663807363,4953.4238611939545,3.4139568913142404,0,EXECUTED,14713679.41432246,2025-04-04
27288,POWERGRID,2025-04-03T00:00:00,SHORT,0.725,289.3500061035156,289.3500061035156,NORMAL,280.66950592041013,295.3525,2025-04-04T00:00:00,2025-04-07T00:00:00,295.3525,5103,1476553.0811462402,30630.72635375987,-30630.72635375987,0.0,5096.431294462258,-35727.15764822213,-35727.15764822213,5096.431294462258,-2.419632460519965,0,EXECUTED,14713679.41432246,2025-04-04
10637,GMRINFRA,2025-04-04T00:00:00,LONG,0.6547499999999999,82.69999694824219,82.69999694824219,NORMAL,85.18099685668946,80.21899703979491,2025-04-07T00:00:00,2025-04-09T00:00:00,77.0,17900,1480329.9453735352,44409.8983612062,-102029.94537353516,0.0,4888.191151639252,-106918.1365251744,-106918.1365251744,4888.191151639252,-7.22258823847514,0,EXECUTED,14884334.099573849,2025-04-07
37015,YESBANK,2025-04-04T00:00:00,SHORT,0.7204999999999999,17.950000762939453,17.950000762939453,NORMAL,17.41150074005127,18.48850078582764,2025-04-07T00:00:00,2025-04-08T00:00:00,17.41150074005127,82299,1477267.112789154,44318.013383674566,44318.013383674566,0.0,4965.288288076122,39352.72509559844,39352.72509559844,4965.288288076122,2.663886899999996,0,EXECUTED,14766225.060509246,2025-04-07
34556,UCOBANK,2025-04-04T00:00:00,SHORT,0.6825,30.790000915527344,30.790000915527344,NORMAL,29.866300888061524,31.2913991355896,2025-04-07T00:00:00,2025-04-09T00:00:00,28.700000762939453,47823,1472470.2137832642,23978.36707803729,99950.0772972107,0.0,4849.755769217514,95100.32152799318,95100.32152799318,4849.755769217514,6.458556556037146,0,EXECUTED,14884334.099573849,2025-04-07
26567,PNB,2025-04-04T00:00:00,SHORT,0.667,99.08999633789062,99.08999633789062,NORMAL,96.1172964477539,101.97,2025-04-07T00:00:00,2025-04-08T00:00:00,96.03,14905,1476936.3954162598,42926.45458374022,45609.24541625975,0.0,4961.85765768296,40647.38775857679,40647.38775857679,4961.85765768296,2.7521420614136014,0,EXECUTED,14766225.060509246,2025-04-07
4496,BANKBARODA,2025-01-06T00:00:00,SHORT,0.67225,241.63999938964844,241.63999938964844,NORMAL,234.39079940795895,248.8891993713379,2025-04-07T00:00:00,2025-04-08T00:00:00,234.39079940795895,6096,1473037.4362792969,44191.12308837893,44191.12308837893,0.0,4951.071791238869,39240.05129714006,39240.05129714006,4951.071791238869,2.663886900000002,0,EXECUTED,14766225.060509246,2025-04-07
23812,NMDC,2025-04-04T00:00:00,LONG,0.6995,69.98999786376953,69.98999786376953,NORMAL,72.08969779968263,68.31710029602051,2025-04-07T00:00:00,2025-04-08T00:00:00,68.31710029602051,21192,1483228.034729004,35452.0452557372,-35452.0452557372,0.0,5006.762073914717,-40458.80732965192,-40458.80732965192,5006.762073914717,-2.72775368199159,0,EXECUTED,14766225.060509246,2025-04-07
27289,POWERGRID,2025-04-07T00:00:00,SHORT,0.59,293.8999938964844,293.8999938964844,NORMAL,285.0829940795898,302.71699371337894,2025-04-08T00:00:00,2025-04-09T00:00:00,283.6000061035156,5057,1486252.2691345215,44587.568074035815,52087.03826904297,0.0,4982.122269879822,47104.915999163146,47104.915999163146,4982.122269879822,3.16937554797433,0,EXECUTED,14884334.099573849,2025-04-08
16029,INFY,2025-04-07T00:00:00,SHORT,0.584,1360.4289830692378,1360.4289830692378,NORMAL,1319.6161135771606,1367.704083251953,2025-04-08T00:00:00,2025-04-09T00:00:00,1367.704083251953,1094,1488309.3074777462,7958.959599890513,-7958.959599890513,0.0,5096.166215008398,-13055.12581489891,-13055.12581489891,5096.166215008398,-0.8771782686102779,0,EXECUTED,14884334.099573849,2025-04-08
4513,BANKBARODA,2025-04-03T00:00:00,SHORT,0.6559999999999999,232.0,232.0,NORMAL,225.04,238.4656044006348,2025-04-09T00:00:00,2025-04-21T00:00:00,238.4656044006348,6362,1475984.0,41134.17519683834,-41134.17519683834,0.0,5113.208406853325,-46247.38360369166,-46247.38360369166,5113.208406853325,-3.133325537654315,0,EXECUTED,14468992.37664514,2025-04-09
24465,NTPC,2025-04-07T00:00:00,LONG,0.702,350.3999938964844,350.3999938964844,NORMAL,360.9119937133789,339.8879940795898,2025-04-09T00:00:00,2025-04-16T00:00:00,360.9119937133789,4219,1478337.5742492676,44350.127227478144,44350.127227478144,0.0,5120.324193704962,39229.80303377318,39229.80303377318,5120.324193704962,2.653643100000008,0,EXECUTED,14808383.038379574,2025-04-09
15071,IDFCFIRSTB,2025-04-03T00:00:00,SHORT,0.714,57.650001525878906,57.650001525878906,NORMAL,55.92050148010254,58.90569858551026,2025-04-09T00:00:00,2025-04-15T00:00:00,58.90569858551026,25619,1476935.3890914917,32169.702970695605,-32169.702970695605,0.0,5100.479641196478,-37270.18261189209,-37270.18261189209,5100.479641196478,-2.5234809110246945,0,EXECUTED,14879464.19807428,2025-04-09
7236,BPCL,2025-04-07T00:00:00,SHORT,0.65425,279.5,279.5,NORMAL,271.115,287.8335125732422,2025-04-09T00:00:00,2025-04-15T00:00:00,288.70001220703125,5295,1479952.5,44125.94907531754,-48714.06463623047,0.0,5140.2688839011535,-53854.33352013162,-53854.33352013162,5140.2688839011535,-3.638923108689747,0,EXECUTED,14879464.19807428,2025-04-09
23001,NHPC,2025-04-07T00:00:00,LONG,0.7255,83.04000091552734,83.04000091552734,NORMAL,85.53120094299317,80.54880088806152,2025-04-09T00:00:00,2025-04-16T00:00:00,85.53120094299317,17743,1473378.7362442017,44201.36208732609,44201.36208732609,0.0,5103.148916114593,39098.21317121149,39098.21317121149,5103.148916114593,2.6536431000000023,0,EXECUTED,14808383.038379574,2025-04-09
25260,ONGC,2025-04-07T00:00:00,SHORT,0.72175,226.00999450683597,226.00999450683597,NORMAL,219.22969467163085,232.79029434204105,2025-04-09T00:00:00,2025-04-11T00:00:00,219.22969467163085,6522,1474037.184173584,44221.11552520756,44221.11552520756,0.0,4954.432074878543,39266.683450329016,39266.683450329016,4954.432074878543,2.6638869000000027,0,EXECUTED,14763835.905852169,2025-04-09
8660,COFORGE,2025-04-07T00:00:00,SHORT,0.72075,1321.5799560546875,1321.5799560546875,NORMAL,1281.9325573730468,1361.2273547363282,2025-04-09T00:00:00,2025-04-11T00:00:00,1281.9325573730468,1114,1472240.071044922,44167.20213134769,44167.20213134769,0.0,4948.39174223129,39218.8103891164,39218.8103891164,4948.39174223129,2.6638869000000023,0,EXECUTED,14763835.905852169,2025-04-09
4864,BANKINDIA,2025-04-07T00:00:00,LONG,0.6775,108.38999938964844,108.38999938964844,NORMAL,111.6416993713379,108.14529792785645,2025-04-09T00:00:00,2025-04-11T00:00:00,108.14529792785645,13646,1479089.9316711426,3339.196147613502,-3339.196147613502,0.0,5045.049910812534,-8384.246058426037,-8384.246058426037,5045.049910812534,-0.5668516754051011,0,EXECUTED,14763835.905852169,2025-04-09
6768,BHEL,2025-04-07T00:00:00,SHORT,0.70675,214.4499969482422,214.4499969482422,NORMAL,208.01649703979493,220.88349685668945,2025-04-09T00:00:00,2025-04-15T00:00:00,208.01649703979493,6883,1476059.328994751,44281.77986984249,44281.77986984249,0.0,4961.228768523457,39320.55110131903,39320.55110131903,4961.228768523457,2.6638868999999974,0,EXECUTED,14879464.19807428,2025-04-09
37016,YESBANK,2025-04-07T00:00:00,SHORT,0.644,17.190000534057617,17.190000534057617,NORMAL,16.67430051803589,17.705700550079346,2025-04-09T00:00:00,2025-04-21T00:00:00,17.705700550079346,84856,1458674.6853179932,43760.24055953981,-43760.24055953981,0.0,5058.784457236087,-48819.02501677589,-48819.02501677589,5058.784457236087,-3.346806900000001,0,EXECUTED,14468992.37664514,2025-04-09
3826,BANDHANBNK,2025-04-07T00:00:00,SHORT,0.66775,153.5,153.5,NORMAL,148.89499999999998,157.64150314331056,2025-04-11T00:00:00,2025-04-15T00:00:00,148.45850296020507,9621,1476823.5,39845.40174179088,48504.243019867055,0.0,4956.312410765691,43547.93060910136,43547.93060910136,4956.312410765691,2.948756612357629,0,EXECUTED,14879464.19807428,2025-04-11
32392,SUZLON,2025-04-08T00:00:00,SHORT,0.66325,53.06999969482422,53.06999969482422,NORMAL,51.47789970397949,53.68359889984131,2025-04-11T00:00:00,2025-04-15T00:00:00,53.68359889984131,27944,1482988.071472168,17146.416184997517,-17146.416184997517,0.0,5094.371126415386,-22240.787311412903,-22240.787311412903,5094.371126415386,-1.499727997766994,0,EXECUTED,14879464.19807428,2025-04-11
28664,RELIANCE,2025-04-04T00:00:00,SHORT,0.592,1194.38525390625,1194.38525390625,NORMAL,1158.5536962890624,1230.2168115234376,2025-04-11T00:00:00,2025-04-16T00:00:00,1240.288998738938,1238,1478648.9443359375,44359.468330078285,-56828.83610286782,0.0,5150.280719915634,-61979.11682278346,-61979.11682278346,5150.280719915634,-4.191604576610192,0,EXECUTED,14808383.038379574,2025-04-11
31025,SBIN,2025-04-08T00:00:00,SHORT,0.7295,741.4778565892068,741.4778565892068,NORMAL,719.2335208915306,762.3336535644531,2025-04-15T00:00:00,2025-04-21T00:00:00,762.3336535644531,1996,1479989.8017520567,41628.17076259168,-41628.17076259168,0.0,5127.76706581274,-46755.93782840442,-46755.93782840442,5127.76706581274,-3.159206757577203,0,EXECUTED,14468992.37664514,2025-04-15
20615,KOTAKBANK,2025-04-04T00:00:00,LONG,0.72325,425.1649475097656,425.1649475097656,NORMAL,437.9198959350586,412.40999908447264,2025-04-15T00:00:00,2025-04-22T00:00:00,437.9198959350586,3486,1482125.007019043,44463.75021057133,44463.75021057133,0.0,5133.442228435941,39330.30798213539,39330.30798213539,5133.442228435941,2.6536431000000027,0,EXECUTED,14449468.125141645,2025-04-15
14299,IDBI,2025-04-11T00:00:00,SHORT,0.70675,79.33999633789062,79.33999633789062,NORMAL,76.9597964477539,81.15370094299317,2025-04-15T00:00:00,2025-04-17T00:00:00,81.15370094299317,18671,1481357.071624756,33863.67868186959,-33863.67868186959,0.0,5118.597091284588,-38982.27577315418,-38982.27577315418,5118.597091284588,-2.6315246013169755,0,EXECUTED,14641941.40395623,2025-04-15
7990,CANBK,2025-04-03T00:00:00,SHORT,0.6427499999999999,91.0999984741211,91.0999984741211,NORMAL,88.36699851989746,93.83299842834472,2025-04-15T00:00:00,2025-04-21T00:00:00,93.83299842834472,16262,1481468.1751861572,44444.04525558466,-44444.04525558466,0.0,5137.833852849681,-49581.87910843435,-49581.87910843435,5137.833852849681,-3.3468068999999967,0,EXECUTED,14468992.37664514,2025-04-15
19632,KALYANKJIL,2025-04-04T00:00:00,SHORT,0.7052499999999999,509.1000061035156,509.1000061035156,NORMAL,493.82700592041016,524.3730062866211,2025-04-15T00:00:00,2025-04-21T00:00:00,524.3730062866211,2909,1480971.917755127,44429.15753265397,-44429.15753265397,0.0,5136.112797837106,-49565.27033049108,-49565.27033049108,5136.112797837106,-3.346806900000011,0,EXECUTED,14468992.37664514,2025-04-15
12869,HUDCO,2025-01-27T00:00:00,SHORT,0.6585,219.83999633789065,219.83999633789065,NORMAL,213.2447964477539,226.4351962280273,2025-04-16T00:00:00,2025-04-22T00:00:00,226.4351962280273,6672,1466772.4555664062,44003.17366699215,-44003.17366699215,0.0,5086.868083203732,-49090.04175019587,-49090.04175019587,5086.868083203732,-3.3468068999999967,0,EXECUTED,14449468.125141645,2025-04-16
10586,GMRINFRA,2024-10-17T00:00:00,LONG,0.71025,87.0,87.0,NORMAL,89.61,86.67920059204101,2025-04-16T00:00:00,2025-04-17T00:00:00,86.67920059204101,16881,1468647.0,5415.414805755654,-5415.414805755654,0.0,5006.002464612566,-10421.41727036822,-10421.41727036822,5006.002464612566,-0.7095930656153738,0,EXECUTED,14641941.40395623,2025-04-16
1919,ASHOKLEY,2025-04-04T00:00:00,SHORT,0.532,105.5,105.5,NORMAL,102.335,108.11910125732422,2025-04-16T00:00:00,2025-04-22T00:00:00,108.11910125732422,13216,1394288.0,34614.04221679686,-34614.04221679686,0.0,4822.628412242997,-39436.67062903986,-39436.67062903986,4822.628412242997,-2.828445100943267,0,EXECUTED,14449468.125141645,2025-04-16
5527,BEL,2025-04-01T00:00:00,LONG,0.6154999999999999,293.5,293.5,NORMAL,302.305,292.28040710449216,2025-04-17T00:00:00,2025-04-21T00:00:00,292.28040710449216,4930,1446955.0,6012.592974853673,-6012.592974853673,0.0,4930.9581874871465,-10943.55116234082,-10943.55116234082,4930.9581874871465,-0.7563159298209564,0,EXECUTED,14468992.37664514,2025-04-17
18069,IRFC,2025-04-04T00:00:00,SHORT,0.6194999999999999,129.16000366210938,129.16000366210938,NORMAL,125.28520355224607,133.03480377197266,2025-04-17T00:00:00,2025-04-24T00:00:00,133.03480377197266,10087,1302836.9569396973,39085.10870819097,-39085.10870819097,0.0,4518.328462416899,-43603.43717060787,-43603.43717060787,4518.328462416899,-3.346806900000004,0,EXECUTED,14287678.51008285,2025-04-17
36258,WIPRO,2025-04-11T00:00:00,SHORT,0.6265,236.6499938964844,236.6499938964844,NORMAL,229.55049407958984,243.7494937133789,2025-04-21T00:00:00,2025-04-25T00:00:00,243.7494937133789,6115,1447114.712677002,43413.44138031008,-43413.44138031008,0.0,5018.693674479017,-48432.1350547891,-48432.1350547891,5018.693674479017,-3.3468069000000016,0,EXECUTED,14115775.9828871,2025-04-21
6770,BHEL,2025-04-17T00:00:00,SHORT,0.715,228.0,228.0,NORMAL,221.16,232.78,2025-04-21T00:00:00,2025-04-29T00:00:00,219.22,6333,1443924.0,30271.74000000001,55603.740000000005,0.0,4831.320344598,50772.419655402,50772.419655402,4831.320344598,3.516280611403509,0,EXECUTED,14234026.99589764,2025-04-21
25259,ONGC,2025-04-04T00:00:00,SHORT,0.637,243.30999755859372,243.30999755859372,NORMAL,236.01069763183597,250.6092974853516,2025-04-21T00:00:00,2025-04-25T00:00:00,250.6092974853516,5949,1447451.1754760742,43423.53526428222,-43423.53526428222,0.0,5019.860550682133,-48443.39581496435,-48443.39581496435,5019.860550682133,-3.3468069,0,EXECUTED,14115775.9828871,2025-04-21
22524,NATIONALUM,2025-04-17T00:00:00,SHORT,0.72675,151.22000122070312,151.22000122070312,NORMAL,146.68340118408202,155.75660125732423,2025-04-21T00:00:00,2025-04-23T00:00:00,155.75660125732423,9567,1446721.7516784668,43401.65255035416,-43401.65255035416,0.0,5017.330858621789,-48418.983408975946,-48418.983408975946,5017.330858621789,-3.346806900000011,0,EXECUTED,14245157.459751427,2025-04-21
17473,IRB,2025-04-17T00:00:00,SHORT,0.7235,23.34499931335449,23.34499931335449,NORMAL,22.644649333953858,24.045349292755127,2025-04-21T00:00:00,2025-04-23T00:00:00,24.045349292755127,61893,1444892.0425014496,43346.76127504347,-43346.76127504347,0.0,5010.98530094596,-48357.74657598943,-48357.74657598943,5010.98530094596,-3.346806899999999,0,EXECUTED,14245157.459751427,2025-04-21
14300,IDBI,2025-04-17T00:00:00,LONG,0.71075,81.5,81.5,NORMAL,83.94500000000001,79.09380088806152,2025-04-21T00:00:00,2025-04-23T00:00:00,83.98620094299316,17719,1444098.5,42635.44206443788,44052.994508895885,0.0,5002.926441036871,39050.06806785901,39050.06806785901,5002.926441036871,2.7041138861275056,0,EXECUTED,14245157.459751427,2025-04-21
24469,NTPC,2025-04-21T00:00:00,LONG,0.7112499999999999,364.0,364.0,NORMAL,374.92,353.08,2025-04-22T00:00:00,2025-04-29T00:00:00,353.08,3922,1427608.0,42828.24000000006,-42828.24000000006,0.0,4804.801740647999,-47633.04174064806,-47633.04174064806,4804.801740647999,-3.336563100000004,0,EXECUTED,14234026.99589764,2025-04-22
26575,PNB,2025-04-21T00:00:00,SHORT,0.6995,100.0999984741211,100.0999984741211,NORMAL,97.09699851989744,102.485,2025-04-22T00:00:00,2025-04-23T00:00:00,102.485,14264,1427826.3782348633,34019.66176513671,-34019.66176513671,0.0,4936.089194284768,-38955.75095942148,-38955.75095942148,4936.089194284768,-2.7283254850341225,0,EXECUTED,14245157.459751427,2025-04-22
33745,TATASTEEL,2025-03-05T00:00:00,SHORT,0.6885,139.33999633789062,139.33999633789062,NORMAL,135.1597964477539,143.52019622802734,2025-04-22T00:00:00,2025-05-08T00:00:00,143.52019622802734,10248,1427956.2824707031,42838.6884741211,-42838.6884741211,0.0,4952.250916591889,-47790.93939071299,-47790.93939071299,4952.250916591889,-3.346806900000001,0,EXECUTED,13847673.252433617,2025-04-22
29687,SAIL,2025-04-04T00:00:00,SHORT,0.72625,118.54000091552734,118.54000091552734,NORMAL,114.98380088806152,122.09620094299316,2025-04-23T00:00:00,2025-04-25T00:00:00,114.98380088806152,12077,1431607.5910568235,42948.22773170471,42948.22773170471,0.0,4811.820654136413,38136.4070775683,38136.4070775683,4811.820654136413,2.6638869,0,EXECUTED,14115775.9828871,2025-04-23
35014,UNIONBANK,2025-04-04T00:00:00,LONG,0.69275,130.10000610351562,130.10000610351562,NORMAL,134.0030062866211,127.35129348754884,2025-04-23T00:00:00,2025-04-24T00:00:00,127.35129348754884,11026,1434482.6672973633,30307.30530364988,-30307.30530364988,0.0,4848.713901306429,-35156.01920495631,-35156.01920495631,4848.713901306429,-2.4507803409846702,0,EXECUTED,14287678.51008285,2025-04-23
16033,INFY,2025-04-21T00:00:00,SHORT,0.6537499999999999,1379.442626953125,1379.442626953125,NORMAL,1338.0593481445312,1420.8259057617188,2025-04-23T00:00:00,2025-04-28T00:00:00,1420.8259057617188,1037,1430482.0041503906,42914.46012451176,-42914.46012451176,0.0,4961.0102936518415,-47875.4704181636,-47875.4704181636,4961.0102936518415,-3.346806900000003,0,EXECUTED,14116374.295519056,2025-04-23
11733,HDFCBANK,2025-04-21T00:00:00,LONG,0.67925,935.231201171875,935.231201171875,NORMAL,963.2881372070312,907.1742651367188,2025-04-23T00:00:00,2025-06-09T00:00:00,963.2881372070312,1531,1431838.9689941406,42955.1690698242,42955.1690698242,0.0,4959.273066000067,37995.896003824135,37995.896003824135,4959.273066000067,2.6536430999999987,0,EXECUTED,13775092.903445415,2025-04-23
7998,CANBK,2025-04-22T00:00:00,LONG,0.72275,99.0,99.0,NORMAL,101.97,96.03,2025-04-24T00:00:00,2025-04-29T00:00:00,96.03,12223,1210077.0,36302.30999999998,-36302.30999999998,0.0,4072.672663587,-40374.98266358698,-40374.98266358698,4072.672663587,-3.3365630999999984,0,EXECUTED,14234026.99589764,2025-04-24
14294,IDBI,2025-01-21T00:00:00,LONG,0.6407499999999999,85.69999694824219,85.69999694824219,NORMAL,88.27099685668945,83.55579940795899,2025-04-24T00:00:00,2025-04-25T00:00:00,83.55579940795899,16503,1414307.0496368408,35385.69200729367,-35385.69200729367,0.0,4771.532786626451,-40157.22479392012,-40157.22479392012,4771.532786626451,-2.83935689949587,0,EXECUTED,14115775.9828871,2025-04-24
2640,AXISBANK,2025-04-17T00:00:00,LONG,0.6345,1175.088703760494,1175.088703760494,NORMAL,1210.3413648733087,1153.200343017578,2025-04-25T00:00:00,2025-04-28T00:00:00,1153.200343017578,1203,1413631.710623874,26331.69797372782,-26331.69797372782,0.0,4784.005608493765,-31115.703582221584,-31115.703582221584,4784.005608493765,-2.2011181093616936,0,EXECUTED,14116374.295519056,2025-04-25
37018,YESBANK,2025-04-21T00:00:00,SHORT,0.712,18.399999618530277,18.399999618530277,NORMAL,17.847999629974364,18.632700157165527,2025-04-25T00:00:00,2025-04-28T00:00:00,18.632700157165527,76744,1412089.5707244873,17858.37013702387,-17858.37013702387,0.0,4853.550021291052,-22711.92015831492,-22711.92015831492,4853.550021291052,-1.6083909002077208,0,EXECUTED,14116374.295519056,2025-04-25
18044,IRFC,2025-02-07T00:00:00,SHORT,0.5385,136.30999755859375,136.30999755859375,NORMAL,132.22069763183595,140.39929748535155,2025-04-25T00:00:00,2025-04-29T00:00:00,132.22069763183595,10350,1410808.4747314453,42324.25424194327,42324.25424194327,0.0,4741.912099482577,37582.342142460686,37582.342142460686,4741.912099482577,2.6638868999999934,0,EXECUTED,14234026.99589764,2025-04-25
31028,SBIN,2025-04-17T00:00:00,LONG,0.55425,767.9110717773438,767.9110717773438,NORMAL,790.9484039306641,744.8737396240234,2025-04-25T00:00:00,2025-04-29T00:00:00,790.9484039306641,1838,1411420.5499267578,42342.61649780277,42342.61649780277,0.0,4888.552462689271,37454.0640351135,37454.0640351135,4888.552462689271,2.6536431000000027,0,EXECUTED,14234026.99589764,2025-04-25
10054,GAIL,2025-04-21T00:00:00,LONG,0.6595,186.9900054931641,186.9900054931641,NORMAL,192.599705657959,181.38030532836916,2025-04-28T00:00:00,2025-04-29T00:00:00,193.0,7578,1417010.2616271973,42510.30784881598,45543.738372802734,0.0,4912.864283498154,40630.87408930458,40630.87408930458,4912.864283498154,2.867366256236344,0,EXECUTED,14234026.99589764,2025-04-28
3498,BAJFINANCE,2025-04-24T00:00:00,LONG,0.59375,896.918026756798,896.918026756798,NORMAL,923.825567559502,891.1857830810546,2025-04-28T00:00:00,2025-04-29T00:00:00,891.1857830810546,1579,1416233.564248984,9051.212763998748,-9051.212763998748,0.0,4821.096833889906,-13872.309597888652,-13872.309597888652,4821.096833889906,-0.9795213125911908,0,EXECUTED,14234026.99589764,2025-04-28
23819,NMDC,2025-04-25T00:00:00,SHORT,0.7224999999999999,68.3499984741211,68.3499984741211,NORMAL,66.29949851989745,70.0605965423584,2025-04-28T00:00:00,2025-04-29T00:00:00,65.97939674377442,20725,1416553.7183761597,35452.1449642181,49130.7208614349,0.0,4749.3986429759,44381.322218459,44381.322218459,4749.3986429759,3.1330490077944035,0,EXECUTED,14234026.99589764,2025-04-28
36267,WIPRO,2025-04-28T00:00:00,SHORT,0.72475,240.8999938964844,240.8999938964844,NORMAL,233.67299407958984,248.1269937133789,2025-04-29T00:00:00,2025-05-14T00:00:00,248.1269937133789,5882,1416973.764099121,42509.212922973646,-42509.212922973646,0.0,4914.162785085475,-47423.37570805912,-47423.37570805912,4914.162785085475,-3.3468069000000003,0,EXECUTED,13777979.837605108,2025-04-29
25267,ONGC,2025-04-28T00:00:00,SHORT,0.71775,246.3300018310547,246.3300018310547,NORMAL,238.94010177612304,253.71990188598636,2025-04-29T00:00:00,2025-05-07T00:00:00,238.94010177612304,5754,1417382.830535889,42521.48491607668,42521.48491607668,0.0,4764.009370581922,37757.47554549476,37757.47554549476,4764.009370581922,2.663886900000002,0,EXECUTED,13980573.295793016,2025-04-29
20624,KOTAKBANK,2025-04-28T00:00:00,LONG,0.71425,443.8411254882813,443.8411254882813,NORMAL,457.1563592529297,430.5258917236328,2025-04-29T00:00:00,2025-05-06T00:00:00,419.8103531564253,3187,1414521.6669311523,42435.65000793458,-76586.07142162485,0.0,4705.014239521595,-81291.08566114644,-81291.08566114644,4705.014239521595,-5.7468957571721,0,EXECUTED,14078342.958455237,2025-04-29
5531,BEL,2025-04-28T00:00:00,LONG,0.70425,296.0,296.0,NORMAL,304.88,288.67200592041013,2025-04-29T00:00:00,2025-04-30T00:00:00,306.5280062866211,4519,1337624.0,33115.20524566663,47576.06040924085,0.0,4645.109313806004,42930.95109543485,42930.95109543485,4645.109313806004,3.209493183094416,0,EXECUTED,14148671.773176825,2025-04-29
32399,SUZLON,2025-04-28T00:00:00,LONG,0.7224999999999999,57.5,57.5,NORMAL,59.225,56.55099925994873,2025-04-29T00:00:00,2025-05-05T00:00:00,56.55099925994873,24644,1417030.0,23387.17423782345,-23387.17423782345,0.0,4800.415753491601,-28187.589991315053,-28187.589991315053,4800.415753491601,-1.9892020628578824,0,EXECUTED,14087866.78606114,2025-04-29
31552,SJVN,2025-04-28T00:00:00,SHORT,0.707,96.63999938964844,96.63999938964844,NORMAL,93.740799407959,99.53919937133789,2025-04-29T00:00:00,2025-05-05T00:00:00,93.740799407959,14623,1413166.711074829,42395.001332244814,42395.001332244814,0.0,4749.838440761652,37645.16289148316,37645.16289148316,4749.838440761652,2.663886899999996,0,EXECUTED,14087866.78606114,2025-04-29
15554,INDUSINDBK,2025-04-28T00:00:00,SHORT,0.725,828.0,828.0,NORMAL,803.16,847.0204748535157,2025-04-29T00:00:00,2025-05-02T00:00:00,847.0204748535157,1712,1417536.0,32563.052949218843,-32563.052949218843,0.0,4898.355554871392,-37461.40850409024,-37461.40850409024,4898.355554871392,-2.642713024860761,0,EXECUTED,14148984.290990656,2025-04-29
31301,SHRIRAMFIN,2025-04-08T00:00:00,LONG,0.54775,614.0,614.0,NORMAL,632.4200000000001,595.5799999999999,2025-04-29T00:00:00,2025-05-09T00:00:00,632.4200000000001,2306,1415884.0,42476.52000000016,42476.52000000016,0.0,4904.011929996001,37572.508070004165,37572.508070004165,4904.011929996001,2.653643100000012,0,EXECUTED,13854189.063885773,2025-04-29
3494,BAJFINANCE,2025-04-11T00:00:00,LONG,0.53125,873.2109216488716,873.2109216488716,NORMAL,899.4072492983378,854.7852661132812,2025-04-30T00:00:00,2025-05-02T00:00:00,854.7852661132812,1617,1411982.0603062254,29794.28500104969,-29794.28500104969,0.0,4772.720731714424,-34567.00573276411,-34567.00573276411,4772.720731714424,-2.4481193284613934,0,EXECUTED,14148984.290990656,2025-04-30
26580,PNB,2025-04-29T00:00:00,LONG,0.6447499999999999,102.16999816894533,102.16999816894533,NORMAL,105.23509811401368,99.10489822387694,2025-05-02T00:00:00,2025-05-06T00:00:00,99.10489822387694,13194,1348030.9558410645,40440.928675232055,-40440.928675232055,0.0,4536.974773938317,-44977.90344917037,-44977.90344917037,4536.974773938317,-3.336563100000009,0,EXECUTED,14078342.958455237,2025-05-02
8002,CANBK,2025-04-29T00:00:00,LONG,0.6519999999999999,98.4499969482422,98.4499969482422,NORMAL,101.40349685668946,95.49649703979492,2025-05-02T00:00:00,2025-05-08T00:00:00,95.49649703979492,14355,1413249.7061920166,42397.49118576056,-42397.49118576056,0.0,4756.477021900742,-47153.9682076613,-47153.9682076613,4756.477021900742,-3.336563100000004,0,EXECUTED,13847673.252433617,2025-05-02
34565,UCOBANK,2025-04-30T00:00:00,SHORT,0.7155,32.06999969482422,32.06999969482422,NORMAL,31.10789970397949,33.032099685668946,2025-05-05T00:00:00,2025-05-06T00:00:00,31.0,43643,1399630.9966812134,41988.92990043644,46697.99668121338,0.0,4695.9501617827445,42002.04651943063,42002.04651943063,4695.9501617827445,3.0009371483644856,0,EXECUTED,14078342.958455237,2025-05-05
3832,BANDHANBNK,2025-04-30T00:00:00,SHORT,0.6275,168.60000610351562,168.60000610351562,NORMAL,163.54200592041016,172.9369937133789,2025-05-05T00:00:00,2025-05-06T00:00:00,172.9369937133789,7954,1341044.4485473633,34496.39944885258,-34496.39944885258,0.0,4640.613306747517,-39137.012755600095,-39137.012755600095,4640.613306747517,-2.918397879950498,0,EXECUTED,14078342.958455237,2025-05-05
979,ADANIPOWER,2025-05-05T00:00:00,SHORT,0.6815,105.5999984741211,105.5999984741211,NORMAL,102.43199851989746,108.4383987426758,2025-05-06T00:00:00,2025-05-07T00:00:00,108.4383987426758,12322,1301203.18119812,34974.76810913093,-34974.76810913093,0.0,4505.423911720005,-39480.19202085093,-39480.19202085093,4505.423911720005,-3.034129687916872,0,EXECUTED,13980573.295793016,2025-05-06
23005,NHPC,2025-04-15T00:00:00,LONG,0.638,84.19999694824219,84.19999694824219,NORMAL,86.72599685668945,81.67399703979493,2025-05-06T00:00:00,2025-05-08T00:00:00,81.67399703979493,16685,1404876.949081421,42146.30847244255,-42146.30847244255,0.0,4728.297411013852,-46874.6058834564,-46874.6058834564,4728.297411013852,-3.3365630999999945,0,EXECUTED,13847673.252433617,2025-05-06
28672,RELIANCE,2025-05-02T00:00:00,LONG,0.6214999999999999,1407.6436767578125,1407.6436767578125,NORMAL,1449.8729870605468,1365.4143664550782,2025-05-06T00:00:00,2025-05-12T00:00:00,1365.4143664550782,998,1404828.3894042969,42144.85168212888,-42144.85168212888,0.0,4728.133977059173,-46872.98565918805,-46872.98565918805,4728.133977059173,-3.336563099999998,0,EXECUTED,13788500.064823007,2025-05-06
16645,IOC,2024-10-29T00:00:00,SHORT,0.6505,147.02000427246094,147.02000427246094,NORMAL,142.6094041442871,151.43060440063476,2025-05-06T00:00:00,2025-05-09T00:00:00,140.0,9567,1406540.3808746338,42196.211426239,67160.38087463379,0.0,4683.072837701666,62477.308036932125,62477.308036932125,4683.072837701666,4.4419135693837415,0,EXECUTED,13854189.063885773,2025-05-06
976,ADANIPOWER,2025-04-25T00:00:00,LONG,0.67925,111.9800033569336,111.9800033569336,NORMAL,115.3394034576416,111.71489822387694,2025-05-07T00:00:00,2025-05-08T00:00:00,111.71489822387694,12422,1391015.601699829,3293.13596282971,-3293.13596282971,0.0,4744.386487732109,-8037.522450561819,-8037.522450561819,4744.386487732109,-0.5778168440914624,0,EXECUTED,13847673.252433617,2025-05-07
37669,ZOMATO,2025-05-02T00:00:00,LONG,0.61025,232.5200042724609,232.5200042724609,NORMAL,239.4956044006348,225.5444041442871,2025-05-07T00:00:00,2025-05-08T00:00:00,240.0,4885,1135860.2208709717,34075.80662612913,36539.77912902832,0.0,3938.152191658333,32601.626937369987,32601.626937369987,3938.152191658333,2.870214691766495,0,EXECUTED,13847673.252433617,2025-05-07
10052,GAIL,2025-04-16T00:00:00,SHORT,0.6407499999999999,183.0,183.0,NORMAL,177.51,184.35970565795895,2025-05-08T00:00:00,2025-05-09T00:00:00,184.35970565795895,7599,1390617.0,10332.403294830314,-10332.403294830314,0.0,4766.816250592376,-15099.21954542269,-15099.21954542269,4766.816250592376,-1.0857928204115648,0,EXECUTED,13854189.063885773,2025-05-08
32394,SUZLON,2025-04-11T00:00:00,SHORT,0.569,52.400001525878906,52.400001525878906,NORMAL,50.828001480102536,52.74629905700684,2025-05-08T00:00:00,2025-05-09T00:00:00,52.74629905700684,26662,1397088.8406829834,9232.984774932893,-9232.984774932893,0.0,4786.955504160478,-14019.94027909337,-14019.94027909337,4786.955504160478,-1.0035110059457315,0,EXECUTED,13854189.063885773,2025-05-08
21629,MAHABANK,2025-05-07T00:00:00,SHORT,0.6525,50.06999969482422,50.06999969482422,NORMAL,48.56789970397949,51.57209968566895,2025-05-08T00:00:00,2025-05-12T00:00:00,51.57209968566895,24575,1230470.2425003052,36914.10727500916,-36914.10727500916,0.0,4267.355703437791,-41181.46297844694,-41181.46297844694,4267.355703437791,-3.3468069,0,EXECUTED,13788500.064823007,2025-05-08
5532,BEL,2025-04-29T00:00:00,LONG,0.5505,305.0,305.0,NORMAL,314.15000000000003,295.8984881591797,2025-05-08T00:00:00,2025-05-09T00:00:00,314.2014874267578,4543,1385615.0,41348.16829284666,41802.35737976072,0.0,4799.554966950984,37002.80241280974,37002.80241280974,4799.554966950984,2.670496668469217,0,EXECUTED,13854189.063885773,2025-05-08
12883,HUDCO,2025-04-09T00:00:00,SHORT,0.72825,213.1999969482422,213.1999969482422,NORMAL,206.8039970397949,213.22029434204103,2025-05-08T00:00:00,2025-05-09T00:00:00,213.22029434204103,6557,1397952.379989624,133.09001113900547,-133.09001113900547,0.0,4773.685403039423,-4906.775414178429,-4906.775414178429,4773.685403039423,-0.35099732182686,0,EXECUTED,13854189.063885773,2025-05-08
7242,BPCL,2025-05-06T00:00:00,LONG,0.57975,315.5,315.5,NORMAL,324.96500000000003,311.4184881591797,2025-05-09T00:00:00,2025-05-12T00:00:00,311.4184881591797,4394,1386307.0,17934.16302856451,-17934.16302856451,0.0,4704.409947888475,-22638.572976452982,-22638.572976452982,4704.409947888475,-1.6330129600768797,0,EXECUTED,13788500.064823007,2025-05-09
8006,CANBK,2025-05-06T00:00:00,LONG,0.587,94.38999938964844,94.38999938964844,NORMAL,97.22169937133788,94.2452035522461,2025-05-09T00:00:00,2025-05-12T00:00:00,94.2452035522461,14714,1388854.451019287,2130.5259515380526,-2130.5259515380526,0.0,4738.904750939762,-6869.430702477815,-6869.430702477815,4738.904750939762,-0.494611274596579,0,EXECUTED,13788500.064823007,2025-05-09
10059,GAIL,2025-05-06T00:00:00,LONG,0.68275,188.5200042724609,188.5200042724609,NORMAL,194.1756044006348,185.4543023681641,2025-05-09T00:00:00,2025-05-12T00:00:00,185.4543023681641,7403,1395613.5916290283,22695.391197509747,-22695.391197509747,0.0,4728.416482924786,-27423.807680434533,-27423.807680434533,4728.416482924786,-1.9650000433446717,0,EXECUTED,13788500.064823007,2025-05-09
12606,HINDPETRO,2025-05-06T00:00:00,LONG,0.55325,399.0,399.0,NORMAL,410.97,397.5545059204101,2025-05-09T00:00:00,2025-05-12T00:00:00,397.5545059204101,3465,1382535.0,5008.636985778927,-5008.636985778927,0.0,4712.628412848113,-9721.26539862704,-9721.26539862704,4712.628412848113,-0.7031478695748781,0,EXECUTED,13788500.064823007,2025-05-09
16715,IOC,2025-05-06T00:00:00,LONG,0.58175,144.5399932861328,144.5399932861328,NORMAL,148.8761930847168,144.10319763183594,2025-05-09T00:00:00,2025-05-12T00:00:00,144.10319763183594,9617,1390041.1154327393,4200.663807373025,-4200.663807373025,0.0,4739.5776492238565,-8940.241456596881,-8940.241456596881,4739.5776492238565,-0.6431638141734864,0,EXECUTED,13788500.064823007,2025-05-09
37671,ZOMATO,2025-05-06T00:00:00,LONG,0.6635,235.25,235.25,NORMAL,242.3075,232.70299407958984,2025-05-09T00:00:00,2025-05-12T00:00:00,232.70299407958984,5918,1392209.5,15073.181036987313,-15073.181036987313,0.0,4729.234605293325,-19802.41564228064,-19802.41564228064,4729.234605293325,-1.4223732593607958,0,EXECUTED,13788500.064823007,2025-05-09
29696,SAIL,2025-05-09T00:00:00,SHORT,0.6995,109.23999786376952,109.23999786376952,NORMAL,105.96279792785644,112.51719779968262,2025-05-12T00:00:00,2025-05-14T00:00:00,112.7699966430664,12760,1393902.3727416992,41817.07118225101,-45042.784423828125,0.0,4839.898796642396,-49882.68322047052,-49882.68322047052,4839.898796642396,-3.5786353618406643,0,EXECUTED,13777979.837605108,2025-05-12
25268,ONGC,2025-05-09T00:00:00,SHORT,0.7275,233.22000122070312,233.22000122070312,NORMAL,226.22340118408204,240.2166012573242,2025-05-12T00:00:00,2025-05-14T00:00:00,240.2166012573242,5974,1393256.2872924805,41797.68861877439,-41797.68861877439,0.0,4831.908939014145,-46629.59755778853,-46629.59755778853,4831.908939014145,-3.346806899999998,0,EXECUTED,13777979.837605108,2025-05-12
15091,IDFCFIRSTB,2025-05-09T00:00:00,LONG,0.60025,65.0,65.0,NORMAL,66.95,64.42739822387695,2025-05-12T00:00:00,2025-05-14T00:00:00,68.75,19077,1240005.0,10923.52408309944,71538.75,0.0,4350.893774625,67187.856225375,67187.856225375,4350.893774625,5.418353653846154,0,EXECUTED,13777979.837605108,2025-05-12
27292,POWERGRID,2025-04-11T00:00:00,SHORT,0.7264999999999999,300.0,300.0,NORMAL,291.0,302.2019937133789,2025-05-12T00:00:00,2025-05-13T00:00:00,302.2019937133789,4644,1393200.0,10226.0588049316,-10226.0588049316,0.0,4775.44662460803,-15001.50542953963,-15001.50542953963,4775.44662460803,-1.0767661089247509,0,EXECUTED,13995583.07040256,2025-05-12
17483,IRB,2025-05-09T00:00:00,SHORT,0.6639999999999999,22.43000030517578,22.43000030517578,NORMAL,21.757100296020507,23.102900314331052,2025-05-12T00:00:00,2025-05-13T00:00:00,21.725000381469727,62358,1398689.9590301514,41960.698770904586,43962.38524246216,0.0,4697.612574886714,39264.772667575446,39264.772667575446,4697.612574886714,2.8072534884572677,0,EXECUTED,13995583.07040256,2025-05-12
10638,GMRINFRA,2025-04-07T00:00:00,LONG,0.5795,80.73999786376953,80.73999786376953,NORMAL,83.16219779968262,78.31779792785645,2025-05-12T00:00:00,2025-05-13T00:00:00,83.16219779968262,17186,1387597.6032867432,41627.92809860228,41627.92809860228,0.0,4806.040043218261,36821.88805538401,36821.88805538401,4806.040043218261,2.6536430999999987,0,EXECUTED,13995583.07040256,2025-05-12
5536,BEL,2025-05-09T00:00:00,LONG,0.6779999999999999,305.0,305.0,NORMAL,314.15000000000003,297.93549407958983,2025-05-12T00:00:00,2025-05-13T00:00:00,316.3644937133789,4570,1393850.0,32284.79205627448,51935.736270141664,0.0,4844.214912313752,47091.52135782792,47091.52135782792,4844.214912313752,3.378521459111663,0,EXECUTED,13995583.07040256,2025-05-12
16718,IOC,2025-05-09T00:00:00,LONG,0.717,138.0,138.0,NORMAL,142.14,136.76030532836913,2025-05-12T00:00:00,2025-05-19T00:00:00,145.219705657959,10088,1392144.0,12506.039847412236,72832.39067749036,0.0,4872.499213702868,67959.8914637875,67959.8914637875,4872.499213702868,4.8816711104445725,0,EXECUTED,13897423.065800698,2025-05-12
25476,PAYTM,2025-05-08T00:00:00,LONG,0.71175,866.0,866.0,NORMAL,891.98,847.295,2025-05-13T00:00:00,2025-05-14T00:00:00,847.295,1593,1379538.0,29797.065000000064,-29797.065000000064,0.0,4661.9327056005,-34458.99770560057,-34458.99770560057,4661.9327056005,-2.4978650610277184,0,EXECUTED,13777979.837605108,2025-05-13
980,ADANIPOWER,2025-05-06T00:00:00,LONG,0.61575,108.98999786376952,108.98999786376952,NORMAL,112.25969779968264,107.95130088806152,2025-05-13T00:00:00,2025-05-15T00:00:00,107.95130088806152,12663,1380140.3429489136,13153.019803390487,-13153.019803390487,0.0,4691.157540808286,-17844.177344198775,-17844.177344198775,4691.157540808286,-1.2929248416919354,0,EXECUTED,13743803.41480839,2025-05-13
23013,NHPC,2025-05-08T00:00:00,LONG,0.58125,81.58999633789062,81.58999633789062,NORMAL,84.03769622802734,80.90770355224609,2025-05-13T00:00:00,2025-05-16T00:00:00,85.91230377197266,16915,1380094.78805542,11540.982469177305,73111.83024749762,0.0,4831.812103807027,68280.0181436906,68280.0181436906,4831.812103807027,4.947487573654159,0,EXECUTED,13907141.670506172,2025-05-13
12887,HUDCO,2025-05-09T00:00:00,SHORT,0.65675,217.00999450683597,217.00999450683597,NORMAL,210.4996946716309,217.7728924560547,2025-05-13T00:00:00,2025-05-14T00:00:00,217.7728924560547,6371,1382570.6750030518,4860.422834472773,-4860.422834472773,0.0,4729.588558483301,-9590.011392956074,-9590.011392956074,4729.588558483301,-0.6936362506701442,0,EXECUTED,13777979.837605108,2025-05-13
33752,TATASTEEL,2025-03-17T00:00:00,LONG,0.62575,150.8800048828125,150.8800048828125,NORMAL,155.40640502929688,146.35360473632812,2025-05-14T00:00:00,2025-05-16T00:00:00,155.40640502929688,9202,1388397.8049316406,41651.93414794924,41651.93414794924,0.0,4808.811596829278,36843.12255111997,36843.12255111997,4808.811596829278,2.653643100000002,0,EXECUTED,13907141.670506172,2025-05-14
4525,BANKBARODA,2025-05-12T00:00:00,SHORT,0.7255,226.5,226.5,NORMAL,219.705,226.69269622802736,2025-05-14T00:00:00,2025-05-15T00:00:00,226.69269622802736,6123,1386859.5,1179.8790042115163,-1179.8790042115163,0.0,4737.673347049206,-5917.552351260722,-5917.552351260722,4737.673347049206,-0.4266872276002524,0,EXECUTED,13743803.41480839,2025-05-14
37673,ZOMATO,2025-05-13T00:00:00,LONG,0.6892499999999999,238.0,238.0,NORMAL,245.14,232.315,2025-05-14T00:00:00,2025-05-15T00:00:00,232.315,5354,1274252.0,30437.490000000013,-30437.490000000013,0.0,4301.377764273,-34738.86776427301,-34738.86776427301,4301.377764273,-2.7262164598739504,0,EXECUTED,13743803.41480839,2025-05-14
16035,INFY,2025-05-13T00:00:00,SHORT,0.699,1496.3766534474937,1496.3766534474937,NORMAL,1451.4853538440686,1535.9803332519532,2025-05-14T00:00:00,2025-05-16T00:00:00,1535.9803332519532,924,1382652.027785484,36593.80013932078,-36593.80013932078,0.0,4786.424744064625,-41380.22488338541,-41380.22488338541,4786.424744064625,-2.992815549524908,0,EXECUTED,13907141.670506172,2025-05-14
17485,IRB,2025-05-13T00:00:00,SHORT,0.7284999999999999,23.950000762939453,23.950000762939453,NORMAL,23.23150074005127,24.622150707244877,2025-05-14T00:00:00,2025-05-16T00:00:00,24.622150707244877,57739,1382849.094051361,38809.26563425068,-38809.26563425068,0.0,4791.046270687702,-43600.31190493838,-43600.31190493838,4791.046270687702,-3.1529334684814856,0,EXECUTED,13907141.670506172,2025-05-14
29697,SAIL,2025-05-13T00:00:00,LONG,0.696,118.23999786376952,118.23999786376952,NORMAL,121.78719779968262,114.69279792785645,2025-05-14T00:00:00,2025-05-16T00:00:00,121.78719779968262,11678,1380806.6950531006,41424.20085159301,41424.20085159301,0.0,4782.519263978373,36641.68158761464,36641.68158761464,4782.519263978373,2.653643099999999,0,EXECUTED,13907141.670506172,2025-05-14
36261,WIPRO,2025-04-17T00:00:00,SHORT,0.61875,251.57000732421875,251.57000732421875,NORMAL,244.0229071044922,255.07949371337887,2025-05-15T00:00:00,2025-05-19T00:00:00,255.07949371337887,5534,1392188.4205322266,19421.4976776124,-19421.4976776124,0.0,4788.38151606015,-24209.879193672547,-24209.879193672547,4788.38151606015,-1.7389800717073365,0,EXECUTED,13897423.065800698,2025-05-15
9421,FEDERALBNK,2025-04-30T00:00:00,LONG,0.72575,199.0,199.0,NORMAL,204.97,197.31739822387692,2025-05-15T00:00:00,2025-05-16T00:00:00,197.31739822387692,6263,1246337.0,10538.134923858664,-10538.134923858664,0.0,4238.540922563785,-14776.67584642245,-14776.67584642245,4238.540922563785,-1.1856083744944144,0,EXECUTED,13907141.670506172,2025-05-15
4517,BANKBARODA,2025-04-17T00:00:00,LONG,0.70275,233.94000244140625,233.94000244140625,NORMAL,240.95820251464843,233.5662934875488,2025-05-15T00:00:00,2025-05-16T00:00:00,233.5662934875488,5953,1392644.8345336914,2224.6894023132863,-2224.6894023132863,0.0,4751.693691487347,-6976.383093800633,-6976.383093800633,4751.693691487347,-0.5009448870814633,0,EXECUTED,13907141.670506172,2025-05-15
37674,ZOMATO,2025-05-15T00:00:00,LONG,0.72575,236.1999969482422,236.1999969482422,NORMAL,243.28599685668945,229.754200592041,2025-05-16T00:00:00,2025-05-19T00:00:00,243.96580062866207,5877,1388147.382064819,37881.94518539437,45639.62822982796,0.0,4814.465615958081,40825.16261386988,40825.16261386988,4814.465615958081,2.9409818540408814,0,EXECUTED,13897423.065800698,2025-05-16
32398,SUZLON,2025-04-25T00:00:00,LONG,0.63375,60.11000061035156,60.11000061035156,NORMAL,61.913300628662114,58.30670059204101,2025-05-16T00:00:00,2025-05-20T00:00:00,61.913300628662114,23075,1387038.2640838623,41611.14792251597,41611.14792251597,0.0,4804.102733294679,36807.045189221295,36807.045189221295,4804.102733294679,2.653643100000008,0,EXECUTED,13939273.30182214,2025-05-16
27660,RECLTD,2025-05-12T00:00:00,SHORT,0.7244999999999999,391.3999938964844,391.3999938964844,NORMAL,379.65799407958986,395.7775,2025-05-16T00:00:00,2025-05-19T00:00:00,395.7775,3549,1389078.578338623,15535.769161377066,-15535.769161377066,0.0,4770.837114971385,-20306.60627634845,-20306.60627634845,4770.837114971385,-1.461875994130996,0,EXECUTED,13897423.065800698,2025-05-16
27301,POWERGRID,2025-05-15T00:00:00,SHORT,0.70225,295.95001220703125,295.95001220703125,NORMAL,287.0715118408203,304.8285125732422,2025-05-16T00:00:00,2025-05-22T00:00:00,304.8285125732422,4702,1391556.957397461,41746.70872192399,-41746.70872192399,0.0,4826.015545684455,-46572.72426760844,-46572.72426760844,4826.015545684455,-3.346806900000012,0,EXECUTED,13862267.184651336,2025-05-16
13925,ICICIBANK,2025-05-15T00:00:00,LONG,0.728,1427.6553955078125,1427.6553955078125,NORMAL,1470.4850573730469,1384.825733642578,2025-05-16T00:00:00,2025-06-16T00:00:00,1381.2083238229704,972,1387681.0444335938,41630.43133300779,-45146.55367766648,0.0,4664.682974754895,-49811.23665242137,-49811.23665242137,4664.682974754895,-3.5895306671680234,0,EXECUTED,13509240.647394087,2025-05-16
20630,KOTAKBANK,2025-05-15T00:00:00,LONG,0.69475,418.7733546082737,418.7733546082737,NORMAL,431.3365552465219,407.467522277832,2025-05-16T00:00:00,2025-06-04T00:00:00,407.467522277832,2998,1255482.5171156046,33894.885326664094,-33894.885326664094,0.0,4231.643981624229,-38126.52930828832,-38126.52930828832,4231.643981624229,-3.036802885625339,0,EXECUTED,13693823.948232004,2025-05-16
29698,SAIL,2025-05-15T00:00:00,LONG,0.7012499999999999,122.68000030517578,122.68000030517578,NORMAL,126.36040031433106,118.9996002960205,2025-05-16T00:00:00,2025-05-26T00:00:00,126.36040031433106,11327,1389596.363456726,41687.89090370183,41687.89090370183,0.0,4812.96288698145,36874.92801672038,36874.92801672038,4812.96288698145,2.653643100000004,0,EXECUTED,13957403.800338171,2025-05-16
6780,BHEL,2025-05-16T00:00:00,LONG,0.71575,245.67999267578125,245.67999267578125,NORMAL,253.05039245605468,238.30959289550785,2025-05-19T00:00:00,2025-05-20T00:00:00,253.05039245605468,5650,1388091.958618164,41642.758758544885,41642.758758544885,0.0,4807.752277019156,36835.00648152573,36835.00648152573,4807.752277019156,2.6536430999999974,0,EXECUTED,13939273.30182214,2025-05-19
33058,TATAPOWER,2025-05-16T00:00:00,LONG,0.6835,397.9500122070313,397.9500122070313,NORMAL,409.8885125732422,386.0115118408203,2025-05-19T00:00:00,2025-05-21T00:00:00,409.8885125732422,3496,1391233.2426757812,41736.997280273565,41736.997280273565,0.0,4818.632331101313,36918.36494917225,36918.36494917225,4818.632331101313,2.6536431000000094,0,EXECUTED,13858497.893943286,2025-05-19
34253,TRIDENT,2025-04-25T00:00:00,SHORT,0.583,29.200000762939453,29.200000762939453,NORMAL,28.324000740051268,30.07600078582764,2025-05-19T00:00:00,2025-05-21T00:00:00,30.07600078582764,47578,1389277.6362991333,41678.32908897407,-41678.32908897407,0.0,4818.110702842299,-46496.43979181637,-46496.43979181637,4818.110702842299,-3.346806900000005,0,EXECUTED,13858497.893943286,2025-05-19
22532,NATIONALUM,2025-05-16T00:00:00,SHORT,0.701,178.55999755859375,178.55999755859375,NORMAL,173.20319763183593,183.9167974853516,2025-05-19T00:00:00,2025-05-22T00:00:00,184.0,7787,1390446.7009887695,41713.40102966311,-42361.29901123047,0.0,4823.319848423969,-47184.61885965444,-47184.61885965444,4823.319848423969,-3.393486339756905,0,EXECUTED,13862267.184651336,2025-05-19
15094,IDFCFIRSTB,2025-05-19T00:00:00,LONG,0.729,69.19999694824219,69.19999694824219,NORMAL,71.27599685668946,67.18220207214355,2025-05-20T00:00:00,2025-05-22T00:00:00,67.18220207214355,20045,1387113.9388275146,40446.69829139712,-40446.69829139712,0.0,4670.418109899384,-45117.1164012965,-45117.1164012965,4670.418109899384,-3.252589072778883,0,EXECUTED,13862267.184651336,2025-05-20
4518,BANKBARODA,2025-04-21T00:00:00,LONG,0.6685,237.0,237.0,NORMAL,244.11,235.52569763183592,2025-05-20T00:00:00,2025-05-23T00:00:00,235.52569763183592,5846,1385502.0,8618.771644287182,-8618.771644287182,0.0,4716.86670824503,-13335.638352532213,-13335.638352532213,4716.86670824503,-0.9625131073453674,0,EXECUTED,13991553.133311182,2025-05-20
23015,NHPC,2025-05-16T00:00:00,LONG,0.725,86.94999694824219,86.94999694824219,NORMAL,89.55849685668946,84.34149703979492,2025-05-21T00:00:00,2025-05-22T00:00:00,89.55849685668946,15951,1386939.4013214111,41608.18203964242,41608.18203964242,0.0,4803.7603152954,36804.42172434702,36804.42172434702,4803.7603152954,2.6536431000000062,0,EXECUTED,13862267.184651336,2025-05-21
25266,ONGC,2025-04-24T00:00:00,SHORT,0.61725,252.1699981689453,252.1699981689453,NORMAL,244.60489822387692,259.7350981140137,2025-05-21T00:00:00,2025-05-26T00:00:00,244.60489822387692,5494,1385421.9699401855,41562.659098205615,41562.659098205615,0.0,4656.584731247027,36906.074366958586,36906.074366958586,4656.584731247027,2.663886900000003,0,EXECUTED,13957403.800338171,2025-05-21
15092,IDFCFIRSTB,2025-05-12T00:00:00,LONG,0.6625,66.20999908447266,66.20999908447266,NORMAL,68.19629905700684,64.22369911193847,2025-05-22T00:00:00,2025-05-29T00:00:00,68.19629905700684,20957,1387562.9508132937,41626.88852439888,41626.88852439888,0.0,4805.920021985448,36820.96850241344,36820.96850241344,4805.920021985448,2.653643100000006,0,EXECUTED,13833110.059783686,2025-05-22
14304,IDBI,2025-05-20T00:00:00,LONG,0.72475,89.63999938964844,89.63999938964844,NORMAL,92.3291993713379,86.95079940795898,2025-05-22T00:00:00,2025-05-23T00:00:00,92.3291993713379,15526,1391750.6305236816,41752.51891571048,41752.51891571048,0.0,4820.424339612278,36932.09457609821,36932.09457609821,4820.424339612278,2.6536431000000023,0,EXECUTED,13991553.133311182,2025-05-22
29052,RVNL,2025-05-19T00:00:00,LONG,0.67325,409.6000061035156,409.6000061035156,NORMAL,421.8880062866211,397.3120059204102,2025-05-22T00:00:00,2025-05-27T00:00:00,397.3120059204102,3396,1391001.620727539,41730.04862182612,-41730.04862182612,0.0,4681.598175770849,-46411.64679759697,-46411.64679759697,4681.598175770849,-3.3365630999999967,0,EXECUTED,13906867.522707617,2025-05-22
32403,SUZLON,2025-05-15T00:00:00,LONG,0.6659999999999999,59.91999816894531,59.91999816894531,NORMAL,61.71759811401368,58.12239822387695,2025-05-22T00:00:00,2025-05-26T00:00:00,61.71759811401368,23169,1388286.437576294,41648.59312728891,41648.59312728891,0.0,4808.425868309688,36840.16725897922,36840.16725897922,4808.425868309688,2.6536431000000067,0,EXECUTED,13957403.800338171,2025-05-22
27666,RECLTD,2025-05-22T00:00:00,SHORT,0.72875,400.2000122070313,400.2000122070313,NORMAL,388.1940118408203,412.2060125732422,2025-05-23T00:00:00,2025-06-10T00:00:00,412.2060125732422,3489,1396297.842590332,41888.93527771007,-41888.93527771007,0.0,4842.45726265441,-46731.39254036448,-46731.39254036448,4842.45726265441,-3.346806900000008,0,EXECUTED,13769955.36683372,2025-05-23
12888,HUDCO,2025-05-20T00:00:00,LONG,0.66325,229.5,229.5,NORMAL,236.385,227.7269041442871,2025-05-23T00:00:00,2025-05-26T00:00:00,227.7269041442871,6091,1397884.5,10799.926857147337,-10799.926857147337,0.0,4755.587693091078,-15555.514550238411,-15555.514550238411,4755.587693091078,-1.1127896868617122,0,EXECUTED,13957403.800338171,2025-05-23
14306,IDBI,2025-05-23T00:00:00,LONG,0.71575,93.33000183105467,93.33000183105467,NORMAL,96.12990188598631,90.53010177612305,2025-05-26T00:00:00,2025-05-29T00:00:00,90.53010177612305,14893,1389963.7172698977,41698.91151809693,-41698.91151809693,0.0,4678.104975718801,-46377.016493815725,-46377.016493815725,4678.104975718801,-3.3365631,0,EXECUTED,13833110.059783686,2025-05-26
5543,BEL,2025-05-23T00:00:00,LONG,0.7295,383.3999938964844,383.3999938964844,NORMAL,394.9019937133789,371.8979940795898,2025-05-26T00:00:00,2025-06-10T00:00:00,394.9019937133789,3625,1389824.977874756,41694.74933624281,41694.74933624281,0.0,4813.7547087926905,36880.99462745011,36880.99462745011,4813.7547087926905,2.6536431000000094,0,EXECUTED,13769955.36683372,2025-05-26
1932,ASHOKLEY,2025-05-23T00:00:00,LONG,0.72575,119.4000015258789,119.4000015258789,NORMAL,122.98200157165527,115.81800148010254,2025-05-26T00:00:00,2025-06-17T00:00:00,115.81800148010254,11639,1389696.6177597046,41690.89853279115,-41690.89853279115,0.0,4677.206017327212,-46368.10455011836,-46368.10455011836,4677.206017327212,-3.3365631000000007,0,EXECUTED,13497287.846250538,2025-05-26
10651,GMRINFRA,2025-05-19T00:00:00,LONG,0.6034999999999999,89.69999694824219,89.69999694824219,NORMAL,92.39099685668944,88.33789970397949,2025-05-26T00:00:00,2025-05-27T00:00:00,88.33789970397949,15547,1394565.8525543213,21176.525856552187,-21176.525856552187,0.0,4727.318116976336,-25903.84397352852,-25903.84397352852,4727.318116976336,-1.8574844584128027,0,EXECUTED,13906867.522707617,2025-05-26
17492,IRB,2025-05-26T00:00:00,SHORT,0.72725,25.450000762939453,25.450000762939453,NORMAL,24.68650074005127,26.21350078582764,2025-05-27T00:00:00,2025-05-30T00:00:00,26.21350078582764,54345,1383080.2914619446,41492.40874385837,-41492.40874385837,0.0,4796.617883330135,-46289.026627188505,-46289.026627188505,4796.617883330135,-3.3468069000000025,0,EXECUTED,13793154.90475108,2025-05-27
19095,ITC,2025-05-23T00:00:00,LONG,0.6267499999999999,408.4840393066406,408.4840393066406,NORMAL,420.7385604858399,396.2295181274414,2025-05-27T00:00:00,2025-05-29T00:00:00,396.2295181274414,3388,1383943.9251708984,41518.31775512699,-41518.31775512699,0.0,4657.844576816855,-46176.16233194384,-46176.16233194384,4657.844576816855,-3.336563100000003,0,EXECUTED,13833110.059783686,2025-05-27
23830,NMDC,2025-05-23T00:00:00,LONG,0.61225,71.19000244140625,71.19000244140625,NORMAL,73.32570251464844,69.05430236816406,2025-05-29T00:00:00,2025-06-06T00:00:00,69.05430236816406,19388,1380231.7673339844,41406.9530200196,-41406.9530200196,0.0,4645.3508233240445,-46052.30384334364,-46052.30384334364,4645.3508233240445,-3.336563100000004,0,EXECUTED,13793031.523697471,2025-05-29
29053,RVNL,2025-05-20T00:00:00,LONG,0.52825,419.0,419.0,NORMAL,431.57,418.555,2025-05-29T00:00:00,2025-05-30T00:00:00,418.555,3296,1381024.0,1466.7199999999775,-1466.7199999999775,0.0,4713.250423344,-6179.970423343978,-6179.970423343978,4713.250423344,-0.4474918917661082,0,EXECUTED,13793154.90475108,2025-05-29
3835,BANDHANBNK,2025-05-28T00:00:00,LONG,0.66875,168.9499969482422,168.9499969482422,NORMAL,174.01849685668947,163.8814970397949,2025-05-29T00:00:00,2025-06-04T00:00:00,174.01849685668947,8164,1379307.7750854492,41379.23325256359,41379.23325256359,0.0,4777.327651244935,36601.90560131865,36601.90560131865,4777.327651244935,2.653643100000008,0,EXECUTED,13693823.948232004,2025-05-29
34260,TRIDENT,2025-05-26T00:00:00,LONG,0.6815,32.27000045776367,32.27000045776367,NORMAL,33.23810047149658,31.30190044403076,2025-05-30T00:00:00,2025-06-04T00:00:00,31.30190044403076,42766,1380058.8395767212,41401.76518730169,-41401.76518730169,0.0,4644.76881230344,-46046.533999605126,-46046.533999605126,4644.76881230344,-3.336563100000004,0,EXECUTED,13693823.948232004,2025-05-30
18087,IRFC,2025-05-28T00:00:00,LONG,0.67625,139.64999389648438,139.64999389648438,NORMAL,143.8394937133789,135.46049407958984,2025-05-30T00:00:00,2025-06-05T00:00:00,143.8394937133789,9872,1378624.7397460938,41358.74219238289,41358.74219238289,0.0,4774.961911217639,36583.78028116525,36583.78028116525,4774.961911217639,2.6536431000000054,0,EXECUTED,13819084.197872546,2025-05-30
36925,YESBANK,2024-10-03T00:00:00,SHORT,0.5782499999999999,22.93000030517578,22.93000030517578,NORMAL,22.242100296020507,23.092600078582763,2025-06-04T00:00:00,2025-06-05T00:00:00,21.747400074005128,59812,1371489.1782531738,9725.417647018365,70733.6850267791,0.0,4557.018301240059,66176.66672553905,66176.66672553905,4557.018301240059,4.82516871258338,0,EXECUTED,13819084.197872546,2025-06-04
19713,KARURVYSYA,2025-06-03T00:00:00,LONG,0.68425,199.59165954589844,199.59165954589844,NORMAL,205.5794093322754,193.7251597595215,2025-06-04T00:00:00,2025-06-06T00:00:00,193.7251597595215,6074,1212319.740081787,35633.11970245359,-35633.11970245359,0.0,4081.423043192955,-39714.54274564654,-39714.54274564654,4081.423043192955,-3.275913229208597,0,EXECUTED,13793031.523697471,2025-06-04
24651,NYKAA,2025-06-03T00:00:00,LONG,0.7125,194.5500030517578,194.5500030517578,NORMAL,200.38650314331056,188.71350296020503,2025-06-04T00:00:00,2025-06-11T00:00:00,200.38650314331056,7112,1383639.6217041016,41509.18865112316,41509.18865112316,0.0,4792.331300906053,36716.85735021711,36716.85735021711,4792.331300906053,2.653643100000008,0,EXECUTED,13830398.327877184,2025-06-04
8023,CANBK,2025-06-04T00:00:00,LONG,0.713,115.91000366210938,115.91000366210938,NORMAL,119.38730377197264,112.4327035522461,2025-06-05T00:00:00,2025-06-17T00:00:00,108.48999786376952,11887,1377822.213531494,41334.6664059448,-88201.60892486572,0.0,4560.740244076581,-92762.34916894232,-92762.34916894232,4560.740244076581,-6.732534013309545,0,EXECUTED,13497287.846250538,2025-06-05
21633,MAHABANK,2025-06-03T00:00:00,LONG,0.63125,56.84999847412109,56.84999847412109,NORMAL,58.55549842834473,55.7846983718872,2025-06-05T00:00:00,2025-06-06T00:00:00,55.7846983718872,24260,1379180.9629821775,25844.1804801942,-25844.1804801942,0.0,4667.165860401123,-30511.346340595323,-30511.346340595323,4667.165860401123,-2.212280125634942,0,EXECUTED,13793031.523697471,2025-06-05
18043,IRFC,2025-02-01T00:00:00,LONG,0.7295,147.39999389648438,147.39999389648438,NORMAL,151.8219937133789,146.41180236816405,2025-06-06T00:00:00,2025-06-09T00:00:00,146.41180236816405,9356,1379074.3428955078,9245.519938964992,-9245.519938964992,0.0,4693.895789054628,-13939.41572801962,-13939.41572801962,4693.895789054628,-1.0107805862555888,0,EXECUTED,13775092.903445415,2025-06-06
35250,VBL,2025-03-04T00:00:00,SHORT,0.72175,469.75,469.75,NORMAL,455.6575,470.6585125732422,2025-06-06T00:00:00,2025-06-09T00:00:00,470.6585125732422,2931,1376837.25,2662.850352172905,-2662.850352172905,0.0,4706.094472032677,-7368.944824205582,-7368.944824205582,4706.094472032677,-0.5352081245772209,0,EXECUTED,13775092.903445415,2025-06-06
4528,BANKBARODA,2025-06-02T00:00:00,LONG,0.53975,249.5500030517578,249.5500030517578,NORMAL,257.03650314331054,242.06350296020508,2025-06-06T00:00:00,2025-06-10T00:00:00,242.06350296020508,4791,1195594.0646209717,35867.82193862912,-35867.82193862912,0.0,4023.928447304346,-39891.75038593346,-39891.75038593346,4023.928447304346,-3.336563099999997,0,EXECUTED,13769955.36683372,2025-06-06
14314,IDBI,2025-06-05T00:00:00,LONG,0.5645,100.36000061035156,100.36000061035156,NORMAL,103.37080062866212,97.34920059204102,2025-06-09T00:00:00,2025-06-13T00:00:00,97.34920059204102,13669,1371820.8483428955,41154.62545028688,-41154.62545028688,0.0,4617.042773629148,-45771.66822391602,-45771.66822391602,4617.042773629148,-3.3365631000000007,0,EXECUTED,13692186.342853293,2025-06-09
21042,L&TFH,2025-06-06T00:00:00,LONG,0.71875,183.3600006103516,183.3600006103516,NORMAL,188.8608006286621,177.85920059204102,2025-06-09T00:00:00,2025-06-10T00:00:00,188.8608006286621,7484,1372266.244567871,41167.9873370361,41167.9873370361,0.0,4752.938824431697,36415.04851260441,36415.04851260441,4752.938824431697,2.653643099999998,0,EXECUTED,13769955.36683372,2025-06-09
9427,FEDERALBNK,2025-06-03T00:00:00,LONG,0.63425,206.25,206.25,NORMAL,212.4375,200.0625,2025-06-09T00:00:00,2025-06-10T00:00:00,212.4375,6647,1370943.75,41128.3125,41128.3125,0.0,4748.35827324375,36379.95422675625,36379.95422675625,4748.35827324375,2.6536431,0,EXECUTED,13769955.36683372,2025-06-09
16034,INFY,2025-05-12T00:00:00,SHORT,0.6599999999999999,1546.6678466796875,1546.6678466796875,NORMAL,1500.267811279297,1593.067882080078,2025-06-10T00:00:00,2025-07-24T00:00:00,1500.267811279297,895,1384267.7227783203,41528.0316833496,41528.0316833496,0.0,4652.705155329619,36875.32652801998,36875.32652801998,4652.705155329619,2.663886899999999,0,EXECUTED,13600409.888418784,2025-06-10
20639,KOTAKBANK,2025-06-09T00:00:00,LONG,0.71175,426.4113464355469,426.4113464355469,NORMAL,439.2036868286133,413.61900604248046,2025-06-10T00:00:00,2025-06-16T00:00:00,413.209367707786,3248,1384984.0532226562,41549.5215966797,-42880.026907767366,0.0,4659.173480212534,-47539.2003879799,-47539.2003879799,4659.173480212534,-3.432472762221565,0,EXECUTED,13509240.647394087,2025-06-10
29711,SAIL,2025-06-09T00:00:00,LONG,0.70675,135.0399932861328,135.0399932861328,NORMAL,139.0911930847168,130.98879348754883,2025-06-10T00:00:00,2025-06-16T00:00:00,130.98879348754883,10263,1385915.451095581,41577.46353286738,-41577.46353286738,0.0,4664.480005586272,-46241.943538453655,-46241.943538453655,4664.480005586272,-3.3365630999999967,0,EXECUTED,13509240.647394087,2025-06-10
34572,UCOBANK,2025-06-09T00:00:00,SHORT,0.7105,33.290000915527344,33.290000915527344,NORMAL,32.29130088806152,33.92819858551025,2025-06-10T00:00:00,2025-06-11T00:00:00,33.92819858551025,41625,1385696.2881088257,26564.97801303855,-26564.97801303855,0.0,4778.945305689035,-31343.923318727582,-31343.923318727582,4778.945305689035,-2.261961988907774,0,EXECUTED,13830398.327877184,2025-06-10
24480,NTPC,2025-06-09T00:00:00,SHORT,0.7012499999999999,333.8999938964844,333.8999938964844,NORMAL,323.8829940795898,342.8355062866211,2025-06-10T00:00:00,2025-06-26T00:00:00,322.8645059204101,3883,1296533.6763000488,34696.594610901004,42850.79981109632,0.0,4350.77091059083,38500.02890050549,38500.02890050549,4350.77091059083,2.9694584571358,0,EXECUTED,13468928.347428393,2025-06-10
29061,RVNL,2025-06-09T00:00:00,LONG,0.6375,428.6499938964844,428.6499938964844,NORMAL,441.5094937133789,415.79049407958985,2025-06-11T00:00:00,2025-06-16T00:00:00,415.79049407958985,3193,1368679.4305114746,41060.38291534422,-41060.38291534422,0.0,4606.469920391764,-45666.85283573598,-45666.85283573598,4606.469920391764,-3.3365630999999984,0,EXECUTED,13509240.647394087,2025-06-11
35033,UNIONBANK,2025-06-09T00:00:00,LONG,0.64725,153.27999877929688,153.27999877929688,NORMAL,157.87839874267578,148.68159881591797,2025-06-11T00:00:00,2025-06-17T00:00:00,145.0,8945,1371089.5890808103,41132.68767242435,-74064.58908081055,0.0,4560.8268821187285,-78625.41596292927,-78625.41596292927,4560.8268821187285,-5.734520675314906,0,EXECUTED,13497287.846250538,2025-06-11
21632,MAHABANK,2025-06-02T00:00:00,LONG,0.639,53.97999954223633,53.97999954223633,NORMAL,55.59939952850342,52.36059955596924,2025-06-13T00:00:00,2025-06-16T00:00:00,56.25,21531,1162243.3701438904,34867.30110431673,48875.37985610962,0.0,4048.375494232456,44827.00436187716,44827.00436187716,4048.375494232456,3.8569378422289815,0,EXECUTED,13509240.647394087,2025-06-13
10636,GMRINFRA,2025-04-03T00:00:00,SHORT,0.69275,80.4000015258789,80.4000015258789,NORMAL,77.98800148010254,81.20519622802735,2025-06-16T00:00:00,2025-06-17T00:00:00,81.20519622802735,16700,1342680.0254821775,13446.751525878964,-13446.751525878964,0.0,4608.681360256018,-18055.43288613498,-18055.43288613498,4608.681360256018,-1.3447308773101756,0,EXECUTED,13497287.846250538,2025-06-16
12652,HINDZINC,2025-06-09T00:00:00,LONG,0.6615,502.25,502.25,NORMAL,517.3175,487.1825,2025-06-16T00:00:00,2025-06-17T00:00:00,517.3175,2546,1278728.5,38361.85499999999,38361.85499999999,0.0,4428.9643920165,33932.890607983485,33932.890607983485,4428.9643920165,2.6536430999999987,0,EXECUTED,13497287.846250538,2025-06-16
32413,SUZLON,2025-05-30T00:00:00,LONG,0.58575,64.19000244140625,64.19000244140625,NORMAL,66.11570251464843,63.45739822387695,2025-06-16T00:00:00,2025-06-17T00:00:00,63.45739822387695,20901,1341635.241027832,15312.160750579891,-15312.160750579891,0.0,4556.153654020463,-19868.31440460036,-19868.31440460036,4556.153654020463,-1.4809028413251253,0,EXECUTED,13497287.846250538,2025-06-16
37682,ZOMATO,2025-06-05T00:00:00,LONG,0.53275,243.25999450683597,243.25999450683597,NORMAL,250.55779434204103,238.30959289550785,2025-06-16T00:00:00,2025-06-18T00:00:00,253.05039245605468,5524,1343768.2096557615,27346.018500976526,54082.15827148434,0.0,4676.709235637108,49405.44903584723,49405.44903584723,4676.709235637108,3.676634755967595,0,EXECUTED,13460100.277613088,2025-06-16
23022,NHPC,2025-06-05T00:00:00,LONG,0.582,85.05000305175781,85.05000305175781,NORMAL,87.60150314331055,84.49670059204101,2025-06-16T00:00:00,2025-06-20T00:00:00,84.49670059204101,15785,1342514.298171997,8733.879326629747,-8733.879326629747,0.0,4569.893011313243,-13303.77233794299,-13303.77233794299,4569.893011313243,-0.9909594524287568,0,EXECUTED,13414188.321774151,2025-06-16
27310,POWERGRID,2025-06-13T00:00:00,SHORT,0.578,289.0,289.0,NORMAL,280.33,297.67,2025-06-17T00:00:00,2025-07-01T00:00:00,297.67,4661,1347029.0,40410.87000000008,-40410.87000000008,0.0,4671.589517001001,-45082.45951700107,-45082.45951700107,4671.589517001001,-3.346806900000005,0,EXECUTED,13640898.24335237,2025-06-17
22003,MAZDOCK,2025-05-15T00:00:00,LONG,0.667,3078.199951171875,3078.199951171875,NORMAL,3170.5459497070315,2985.8539526367185,2025-06-17T00:00:00,2025-06-18T00:00:00,3210.0,435,1339016.9787597656,40170.50936279306,57333.021240234375,0.0,4665.79206624353,52667.22917399085,52667.22917399085,4665.79206624353,3.9332756798030064,0,EXECUTED,13460100.277613088,2025-06-17
25274,ONGC,2025-06-13T00:00:00,SHORT,0.5225,253.9900054931641,253.9900054931641,NORMAL,246.37030532836917,255.31640502929687,2025-06-17T00:00:00,2025-06-18T00:00:00,255.31640502929687,5300,1346147.0291137695,7029.9175415039,-7029.9175415039,0.0,4609.083067646099,-11639.00060915,-11639.00060915,4609.083067646099,-0.8646158523123948,0,EXECUTED,13460100.277613088,2025-06-17
16724,IOC,2025-06-16T00:00:00,LONG,0.71775,140.0,140.0,NORMAL,144.20000000000002,136.1297964477539,2025-06-17T00:00:00,2025-06-26T00:00:00,144.55019622802735,8952,1253280.0,34646.06219970705,40733.3566333008,0.0,4345.9389460325365,36387.41768726826,36387.41768726826,4345.9389460325365,2.903374959088812,0,EXECUTED,13468928.347428393,2025-06-17
8612,COALINDIA,2025-06-13T00:00:00,SHORT,0.57525,392.7000122070313,392.7000122070313,NORMAL,380.9190118408203,404.4810125732422,2025-06-17T00:00:00,2025-07-15T00:00:00,380.9190118408203,3430,1346961.0418701172,40408.83125610355,40408.83125610355,0.0,4527.31251362195,35881.5187424816,35881.5187424816,4527.31251362195,2.663886900000002,0,EXECUTED,13666347.740575068,2025-06-17
12607,HINDPETRO,2025-06-13T00:00:00,LONG,0.6849999999999999,384.1000061035156,384.1000061035156,NORMAL,395.6230062866211,380.7734881591797,2025-06-17T00:00:00,2025-06-26T00:00:00,412.5,3497,1343197.721343994,11632.833251342758,99314.77865600586,0.0,4748.594452501401,94566.18420350444,94566.18420350444,4748.594452501401,7.040377056989213,0,EXECUTED,13468928.347428393,2025-06-17
24739,OIL,2025-06-16T00:00:00,LONG,0.5815,477.75,477.75,NORMAL,492.0825,463.4175,2025-06-18T00:00:00,2025-06-23T00:00:00,463.4175,2814,1344388.5,40331.65500000011,-40331.65500000011,0.0,4524.7156116435,-44856.37061164361,-44856.37061164361,4524.7156116435,-3.336563100000008,0,EXECUTED,13461833.577283148,2025-06-18
3838,BANDHANBNK,2025-06-12T00:00:00,LONG,0.56225,178.32000732421875,178.32000732421875,NORMAL,183.6696075439453,176.99590118408202,2025-06-18T00:00:00,2025-06-19T00:00:00,176.99590118408202,7550,1346316.0552978516,9997.001358032348,-9997.001358032348,0.0,4580.812697103327,-14577.814055135674,-14577.814055135674,4580.812697103327,-1.0827928551970332,0,EXECUTED,13445859.254572714,2025-06-18
11750,HDFCBANK,2025-06-13T00:00:00,LONG,0.54025,930.329645039179,930.329645039179,NORMAL,958.2395343903544,902.7021649169922,2025-06-18T00:00:00,2025-06-25T00:00:00,958.5394122314452,1444,1343396.0074365744,39894.08129643781,40734.90382563257,0.0,4653.651590507507,36081.25223512507,36081.25223512507,4653.651590507507,2.685823989009329,0,EXECUTED,13448401.33605552,2025-06-18
25275,ONGC,2025-06-16T00:00:00,LONG,0.70675,251.50999450683597,251.50999450683597,NORMAL,259.055294342041,243.96469467163087,2025-06-19T00:00:00,2025-06-26T00:00:00,243.96469467163087,5336,1342057.3306884766,40261.71992065426,-40261.71992065426,0.0,4516.869755942388,-44778.589676596646,-44778.589676596646,4516.869755942388,-3.336563099999997,0,EXECUTED,13468928.347428393,2025-06-19
8010,CANBK,2025-05-16T00:00:00,LONG,0.601,105.16000366210938,105.16000366210938,NORMAL,108.31480377197266,102.00520355224609,2025-06-20T00:00:00,2025-06-23T00:00:00,108.31480377197266,12806,1346679.006896973,40400.37020690927,40400.37020690927,0.0,4664.315661239141,35736.05454567013,35736.05454567013,4664.315661239141,2.6536431000000067,0,EXECUTED,13461833.577283148,2025-06-20
35249,VBL,2025-03-03T00:00:00,SHORT,0.677,448.0,448.0,NORMAL,434.56,449.1314874267578,2025-06-23T00:00:00,2025-06-24T00:00:00,449.1314874267578,3001,1344448.0,3395.593767700202,-3395.593767700202,0.0,4596.804107572172,-7992.397875272374,-7992.397875272374,4596.804107572172,-0.5944743028568136,0,EXECUTED,13391616.15446577,2025-06-23
4526,BANKBARODA,2025-05-13T00:00:00,SHORT,0.60275,231.3000030517578,231.3000030517578,NORMAL,224.36100296020507,233.6555062866211,2025-06-23T00:00:00,2025-06-24T00:00:00,233.6555062866211,5797,1340846.11769104,13654.852252502422,-13654.852252502422,0.0,4602.790196637461,-18257.642449139883,-18257.642449139883,4602.790196637461,-1.361650841826641,0,EXECUTED,13391616.15446577,2025-06-23
981,ADANIPOWER,2025-05-09T00:00:00,SHORT,0.61775,106.0,106.0,NORMAL,102.82,107.16120094299316,2025-06-24T00:00:00,2025-06-25T00:00:00,107.16120094299316,12693,1345458.0,14739.123569412202,-14739.123569412202,0.0,4620.470426737764,-19359.593996149968,-19359.593996149968,4620.470426737764,-1.4388850485225082,0,EXECUTED,13448401.33605552,2025-06-24
35698,VEDL,2025-06-19T00:00:00,LONG,0.7235,444.0,444.0,NORMAL,457.32,442.805,2025-06-24T00:00:00,2025-06-25T00:00:00,442.805,3025,1343100.0,3614.87499999998,-3614.87499999998,0.0,4580.2486995375,-8195.12369953748,-8195.12369953748,4580.2486995375,-0.6101648201576562,0,EXECUTED,13448401.33605552,2025-06-24
12895,HUDCO,2025-06-24T00:00:00,LONG,0.67475,232.0399932861328,232.0399932861328,NORMAL,239.0011930847168,225.07879348754884,2025-06-25T00:00:00,2025-06-27T00:00:00,239.0011930847168,5801,1346064.0010528564,40381.92003158565,40381.92003158565,0.0,4662.185546062641,35719.73448552301,35719.73448552301,4662.185546062641,2.653643099999997,0,EXECUTED,13564361.251089549,2025-06-25
4882,BANKINDIA,2025-06-20T00:00:00,LONG,0.72575,115.68000030517578,115.68000030517578,NORMAL,119.15040031433104,112.20960029602053,2025-06-25T00:00:00,2025-07-01T00:00:00,119.15040031433104,11643,1346862.2435531616,40405.86730659481,40405.86730659481,0.0,4664.950314041181,35740.916992553626,35740.916992553626,4664.950314041181,2.653643099999997,0,EXECUTED,13640898.24335237,2025-06-25
23029,NHPC,2025-06-24T00:00:00,LONG,0.69575,85.20999908447266,85.20999908447266,NORMAL,87.76629905700683,82.65369911193848,2025-06-25T00:00:00,2025-07-10T00:00:00,87.76629905700683,15797,1346062.3555374146,40381.87066612239,40381.87066612239,0.0,4662.179846706367,35719.69081941602,35719.69081941602,4662.179846706367,2.6536430999999965,0,EXECUTED,13748495.662873711,2025-06-25
24485,NTPC,2025-06-25T00:00:00,SHORT,0.65675,331.5,331.5,NORMAL,321.555,339.8485125732422,2025-06-26T00:00:00,2025-07-01T00:00:00,339.8485125732422,3985,1321027.5,33268.82260437018,-33268.82260437018,0.0,4570.075524027769,-37838.89812839795,-37838.89812839795,4570.075524027769,-2.8643535527003,0,EXECUTED,13640898.24335237,2025-06-26
24652,NYKAA,2025-06-24T00:00:00,LONG,0.61625,198.8999938964844,198.8999938964844,NORMAL,204.8669937133789,197.424098815918,2025-06-26T00:00:00,2025-07-01T00:00:00,209.63589874267575,6804,1353315.5584716797,10041.990128173806,73047.0965734863,0.0,4740.266081694299,68306.830491792,68306.830491792,4740.266081694299,5.047369038521361,0,EXECUTED,13640898.24335237,2025-06-26
32425,SUZLON,2025-06-25T00:00:00,LONG,0.671,64.38999938964844,64.38999938964844,NORMAL,66.32169937133789,62.45829940795898,2025-06-26T00:00:00,2025-07-01T00:00:00,66.32169937133789,21071,1356761.6771392822,40702.85031417851,40702.85031417836,0.0,4699.2376853276255,36003.61262885074,36003.61262885074,4699.2376853276255,2.6536430999999925,0,EXECUTED,13640898.24335237,2025-06-26
5561,BEL,2025-06-23T00:00:00,LONG,0.60125,408.25,408.25,NORMAL,420.4975,396.0025,2025-06-26T00:00:00,2025-07-02T00:00:00,420.4975,3317,1354165.25,40624.9575,40624.9575,0.0,4690.24478077725,35934.71271922276,35934.71271922276,4690.24478077725,2.6536431000000005,0,EXECUTED,13688325.859692989,2025-06-26
15108,IDFCFIRSTB,2025-06-26T00:00:00,LONG,0.7295,72.0999984741211,72.0999984741211,NORMAL,74.26299842834473,69.93699851989746,2025-06-27T00:00:00,2025-07-03T00:00:00,74.26299842834473,18821,1356994.071281433,40709.82213844306,40709.82213844306,0.0,4700.042598474162,36009.7795399689,36009.7795399689,4700.042598474162,2.653643100000005,0,EXECUTED,13797537.582962723,2025-06-27
32419,SUZLON,2025-06-12T00:00:00,LONG,0.607,67.58999633789062,67.58999633789062,NORMAL,69.61769622802734,65.56229644775391,2025-07-01T00:00:00,2025-07-04T00:00:00,65.56229644775391,20232,1367480.8059082031,41024.424177246045,-41024.424177246045,0.0,4602.435792269632,-45626.85996951567,-45626.85996951567,4602.435792269632,-3.3365630999999967,0,EXECUTED,13734251.163826726,2025-07-01
33794,TATASTEEL,2025-06-27T00:00:00,LONG,0.53275,160.5399932861328,160.5399932861328,NORMAL,165.3561930847168,155.72379348754882,2025-07-01T00:00:00,2025-07-04T00:00:00,165.3561930847168,8523,1368282.36277771,41048.470883331385,41048.470883331385,0.0,4739.14037496363,36309.33050836776,36309.33050836776,4739.14037496363,2.6536431000000062,0,EXECUTED,13734251.163826726,2025-07-01
1943,ASHOKLEY,2025-06-27T00:00:00,LONG,0.618,124.45999908447266,124.45999908447266,NORMAL,128.19379905700683,120.72619911193848,2025-07-01T00:00:00,2025-08-04T00:00:00,120.72619911193848,10987,1367442.009941101,41023.2602982331,-41023.2602982331,0.0,4602.305219360078,-45625.565517593175,-45625.565517593175,4602.305219360078,-3.3365631000000047,0,EXECUTED,13325105.107148811,2025-07-01
993,ADANIPOWER,2025-06-30T00:00:00,LONG,0.715,116.87000274658205,116.87000274658205,NORMAL,120.3761028289795,113.36390266418456,2025-07-01T00:00:00,2025-07-03T00:00:00,120.3761028289795,11700,1367379.0321350098,41021.37096405036,41021.37096405036,0.0,4736.011626952824,36285.359337097536,36285.359337097536,4736.011626952824,2.653643100000005,0,EXECUTED,13797537.582962723,2025-07-01
12358,HINDCOPPER,2025-06-30T00:00:00,LONG,0.713,276.1600036621094,276.1600036621094,NORMAL,284.44480377197266,267.8752035522461,2025-07-01T00:00:00,2025-07-02T00:00:00,284.44480377197266,4837,1335785.937713623,40073.5781314087,40073.5781314087,0.0,4626.586764500835,35446.99136690787,35446.99136690787,4626.586764500835,2.653643100000001,0,EXECUTED,13688325.859692989,2025-07-01
8030,CANBK,2025-06-13T00:00:00,LONG,0.5545,114.4499969482422,114.4499969482422,NORMAL,117.88349685668946,112.17079940795898,2025-07-02T00:00:00,2025-07-14T00:00:00,112.17079940795898,12047,1378779.1132354736,27457.492767791788,-27457.492767791788,0.0,4663.160294608982,-32120.65306240077,-32120.65306240077,4663.160294608982,-2.32964459310859,0,EXECUTED,13721250.101499956,2025-07-02
18097,IRFC,2025-06-12T00:00:00,LONG,0.697,142.05999755859375,142.05999755859375,NORMAL,146.32179748535157,141.08649703979492,2025-07-02T00:00:00,2025-07-03T00:00:00,141.08649703979492,9711,1379544.636291504,9453.66353805543,-9453.66353805543,0.0,4695.161900087802,-14148.825438143233,-14148.825438143233,4695.161900087802,-1.025615631849227,0,EXECUTED,13797537.582962723,2025-07-02
11757,HDFCBANK,2025-07-02T00:00:00,LONG,0.72875,974.418701171875,974.418701171875,NORMAL,1003.6512622070312,945.1861401367188,2025-07-03T00:00:00,2025-08-29T00:00:00,945.1861401367188,1409,1372955.949951172,41188.67849853526,-41188.67849853526,0.0,4620.863106790113,-45809.54160532537,-45809.54160532537,4620.863106790113,-3.336563100000008,0,EXECUTED,13242276.235337071,2025-07-03
37695,ZOMATO,2025-06-26T00:00:00,LONG,0.5825,258.8599853515625,258.8599853515625,NORMAL,266.6257849121094,251.0941857910156,2025-07-03T00:00:00,2025-07-14T00:00:00,266.6257849121094,5305,1373252.222290039,41197.56666870128,41197.56666870128,0.0,4756.353826304889,36441.21284239639,36441.21284239639,4756.353826304889,2.653643100000008,0,EXECUTED,13721250.101499956,2025-07-03
6792,BHEL,2025-06-25T00:00:00,LONG,0.701,259.95001220703125,259.95001220703125,NORMAL,267.7485125732422,252.15151184082032,2025-07-03T00:00:00,2025-07-21T00:00:00,252.15151184082032,5282,1373055.964477539,41191.67893432613,-41191.67893432613,0.0,4621.199718780505,-45812.87865310664,-45812.87865310664,4621.199718780505,-3.336563099999997,0,EXECUTED,13645331.884575782,2025-07-03
19607,KALYANKJIL,2025-01-15T00:00:00,LONG,0.6915,585.5999755859375,585.5999755859375,NORMAL,603.1679748535156,578.5080236816406,2025-07-04T00:00:00,2025-07-07T00:00:00,578.5080236816406,2341,1370889.5428466797,16602.25940795912,-16602.25940795912,0.0,4653.939564972661,-21256.198972931783,-21256.198972931783,4653.939564972661,-1.5505406021839556,0,EXECUTED,13701722.879221424,2025-07-04
14319,IDBI,2025-06-30T00:00:00,LONG,0.5535,101.31999969482422,101.31999969482422,NORMAL,104.35959968566895,98.28039970397948,2025-07-04T00:00:00,2025-07-17T00:00:00,98.28039970397948,13524,1370251.6758728027,41107.5502761842,-41107.5502761842,0.0,4611.761518119457,-45719.311794303656,-45719.311794303656,4611.761518119457,-3.336563100000008,0,EXECUTED,13733085.238712445,2025-07-04
37049,YESBANK,2025-06-27T00:00:00,LONG,0.523,20.07999992370605,20.07999992370605,NORMAL,20.68239992141724,19.477599925994877,2025-07-07T00:00:00,2025-07-28T00:00:00,19.477599925994877,68295,1371363.594789505,41140.907843685134,-41140.907843685134,0.0,4615.503826894997,-45756.41167058013,-45756.41167058013,4615.503826894997,-3.3365630999999984,0,EXECUTED,13500962.054278895,2025-07-07
23026,NHPC,2025-06-12T00:00:00,LONG,0.70825,88.5,88.5,NORMAL,91.155,87.57159881591797,2025-07-10T00:00:00,2025-07-14T00:00:00,87.57159881591797,15558,1376883.0,14444.065621948286,-14444.065621948286,0.0,4677.927643485295,-19121.99326543358,-19121.99326543358,4677.927643485295,-1.3887885365302337,0,EXECUTED,13721250.101499956,2025-07-10
32432,SUZLON,2025-07-11T00:00:00,LONG,0.626,65.97000122070312,65.97000122070312,NORMAL,67.94910125732422,63.99090118408203,2025-07-14T00:00:00,2025-07-18T00:00:00,67.94910125732422,20359,1343083.254852295,40292.49764556893,40292.49764556879,0.0,4651.861525925508,35640.63611964328,35640.63611964328,4651.861525925508,2.653643099999996,0,EXECUTED,13723455.153271548,2025-07-14
15118,IDFCFIRSTB,2025-07-11T00:00:00,LONG,0.728,76.58999633789062,76.58999633789062,NORMAL,78.88769622802735,74.33109733581543,2025-07-14T00:00:00,2025-07-16T00:00:00,74.33109733581543,17882,1369582.3145141602,40393.63195510866,-40393.63195510866,0.0,4610.641245699728,-45004.27320080839,-45004.27320080839,4610.641245699728,-3.285985276231682,0,EXECUTED,13727928.994706064,2025-07-14
10663,GMRINFRA,2025-07-09T00:00:00,LONG,0.653,91.23999786376952,91.23999786376952,NORMAL,93.9771977996826,88.50279792785645,2025-07-14T00:00:00,2025-07-18T00:00:00,93.9771977996826,15024,1370789.7279052734,41123.69183715815,41123.69183715815,0.0,4747.82480709114,36375.867030067006,36375.867030067006,4747.82480709114,2.653643099999996,0,EXECUTED,13723455.153271548,2025-07-14
1002,ADANIPOWER,2025-07-14T00:00:00,LONG,0.6992499999999999,120.79000091552734,120.79000091552734,NORMAL,124.41370094299316,117.16630088806151,2025-07-15T00:00:00,2025-07-28T00:00:00,117.16630088806151,11356,1371691.2503967285,41150.73751190196,-41150.73751190196,0.0,4616.606594763992,-45767.34410666596,-45767.34410666596,4616.606594763992,-3.336563100000008,0,EXECUTED,13500962.054278895,2025-07-15
27670,RECLTD,2025-07-14T00:00:00,SHORT,0.63125,401.0499877929688,401.0499877929688,NORMAL,389.0184881591797,413.0814874267578,2025-07-16T00:00:00,2025-08-05T00:00:00,389.0184881591797,3425,1373596.208190918,41207.88624572751,41207.88624572751,0.0,4616.836796832949,36591.04944889456,36591.04944889456,4616.836796832949,2.663886899999998,0,EXECUTED,13224803.868595231,2025-07-16
5573,BEL,2025-07-15T00:00:00,LONG,0.57925,407.2999877929688,407.2999877929688,NORMAL,419.5189874267578,395.0809881591797,2025-07-17T00:00:00,2025-07-22T00:00:00,395.0809881591797,3269,1331463.6600952148,39943.90980285642,-39943.90980285642,0.0,4481.2153697899175,-44425.12517264634,-44425.12517264634,4481.2153697899175,-3.336563099999998,0,EXECUTED,13616231.51328761,2025-07-17
10078,GAIL,2025-07-11T00:00:00,SHORT,0.618,185.6699981689453,185.6699981689453,NORMAL,180.09989822387695,191.24009811401368,2025-07-18T00:00:00,2025-07-30T00:00:00,180.09989822387695,7363,1367088.1965179443,41012.64589553837,41012.64589553837,0.0,4594.962517050554,36417.68337848781,36417.68337848781,4594.962517050554,2.6638869000000027,0,EXECUTED,13460704.00337818,2025-07-18
35265,VBL,2025-07-17T00:00:00,SHORT,0.72,481.6000061035156,481.6000061035156,NORMAL,467.15200592041015,494.5030062866211,2025-07-18T00:00:00,2025-07-31T00:00:00,494.5030062866211,2821,1358593.6172180176,36399.36351654051,-36399.36351654051,0.0,4703.928350948174,-41103.29186748868,-41103.29186748868,4703.928350948174,-3.0254294843262697,0,EXECUTED,13359661.393421993,2025-07-18
8046,CANBK,2025-07-18T00:00:00,LONG,0.725,115.5,115.5,NORMAL,118.965,112.06409881591796,2025-07-21T00:00:00,2025-07-23T00:00:00,112.06409881591796,11534,1332177.0,39629.684257202105,-39629.684257202105,0.0,4484.164050586969,-44113.84830778907,-44113.84830778907,4484.164050586969,-3.3114104437915586,0,EXECUTED,13622426.92361622,2025-07-21
28690,RELIANCE,2025-07-21T00:00:00,LONG,0.66775,1415.178583447059,1415.178583447059,NORMAL,1457.6339409504708,1373.877237548828,2025-07-22T00:00:00,2025-07-28T00:00:00,1373.877237548828,946,1338758.9399409178,39071.07321972645,-39071.07321972645,0.0,4507.550563505698,-43578.62378323215,-43578.62378323215,4507.550563505698,-3.2551509075379443,0,EXECUTED,13500962.054278895,2025-07-22
8037,CANBK,2025-06-30T00:00:00,LONG,0.59625,110.9800033569336,110.9800033569336,NORMAL,114.3094034576416,107.65060325622558,2025-07-23T00:00:00,2025-07-25T00:00:00,107.65060325622558,11645,1292362.1390914917,38770.86417274483,-38770.86417274483,0.0,4349.614078552637,-43120.47825129746,-43120.47825129746,4349.614078552637,-3.3365631000000064,0,EXECUTED,13533896.72986176,2025-07-23
33802,TATASTEEL,2025-07-21T00:00:00,LONG,0.6855,162.3699951171875,162.3699951171875,NORMAL,167.24109497070313,157.49889526367187,2025-07-24T00:00:00,2025-08-04T00:00:00,157.49889526367187,8124,1319093.8403320312,39572.81520996099,-39572.81520996099,0.0,4439.583120930534,-44012.39833089152,-44012.39833089152,4439.583120930534,-3.336563100000004,0,EXECUTED,13325105.107148811,2025-07-24
19605,KALYANKJIL,2025-01-13T00:00:00,LONG,0.66225,612.0,612.0,NORMAL,630.36,607.9475,2025-07-25T00:00:00,2025-07-28T00:00:00,607.9475,2059,1260108.0,8344.097500000018,-8344.097500000018,0.0,4289.14470645075,-12633.242206450768,-12633.242206450768,4289.14470645075,-1.002552337295753,0,EXECUTED,13500962.054278895,2025-07-25
23854,NMDC,2025-07-21T00:00:00,LONG,0.64425,71.44000244140625,71.44000244140625,NORMAL,73.58320251464843,69.29680236816407,2025-07-28T00:00:00,2025-08-19T00:00:00,69.29680236816407,18839,1345858.2059936523,40375.7461798095,-40375.7461798095,0.0,4529.662099696621,-44905.408279506126,-44905.408279506126,4529.662099696621,-3.336563099999995,0,EXECUTED,13521651.54722389,2025-07-28
15106,IDFCFIRSTB,2025-06-24T00:00:00,LONG,0.63825,71.01000213623047,71.01000213623047,NORMAL,73.14030220031738,68.87970207214356,2025-07-28T00:00:00,2025-08-04T00:00:00,68.5,18964,1346633.6805114746,40399.01041534416,-47599.68051147461,0.0,4520.5184069756015,-52120.19891845021,-52120.19891845021,4520.5184069756015,-3.870406605206404,0,EXECUTED,13325105.107148811,2025-07-28
22542,NATIONALUM,2025-07-22T00:00:00,LONG,0.5762499999999999,194.9900054931641,194.9900054931641,NORMAL,200.839705657959,189.14030532836912,2025-07-28T00:00:00,2025-07-30T00:00:00,189.14030532836912,6387,1245401.1650848389,37362.03495254528,-37362.03495254528,0.0,4191.560768645651,-41553.595721190926,-41553.595721190926,4191.560768645651,-3.336563100000009,0,EXECUTED,13460704.00337818,2025-07-28
8048,CANBK,2025-07-22T00:00:00,LONG,0.6485,112.02999877929688,112.02999877929688,NORMAL,115.3908987426758,108.66909881591796,2025-07-28T00:00:00,2025-07-29T00:00:00,115.3908987426758,12014,1345928.405334473,40377.85216003426,40377.85216003426,0.0,4661.715900935915,35716.13625909834,35716.13625909834,4661.715900935915,2.6536431000000054,0,EXECUTED,13431949.557770258,2025-07-28
23028,NHPC,2025-06-23T00:00:00,SHORT,0.68125,83.79000091552734,83.79000091552734,NORMAL,81.27630088806153,84.77929748535156,2025-07-29T00:00:00,2025-07-30T00:00:00,84.77929748535156,16065,1346086.3647079468,15893.049394226084,-15893.049394226084,0.0,4624.672682867084,-20517.722077093167,-20517.722077093167,4624.672682867084,-1.5242500492562965,0,EXECUTED,13460704.00337818,2025-07-29
29714,SAIL,2025-06-26T00:00:00,LONG,0.63175,124.98999786376952,124.98999786376952,NORMAL,128.73969779968263,124.41219467163086,2025-07-30T00:00:00,2025-07-31T00:00:00,124.41219467163086,10708,1338392.897125244,6187.116581420923,-6187.116581420923,0.0,4559.977156128005,-10747.093737548928,-10747.093737548928,4559.977156128005,-0.8029849650751123,0,EXECUTED,13359661.393421993,2025-07-30
10082,GAIL,2025-07-29T00:00:00,SHORT,0.71975,180.6300048828125,180.6300048828125,NORMAL,175.2111047363281,186.0489050292969,2025-07-30T00:00:00,2025-08-05T00:00:00,175.2111047363281,6730,1215639.932861328,36469.19798583994,36469.19798583994,0.0,4085.9250631781288,32383.27292266181,32383.27292266181,4085.9250631781288,2.663886900000008,0,EXECUTED,13224803.868595231,2025-07-30
31307,SHRIRAMFIN,2025-07-28T00:00:00,SHORT,0.62425,632.0,632.0,NORMAL,613.04,634.3254748535156,2025-07-30T00:00:00,2025-07-31T00:00:00,634.3254748535156,2119,1339208.0,4927.681214599619,-4927.681214599619,0.0,4581.64224302878,-9509.3234576284,-9509.3234576284,4581.64224302878,-0.7100706878713687,0,EXECUTED,13359661.393421993,2025-07-30
32424,SUZLON,2025-06-24T00:00:00,LONG,0.5665,61.97999954223633,61.97999954223633,NORMAL,63.83939952850342,60.90630088806152,2025-07-31T00:00:00,2025-08-04T00:00:00,60.04999923706055,21572,1337032.550125122,23161.8273678589,-41633.96658325195,0.0,4497.4722220034,-46131.43880525536,-46131.43880525536,4497.4722220034,-3.450285395141523,0,EXECUTED,13325105.107148811,2025-07-31
35023,UNIONBANK,2025-05-14T00:00:00,LONG,0.6325,130.77000427246094,130.77000427246094,NORMAL,134.69310440063478,126.84690414428712,2025-07-31T00:00:00,2025-08-13T00:00:00,134.69310440063478,10226,1337254.0636901855,40117.62191070557,40117.62191070572,0.0,4631.671720121352,35485.950190584364,35485.950190584364,4631.671720121352,2.653643100000012,0,EXECUTED,13398599.800653618,2025-07-31
13929,ICICIBANK,2025-07-21T00:00:00,LONG,0.56375,1442.4161376953125,1442.4161376953125,NORMAL,1485.6886218261718,1399.1436535644532,2025-07-31T00:00:00,2025-08-12T00:00:00,1399.1436535644532,925,1334234.927368164,40027.047821044864,-40027.047821044864,0.0,4490.542432833041,-44517.59025387791,-44517.59025387791,4490.542432833041,-3.336563099999996,0,EXECUTED,13346990.155003903,2025-07-31
4871,BANKINDIA,2025-05-13T00:00:00,LONG,0.5405,110.08999633789062,110.08999633789062,NORMAL,113.39269622802736,106.7872964477539,2025-08-04T00:00:00,2025-08-13T00:00:00,113.39269622802736,12034,1324823.0159301758,39744.69047790532,39744.69047790532,0.0,4588.615928462263,35156.07454944305,35156.07454944305,4588.615928462263,2.653643100000003,0,EXECUTED,13398599.800653618,2025-08-04
26602,PNB,2025-06-24T00:00:00,LONG,0.6945,103.91000366210938,103.91000366210938,NORMAL,107.02730377197264,100.7927035522461,2025-08-04T00:00:00,2025-08-14T00:00:00,107.02730377197264,12046,1251699.9041137695,37550.99712341306,37550.99712341306,0.0,4335.3489851914255,33215.64813822164,33215.64813822164,4335.3489851914255,2.6536430999999983,0,EXECUTED,13408518.183587462,2025-08-04
6777,BHEL,2025-05-13T00:00:00,LONG,0.6675,232.9499969482422,232.9499969482422,NORMAL,239.93849685668943,225.9614970397949,2025-08-04T00:00:00,2025-08-06T00:00:00,239.93849685668943,5691,1325718.4326324463,39771.55297897339,39771.55297897339,0.0,4591.71726599433,35179.83571297906,35179.83571297906,4591.71726599433,2.6536431,0,EXECUTED,13385981.126319714,2025-08-04
21897,MANAPPURAM,2025-06-09T00:00:00,LONG,0.589,247.55999755859372,247.55999755859372,NORMAL,254.9867974853516,240.13319763183597,2025-08-04T00:00:00,2025-08-06T00:00:00,254.9867974853516,5346,1323455.7469482422,39703.672408447244,39703.672408447244,0.0,4583.880298001775,35119.79211044547,35119.79211044547,4583.880298001775,2.6536430999999987,0,EXECUTED,13385981.126319714,2025-08-04
37024,YESBANK,2025-05-09T00:00:00,SHORT,0.61575,18.61000061035156,18.61000061035156,NORMAL,18.051700592041016,18.776899528503417,2025-08-05T00:00:00,2025-08-06T00:00:00,18.776899528503417,70761,1316862.253189087,11809.934347343396,-11809.934347343396,0.0,4517.606695726727,-16327.54104307012,-16327.54104307012,4517.606695726727,-1.239882227888999,0,EXECUTED,13385981.126319714,2025-08-05
15753,INDUSTOWER,2025-04-08T00:00:00,LONG,0.62825,346.0,346.0,NORMAL,356.38,345.32,2025-08-05T00:00:00,2025-08-06T00:00:00,345.32,3876,1341096.0,2635.6800000000267,-2635.6800000000267,0.0,4575.004181136001,-7210.684181136027,-7210.684181136027,4575.004181136001,-0.5376709930635859,0,EXECUTED,13385981.126319714,2025-08-05
18108,IRFC,2025-08-05T00:00:00,SHORT,0.72325,129.74000549316406,129.74000549316406,NORMAL,125.84780532836912,133.632205657959,2025-08-06T00:00:00,2025-08-11T00:00:00,125.84780532836912,10249,1329705.3162994385,39891.15948898323,39891.15948898323,0.0,4469.313759478848,35421.84572950438,35421.84572950438,4469.313759478848,2.6638869000000054,0,EXECUTED,13380900.5619508,2025-08-06
9438,FEDERALBNK,2025-08-05T00:00:00,SHORT,0.6735,196.4600067138672,196.4600067138672,NORMAL,190.5662065124512,202.3538069152832,2025-08-06T00:00:00,2025-09-01T00:00:00,190.5662065124512,6772,1330427.1654663086,39912.81496398924,39912.81496398924,0.0,4471.73998909094,35441.07497489831,35441.07497489831,4471.73998909094,2.663886899999999,0,EXECUTED,13197695.114170937,2025-08-06
20665,KOTAKBANK,2025-08-05T00:00:00,SHORT,0.69375,399.9095832308442,399.9095832308442,NORMAL,387.9122957339189,411.9068637084961,2025-08-06T00:00:00,2025-08-29T00:00:00,387.9122891235351,3328,1330899.0929922494,39926.94942962566,39926.9947891246,0.0,4473.326160118679,35453.668629005915,35453.668629005915,4473.326160118679,2.663888555915665,0,EXECUTED,13242276.235337071,2025-08-06
15130,IDFCFIRSTB,2025-08-05T00:00:00,LONG,0.68825,69.33000183105469,69.33000183105469,NORMAL,71.40990188598633,67.25010177612305,2025-08-06T00:00:00,2025-08-21T00:00:00,71.40990188598633,19195,1330789.3851470947,39923.68155441286,39923.68155441286,0.0,4609.280859924537,35314.40069448832,35314.40069448832,4609.280859924537,2.6536431000000014,0,EXECUTED,13419610.356207058,2025-08-06
10085,GAIL,2025-08-07T00:00:00,SHORT,0.53175,169.91000366210938,169.91000366210938,NORMAL,164.8127035522461,175.00730377197266,2025-08-11T00:00:00,2025-08-14T00:00:00,175.00730377197266,7862,1335832.448791504,40074.97346374513,-40074.97346374513,0.0,4632.759104847903,-44707.73256859304,-44707.73256859304,4632.759104847903,-3.346806900000001,0,EXECUTED,13408518.183587462,2025-08-11
3500,BAJFINANCE,2025-05-09T00:00:00,LONG,0.58375,854.7150268554688,854.7150268554688,NORMAL,880.3564776611329,829.0735760498046,2025-08-12T00:00:00,2025-08-19T00:00:00,880.3564776611329,1569,1341047.8771362305,40231.43631408703,40231.43631408703,0.0,4644.811854764857,35586.62445932217,35586.62445932217,4644.811854764857,2.6536431000000085,0,EXECUTED,13521651.54722389,2025-08-12
1952,ASHOKLEY,2025-08-08T00:00:00,LONG,0.52225,119.52999877929688,119.52999877929688,NORMAL,123.11589874267578,116.21569763183594,2025-08-13T00:00:00,2025-08-19T00:00:00,123.40429748535156,11197,1338377.396331787,37110.229948120126,43380.522611694345,0.0,4640.83348457359,38739.68912712076,38739.68912712076,4640.83348457359,2.8945265538179403,0,EXECUTED,13521651.54722389,2025-08-13
19635,KALYANKJIL,2025-08-11T00:00:00,SHORT,0.6675,535.0,535.0,NORMAL,518.9499999999999,543.9429748535157,2025-08-13T00:00:00,2025-08-19T00:00:00,543.9429748535157,2500,1337500.0,22357.437133789237,-22357.437133789237,0.0,4606.875160203553,-26964.312293992785,-26964.312293992785,4606.875160203553,-2.0160233490835724,0,EXECUTED,13521651.54722389,2025-08-13
32440,SUZLON,2025-08-01T00:00:00,LONG,0.60475,61.59999847412109,61.59999847412109,NORMAL,63.447998428344725,59.75199851989746,2025-08-14T00:00:00,2025-08-18T00:00:00,63.447998428344725,21893,1348608.766593933,40458.26299781796,40458.26299781796,0.0,4670.999517102982,35787.26348071498,35787.26348071498,4670.999517102982,2.653643099999998,0,EXECUTED,13466308.017814444,2025-08-14
16042,INFY,2025-08-05T00:00:00,SHORT,0.6485,1407.8173828125,1407.8173828125,NORMAL,1365.5828613281249,1450.0519042968751,2025-08-14T00:00:00,2025-08-22T00:00:00,1453.802949118853,919,1293784.1748046875,38813.52524414075,-42260.73543553831,0.0,4493.076752054846,-46753.812187593154,-46753.812187593154,4493.076752054846,-3.613725774212009,0,EXECUTED,13378181.951664684,2025-08-14
17521,IRB,2025-07-31T00:00:00,SHORT,0.6935,23.020000457763672,23.020000457763672,NORMAL,22.32940044403076,23.710600471496583,2025-08-18T00:00:00,2025-08-19T00:00:00,22.32940044403076,58662,1350399.2668533323,40511.97800560006,40511.97800560006,0.0,4538.868838198008,35973.10916740205,35973.10916740205,4538.868838198008,2.6638869000000063,0,EXECUTED,13521651.54722389,2025-08-18
23863,NMDC,2025-08-18T00:00:00,SHORT,0.6935,70.22000122070312,70.22000122070312,NORMAL,68.11340118408204,71.48200157165527,2025-08-19T00:00:00,2025-08-22T00:00:00,71.48200157165527,19078,1339657.1832885742,24076.44269546511,-24076.44269546511,0.0,4617.304861873294,-28693.747557338404,-28693.747557338404,4617.304861873294,-2.1418724070064954,0,EXECUTED,13378181.951664684,2025-08-19
23038,NHPC,2025-08-18T00:00:00,SHORT,0.70625,83.0,83.0,NORMAL,80.50999999999999,84.78959968566895,2025-08-19T00:00:00,2025-08-28T00:00:00,79.85039970397949,16139,1339537.0,28882.34932701113,50831.399177475,0.0,4483.386237445986,46348.01294002901,46348.01294002901,4483.386237445986,3.460002444130249,0,EXECUTED,13343577.264429403,2025-08-19
36284,WIPRO,2025-08-18T00:00:00,SHORT,0.671,248.63999938964844,248.63999938964844,NORMAL,241.18079940795897,254.2142974853516,2025-08-19T00:00:00,2025-08-28T00:00:00,254.2142974853516,5392,1340666.8767089844,30056.615332031342,-30056.615332031342,0.0,4631.411022716778,-34688.02635474812,-34688.02635474812,4631.411022716778,-2.587371028357089,0,EXECUTED,13343577.264429403,2025-08-19
32443,SUZLON,2025-08-13T00:00:00,LONG,0.653,61.5,61.5,NORMAL,63.345,61.23610103607177,2025-08-19T00:00:00,2025-08-20T00:00:00,61.23610103607177,21918,1347957.0,5784.137491378884,-5784.137491378884,0.0,4593.292524572822,-10377.430015951706,-10377.430015951706,4593.292524572822,-0.7698635799177352,0,EXECUTED,13423569.006952332,2025-08-19
29730,SAIL,2025-08-14T00:00:00,LONG,0.54175,122.8000030517578,122.8000030517578,NORMAL,126.48400314331056,120.32850296020509,2025-08-19T00:00:00,2025-08-29T00:00:00,120.32850296020509,10913,1340116.433303833,26971.480499115063,-26971.480499115063,0.0,4531.936025540563,-31503.416524655622,-31503.416524655622,4531.936025540563,-2.350796971199676,0,EXECUTED,13242276.235337071,2025-08-19
37058,YESBANK,2025-07-31T00:00:00,SHORT,0.5247499999999999,19.21999931335449,19.21999931335449,NORMAL,18.64339933395385,19.79659929275513,2025-08-20T00:00:00,2025-08-28T00:00:00,20.200000762939453,69879,1343074.3320178986,40292.22996053711,-68481.52129554749,0.0,4708.116229513371,-73189.63752506085,-73189.63752506085,4708.116229513371,-5.449410786899432,0,EXECUTED,13343577.264429403,2025-08-20
1954,ASHOKLEY,2025-08-20T00:00:00,LONG,0.69575,133.27999877929688,133.27999877929688,NORMAL,137.2783987426758,129.28159881591796,2025-08-21T00:00:00,2025-09-02T00:00:00,129.28159881591796,10040,1338131.1877441406,40143.93563232431,-40143.93563232431,0.0,4503.6558075385,-44647.59143986281,-44647.59143986281,4503.6558075385,-3.336563100000007,0,EXECUTED,13200365.101724878,2025-08-21
8060,CANBK,2025-08-20T00:00:00,LONG,0.6755,111.66999816894533,111.66999816894533,NORMAL,115.02009811401368,108.31989822387696,2025-08-22T00:00:00,2025-08-29T00:00:00,108.31989822387696,11962,1335796.5180969238,40073.89554290778,-40073.89554290778,0.0,4495.798170999067,-44569.69371390685,-44569.69371390685,4495.798170999067,-3.3365631000000047,0,EXECUTED,13242276.235337071,2025-08-22
17531,IRB,2025-08-21T00:00:00,SHORT,0.69825,22.350000381469727,22.350000381469727,NORMAL,21.67950037002564,22.968999214172364,2025-08-22T00:00:00,2025-09-01T00:00:00,21.63099925994873,57161,1277548.371805191,35382.59227611544,41098.82310726168,0.0,4289.066237941933,36809.75686931975,36809.75686931975,4289.066237941933,2.881280872152584,0,EXECUTED,13197695.114170937,2025-08-22
15136,IDFCFIRSTB,2025-08-18T00:00:00,LONG,0.6224999999999999,68.7699966430664,68.7699966430664,NORMAL,70.8330965423584,66.70689674377441,2025-08-28T00:00:00,2025-09-08T00:00:00,71.08000183105469,19266,1324922.7553253174,39747.682659759645,44504.55995178223,0.0,4596.726033543124,39907.83391823911,39907.83391823911,4596.726033543124,3.012087592113267,0,EXECUTED,13382609.674453652,2025-08-28
33809,TATASTEEL,2025-08-18T00:00:00,LONG,0.55925,155.3000030517578,155.3000030517578,NORMAL,159.95900314331055,150.64100296020507,2025-08-28T00:00:00,2025-09-05T00:00:00,159.95900314331055,8179,1270198.7249603271,38105.961748809874,38105.961748809874,0.0,4399.420927612116,33706.54082119776,33706.54082119776,4399.420927612116,2.6536431000000045,0,EXECUTED,13448827.076314472,2025-08-28
23014,NHPC,2025-05-12T00:00:00,SHORT,0.6467499999999999,79.5199966430664,79.5199966430664,NORMAL,77.13439674377442,80.30910125732422,2025-08-28T00:00:00,2025-08-29T00:00:00,80.30910125732422,16671,1325677.86403656,13155.163024291936,-13155.163024291936,0.0,4550.106081597433,-17705.26910588937,-17705.26910588937,4550.106081597433,-1.335563456719308,0,EXECUTED,13242276.235337071,2025-08-28
5541,BEL,2025-05-21T00:00:00,LONG,0.6435,363.7999877929688,363.7999877929688,NORMAL,374.7139874267578,352.8859881591797,2025-08-29T00:00:00,2025-09-03T00:00:00,374.7139874267578,3649,1327506.155456543,39825.18466369623,39825.18466369623,0.0,4597.909167348463,35227.275496347764,35227.275496347764,4597.909167348463,2.653643099999996,0,EXECUTED,13269212.896478584,2025-08-29
23865,NMDC,2025-08-28T00:00:00,LONG,0.6992499999999999,69.55000305175781,69.55000305175781,NORMAL,71.63650314331055,67.78359733581543,2025-08-29T00:00:00,2025-09-04T00:00:00,71.97639717102051,19029,1323467.0080718994,33612.934368667615,46171.85369544984,0.0,4594.476762549391,41577.37693290045,41577.37693290045,4594.476762549391,3.141549935080943,0,EXECUTED,13318495.752093377,2025-08-29
8706,DABUR,2025-08-21T00:00:00,LONG,0.5579999999999999,526.5499877929688,526.5499877929688,NORMAL,542.3464874267578,518.9499999999999,2025-08-29T00:00:00,2025-09-01T00:00:00,518.9499999999999,2521,1327432.5192260742,19159.56922607439,-19159.56922607439,0.0,4501.376915301631,-23660.946141376025,-23660.946141376025,4501.376915301631,-1.7824594319243388,0,EXECUTED,13197695.114170937,2025-08-29
21055,L&TFH,2025-08-28T00:00:00,LONG,0.6795,219.3000030517578,219.3000030517578,NORMAL,225.8790031433105,213.4,2025-08-29T00:00:00,2025-09-05T00:00:00,226.6,6027,1321721.1183929443,35559.318392944304,43997.08160705563,0.0,4584.965367171744,39412.116239883886,39412.116239883886,4584.965367171744,2.9818783774752977,0,EXECUTED,13448827.076314472,2025-08-29
11778,HDFCBANK,2025-08-28T00:00:00,LONG,0.70375,938.4781016808784,938.4781016808784,NORMAL,966.6324447313048,913.949760131836,2025-08-29T00:00:00,2025-10-08T00:00:00,970.4827349853516,1410,1323254.1233700386,34584.961584150034,45126.53295930714,0.0,4592.04356940881,40534.48938989833,40534.48938989833,4592.04356940881,3.063243006314302,0,EXECUTED,13782650.123025944,2025-08-29
17534,IRB,2025-08-29T00:00:00,SHORT,0.69425,21.25,21.25,NORMAL,20.6125,21.81540031433105,2025-09-01T00:00:00,2025-09-02T00:00:00,21.81540031433105,62188,1321495.0,35161.114747619584,-35161.114747619584,0.0,4575.0444818146825,-39736.15922943427,-39736.15922943427,4575.0444818146825,-3.006909540288406,0,EXECUTED,13200365.101724878,2025-09-01
37070,YESBANK,2025-08-26T00:00:00,SHORT,0.5217499999999999,19.549999237060547,19.549999237060547,NORMAL,18.96349925994873,20.136499214172364,2025-09-01T00:00:00,2025-09-02T00:00:00,18.8799991607666,67451,1318666.998538971,39560.009956169175,45192.175146102905,0.0,4422.174319448272,40770.00082665464,40770.00082665464,4422.174319448272,3.091758637459353,0,EXECUTED,13200365.101724878,2025-09-01
10659,GMRINFRA,2025-07-02T00:00:00,LONG,0.6475,86.0,86.0,NORMAL,88.58,83.42970207214356,2025-09-01T00:00:00,2025-09-08T00:00:00,88.59030220031738,15334,1318724.0,39412.94842575072,39719.69393966673,0.0,4567.749426817718,35151.94451284901,35151.94451284901,4567.749426817718,2.665602848878841,0,EXECUTED,13382609.674453652,2025-09-01
27325,POWERGRID,2025-09-01T00:00:00,SHORT,0.698,276.0,276.0,NORMAL,267.72,283.5075,2025-09-02T00:00:00,2025-09-04T00:00:00,283.5075,4815,1328940.0,36148.61249999997,-36148.61249999997,0.0,4602.22619605875,-40750.83869605872,-40750.83869605872,4602.22619605875,-3.0664167453804323,0,EXECUTED,13318495.752093377,2025-09-02
19117,ITC,2025-09-01T00:00:00,SHORT,0.72225,387.6438838396435,387.6438838396435,NORMAL,376.01456732445416,398.5857336425781,2025-09-02T00:00:00,2025-09-05T00:00:00,404.2347131456668,3434,1331169.0971053357,37574.31222327761,-56972.907836884,0.0,4646.952812613557,-61619.860649497554,-61619.860649497554,4646.952812613557,-4.629003241097744,0,EXECUTED,13448827.076314472,2025-09-02
26628,PNB,2025-09-01T00:00:00,SHORT,0.7184999999999999,101.0,101.0,NORMAL,97.97,103.90639717102052,2025-09-02T00:00:00,2025-09-04T00:00:00,103.90639717102052,13177,1330877.0,38297.595522537325,-38297.595522537325,0.0,4612.670408699818,-42910.26593123714,-42910.26593123714,4612.670408699818,-3.224209745245965,0,EXECUTED,13318495.752093377,2025-09-02
25286,ONGC,2025-08-01T00:00:00,SHORT,0.5822499999999999,241.0,241.0,NORMAL,233.77,248.23,2025-09-03T00:00:00,2025-09-09T00:00:00,233.77,5523,1331043.0,39931.2900000001,39931.2900000001,0.0,4473.809889632999,35457.480110367105,35457.480110367105,4473.809889632999,2.663886900000008,0,EXECUTED,13462805.864645831,2025-09-03
37732,ZOMATO,2025-09-03T00:00:00,LONG,0.66925,322.3999938964844,322.3999938964844,NORMAL,332.0719937133789,312.72799407958985,2025-09-04T00:00:00,2025-09-09T00:00:00,332.0719937133789,4167,1343440.7745666504,40303.223236999496,40303.223236999496,0.0,4653.099820125039,35650.123416874456,35650.123416874456,4653.099820125039,2.6536430999999987,0,EXECUTED,13462805.864645831,2025-09-04
1016,ADANIPOWER,2025-09-03T00:00:00,LONG,0.61875,121.66999816894533,121.66999816894533,NORMAL,125.32009811401367,118.01989822387696,2025-09-04T00:00:00,2025-09-10T00:00:00,125.32009811401367,10849,1319997.8101348877,39599.93430404666,39599.93430404666,0.0,4571.903495251083,35028.03080879558,35028.03080879558,4571.903495251083,2.6536431000000023,0,EXECUTED,13522368.980238164,2025-09-04
20674,KOTAKBANK,2025-09-03T00:00:00,SHORT,0.7012499999999999,391.5240589949514,391.5240589949514,NORMAL,379.77833722510286,403.1052798461914,2025-09-04T00:00:00,2025-09-17T00:00:00,403.1052798461914,3430,1342927.5223526834,39723.587519753215,-39723.587519753215,0.0,4656.359667861929,-44379.94718761514,-44379.94718761514,4656.359667861929,-3.3047164831252864,0,EXECUTED,13566506.15851756,2025-09-04
35707,VEDL,2025-08-26T00:00:00,LONG,0.61575,446.0,446.0,NORMAL,459.38,436.7909881591797,2025-09-05T00:00:00,2025-09-08T00:00:00,436.7909881591797,3002,1338892.0,27645.453546142613,-27645.453546142613,0.0,4526.654949376631,-32172.10849551924,-32172.10849551924,4526.654949376631,-2.4028904867247878,0,EXECUTED,13382609.674453652,2025-09-05
35050,UNIONBANK,2025-08-28T00:00:00,SHORT,0.63125,129.75,129.75,NORMAL,125.8575,133.56009811401367,2025-09-05T00:00:00,2025-09-09T00:00:00,125.77989822387696,10294,1335646.5,39221.14998565672,40868.22768341062,0.0,4487.859096699858,36380.36858671076,36380.36858671076,4487.859096699858,2.723802187682951,0,EXECUTED,13462805.864645831,2025-09-05
1958,ASHOKLEY,2025-09-02T00:00:00,LONG,0.60425,128.02999877929688,128.02999877929688,NORMAL,131.8708987426758,124.18909881591796,2025-09-05T00:00:00,2025-09-08T00:00:00,132.39999389648438,9841,1259943.2179870603,37798.29653961192,43005.12194824219,0.0,4372.399372694732,38632.72257554746,38632.72257554746,4372.399372694732,3.06622727310432,0,EXECUTED,13382609.674453652,2025-09-05
32455,SUZLON,2025-09-05T00:00:00,SHORT,0.725,57.63999938964844,57.63999938964844,NORMAL,55.91079940795898,59.14259811401367,2025-09-08T00:00:00,2025-09-18T00:00:00,59.14259811401367,23330,1344741.185760498,35055.628239440935,-35055.628239440935,0.0,4654.232899108953,-39709.86113854989,-39709.86113854989,4654.232899108953,-2.9529742644189616,0,EXECUTED,13559271.729303068,2025-09-08
15143,IDFCFIRSTB,2025-09-05T00:00:00,LONG,0.6735,72.2300033569336,72.2300033569336,NORMAL,74.3969034576416,70.06310325622559,2025-09-08T00:00:00,2025-09-26T00:00:00,70.06310325622559,18617,1344705.9724960327,40341.17917488094,-40341.17917488094,0.0,4525.784106917796,-44866.96328179874,-44866.96328179874,4525.784106917796,-3.336563099999997,0,EXECUTED,13557484.625478275,2025-09-08
8065,CANBK,2025-09-05T00:00:00,LONG,0.6425,106.08000183105467,106.08000183105467,NORMAL,109.26240188598634,102.89760177612304,2025-09-08T00:00:00,2025-09-12T00:00:00,109.26240188598634,12166,1290569.302276611,38717.07906829843,38717.07906829843,0.0,4469.9758277169,34247.10324058153,34247.10324058153,4469.9758277169,2.6536431000000067,0,EXECUTED,13467423.60316007,2025-09-08
37074,YESBANK,2025-09-05T00:00:00,LONG,0.71925,20.290000915527344,20.290000915527344,NORMAL,20.89870094299317,19.68130088806152,2025-09-08T00:00:00,2025-09-12T00:00:00,20.89870094299317,66240,1344009.6606445312,40320.28981933607,40320.28981933607,0.0,4655.070196308919,35665.21962302715,35665.21962302715,4655.070196308919,2.65364310000001,0,EXECUTED,13467423.60316007,2025-09-08
35269,VBL,2025-09-08T00:00:00,SHORT,0.7264999999999999,469.7000122070313,469.7000122070313,NORMAL,455.6090118408203,483.7394937133789,2025-09-09T00:00:00,2025-09-26T00:00:00,455.5604940795898,2880,1352736.03515625,40433.70673828129,40721.81220703129,0.0,4546.47397974794,36175.33822728335,36175.33822728335,4546.47397974794,2.6742348312695654,0,EXECUTED,13557484.625478275,2025-09-09
37735,ZOMATO,2025-09-08T00:00:00,LONG,0.56475,329.1499938964844,329.1499938964844,NORMAL,339.0244937133789,319.27549407958986,2025-09-09T00:00:00,2025-09-23T00:00:00,339.0244937133789,4108,1352148.1749267578,40564.44524780266,40564.44524780266,0.0,4683.258502082896,35881.186745719766,35881.186745719766,4683.258502082896,2.6536430999999947,0,EXECUTED,13577587.4648949,2025-09-09
17539,IRB,2025-09-08T00:00:00,SHORT,0.63725,21.299999237060547,21.299999237060547,NORMAL,20.66099925994873,21.794799842834472,2025-09-09T00:00:00,2025-09-11T00:00:00,21.794799842834472,63445,1351378.4515953064,31392.624433326662,-31392.624433326662,0.0,4670.367935344852,-36062.99236867152,-36062.99236867152,4670.367935344852,-2.668607918536739,0,EXECUTED,13496400.937463615,2025-09-09
1961,ASHOKLEY,2025-09-09T00:00:00,LONG,0.7224999999999999,137.2899932861328,137.2899932861328,NORMAL,141.4086930847168,133.17129348754884,2025-09-10T00:00:00,2025-09-12T00:00:00,133.17129348754884,9848,1352031.853881836,40560.95561645499,-40560.95561645499,0.0,4550.440320412177,-45111.39593686717,-45111.39593686717,4550.440320412177,-3.336563099999993,0,EXECUTED,13467423.60316007,2025-09-10
1017,ADANIPOWER,2025-09-09T00:00:00,LONG,0.66575,126.7699966430664,126.7699966430664,NORMAL,130.5730965423584,122.9668967437744,2025-09-11T00:00:00,2025-09-12T00:00:00,130.5730965423584,10624,1346804.4443359375,40404.13333007814,40404.13333007814,0.0,4664.750122464178,35739.383207613966,35739.383207613966,4664.750122464178,2.6536431000000014,0,EXECUTED,13467423.60316007,2025-09-11
34271,TRIDENT,2025-09-11T00:00:00,SHORT,0.6992499999999999,29.15999984741211,29.15999984741211,NORMAL,28.285199851989745,30.034799842834477,2025-09-12T00:00:00,2025-09-18T00:00:00,30.034799842834477,46549,1357368.8328971865,40721.06498691564,-40721.06498691564,0.0,4707.448770936911,-45428.51375785256,-45428.51375785256,4707.448770936911,-3.346806900000004,0,EXECUTED,13559271.729303068,2025-09-12
1014,ADANIPOWER,2025-09-01T00:00:00,LONG,0.6805,120.12999725341795,120.12999725341795,NORMAL,123.73389717102052,116.52609733581542,2025-09-12T00:00:00,2025-09-15T00:00:00,127.6999969482422,11245,1350861.819114685,40525.85457344064,85124.64656829834,0.0,4751.601728142437,80373.0448401559,80373.0448401559,4751.601728142437,5.949760641901184,0,EXECUTED,13589973.33886995,2025-09-12
8066,CANBK,2025-09-11T00:00:00,LONG,0.68675,110.63999938964844,110.63999938964844,NORMAL,113.95919937133787,107.320799407959,2025-09-12T00:00:00,2025-09-19T00:00:00,113.95919937133787,12269,1357442.152511597,40723.26457534787,40723.26457534787,0.0,4701.594558732439,36021.67001661543,36021.67001661543,4701.594558732439,2.653643099999998,0,EXECUTED,13591366.395908458,2025-09-12
13933,ICICIBANK,2025-09-11T00:00:00,LONG,0.70425,1389.882568359375,1389.882568359375,NORMAL,1431.5790454101564,1348.1860913085936,2025-09-12T00:00:00,2025-09-29T00:00:00,1348.1860913085936,975,1355135.5041503906,40654.06512451184,-40654.06512451184,0.0,4560.886061969184,-45214.95118648102,-45214.95118648102,4560.886061969184,-3.336563100000008,0,EXECUTED,13489141.11219436,2025-09-12
36288,WIPRO,2025-09-11T00:00:00,SHORT,0.55675,255.75,255.75,NORMAL,248.0775,263.4225,2025-09-15T00:00:00,2025-09-24T00:00:00,248.0775,5313,1358799.75,40763.99250000007,40763.99250000007,0.0,4567.10396251725,36196.88853748282,36196.88853748282,4567.10396251725,2.6638869000000054,0,EXECUTED,13636649.909611486,2025-09-15
20676,KOTAKBANK,2025-09-16T00:00:00,LONG,0.72475,403.6431274414063,403.6431274414063,NORMAL,415.7524212646484,391.53383361816407,2025-09-17T00:00:00,2025-10-06T00:00:00,415.7524212646484,3355,1354222.692565918,40626.680776977526,40626.680776977526,0.0,4690.443737067844,35936.23703990968,35936.23703990968,4690.443737067844,2.653643099999999,0,EXECUTED,13564064.133354256,2025-09-17
6794,BHEL,2025-08-07T00:00:00,LONG,0.5925,233.0,233.0,NORMAL,239.99,232.63510177612304,2025-09-18T00:00:00,2025-09-19T00:00:00,232.63510177612304,5501,1281733.0,2007.3051295471755,-2007.3051295471755,0.0,4373.32897763704,-6380.634107184216,-6380.634107184216,4373.32897763704,-0.4978130474275232,0,EXECUTED,13591366.395908458,2025-09-18
16040,INFY,2025-07-24T00:00:00,SHORT,0.5742499999999999,1496.70361328125,1496.70361328125,NORMAL,1451.8025048828124,1541.6047216796876,2025-09-18T00:00:00,2025-09-23T00:00:00,1429.4121385641438,907,1357510.1772460938,40725.3053173829,61033.367568415335,0.0,4526.574480207325,56506.79308820801,56506.79308820801,4526.574480207325,4.162531820044269,0,EXECUTED,13577587.4648949,2025-09-18
23047,NHPC,2025-09-16T00:00:00,LONG,0.6207499999999999,86.61000061035156,86.61000061035156,NORMAL,89.20830062866212,84.01170059204101,2025-09-19T00:00:00,2025-09-23T00:00:00,89.20830062866212,15611,1352068.7195281982,40562.06158584605,40562.06158584605,0.0,4682.9833028275625,35879.07828301848,35879.07828301848,4682.9833028275625,2.653643100000007,0,EXECUTED,13577587.4648949,2025-09-19
17543,IRB,2025-09-18T00:00:00,SHORT,0.71675,22.190000534057617,22.190000534057617,NORMAL,21.524300518035886,22.67544937133789,2025-09-19T00:00:00,2025-09-26T00:00:00,21.354549407958984,59356,1317109.671699524,28814.30118560791,49589.03704071045,0.0,4409.020144267537,45180.01689644291,45180.01689644291,4409.020144267537,3.4302395515891377,0,EXECUTED,13557484.625478275,2025-09-19
6908,BIOCON,2025-09-22T00:00:00,LONG,0.707,369.2000122070313,369.2000122070313,NORMAL,380.2760125732422,358.1240118408203,2025-09-23T00:00:00,2025-09-25T00:00:00,358.1240118408203,3702,1366778.4451904297,41003.353355712985,-41003.353355712985,0.0,4600.071905264711,-45603.425260977696,-45603.425260977696,4600.071905264711,-3.336563100000007,0,EXECUTED,13624463.521577284,2025-09-23
21645,MAHABANK,2025-09-22T00:00:00,LONG,0.719,57.02000045776367,57.02000045776367,NORMAL,58.73060047149659,55.60039970397949,2025-09-23T00:00:00,2025-09-29T00:00:00,55.60039970397949,23967,1366598.350971222,34023.57126594546,-34023.57126594546,0.0,4610.850053848932,-38634.42131979439,-38634.42131979439,4610.850053848932,-2.8270501930825147,0,EXECUTED,13489141.11219436,2025-09-23
16744,IOC,2025-09-22T00:00:00,LONG,0.7055,148.5,148.5,NORMAL,152.955,144.045,2025-09-23T00:00:00,2025-09-30T00:00:00,144.045,9185,1363972.5,40919.17500000011,-40919.17500000011,0.0,4590.628129147501,-45509.803129147615,-45509.803129147615,4590.628129147501,-3.336563100000008,0,EXECUTED,13360194.343147116,2025-09-23
5595,BEL,2025-09-17T00:00:00,LONG,0.669,402.8999938964844,402.8999938964844,NORMAL,414.9869937133789,390.8129940795898,2025-09-24T00:00:00,2025-10-09T00:00:00,414.9869937133789,3380,1361801.9793701172,40854.05938110357,40854.05938110357,0.0,4716.695119884978,36137.364261218594,36137.364261218594,4716.695119884978,2.653643100000004,0,EXECUTED,13749472.033853626,2025-09-24
10674,GMRINFRA,2025-09-16T00:00:00,LONG,0.61025,89.16999816894531,89.16999816894531,NORMAL,91.84509811401368,86.49489822387694,2025-09-25T00:00:00,2025-10-01T00:00:00,86.49489822387694,15208,1356097.3321533203,40682.919964599736,-40682.919964599736,0.0,4564.123220112511,-45247.043184712245,-45247.043184712245,4564.123220112511,-3.336563100000009,0,EXECUTED,13380605.565762503,2025-09-25
8069,CANBK,2025-09-24T00:00:00,LONG,0.65975,121.9000015258789,121.9000015258789,NORMAL,125.55700157165528,118.24300148010254,2025-09-26T00:00:00,2025-09-30T00:00:00,118.24300148010254,10793,1315666.716468811,39470.00149406437,-39470.00149406437,0.0,4428.048686615641,-43898.05018068002,-43898.05018068002,4428.048686615641,-3.336563100000004,0,EXECUTED,13360194.343147116,2025-09-26
3833,BANDHANBNK,2025-05-12T00:00:00,SHORT,0.65325,158.0,158.0,NORMAL,153.26,160.94779434204102,2025-09-26T00:00:00,2025-10-01T00:00:00,160.94779434204102,8542,1349636.0,25180.05926971441,-25180.05926971441,0.0,4653.345505236412,-29833.404774950817,-29833.404774950817,4653.345505236412,-2.21047784550433,0,EXECUTED,13380605.565762503,2025-09-26
4538,BANKBARODA,2025-09-24T00:00:00,LONG,0.7105,253.22999572753903,253.22999572753903,NORMAL,260.82689559936523,245.6330958557129,2025-09-26T00:00:00,2025-10-06T00:00:00,260.82689559936523,5331,1349969.1072235107,40499.0732167053,40499.0732167053,0.0,4675.711150737028,35823.36206596827,35823.36206596827,4675.711150737028,2.6536430999999983,0,EXECUTED,13564064.133354256,2025-09-26
37740,ZOMATO,2025-09-18T00:00:00,LONG,0.5449999999999999,328.25,328.25,NORMAL,338.0975,318.4025,2025-09-29T00:00:00,2025-10-09T00:00:00,338.0975,3890,1276892.5,38306.775000000096,38306.775000000096,0.0,4422.6052793325,33884.1697206676,33884.1697206676,4422.6052793325,2.653643100000008,0,EXECUTED,13749472.033853626,2025-09-29
22543,NATIONALUM,2025-09-03T00:00:00,LONG,0.628,200.52999877929688,200.52999877929688,NORMAL,206.54589874267575,194.514098815918,2025-09-29T00:00:00,2025-10-03T00:00:00,206.54589874267575,6678,1339139.3318481443,40174.17995544429,40174.17995544429,0.0,4638.201476469946,35535.97847897434,35535.97847897434,4638.201476469946,2.6536430999999965,0,EXECUTED,13605994.388311844,2025-09-29
13914,ICICIBANK,2025-04-16T00:00:00,LONG,0.7284999999999999,1334.7613525390625,1334.7613525390625,NORMAL,1374.8041931152345,1294.7185119628905,2025-09-30T00:00:00,2025-10-14T00:00:00,1374.8041931152345,1001,1336096.1138916016,40082.88341674818,40082.88341674818,0.0,4627.661081095421,35455.22233565276,35455.22233565276,4627.661081095421,2.65364310000001,0,EXECUTED,13857150.761628836,2025-09-30
1024,ADANIPOWER,2025-09-25T00:00:00,LONG,0.591,144.5,144.5,NORMAL,148.835,140.165,2025-09-30T00:00:00,2025-10-01T00:00:00,148.835,9109,1316250.5,39487.51500000007,39487.51500000007,0.0,4558.924428034501,34928.59057196557,34928.59057196557,4558.924428034501,2.6536431000000054,0,EXECUTED,13380605.565762503,2025-09-30
18114,IRFC,2025-09-30T00:00:00,SHORT,0.7085,126.0,126.0,NORMAL,122.22,127.9878022003174,2025-10-01T00:00:00,2025-10-17T00:00:00,127.9878022003174,10788,1359288.0,21444.410137024,-21444.410137024,0.0,4679.645176987218,-26124.055314011217,-26124.055314011217,4679.645176987218,-1.9218925874436628,0,EXECUTED,13921774.079408664,2025-10-01
15565,INDUSINDBK,2025-09-30T00:00:00,SHORT,0.67875,730.0,730.0,NORMAL,708.1,745.1020251464844,2025-10-01T00:00:00,2025-10-06T00:00:00,745.1020251464844,1848,1349040.0,27908.54247070313,-27908.54247070313,0.0,4656.173379245534,-32564.71584994867,-32564.71584994867,4656.173379245534,-2.413917737794926,0,EXECUTED,13564064.133354256,2025-10-01
23053,NHPC,2025-09-26T00:00:00,LONG,0.54675,86.29000091552734,86.29000091552734,NORMAL,88.87870094299316,83.83710029602051,2025-10-01T00:00:00,2025-11-10T00:00:00,83.83710029602051,15755,1359498.9644241333,38645.44926033018,-38645.44926033018,0.0,4579.064197095009,-43224.51345742519,-43224.51345742519,4579.064197095009,-3.1794443827130503,0,EXECUTED,13883075.064110035,2025-10-01
33829,TATASTEEL,2025-09-29T00:00:00,LONG,0.679,167.39999389648438,167.39999389648438,NORMAL,172.42199371337892,162.37799407958985,2025-10-03T00:00:00,2025-10-07T00:00:00,172.42199371337892,8103,1356442.150543213,40693.264516296535,40693.264516296535,0.0,4698.130982914806,35995.133533381726,35995.133533381726,4698.130982914806,2.6536431000000107,0,EXECUTED,13656313.28396189,2025-10-03
17547,IRB,2025-09-26T00:00:00,SHORT,0.61075,21.0,21.0,NORMAL,20.37,21.63,2025-10-06T00:00:00,2025-10-14T00:00:00,21.63,64931,1363551.0,40906.52999999993,-40906.52999999993,0.0,4728.888953019,-45635.41895301893,-45635.41895301893,4728.888953019,-3.346806899999995,0,EXECUTED,13857150.761628836,2025-10-06
1027,ADANIPOWER,2025-10-01T00:00:00,LONG,0.56225,144.64999389648438,144.64999389648438,NORMAL,148.98949371337892,140.31049407958983,2025-10-06T00:00:00,2025-10-07T00:00:00,152.89999389648438,9424,1363181.5424804688,40895.44627441419,77748.0,0.0,4781.627755353809,72966.37224464619,72966.37224464619,4781.627755353809,5.352652597677879,0,EXECUTED,13656313.28396189,2025-10-06
1966,ASHOKLEY,2025-09-19T00:00:00,LONG,0.56525,138.75999450683594,138.75999450683594,NORMAL,142.92279434204102,134.59719467163086,2025-10-06T00:00:00,2025-10-07T00:00:00,142.92279434204102,9821,1362761.9060516355,40882.85718154907,40882.85718154907,0.0,4720.019892181358,36162.83728936772,36162.83728936772,4720.019892181358,2.6536431,0,EXECUTED,13656313.28396189,2025-10-06
27331,POWERGRID,2025-09-25T00:00:00,LONG,0.65825,288.3500061035156,288.3500061035156,NORMAL,297.0005062866211,284.50098815917966,2025-10-07T00:00:00,2025-10-13T00:00:00,284.50098815917966,4780,1378313.0291748047,18398.30577392593,-18398.30577392593,0.0,4676.3561149055095,-23074.661888831444,-23074.661888831444,4676.3561149055095,-1.6741234683565482,0,EXECUTED,13843384.357553627,2025-10-07
1028,ADANIPOWER,2025-10-03T00:00:00,LONG,0.713,148.0,148.0,NORMAL,152.44,147.9346946716309,2025-10-07T00:00:00,2025-10-08T00:00:00,147.9346946716309,9307,1377436.0,607.7966911315389,-607.7966911315389,0.0,4702.4008590610665,-5310.197550192605,-5310.197550192605,4702.4008590610665,-0.385513196271377,0,EXECUTED,13782650.123025944,2025-10-07
29739,SAIL,2025-10-06T00:00:00,LONG,0.7132499999999999,134.9600067138672,134.9600067138672,NORMAL,139.0088069152832,130.91120651245117,2025-10-07T00:00:00,2025-10-10T00:00:00,130.91120651245117,10231,1380775.8286895752,41423.27486068724,-41423.27486068724,0.0,4647.181933088324,-46070.45679377557,-46070.45679377557,4647.181933088324,-3.3365630999999984,0,EXECUTED,13717822.67340872,2025-10-07
32401,SUZLON,2025-05-09T00:00:00,SHORT,0.61025,54.34999847412109,54.34999847412109,NORMAL,52.719498519897456,54.74450157165528,2025-10-08T00:00:00,2025-10-09T00:00:00,54.74450157165528,25289,1374457.1114120483,9976.588833541971,-9976.588833541971,0.0,4711.002526905602,-14687.591360447574,-14687.591360447574,4711.002526905602,-1.0686103799454518,0,EXECUTED,13749472.033853626,2025-10-08
2649,AXISBANK,2025-10-03T00:00:00,LONG,0.70675,1179.1905708552174,1179.1905708552174,NORMAL,1214.566287980874,1144.6871484375,2025-10-08T00:00:00,2025-10-17T00:00:00,1215.4925390625,1166,1374936.2056171836,40230.99053905861,42328.09492969162,0.0,4763.949317054171,37564.145612637454,37564.145612637454,4763.949317054171,2.7320646193745115,0,EXECUTED,13921774.079408664,2025-10-08
5605,BEL,2025-10-08T00:00:00,LONG,0.72825,410.2999877929688,410.2999877929688,NORMAL,422.6089874267578,397.99098815917966,2025-10-09T00:00:00,2025-10-28T00:00:00,422.6089874267578,3349,1374094.6591186523,41222.839773559645,41222.839773559645,0.0,4759.271664388933,36463.56810917071,36463.56810917071,4759.271664388933,2.653643100000005,0,EXECUTED,13713042.305108167,2025-10-09
32402,SUZLON,2025-05-12T00:00:00,SHORT,0.579,54.130001068115234,54.130001068115234,NORMAL,52.506101036071776,54.25009811401368,2025-10-09T00:00:00,2025-10-14T00:00:00,54.25009811401368,25320,1370571.6270446775,3040.8572021485024,-3040.8572021485024,0.0,4685.373597498146,-7726.230799646649,-7726.230799646649,4685.373597498146,-0.563723241251279,0,EXECUTED,13857150.761628836,2025-10-09
37090,YESBANK,2025-10-07T00:00:00,LONG,0.5205,21.93000030517578,21.93000030517578,NORMAL,22.58790031433105,21.272100296020508,2025-10-09T00:00:00,2025-10-14T00:00:00,22.58790031433105,62645,1373804.8691177368,41214.14607353212,41214.14607353212,0.0,4758.267956725251,36455.87811680687,36455.87811680687,4758.267956725251,2.653643100000001,0,EXECUTED,13857150.761628836,2025-10-09
12370,HINDCOPPER,2025-10-09T00:00:00,LONG,0.723,342.20001220703125,342.20001220703125,NORMAL,352.4660125732422,331.9340118408203,2025-10-10T00:00:00,2025-10-13T00:00:00,352.4660125732422,4020,1375644.0490722656,41269.32147216806,41269.32147216806,0.0,4764.638083401178,36504.68338876688,36504.68338876688,4764.638083401178,2.6536431000000067,0,EXECUTED,13843384.357553627,2025-10-10
37750,ZOMATO,2025-10-09T00:00:00,LONG,0.62575,341.6499938964844,341.6499938964844,NORMAL,351.8994937133789,331.40049407958986,2025-10-13T00:00:00,2025-10-16T00:00:00,352.0,4048,1382999.1752929688,41489.97525878899,41896.82470703125,0.0,4790.777170924659,37106.04753610659,37106.04753610659,4790.777170924659,2.683012990824539,0,EXECUTED,13672809.708945503,2025-10-13
22548,NATIONALUM,2025-10-09T00:00:00,LONG,0.596,223.6199951171875,223.6199951171875,NORMAL,230.32859497070316,216.91139526367184,2025-10-13T00:00:00,2025-10-14T00:00:00,230.32859497070316,6195,1385325.8697509766,41559.77609252937,41559.77609252937,0.0,4798.17173736752,36761.60435516185,36761.60435516185,4798.17173736752,2.653643100000005,0,EXECUTED,13857150.761628836,2025-10-13
12659,HINDZINC,2025-10-10T00:00:00,LONG,0.52025,498.2999877929688,498.2999877929688,NORMAL,513.2489874267578,496.8825,2025-10-14T00:00:00,2025-10-15T00:00:00,496.8825,2765,1377799.4662475586,3919.3537475586127,-3919.3537475586127,0.0,4698.236496326774,-8617.590243885386,-8617.590243885386,4698.236496326774,-0.6254604138696194,0,EXECUTED,13857074.09369279,2025-10-14
1032,ADANIPOWER,2025-10-13T00:00:00,LONG,0.6849999999999999,148.0,148.0,NORMAL,152.44,145.20899703979492,2025-10-14T00:00:00,2025-10-15T00:00:00,154.19099685668945,9324,1379952.0,26023.311600952136,57724.85469177245,0.0,4806.20837951338,52918.64631225907,52918.64631225907,4806.20837951338,3.8348179003515392,0,EXECUTED,13857074.09369279,2025-10-14
20686,KOTAKBANK,2025-10-13T00:00:00,LONG,0.709,429.059253695898,429.059253695898,NORMAL,441.9310313067749,416.7878463745117,2025-10-14T00:00:00,2025-10-21T00:00:00,442.568537902832,3216,1379854.5598860078,39464.84594557808,43445.85800949996,0.0,4782.568054215669,38663.28995528429,38663.28995528429,4782.568054215669,2.801982982791921,0,EXECUTED,13718128.706746908,2025-10-14
8079,CANBK,2025-10-13T00:00:00,LONG,0.6952499999999999,127.3000030517578,127.3000030517578,NORMAL,131.11900314331055,123.56829940795896,2025-10-14T00:00:00,2025-10-30T00:00:00,131.2116993713379,10839,1379804.733078003,40447.9357951356,42398.876407928416,0.0,4780.68892752881,37618.1874803996,37618.1874803996,4780.68892752881,2.726341385746861,0,EXECUTED,13805164.543038262,2025-10-14
37094,YESBANK,2025-10-13T00:00:00,LONG,0.6755,24.0,24.0,NORMAL,24.72,23.28,2025-10-14T00:00:00,2025-10-16T00:00:00,23.28,57226,1373424.0,41202.719999999936,-41202.719999999936,0.0,4622.438390543999,-45825.15839054393,-45825.15839054393,4622.438390543999,-3.336563099999995,0,EXECUTED,13672809.708945503,2025-10-14
25297,ONGC,2025-10-14T00:00:00,SHORT,0.7164999999999999,245.3000030517578,245.3000030517578,NORMAL,237.94100296020508,251.41269622802736,2025-10-15T00:00:00,2025-10-27T00:00:00,251.41269622802736,5365,1316034.516372681,32794.59889068611,-32794.59889068611,0.0,4552.181273209026,-37346.780163895135,-37346.780163895135,4552.181273209026,-2.837826797038133,0,EXECUTED,13670082.798382657,2025-10-15
29741,SAIL,2025-10-10T00:00:00,LONG,0.63125,132.94000244140625,132.94000244140625,NORMAL,136.92820251464843,132.36620651245116,2025-10-15T00:00:00,2025-10-16T00:00:00,132.36620651245116,10318,1371674.9451904297,5920.426394958648,-5920.426394958648,0.0,4674.0573558427495,-10594.4837508014,-10594.4837508014,4674.0573558427495,-0.772375684774979,0,EXECUTED,13672809.708945503,2025-10-15
19125,ITC,2025-10-01T00:00:00,SHORT,0.6315,386.7380676269531,386.7380676269531,NORMAL,375.1359255981445,398.3402096557617,2025-10-16T00:00:00,2025-10-24T00:00:00,398.3402096557617,3579,1384135.5440368652,41524.06632110598,-41524.06632110598,0.0,4800.277572072388,-46324.34389317837,-46324.34389317837,4800.277572072388,-3.3468069000000016,0,EXECUTED,13752756.57277158,2025-10-16
37095,YESBANK,2025-10-14T00:00:00,LONG,0.5645,23.350000381469727,23.350000381469727,NORMAL,24.05050039291382,23.30910066604614,2025-10-16T00:00:00,2025-10-17T00:00:00,23.30910066604614,59640,1392594.0227508545,2439.2590278626,-2439.2590278626,0.0,4751.169947573888,-7190.428975436487,-7190.428975436487,4751.169947573888,-0.5163334653148163,0,EXECUTED,13921774.079408664,2025-10-16
21651,MAHABANK,2025-10-14T00:00:00,LONG,0.67575,55.900001525878906,55.900001525878906,NORMAL,57.57700157165527,55.852601776123045,2025-10-16T00:00:00,2025-10-17T00:00:00,55.852601776123045,24766,1384419.437789917,1173.9022024536623,-1173.9022024536623,0.0,4725.322451712385,-5899.224654166048,-5899.224654166048,4725.322451712385,-0.4261154165520496,0,EXECUTED,13921774.079408664,2025-10-16
15158,IDFCFIRSTB,2025-10-09T00:00:00,LONG,0.608,71.98999786376953,71.98999786376953,NORMAL,74.14969779968261,69.83029792785645,2025-10-17T00:00:00,2025-10-23T00:00:00,74.14969779968261,19141,1377960.5491104126,41338.81647331231,41338.81647331231,0.0,4772.661441121802,36566.1550321905,36566.1550321905,4772.661441121802,2.6536430999999947,0,EXECUTED,13785200.612320334,2025-10-17
26644,PNB,2025-10-16T00:00:00,LONG,0.61325,116.4000015258789,116.4000015258789,NORMAL,119.89200157165529,112.90800148010254,2025-10-17T00:00:00,2025-10-21T00:00:00,112.90800148010254,11841,1378292.418067932,41348.772542037936,-41348.772542037936,0.0,4638.823689314393,-45987.59623135233,-45987.59623135233,4638.823689314393,-3.336563099999998,0,EXECUTED,13718128.706746908,2025-10-17
1023,ADANIPOWER,2025-09-24T00:00:00,LONG,0.64175,158.10000610351562,158.10000610351562,NORMAL,162.8430062866211,157.47950592041016,2025-10-17T00:00:00,2025-10-20T00:00:00,157.47950592041016,8721,1378790.1532287598,5411.382096862743,-5411.382096862743,0.0,4699.183858218214,-10110.565955080958,-10110.565955080958,4699.183858218214,-0.7332925849089291,0,EXECUTED,13777520.355102228,2025-10-17
11797,HDFCBANK,2025-10-16T00:00:00,LONG,0.64225,977.7781081157632,977.7781081157632,NORMAL,1007.111451359236,948.8264227294922,2025-10-17T00:00:00,2026-01-07T00:00:00,947.036542557554,1408,1376711.5762269944,40763.97302386946,-43284.12430595828,0.0,4630.26667208008,-47914.39097803836,-47914.39097803836,4630.26667208008,-3.4803506998431857,0,EXECUTED,14273142.864989009,2025-10-17
12660,HINDZINC,2025-10-15T00:00:00,LONG,0.585,505.6499938964844,505.6499938964844,NORMAL,520.819493713379,490.48049407958985,2025-10-20T00:00:00,2025-10-23T00:00:00,490.48049407958985,2716,1373345.3834228516,41200.36150268554,-41200.36150268554,0.0,4622.173796154835,-45822.535298840376,-45822.535298840376,4622.173796154835,-3.3365631,0,EXECUTED,13785200.612320334,2025-10-20
37754,ZOMATO,2025-10-16T00:00:00,LONG,0.6995,345.0,345.0,NORMAL,355.35,343.71950592041014,2025-10-21T00:00:00,2025-10-23T00:00:00,343.71950592041014,4004,1381380.0,5127.098294677789,-5127.098294677789,0.0,4708.491185453598,-9835.589480131388,-9835.589480131388,4708.491185453598,-0.7120118635083315,0,EXECUTED,13785200.612320334,2025-10-21
1022,ADANIPOWER,2025-09-23T00:00:00,LONG,0.57875,168.0500030517578,168.0500030517578,NORMAL,173.09150314331055,165.14249999999998,2025-10-21T00:00:00,2025-10-27T00:00:00,165.14249999999998,8211,1379858.5750579834,23873.50755798353,-23873.50755798353,0.0,4672.696364006094,-28546.20392198962,-28546.20392198962,4672.696364006094,-2.0687775137238305,0,EXECUTED,13670082.798382657,2025-10-21
35043,UNIONBANK,2025-07-25T00:00:00,LONG,0.6407499999999999,142.0,142.0,NORMAL,146.26,140.62090118408202,2025-10-23T00:00:00,2025-11-03T00:00:00,149.31910125732423,9684,1375128.0,13355.192933349765,70878.1765759279,0.0,4811.206516424887,66066.970059503,66066.970059503,4811.206516424887,4.804423301649228,0,EXECUTED,13743248.377795512,2025-10-23
13942,ICICIBANK,2025-10-06T00:00:00,LONG,0.6725,1352.001953125,1352.001953125,NORMAL,1392.56201171875,1311.44189453125,2025-10-23T00:00:00,2025-11-07T00:00:00,1311.44189453125,1017,1374985.986328125,41249.57958984375,-41249.57958984375,0.0,4627.6954601515135,-45877.27504999527,-45877.27504999527,4627.6954601515135,-3.3365631,0,EXECUTED,13918240.503292205,2025-10-23
16052,INFY,2025-09-19T00:00:00,SHORT,0.70175,1484.845703125,1484.845703125,NORMAL,1440.30033203125,1529.39107421875,2025-10-23T00:00:00,2025-11-06T00:00:00,1440.30033203125,925,1373482.275390625,41204.46826171871,41204.46826171871,0.0,4616.453853765966,36588.014407952745,36588.014407952745,4616.453853765966,2.663886899999997,0,EXECUTED,13966277.348063683,2025-10-23
12373,HINDCOPPER,2025-10-15T00:00:00,LONG,0.5922499999999999,330.1499938964844,330.1499938964844,NORMAL,340.0544937133789,320.24549407958983,2025-10-24T00:00:00,2025-10-27T00:00:00,347.0,4121,1360548.124847412,40816.44374542241,69438.87515258789,0.0,4759.072703015543,64679.80244957235,64679.80244957235,4759.072703015543,4.753951827821328,0,EXECUTED,13670082.798382657,2025-10-24
37097,YESBANK,2025-10-21T00:00:00,LONG,0.5519999999999999,22.63999938964844,22.63999938964844,NORMAL,23.31919937133789,21.960799407958984,2025-10-27T00:00:00,2025-11-07T00:00:00,23.31919937133789,60555,1370965.1630401611,41128.95489120488,41128.95489120488,0.0,4748.432438785848,36380.52245241903,36380.52245241903,4748.432438785848,2.653643100000003,0,EXECUTED,13918240.503292205,2025-10-27
23885,NMDC,2025-10-21T00:00:00,LONG,0.68575,74.75,74.75,NORMAL,76.9925,72.98279792785644,2025-10-27T00:00:00,2025-10-31T00:00:00,77.49719779968262,18357,1372185.75,32440.52843833936,50430.31000877393,0.0,4767.782856977321,45662.52715179661,45662.52715179661,4767.782856977321,3.3277220049688325,0,EXECUTED,13829448.166022964,2025-10-27
34272,TRIDENT,2025-10-24T00:00:00,SHORT,0.70275,28.71999931335449,28.71999931335449,NORMAL,27.85839933395385,29.57129905700684,2025-10-27T00:00:00,2025-11-11T00:00:00,27.84869911193848,46113,1324365.3283367157,39255.98507904055,40178.26618789675,0.0,4450.568126311861,35727.69806158489,35727.69806158489,4450.568126311861,2.697722244545293,0,EXECUTED,14115602.79085068,2025-10-27
5609,BEL,2025-10-21T00:00:00,LONG,0.7224999999999999,416.5,416.5,NORMAL,428.995,404.005,2025-10-28T00:00:00,2025-11-06T00:00:00,428.995,3309,1378198.5,41345.955000000016,41345.955000000016,0.0,4773.4856004465,36572.46939955352,36572.46939955352,4773.4856004465,2.6536431000000014,0,EXECUTED,13966277.348063683,2025-10-28
28711,RELIANCE,2025-10-28T00:00:00,LONG,0.693,1480.056884765625,1480.056884765625,NORMAL,1524.458591308594,1435.655178222656,2025-10-30T00:00:00,2025-11-21T00:00:00,1524.458591308594,934,1382373.1303710938,41471.19391113295,41471.19391113295,0.0,4787.944720786279,36683.24919034667,36683.24919034667,4787.944720786279,2.65364310000001,0,EXECUTED,14238631.931340337,2025-10-30
15764,INDUSTOWER,2025-10-28T00:00:00,LONG,0.5539999999999999,371.2999877929688,371.2999877929688,NORMAL,382.4389874267578,360.1609881591797,2025-10-31T00:00:00,2025-11-06T00:00:00,382.4389874267578,3705,1375666.4547729492,41269.9936431885,41269.9936431885,0.0,4764.715687091489,36505.27795609701,36505.27795609701,4764.715687091489,2.653643100000002,0,EXECUTED,13966277.348063683,2025-10-31
35720,VEDL,2025-10-27T00:00:00,LONG,0.70225,495.6000061035156,495.6000061035156,NORMAL,510.4680062866211,480.7320059204101,2025-11-03T00:00:00,2025-11-06T00:00:00,510.4680062866211,2798,1386688.8170776367,41600.664512329175,41600.664512329175,0.0,4802.892399476773,36797.7721128524,36797.7721128524,4802.892399476773,2.653643100000005,0,EXECUTED,13966277.348063683,2025-11-03
26652,PNB,2025-11-04T00:00:00,LONG,0.729,123.1500015258789,123.1500015258789,NORMAL,126.84450157165529,119.8143967437744,2025-11-06T00:00:00,2025-11-11T00:00:00,119.8143967437744,11314,1393319.117263794,37739.03250473028,-37739.03250473028,0.0,4696.026035051479,-42435.05853978176,-42435.05853978176,4696.026035051479,-3.0456094382108176,0,EXECUTED,14115602.79085068,2025-11-06
35060,UNIONBANK,2025-11-04T00:00:00,LONG,0.71925,150.8800048828125,150.8800048828125,NORMAL,155.40640502929688,146.35360473632812,2025-11-06T00:00:00,2025-11-12T00:00:00,155.40640502929688,9222,1391415.4050292969,41742.46215087893,41742.46215087893,0.0,4819.263262981916,36923.198887897015,36923.198887897015,4819.263262981916,2.653643100000002,0,EXECUTED,14093978.840308003,2025-11-06
10094,GAIL,2025-11-04T00:00:00,LONG,0.72775,183.69000244140625,183.69000244140625,NORMAL,189.20070251464844,178.17930236816406,2025-11-06T00:00:00,2025-11-11T00:00:00,178.17930236816406,7584,1393104.978515625,41793.14935546878,-41793.14935546878,0.0,4688.677301946522,-46481.826657415295,-46481.826657415295,4688.677301946522,-3.3365631000000016,0,EXECUTED,14115602.79085068,2025-11-06
37758,ZOMATO,2025-10-31T00:00:00,LONG,0.55,321.04998779296875,321.04998779296875,NORMAL,330.6814874267578,319.46950592041014,2025-11-06T00:00:00,2025-11-07T00:00:00,319.46950592041014,4351,1396888.496887207,6876.676627502501,-6876.676627502501,0.0,4758.590662211985,-11635.267289714486,-11635.267289714486,4758.590662211985,-0.832941735553141,0,EXECUTED,13918240.503292205,2025-11-06
12657,HINDZINC,2025-09-30T00:00:00,LONG,0.704,466.1499938964844,466.1499938964844,NORMAL,480.1344937133789,452.16549407958985,2025-11-07T00:00:00,2025-11-12T00:00:00,480.1344937133789,2978,1388194.6818237305,41645.8404547119,41645.8404547119,0.0,4808.108065929537,36837.73238878236,36837.73238878236,4808.108065929537,2.6536430999999987,0,EXECUTED,14093978.840308003,2025-11-07
23868,NMDC,2025-09-03T00:00:00,LONG,0.61725,72.80000305175781,72.80000305175781,NORMAL,74.98400314331055,70.61600296020508,2025-11-07T00:00:00,2025-11-12T00:00:00,74.98400314331055,19063,1387786.4581756592,41633.59374526974,41633.59374526974,0.0,4806.69415515701,36826.89959011273,36826.89959011273,4806.69415515701,2.6536430999999974,0,EXECUTED,14093978.840308003,2025-11-07
4896,BANKINDIA,2025-11-03T00:00:00,LONG,0.65225,139.8800048828125,139.8800048828125,NORMAL,144.07640502929686,135.68360473632814,2025-11-07T00:00:00,2025-11-11T00:00:00,144.07640502929686,9924,1388169.1684570312,41645.07505371083,41645.07505371083,0.0,4808.019698623551,36837.05535508728,36837.05535508728,4808.019698623551,2.6536430999999925,0,EXECUTED,14115602.79085068,2025-11-07
12366,HINDCOPPER,2025-09-30T00:00:00,LONG,0.6247499999999999,319.4599914550781,319.4599914550781,NORMAL,329.0437911987305,309.87619171142575,2025-11-10T00:00:00,2025-11-11T00:00:00,329.0437911987305,4400,1405623.9624023438,42168.71887207047,42168.71887207047,0.0,4868.475581833924,37300.24329023654,37300.24329023654,4868.475581833924,2.6536431000000107,0,EXECUTED,14115602.79085068,2025-11-10
20695,KOTAKBANK,2025-11-10T00:00:00,LONG,0.70875,417.8186645507813,417.8186645507813,NORMAL,430.3532244873047,405.2841046142578,2025-11-11T00:00:00,2025-12-02T00:00:00,430.3532244873047,3380,1412227.0861816406,42366.81258544931,42366.81258544931,0.0,4891.345956659059,37475.46662879025,37475.46662879025,4891.345956659059,2.6536431000000067,0,EXECUTED,14189457.035651626,2025-11-11
14337,IDBI,2025-11-10T00:00:00,LONG,0.653,100.41999816894533,100.41999816894533,NORMAL,103.43259811401369,97.40739822387695,2025-11-11T00:00:00,2025-11-19T00:00:00,103.43259811401369,13898,1395637.134552002,41869.11403656006,41869.11403656006,0.0,4833.885514483143,37035.22852207691,37035.22852207691,4833.885514483143,2.6536431,0,EXECUTED,14213597.264974011,2025-11-11
4899,BANKINDIA,2025-11-10T00:00:00,LONG,0.7144999999999999,144.5800018310547,144.5800018310547,NORMAL,148.91740188598632,140.24260177612305,2025-11-11T00:00:00,2025-11-19T00:00:00,148.91740188598632,9762,1411389.977874756,42341.69933624262,42341.69933624262,0.0,4888.44657427769,37453.25276196493,37453.25276196493,4888.44657427769,2.6536430999999965,0,EXECUTED,14213597.264974011,2025-11-11
33840,TATASTEEL,2025-11-10T00:00:00,LONG,0.6905,181.3699951171875,181.3699951171875,NORMAL,186.81109497070312,175.92889526367188,2025-11-11T00:00:00,2025-11-17T00:00:00,175.92889526367188,7784,1411784.0419921875,42353.521259765614,-42353.521259765614,0.0,4751.544137034207,-47105.06539679982,-47105.06539679982,4751.544137034207,-3.3365631,0,EXECUTED,14060276.053992905,2025-11-11
16758,IOC,2025-11-10T00:00:00,LONG,0.6759999999999999,169.13999938964844,169.13999938964844,NORMAL,174.21419937133788,164.0852035522461,2025-11-11T00:00:00,2025-11-14T00:00:00,174.23480377197265,8346,1411642.434906006,42187.32605895992,42521.237374877885,0.0,4889.601673997061,37631.635700880826,37631.635700880826,4889.601673997061,2.665805077146645,0,EXECUTED,14012482.365670156,2025-11-11
21659,MAHABANK,2025-11-10T00:00:00,LONG,0.534,58.290000915527344,58.290000915527344,NORMAL,60.03870094299317,57.83139896392822,2025-11-12T00:00:00,2025-11-13T00:00:00,57.83139896392822,24206,1410967.7621612549,11100.918840408323,-11100.918840408323,0.0,4799.770490852623,-15900.689331260948,-15900.689331260948,4799.770490852623,-1.1269349844609498,0,EXECUTED,14071049.113717396,2025-11-12
8092,CANBK,2025-11-11T00:00:00,LONG,0.70175,140.60000610351562,140.60000610351562,NORMAL,144.81800628662108,136.80879348754883,2025-11-12T00:00:00,2025-11-18T00:00:00,145.2711930847168,10013,1407827.861114502,37961.41192367556,46772.59524276736,0.0,4883.515921776348,41889.07932099101,41889.07932099101,4883.515921776348,2.9754404269162325,0,EXECUTED,14168906.163963744,2025-11-12
32488,SUZLON,2025-11-11T00:00:00,SHORT,0.67825,57.59999847412109,57.59999847412109,NORMAL,55.87199851989746,59.152900314331056,2025-11-12T00:00:00,2025-11-25T00:00:00,55.707100296020506,24442,1407859.1627044678,37956.0267784119,46266.21726913456,0.0,4724.815617931898,41541.40165120266,41541.40165120266,4724.815617931898,2.95067878603727,0,EXECUTED,14109692.378727006,2025-11-12
12371,HINDCOPPER,2025-10-10T00:00:00,LONG,0.59675,359.8999938964844,359.8999938964844,NORMAL,370.6969937133789,353.22549407958985,2025-11-13T00:00:00,2025-11-14T00:00:00,353.22549407958985,3916,1409368.3760986328,26137.34128295896,-26137.34128295896,0.0,4769.765274850218,-30907.106557809177,-30907.106557809177,4769.765274850218,-2.1929757387749262,0,EXECUTED,14012482.365670156,2025-11-13
12199,HINDALCO,2025-10-27T00:00:00,LONG,0.671,803.0,803.0,NORMAL,827.09,799.7165118408203,2025-11-14T00:00:00,2025-11-17T00:00:00,799.7165118408203,1750,1405250.0,5746.104278564445,-5746.104278564445,0.0,4788.987283986099,-10535.091562550544,-10535.091562550544,4788.987283986099,-0.7496951832450128,0,EXECUTED,14060276.053992905,2025-11-14
21660,MAHABANK,2025-11-12T00:00:00,LONG,0.62725,57.09000015258789,57.09000015258789,NORMAL,58.80270015716553,55.37730014801025,2025-11-14T00:00:00,2025-11-19T00:00:00,58.80270015716553,24638,1406583.4237594604,42197.50271278393,42197.50271278393,0.0,4871.79874244713,37325.7039703368,37325.7039703368,4871.79874244713,2.653643100000008,0,EXECUTED,14213597.264974011,2025-11-14
27338,POWERGRID,2025-11-10T00:00:00,SHORT,0.65925,272.0,272.0,NORMAL,263.84,280.16,2025-11-17T00:00:00,2025-12-11T00:00:00,263.84,5206,1416032.0,42480.96000000013,42480.96000000013,0.0,4759.469052192,37721.49094780813,37721.49094780813,4759.469052192,2.6638869000000094,0,EXECUTED,14232319.146362226,2025-11-17
35066,UNIONBANK,2025-11-13T00:00:00,LONG,0.66525,151.75999450683594,151.75999450683594,NORMAL,156.31279434204103,151.60129348754882,2025-11-17T00:00:00,2025-11-18T00:00:00,151.60129348754882,9203,1396647.2294464111,1460.5254804993826,-1460.5254804993826,0.0,4766.607613925896,-6227.133094425279,-6227.133094425279,4766.607613925896,-0.4458629898183757,0,EXECUTED,14168906.163963744,2025-11-17
37764,ZOMATO,2025-11-12T00:00:00,LONG,0.7182499999999999,303.1000061035156,303.1000061035156,NORMAL,312.1930062866211,296.62598815917966,2025-11-18T00:00:00,2025-11-26T00:00:00,296.5,4683,1419417.3285827637,30317.826033325346,-30907.828582763672,0.0,4796.291561583061,-35704.12014434673,-35704.12014434673,4796.291561583061,-2.5154068099193907,0,EXECUTED,14060436.114562564,2025-11-18
1049,ADANIPOWER,2025-11-17T00:00:00,LONG,0.7,153.91000366210938,153.91000366210938,NORMAL,158.52730377197267,149.29270355224608,2025-11-18T00:00:00,2025-11-20T00:00:00,149.29270355224608,9230,1420589.3338012695,42617.68001403821,-42617.68001403821,0.0,4781.1795001109,-47398.8595141491,-47398.8595141491,4781.1795001109,-3.336563100000008,0,EXECUTED,14187052.1110504,2025-11-18
15177,IDFCFIRSTB,2025-11-17T00:00:00,LONG,0.6952499999999999,80.43000030517578,80.43000030517578,NORMAL,82.84290031433106,78.0171002960205,2025-11-19T00:00:00,2025-11-26T00:00:00,78.0171002960205,17639,1418704.7753829956,42561.143261489975,-42561.143261489975,0.0,4774.836771877048,-47335.98003336702,-47335.98003336702,4774.836771877048,-3.336563100000008,0,EXECUTED,14060436.114562564,2025-11-19
17566,IRB,2025-11-18T00:00:00,SHORT,0.681,22.270000457763672,22.270000457763672,NORMAL,21.60190044403076,22.938100471496583,2025-11-19T00:00:00,2025-11-26T00:00:00,21.60190044403076,63670,1417930.929145813,42537.92787437443,42537.92787437443,0.0,4765.851601810795,37772.07627256363,37772.07627256363,4765.851601810795,2.6638869000000027,0,EXECUTED,14060436.114562564,2025-11-19
8096,CANBK,2025-11-18T00:00:00,LONG,0.6715,149.1199951171875,149.1199951171875,NORMAL,153.59359497070312,144.64639526367188,2025-11-19T00:00:00,2025-12-03T00:00:00,153.59359497070312,9516,1419025.8735351562,42570.77620605467,42570.77620605467,0.0,4914.894025774288,37655.88218028038,37655.88218028038,4914.894025774288,2.6536430999999987,0,EXECUTED,14153685.312767942,2025-11-19
6806,BHEL,2025-11-19T00:00:00,LONG,0.7162499999999999,289.1000061035156,289.1000061035156,NORMAL,297.7730062866211,280.4270059204101,2025-11-20T00:00:00,2025-11-26T00:00:00,280.4270059204101,4925,1423817.5300598145,42714.525901794594,-42714.525901794594,0.0,4792.044417512743,-47506.570319307335,-47506.570319307335,4792.044417512743,-3.336563100000011,0,EXECUTED,14060436.114562564,2025-11-20
9445,FEDERALBNK,2025-11-19T00:00:00,LONG,0.5782499999999999,244.50999450683597,244.50999450683597,NORMAL,251.84529434204103,237.17469467163085,2025-11-21T00:00:00,2025-11-27T00:00:00,251.84529434204103,5778,1412778.748260498,42383.36244781502,42383.36244781502,0.0,4893.2566763338655,37490.10577148116,37490.10577148116,4893.2566763338655,2.6536431000000062,0,EXECUTED,14174358.06642696,2025-11-21
8224,CGPOWER,2025-09-01T00:00:00,LONG,0.5735,694.2999877929688,694.2999877929688,NORMAL,715.1289874267578,673.4709881591797,2025-11-25T00:00:00,2025-12-02T00:00:00,673.4709881591797,1971,1368465.2759399414,41053.95827819825,-41053.95827819825,0.0,4605.749155127021,-45659.70743332528,-45659.70743332528,4605.749155127021,-3.3365631000000007,0,EXECUTED,14189457.035651626,2025-11-25
9494,FORTIS,2025-11-25T00:00:00,LONG,0.7244999999999999,920.0,920.0,NORMAL,947.6,894.5340118408203,2025-11-26T00:00:00,2025-12-04T00:00:00,894.5340118408203,1539,1415880.0,39192.15577697754,-39192.15577697754,0.0,4770.69049212524,-43962.84626910278,-43962.84626910278,4770.69049212524,-3.1049839159464634,0,EXECUTED,14252248.393882137,2025-11-26
32493,SUZLON,2025-11-25T00:00:00,SHORT,0.6975,54.61000061035156,54.61000061035156,NORMAL,52.97170059204102,56.24830062866211,2025-11-26T00:00:00,2025-12-05T00:00:00,52.97170059204102,25928,1415928.0958251953,42477.84287475581,42477.84287475581,0.0,4759.119816649036,37718.72305810678,37718.72305810678,4759.119816649036,2.663886899999997,0,EXECUTED,14232771.415335618,2025-11-26
17567,IRB,2025-11-25T00:00:00,SHORT,0.69075,21.600000381469727,21.600000381469727,NORMAL,20.952000370025637,22.24800039291382,2025-11-26T00:00:00,2025-12-10T00:00:00,20.952000370025637,65593,1416808.8250217438,42504.264750652415,42504.264750652415,0.0,4762.080062854158,37742.18468779826,37742.18468779826,4762.080062854158,2.663886900000008,0,EXECUTED,14110335.228122655,2025-11-26
36296,WIPRO,2025-11-25T00:00:00,SHORT,0.63975,248.0,248.0,NORMAL,240.56,254.6881044006348,2025-11-26T00:00:00,2025-12-05T00:00:00,254.6881044006348,5710,1416080.0,38189.07612762462,-38189.07612762462,0.0,4903.411158382265,-43092.487286006886,-43092.487286006886,4903.411158382265,-3.04308282625324,0,EXECUTED,14232771.415335618,2025-11-26
19143,ITC,2025-11-26T00:00:00,SHORT,0.68825,384.7357193128495,384.7357193128495,NORMAL,373.193647733464,395.0992678833008,2025-11-27T00:00:00,2026-01-02T00:00:00,372.08377655029295,3673,1413134.2970360962,38065.31389926768,46470.585766870136,0.0,4742.463845647162,41728.12192122298,41728.12192122298,4742.463845647162,2.952877303221882,0,EXECUTED,14470747.637354048,2025-11-27
10095,GAIL,2025-12-01T00:00:00,SHORT,0.71075,177.0,177.0,NORMAL,171.69,181.3726962280273,2025-12-02T00:00:00,2025-12-05T00:00:00,170.8072964477539,7995,1415115.0,34959.70634307856,49510.66490020746,0.0,4743.808820948361,44766.8560792591,44766.8560792591,4743.808820948361,3.1634783094843244,0,EXECUTED,14232771.415335618,2025-12-02
35271,VBL,2025-12-01T00:00:00,SHORT,0.70375,482.0,482.0,NORMAL,467.54,495.9964874267578,2025-12-02T00:00:00,2025-12-10T00:00:00,467.1034881591797,2938,1416116.0,41121.68005981448,43765.95178833011,0.0,4757.465637727659,39008.486150602446,39008.486150602446,4757.465637727659,2.754610932339049,0,EXECUTED,14110335.228122655,2025-12-02
28717,RELIANCE,2025-11-25T00:00:00,LONG,0.6467499999999999,1532.61376953125,1532.61376953125,NORMAL,1578.5921826171875,1486.6353564453125,2025-12-03T00:00:00,2026-01-02T00:00:00,1578.5921826171875,930,1425330.8056640625,42759.92416992189,42759.92416992189,0.0,4936.731593243071,37823.19257667882,37823.19257667882,4936.731593243071,2.653643100000001,0,EXECUTED,14470747.637354048,2025-12-03
5618,BEL,2025-11-25T00:00:00,LONG,0.537,403.7999877929688,403.7999877929688,NORMAL,415.9139874267578,391.68598815917966,2025-12-04T00:00:00,2025-12-10T00:00:00,391.68598815917966,3495,1411280.9573364258,42338.42872009288,-42338.42872009288,0.0,4749.850939721152,-47088.27965981403,-47088.27965981403,4749.850939721152,-3.336563100000007,0,EXECUTED,14110335.228122655,2025-12-04
8104,CANBK,2025-12-02T00:00:00,LONG,0.53025,146.0800018310547,146.0800018310547,NORMAL,150.46240188598634,145.985,2025-12-05T00:00:00,2025-12-08T00:00:00,145.985,9719,1419751.5377960205,923.3227960206516,-923.3227960206516,0.0,4846.3764611583465,-5769.699257178998,-5769.699257178998,4846.3764611583465,-0.4063879561726486,0,EXECUTED,14203221.275807358,2025-12-05
10693,GMRINFRA,2025-11-26T00:00:00,LONG,0.56175,104.20999908447266,104.20999908447266,NORMAL,107.33629905700684,101.08369911193849,2025-12-05T00:00:00,2025-12-09T00:00:00,101.08369911193849,13642,1421632.807510376,42648.98422531134,-42648.98422531134,0.0,4784.691447573954,-47433.67567288529,-47433.67567288529,4784.691447573954,-3.336563100000004,0,EXECUTED,14278221.083431264,2025-12-05
26664,PNB,2025-12-04T00:00:00,LONG,0.7162499999999999,119.8000030517578,119.8000030517578,NORMAL,123.39400314331056,116.20600296020508,2025-12-05T00:00:00,2025-12-10T00:00:00,116.20600296020508,11860,1420828.0361938477,42624.84108581554,-42624.84108581554,0.0,4781.982884283136,-47406.823970098674,-47406.823970098674,4781.982884283136,-3.336563100000008,0,EXECUTED,14110335.228122655,2025-12-05
12377,HINDCOPPER,2025-11-12T00:00:00,LONG,0.5315,359.70001220703125,359.70001220703125,NORMAL,370.4910125732422,348.9090118408203,2025-12-08T00:00:00,2025-12-09T00:00:00,370.4910125732422,3956,1422973.2482910156,42689.19744873047,42689.19744873047,0.0,4928.566030610065,37760.63141812041,37760.63141812041,4928.566030610065,2.6536431000000005,0,EXECUTED,14278221.083431264,2025-12-08
1021,ADANIPOWER,2025-09-22T00:00:00,LONG,0.69,141.8800048828125,141.8800048828125,NORMAL,146.13640502929687,137.62360473632813,2025-12-09T00:00:00,2025-12-11T00:00:00,137.62360473632813,9982,1416246.2087402344,42487.38626220695,-42487.38626220695,0.0,4766.562143768604,-47253.94840597556,-47253.94840597556,4766.562143768604,-3.3365630999999945,0,EXECUTED,14232319.146362226,2025-12-09
37104,YESBANK,2025-11-25T00:00:00,LONG,0.66675,22.200000762939453,22.200000762939453,NORMAL,22.86600078582764,21.53400074005127,2025-12-09T00:00:00,2025-12-18T00:00:00,21.53400074005127,63657,1413185.4485664368,42395.56345699314,-42395.56345699314,0.0,4756.260754444105,-47151.82421143725,-47151.82421143725,4756.260754444105,-3.336563100000003,0,EXECUTED,14075870.949792609,2025-12-09
10699,GMRINFRA,2025-12-09T00:00:00,LONG,0.694,98.0,98.0,NORMAL,100.94,95.74869911193848,2025-12-10T00:00:00,2025-12-16T00:00:00,101.67129905700683,14507,1421686.0,32659.621983108496,53259.53541999815,0.0,4941.424555266063,48318.11086473208,48318.11086473208,4941.424555266063,3.3986485668939608,0,EXECUTED,14211712.624091145,2025-12-10
32502,SUZLON,2025-12-09T00:00:00,SHORT,0.68125,51.9900016784668,51.9900016784668,NORMAL,50.4303016281128,53.33339874267578,2025-12-10T00:00:00,2025-12-17T00:00:00,53.33339874267578,27154,1411736.5055770874,36478.603881530806,-36478.603881530806,0.0,4885.531287641576,-41364.13516917238,-41364.13516917238,4885.531287641576,-2.9300181022281926,0,EXECUTED,14152316.56246993,2025-12-10
15183,IDFCFIRSTB,2025-12-09T00:00:00,LONG,0.7175,78.9000015258789,78.9000015258789,NORMAL,81.26700157165527,76.74640266418457,2025-12-10T00:00:00,2025-12-15T00:00:00,81.49360282897949,17976,1418306.4274291992,38713.09313781736,46622.577024536105,0.0,4919.051159576894,41703.525864959214,41703.525864959214,4919.051159576894,2.940374876573774,0,EXECUTED,14124920.05250693,2025-12-10
26666,PNB,2025-12-09T00:00:00,LONG,0.726,115.47000122070312,115.47000122070312,NORMAL,118.93410125732422,112.52,2025-12-10T00:00:00,2025-12-19T00:00:00,119.48,12260,1415662.2149658203,36167.01496582036,49162.58503417973,0.0,4914.168286773582,44248.41674740616,44248.41674740616,4914.168286773582,3.1256338044223697,0,EXECUTED,14125127.031882651,2025-12-10
17573,IRB,2025-12-09T00:00:00,SHORT,0.5505,21.0049991607666,21.0049991607666,NORMAL,20.374849185943603,21.573349685668944,2025-12-11T00:00:00,2025-12-12T00:00:00,21.573349685668944,67483,1417480.3583660126,38353.99847198479,-38353.99847198479,0.0,4908.486763153205,-43262.48523513799,-43262.48523513799,4908.486763153205,-3.0520694681800333,0,EXECUTED,14162288.297267592,2025-12-11
33858,TATASTEEL,2025-12-10T00:00:00,SHORT,0.72525,161.0,161.0,NORMAL,156.17,165.49009811401368,2025-12-11T00:00:00,2025-12-15T00:00:00,165.49009811401368,8729,1405369.0,39194.06643722538,-39194.06643722538,0.0,4868.628572011066,-44062.69500923645,-44062.69500923645,4868.628572011066,-3.135311438436201,0,EXECUTED,14124920.05250693,2025-12-11
21671,MAHABANK,2025-12-11T00:00:00,LONG,0.71475,56.720001220703125,56.720001220703125,NORMAL,58.42160125732422,55.01840118408203,2025-12-12T00:00:00,2026-01-01T00:00:00,58.42160125732422,24227,1374155.4695739746,41224.66408721926,41224.66408721926,0.0,4759.482285596861,36465.1818016224,36465.1818016224,4759.482285596861,2.653643100000002,0,EXECUTED,14380162.330630433,2025-12-12
17575,IRB,2025-12-12T00:00:00,SHORT,0.6655,20.9950008392334,20.9950008392334,NORMAL,20.365150814056395,21.516699371337893,2025-12-15T00:00:00,2025-12-29T00:00:00,21.516699371337893,67552,1418254.2966918943,35241.77924072281,-35241.77924072281,0.0,4905.582544624884,-40147.3617853477,-40147.3617853477,4905.582544624884,-2.830759045045179,0,EXECUTED,14143495.261593947,2025-12-15
20712,KOTAKBANK,2025-12-12T00:00:00,LONG,0.5305,432.67301605831847,432.67301605831847,NORMAL,445.653206540068,421.5326406860352,2025-12-15T00:00:00,2026-01-08T00:00:00,421.5326406860352,3242,1402725.9180610685,36117.09695694246,-36117.09695694246,0.0,4730.793982448507,-40847.89093939097,-40847.89093939097,4730.793982448507,-2.912036515005965,0,EXECUTED,14261974.79988691,2025-12-15
33859,TATASTEEL,2025-12-15T00:00:00,LONG,0.719,170.9499969482422,170.9499969482422,NORMAL,176.07849685668947,166.73329940795898,2025-12-16T00:00:00,2026-01-02T00:00:00,180.0,8270,1413756.474761963,34872.088658142115,74843.52523803711,0.0,4949.579944968247,69893.94529306886,69893.94529306886,4949.579944968247,4.943846167342013,0,EXECUTED,14470747.637354048,2025-12-16
12666,HINDZINC,2025-12-16T00:00:00,LONG,0.6539999999999999,564.0,564.0,NORMAL,580.92,551.0084881591797,2025-12-17T00:00:00,2025-12-19T00:00:00,585.0914874267578,2494,1406616.0,32400.830531005813,52602.16964233394,0.0,4888.893515107182,47713.27612722675,47713.27612722675,4888.893515107182,3.392061239686364,0,EXECUTED,14125127.031882651,2025-12-17
1997,ASHOKLEY,2025-12-17T00:00:00,LONG,0.6475,167.5,167.5,NORMAL,172.525,162.7175,2025-12-18T00:00:00,2025-12-23T00:00:00,172.7825,8276,1386230.0,39579.97,43717.97,0.0,4804.781800430999,38913.18819956899,38913.18819956899,4804.781800430999,2.8071235076119394,0,EXECUTED,14183780.841556525,2025-12-18
32508,SUZLON,2025-12-18T00:00:00,SHORT,0.6995,51.93999862670898,51.93999862670898,NORMAL,50.38179866790772,53.49819858551025,2025-12-19T00:00:00,2025-12-24T00:00:00,53.49819858551025,27305,1418221.6625022888,42546.649875068615,-42546.649875068615,0.0,4918.490582852651,-47465.14045792127,-47465.14045792127,4918.490582852651,-3.3468068999999967,0,EXECUTED,14148734.294748705,2025-12-19
8108,CANBK,2025-12-18T00:00:00,LONG,0.7162499999999999,150.2100067138672,150.2100067138672,NORMAL,154.7163069152832,145.70370651245116,2025-12-19T00:00:00,2026-01-02T00:00:00,154.7163069152832,9445,1418733.5134124756,42562.00540237435,42562.00540237435,0.0,4913.881416316534,37648.12398605781,37648.12398605781,4913.881416316534,2.653643100000006,0,EXECUTED,14470747.637354048,2025-12-19
6910,BIOCON,2025-12-04T00:00:00,LONG,0.5365,398.6499938964844,398.6499938964844,NORMAL,410.6094937133789,397.7,2025-12-23T00:00:00,2025-12-24T00:00:00,397.7,3549,1414808.828338623,3371.528338623087,-3371.528338623087,0.0,4825.502879537928,-8197.031218161015,-8197.031218161015,4825.502879537928,-0.5793737679589261,0,EXECUTED,14148734.294748705,2025-12-23
25305,ONGC,2025-12-16T00:00:00,SHORT,0.64325,235.3500061035156,235.3500061035156,NORMAL,228.2895059204101,242.41050628662111,2025-12-24T00:00:00,2026-01-06T00:00:00,242.41050628662111,6000,1412100.0366210938,42363.001098632936,-42363.001098632936,0.0,4897.26036190448,-47260.26146053742,-47260.26146053742,4897.26036190448,-3.3468069000000087,0,EXECUTED,14274653.443507226,2025-12-24
10702,GMRINFRA,2025-12-22T00:00:00,LONG,0.6467499999999999,101.52999877929688,101.52999877929688,NORMAL,104.5758987426758,98.48409881591796,2025-12-24T00:00:00,2025-12-26T00:00:00,104.5758987426758,13905,1411774.633026123,42353.23899078381,42353.23899078381,0.0,4889.778853935657,37463.46013684815,37463.46013684815,4889.778853935657,2.653643100000008,0,EXECUTED,14162623.317869367,2025-12-24
29065,RVNL,2025-12-24T00:00:00,SHORT,0.72775,343.95001220703125,343.95001220703125,NORMAL,333.6315118408203,352.1055062866211,2025-12-26T00:00:00,2025-12-30T00:00:00,352.1055062866211,4114,1415010.3502197266,33551.70264343268,-33551.70264343268,0.0,4891.493541481668,-38443.19618491434,-38443.19618491434,4891.493541481668,-2.716813780121451,0,EXECUTED,13932524.317305436,2025-12-26
2653,AXISBANK,2025-12-16T00:00:00,LONG,0.58775,1218.66015625,1218.66015625,NORMAL,1255.2199609375,1182.1003515625,2025-12-29T00:00:00,2026-01-01T00:00:00,1255.2199609375,1042,1269843.8828125,38095.31648437499,38095.31648437499,0.0,4398.191907349008,33697.124577025985,33697.124577025985,4398.191907349008,2.6536431,0,EXECUTED,14380162.330630433,2025-12-29
1060,ADANIPOWER,2025-12-12T00:00:00,LONG,0.69025,140.5800018310547,140.5800018310547,NORMAL,144.79740188598632,136.36260177612306,2025-12-30T00:00:00,2026-01-01T00:00:00,144.79740188598632,10058,1413953.658416748,42418.609752502336,42418.609752502336,0.0,4897.326058728837,37521.2836937735,37521.2836937735,4897.326058728837,2.6536430999999925,0,EXECUTED,14380162.330630433,2025-12-30
19717,KARURVYSYA,2025-12-29T00:00:00,LONG,0.68775,259.1700134277344,259.1700134277344,NORMAL,266.9451138305664,254.92569763183596,2026-01-01T00:00:00,2026-01-05T00:00:00,270.6942974853516,5584,1447205.3549804688,23700.259404296918,64351.602177734414,0.0,5046.668525351025,59304.93365238339,59304.93365238339,5046.668525351025,4.097893463998672,0,EXECUTED,14398644.364334129,2026-01-01
12669,HINDZINC,2025-12-29T00:00:00,LONG,0.5645,619.0,619.0,NORMAL,637.57,617.7444763183594,2026-01-01T00:00:00,2026-01-02T00:00:00,617.7444763183594,2341,1449079.0,2939.180938720703,-2939.180938720703,0.0,4943.227528353726,-7882.408467074429,-7882.408467074429,4943.227528353726,-0.543959885353002,0,EXECUTED,14470747.637354048,2026-01-01
21287,M&MFIN,2025-12-31T00:00:00,LONG,0.7275,404.3999938964844,404.3999938964844,NORMAL,416.5319937133789,392.2679940795898,2026-01-01T00:00:00,2026-01-07T00:00:00,392.2679940795898,3499,1414995.5786437988,42449.86735931408,-42449.86735931408,0.0,4762.352984346508,-47212.220343660585,-47212.220343660585,4762.352984346508,-3.336563100000008,0,EXECUTED,14273142.864989009,2026-01-01
8113,CANBK,2026-01-01T00:00:00,LONG,0.6595,154.91000366210938,154.91000366210938,NORMAL,159.55730377197267,150.26270355224608,2026-01-02T00:00:00,2026-01-12T00:00:00,150.26270355224608,9300,1440663.0340576172,43219.89102172864,-43219.89102172864,0.0,4848.740167978372,-48068.63118970701,-48068.63118970701,4848.740167978372,-3.336563100000008,0,EXECUTED,14453958.423904812,2026-01-02
37790,ZOMATO,2025-12-30T00:00:00,SHORT,0.54975,282.8500061035156,282.8500061035156,NORMAL,274.3645059204101,291.3355062866211,2026-01-02T00:00:00,2026-01-13T00:00:00,291.3355062866211,5103,1443383.5811462402,43301.50743438737,-43301.50743438737,0.0,5005.753852882261,-48307.26128726963,-48307.26128726963,5005.753852882261,-3.346806900000012,0,EXECUTED,14729638.321392829,2026-01-02
23067,NHPC,2026-01-01T00:00:00,SHORT,0.66825,79.22000122070312,79.22000122070312,NORMAL,76.84340118408203,81.59660125732422,2026-01-02T00:00:00,2026-01-06T00:00:00,81.59660125732422,18197,1441566.3622131348,43246.99086639414,-43246.99086639414,0.0,4999.451612234145,-48246.44247862828,-48246.44247862828,4999.451612234145,-3.3468069000000065,0,EXECUTED,14274653.443507226,2026-01-02
35070,UNIONBANK,2026-01-01T00:00:00,LONG,0.67325,153.75999450683594,153.75999450683594,NORMAL,158.37279434204103,149.14719467163084,2026-01-02T00:00:00,2026-01-07T00:00:00,158.37279434204103,9378,1441961.2284851074,43258.83685455338,43258.83685455338,0.0,4994.332210182934,38264.50464437045,38264.50464437045,4994.332210182934,2.653643100000011,0,EXECUTED,14273142.864989009,2026-01-02
18122,IRFC,2026-01-01T00:00:00,SHORT,0.70425,125.30999755859376,125.30999755859376,NORMAL,121.55069763183592,128.35860282897949,2026-01-02T00:00:00,2026-01-06T00:00:00,128.35860282897949,11513,1442694.0018920898,35098.59247795097,-35098.59247795097,0.0,4988.779160234182,-40087.37163818516,-40087.37163818516,4988.779160234182,-2.778646863826332,0,EXECUTED,14274653.443507226,2026-01-02
21675,MAHABANK,2026-01-02T00:00:00,LONG,0.71225,63.630001068115234,63.630001068115234,NORMAL,65.5389011001587,61.72110103607177,2026-01-05T00:00:00,2026-01-07T00:00:00,65.5389011001587,22427,1427030.0339546204,42810.90101863872,42810.90101863872,0.0,4942.616987674172,37868.28403096456,37868.28403096456,4942.616987674172,2.653643100000008,0,EXECUTED,14273142.864989009,2026-01-05
27355,POWERGRID,2026-01-05T00:00:00,SHORT,0.7105,271.25,271.25,NORMAL,263.1125,279.0785125732422,2026-01-06T00:00:00,2026-01-12T00:00:00,262.8215118408203,5252,1424605.0,41115.34803466815,44266.419812011896,0.0,4785.560192969051,39480.85961904284,39480.85961904284,4785.560192969051,2.771354840046388,0,EXECUTED,14453958.423904812,2026-01-06
29772,SAIL,2026-01-05T00:00:00,LONG,0.70575,147.39999389648438,147.39999389648438,NORMAL,151.8219937133789,143.04590118408203,2026-01-06T00:00:00,2026-01-08T00:00:00,152.10000610351562,9662,1424178.741027832,42069.24378723149,45411.51794433594,0.0,4937.125949854175,40474.39199448176,40474.39199448176,4937.125949854175,2.8419460864351427,0,EXECUTED,14261974.79988691,2026-01-06
23910,NMDC,2026-01-02T00:00:00,LONG,0.55325,83.66000366210938,83.66000366210938,NORMAL,86.16980377197265,81.1502035522461,2026-01-06T00:00:00,2026-01-09T00:00:00,86.16980377197265,17027,1424478.8823547363,42734.36647064203,42734.36647064203,0.0,4933.780898078511,37800.58557256352,37800.58557256352,4933.780898078511,2.653643099999996,0,EXECUTED,14358393.171997722,2026-01-06
32512,SUZLON,2026-01-06T00:00:00,SHORT,0.7215,53.70000076293945,53.70000076293945,NORMAL,52.08900074005127,55.28009811401368,2026-01-07T00:00:00,2026-01-12T00:00:00,52.05989822387695,26576,1427131.220275879,41992.667202148536,43587.3650781251,0.0,4795.396503975273,38791.96857414983,38791.96857414983,4795.396503975273,2.718178120064597,0,EXECUTED,14453958.423904812,2026-01-07
8620,COALINDIA,2026-01-06T00:00:00,LONG,0.713,427.0,427.0,NORMAL,439.81,414.6265118408203,2026-01-07T00:00:00,2026-01-16T00:00:00,440.2735125732422,3343,1427461.0,41364.57091613779,44373.35253234873,0.0,4946.638953938553,39426.71357841017,39426.71357841017,4946.638953938553,2.7620168661988083,0,EXECUTED,14873937.13674971,2026-01-07
15196,IDFCFIRSTB,2026-01-06T00:00:00,LONG,0.70625,84.91999816894531,84.91999816894531,NORMAL,87.46759811401367,82.38210029602051,2026-01-07T00:00:00,2026-01-15T00:00:00,82.38210029602051,16808,1427335.3292236328,42656.98744812007,-42656.98744812007,0.0,4804.1502145554505,-47461.13766267552,-47461.13766267552,4804.1502145554505,-3.325156793287737,0,EXECUTED,14785123.897119025,2026-01-07
28722,RELIANCE,2026-01-06T00:00:00,LONG,0.6935,1500.6614990234375,1500.6614990234375,NORMAL,1545.681343994141,1455.6416540527343,2026-01-07T00:00:00,2026-01-13T00:00:00,1455.6416540527343,943,1415123.7935791016,42453.71380737308,-42453.71380737308,0.0,4762.784508507426,-47216.49831588051,-47216.49831588051,4762.784508507426,-3.336563100000003,0,EXECUTED,14729638.321392829,2026-01-07
12392,HINDCOPPER,2026-01-06T00:00:00,LONG,0.6605,552.5999755859375,552.5999755859375,NORMAL,569.1779748535156,536.0219763183594,2026-01-08T00:00:00,2026-01-09T00:00:00,574.7999877929688,2524,1394762.3383789062,41842.870151367104,56032.83081054688,0.0,4854.017870360669,51178.81294018621,51178.81294018621,4854.017870360669,3.669357246889096,0,EXECUTED,14358393.171997722,2026-01-08
29773,SAIL,2026-01-06T00:00:00,LONG,0.67925,146.38999938964844,146.38999938964844,NORMAL,150.7816993713379,146.32450592041016,2026-01-08T00:00:00,2026-01-09T00:00:00,146.32450592041016,9787,1432718.9240264893,640.9845834350141,-640.9845834350141,0.0,4891.11575884531,-5532.100342280324,-5532.100342280324,4891.11575884531,-0.3861260048644435,0,EXECUTED,14358393.171997722,2026-01-08
6802,BHEL,2025-11-10T00:00:00,LONG,0.6405,263.8500061035156,263.8500061035156,NORMAL,271.7655062866211,255.93450592041012,2026-01-09T00:00:00,2026-01-12T00:00:00,303.8999938964844,5466,1442204.1333618164,43266.12400085455,218913.2332763672,0.0,5281.882304454273,213631.3509719129,213631.3509719129,5281.882304454273,14.812837241974377,0,EXECUTED,14453958.423904812,2026-01-09
12390,HINDCOPPER,2026-01-02T00:00:00,LONG,0.7072499999999999,522.6500244140625,522.6500244140625,NORMAL,538.3295251464843,506.9705236816406,2026-01-09T00:00:00,2026-01-12T00:00:00,543.9000244140625,2767,1446172.617553711,43385.1785266114,58798.75,0.0,5034.078219523901,53764.6717804761,53764.6717804761,5034.078219523901,3.7177216003040017,0,EXECUTED,14453958.423904812,2026-01-09
33866,TATASTEEL,2026-01-01T00:00:00,LONG,0.524,180.0800018310547,180.0800018310547,NORMAL,185.48240188598632,174.67760177612303,2026-01-09T00:00:00,2026-01-12T00:00:00,185.48240188598632,8032,1446402.5747070312,43392.07724121087,43392.07724121087,0.0,5009.715119275457,38382.36212193541,38382.36212193541,5009.715119275457,2.653643099999995,0,EXECUTED,14453958.423904812,2026-01-09
16772,IOC,2026-01-09T00:00:00,LONG,0.727,155.1999969482422,155.1999969482422,NORMAL,159.85599685668944,151.67889526367188,2026-01-12T00:00:00,2026-01-20T00:00:00,161.06109497070312,9468,1469433.571105957,33337.79074951171,55492.87607666015,0.0,5108.1088935183325,50384.76718314181,50384.76718314181,5108.1088935183325,3.428856409291108,0,EXECUTED,14964974.255725857,2026-01-12
35736,VEDL,2026-01-09T00:00:00,LONG,0.71925,603.0,603.0,NORMAL,621.09,585.395,2026-01-12T00:00:00,2026-01-14T00:00:00,621.605,2440,1471320.0,42956.20000000004,45396.20000000004,0.0,5098.06948926,40298.13051074004,40298.13051074004,5098.06948926,2.738909993117747,0,EXECUTED,14853582.759620905,2026-01-12
12389,HINDCOPPER,2026-01-01T00:00:00,LONG,0.5389999999999999,518.2999877929688,518.2999877929688,NORMAL,533.8489874267578,502.75098815917966,2026-01-12T00:00:00,2026-01-14T00:00:00,533.8489874267578,2821,1462124.2655639648,43863.72796691903,43863.72796691903,0.0,5064.168280355117,38799.55968656392,38799.55968656392,5064.168280355117,2.653643100000006,0,EXECUTED,14853582.759620905,2026-01-12
29775,SAIL,2026-01-08T00:00:00,LONG,0.60975,146.0,146.0,NORMAL,150.38,145.85889526367188,2026-01-12T00:00:00,2026-01-13T00:00:00,145.85889526367188,10069,1470074.0,1420.7835900878106,-1420.7835900878106,0.0,5017.3955353459,-6438.17912543371,-6438.17912543371,5017.3955353459,-0.437949322648636,0,EXECUTED,14729638.321392829,2026-01-12
22569,NATIONALUM,2026-01-06T00:00:00,LONG,0.706,330.79998779296875,330.79998779296875,NORMAL,340.72398742675784,320.87598815917966,2026-01-12T00:00:00,2026-01-13T00:00:00,340.72398742675784,4421,1462466.7460327148,43874.00238098158,43874.00238098158,0.0,5065.354485089784,38808.6478958918,38808.6478958918,5065.354485089784,2.65364310000001,0,EXECUTED,14729638.321392829,2026-01-12
6810,BHEL,2026-01-01T00:00:00,LONG,0.5905,279.0,279.0,NORMAL,287.37,278.8265118408204,2026-01-12T00:00:00,2026-01-13T00:00:00,278.8265118408204,5251,1465029.0,910.9863238524435,-910.9863238524435,0.0,5001.001020423576,-5911.98734427602,-5911.98734427602,5001.001020423576,-0.403540636006251,0,EXECUTED,14729638.321392829,2026-01-12
22570,NATIONALUM,2026-01-07T00:00:00,LONG,0.72,346.70001220703125,346.70001220703125,NORMAL,357.1010125732422,336.2990118408203,2026-01-13T00:00:00,2026-01-15T00:00:00,357.1010125732422,4269,1480062.3521118164,44401.87056335455,44401.87056335455,0.0,5126.298080841572,39275.57248251297,39275.57248251297,5126.298080841572,2.653643100000004,0,EXECUTED,14785123.897119025,2026-01-13
29777,SAIL,2026-01-12T00:00:00,LONG,0.7085,145.6699981689453,145.6699981689453,NORMAL,150.0400981140137,141.29989822387694,2026-01-13T00:00:00,2026-01-15T00:00:00,150.0400981140137,10173,1481900.891372681,44457.02674118058,44457.02674118058,0.0,5132.665988430785,39324.3607527498,39324.3607527498,5132.665988430785,2.6536431000000107,0,EXECUTED,14785123.897119025,2026-01-13
26678,PNB,2026-01-12T00:00:00,LONG,0.69875,122.9000015258789,122.9000015258789,NORMAL,126.58700157165528,119.21300148010252,2026-01-13T00:00:00,2026-01-16T00:00:00,126.58700157165528,11594,1424902.61769104,42747.07853073126,42747.07853073126,0.0,4935.248534653538,37811.82999607772,37811.82999607772,4935.248534653538,2.653643100000004,0,EXECUTED,14873937.13674971,2026-01-13
1065,ADANIPOWER,2026-01-12T00:00:00,LONG,0.71275,141.64999389648438,141.64999389648438,NORMAL,145.89949371337892,137.4295928955078,2026-01-13T00:00:00,2026-01-22T00:00:00,137.4295928955078,10457,1481233.986175537,44132.73326721209,-44132.73326721209,0.0,4985.783708682919,-49118.51697589501,-49118.51697589501,4985.783708682919,-3.316053873616299,0,EXECUTED,14848461.094507365,2026-01-13
32515,SUZLON,2026-01-12T00:00:00,SHORT,0.72275,49.29999923706055,49.29999923706055,NORMAL,47.82099925994873,50.67600078582764,2026-01-13T00:00:00,2026-01-21T00:00:00,47.72400074005127,30045,1481218.477077484,41341.9665327073,47350.87484264383,0.0,4973.375147596734,42377.49969504709,42377.49969504709,4973.375147596734,2.86098913501673,0,EXECUTED,14984921.718908846,2026-01-13
12393,HINDCOPPER,2026-01-07T00:00:00,LONG,0.724,550.0,550.0,NORMAL,566.5,548.2925,2026-01-14T00:00:00,2026-01-15T00:00:00,548.2925,2693,1481150.0,4598.297499999952,-4598.297499999952,0.0,5050.028988990751,-9648.326488990702,-9648.326488990702,5050.028988990751,-0.6514077904999968,0,EXECUTED,14785123.897119025,2026-01-14
11925,HDFCLIFE,2025-12-31T00:00:00,LONG,0.6799999999999999,743.0,743.0,NORMAL,765.29,720.71,2026-01-14T00:00:00,2026-01-20T00:00:00,720.71,1992,1480056.0,44401.67999999993,-44401.67999999993,0.0,4981.322355336,-49383.00235533593,-49383.00235533593,4981.322355336,-3.336563099999995,0,EXECUTED,14964974.255725857,2026-01-14
37128,YESBANK,2026-01-14T00:00:00,LONG,0.64825,22.790000915527344,22.790000915527344,NORMAL,23.473700942993165,22.10630088806152,2026-01-15T00:00:00,2026-01-20T00:00:00,23.473700942993165,65242,1486865.239730835,44605.95719192513,44605.95719192513,0.0,5149.860351509289,39456.09684041584,39456.09684041584,5149.860351509289,2.6536431000000054,0,EXECUTED,14964974.255725857,2026-01-15
6815,BHEL,2026-01-14T00:00:00,LONG,0.692,265.54998779296875,265.54998779296875,NORMAL,273.5164874267578,257.5834881591797,2026-01-15T00:00:00,2026-01-21T00:00:00,257.5834881591797,5596,1486017.7316894531,44580.53195068356,-44580.53195068356,0.0,5001.387344323706,-49581.91929500726,-49581.91929500726,5001.387344323706,-3.336563099999997,0,EXECUTED,14984921.718908846,2026-01-15
23074,NHPC,2026-01-14T00:00:00,SHORT,0.6285,81.41999816894531,81.41999816894531,NORMAL,78.97739822387695,83.86259811401368,2026-01-15T00:00:00,2026-01-21T00:00:00,78.97739822387695,18217,1483228.1066436768,44496.84319931042,44496.84319931042,0.0,4985.323969311368,39511.51922999906,39511.51922999906,4985.323969311368,2.663886900000008,0,EXECUTED,14984921.718908846,2026-01-15
20722,KOTAKBANK,2026-01-14T00:00:00,LONG,0.62925,420.2744140625,420.2744140625,NORMAL,432.882646484375,407.666181640625,2026-01-15T00:00:00,2026-01-28T00:00:00,407.666181640625,3539,1487351.1513671875,44620.53454101568,-44620.53454101568,0.0,5005.875142927099,-49626.40968394278,-49626.40968394278,5005.875142927099,-3.336563100000004,0,EXECUTED,15195944.10644698,2026-01-15
26680,PNB,2026-01-15T00:00:00,LONG,0.72075,128.67999267578125,128.67999267578125,NORMAL,132.5403924560547,124.8195928955078,2026-01-16T00:00:00,2026-01-20T00:00:00,132.5403924560547,11215,1443146.1178588867,43294.38353576663,43294.38353576663,0.0,4998.436156286387,38295.94737948024,38295.94737948024,4998.436156286387,2.653643100000002,0,EXECUTED,14964974.255725857,2026-01-16
23913,NMDC,2026-01-08T00:00:00,LONG,0.53775,83.8499984741211,83.8499984741211,NORMAL,86.36549842834472,83.5752035522461,2026-01-16T00:00:00,2026-01-20T00:00:00,83.5752035522461,17724,1486157.3729553225,4870.46519531249,-4870.46519531249,0.0,5066.682905354935,-9937.148100667426,-9937.148100667426,5066.682905354935,-0.6686470949511053,0,EXECUTED,14964974.255725857,2026-01-16
4907,BANKINDIA,2026-01-19T00:00:00,LONG,0.679,157.33999633789062,157.33999633789062,NORMAL,162.06019622802734,152.6197964477539,2026-01-20T00:00:00,2026-01-21T00:00:00,162.06019622802734,9381,1476006.505645752,44280.19516937249,44280.19516937249,0.0,5112.250376752951,39167.94479261954,39167.94479261954,5112.250376752951,2.653643099999996,0,EXECUTED,14984921.718908846,2026-01-20
36297,WIPRO,2025-12-05T00:00:00,LONG,0.72225,252.0,252.0,NORMAL,259.56,249.2220928955078,2026-01-20T00:00:00,2026-01-21T00:00:00,249.2220928955078,5923,1492596.0,16453.54377990722,-16453.54377990722,0.0,5069.7611820880575,-21523.30496199528,-21523.30496199528,5069.7611820880575,-1.442004732827589,0,EXECUTED,14984921.718908846,2026-01-20
28727,RELIANCE,2026-01-19T00:00:00,SHORT,0.6915,1407.0941162109375,1407.0941162109375,NORMAL,1364.8812927246092,1449.3069396972658,2026-01-20T00:00:00,2026-01-28T00:00:00,1364.8812927246092,1057,1487298.480834961,44618.95442504897,44618.95442504897,0.0,4999.0050301872925,39619.94939486168,39619.94939486168,4999.0050301872925,2.66388690000001,0,EXECUTED,15195944.10644698,2026-01-20
19156,ITC,2026-01-19T00:00:00,SHORT,0.69025,318.5153888891398,318.5153888891398,NORMAL,308.9599272224656,327.23607330322267,2026-01-20T00:00:00,2026-01-23T00:00:00,308.1737777709961,4678,1490014.989223396,40795.36168907972,48378.05681067624,0.0,5001.580971548539,43376.47583912771,43376.47583912771,5001.580971548539,2.91114358934978,0,EXECUTED,15150098.69461504,2026-01-20
4560,BANKBARODA,2026-01-19T00:00:00,LONG,0.72575,307.75,307.75,NORMAL,316.9825,299.0025,2026-01-20T00:00:00,2026-01-23T00:00:00,299.0025,4838,1488894.5,42320.40500000001,-42320.40500000001,0.0,5014.8995626185,-47335.30456261851,-47335.30456261851,5014.8995626185,-3.1792248922014634,0,EXECUTED,15150098.69461504,2026-01-20
15771,INDUSTOWER,2026-01-01T00:00:00,LONG,0.72075,418.75,418.75,NORMAL,431.3125,406.1875,2026-01-21T00:00:00,2026-01-23T00:00:00,406.1875,3555,1488656.25,44659.6875,-44659.6875,0.0,5010.267623343751,-49669.95512334375,-49669.95512334375,5010.267623343751,-3.3365631,0,EXECUTED,15150098.69461504,2026-01-21
37709,ZOMATO,2025-07-22T00:00:00,LONG,0.6174999999999999,271.70001220703125,271.70001220703125,NORMAL,279.8510125732422,263.5490118408203,2026-01-21T00:00:00,2026-01-22T00:00:00,282.0,5483,1489731.1669311523,44691.93500793465,56474.833068847656,0.0,5179.019912621393,51295.81315622626,51295.81315622626,5179.019912621393,3.4432932796791578,0,EXECUTED,14848461.094507365,2026-01-21
23903,NMDC,2025-12-23T00:00:00,LONG,0.5215,78.5199966430664,78.5199966430664,NORMAL,80.8755965423584,76.16439674377442,2026-01-21T00:00:00,2026-01-22T00:00:00,81.38999938964844,18958,1488582.096359253,44657.46289077751,54409.51206970215,0.0,5171.72507277968,49237.78699692247,49237.78699692247,5171.72507277968,3.3076971110526827,0,EXECUTED,14848461.094507365,2026-01-21
10687,GMRINFRA,2025-11-17T00:00:00,LONG,0.675,95.66999816894533,95.66999816894533,NORMAL,98.54009811401367,92.79989822387697,2026-01-21T00:00:00,2026-01-22T00:00:00,100.8000030517578,15558,1488433.8315124512,44653.014945373565,79812.61596679688,0.0,5212.684294125018,74599.93167267185,74599.93167267185,5212.684294125018,5.011975009790538,0,EXECUTED,14848461.094507365,2026-01-21
12397,HINDCOPPER,2026-01-14T00:00:00,LONG,0.65625,539.4500122070312,539.4500122070312,NORMAL,555.6335125732422,523.2665118408203,2026-01-21T00:00:00,2026-01-23T00:00:00,555.6335125732422,2746,1481329.7335205078,44439.892005615344,44439.892005615344,0.0,5130.687743799892,39309.20426181545,39309.20426181545,5130.687743799892,2.653643100000007,0,EXECUTED,15150098.69461504,2026-01-21
21684,MAHABANK,2026-01-21T00:00:00,LONG,0.715,63.31999969482422,63.31999969482422,NORMAL,65.21959968566895,62.00239822387695,2026-01-22T00:00:00,2026-01-27T00:00:00,65.83759811401367,23864,1511068.4727172852,31443.24150268557,60079.96867553714,0.0,5257.762939809521,54822.20573572761,54822.20573572761,5257.762939809521,3.628042456417832,0,EXECUTED,15202781.17088454,2026-01-22
1066,ADANIPOWER,2026-01-21T00:00:00,LONG,0.7055,137.47999572753906,137.47999572753906,NORMAL,141.60439559936523,133.3555958557129,2026-01-22T00:00:00,2026-01-28T00:00:00,133.3555958557129,11020,1515029.5529174805,45450.8865875244,-45450.8865875244,0.0,5099.030429215212,-50549.917016739615,-50549.917016739615,5099.030429215212,-3.3365631,0,EXECUTED,15195944.10644698,2026-01-22
27678,RECLTD,2026-01-21T00:00:00,SHORT,0.7224999999999999,358.8999938964844,358.8999938964844,NORMAL,348.1329940795898,369.6669937133789,2026-01-22T00:00:00,2026-01-28T00:00:00,369.6669937133789,4207,1509892.2743225098,45296.76822967539,-45296.76822967539,0.0,5236.410589917393,-50533.17881959279,-50533.17881959279,5236.410589917393,-3.3468069000000065,0,EXECUTED,15195944.10644698,2026-01-22
22576,NATIONALUM,2026-01-21T00:00:00,LONG,0.7092499999999999,354.04998779296875,354.04998779296875,NORMAL,364.6714874267578,348.1815118408203,2026-01-22T00:00:00,2026-01-28T00:00:00,369.7185125732422,4271,1512147.4978637695,25064.260791626064,66920.26933654794,0.0,5272.612801843676,61647.65653470426,61647.65653470426,5272.612801843676,4.076828260589308,0,EXECUTED,15195944.10644698,2026-01-22
2007,ASHOKLEY,2026-01-20T00:00:00,LONG,0.54625,185.3000030517578,185.3000030517578,NORMAL,190.85900314331056,182.34059585571288,2026-01-23T00:00:00,2026-01-28T00:00:00,193.61939559936525,8187,1517051.1249847412,24228.666714019888,68110.86678726207,0.0,5291.300139229745,62819.56664803233,62819.56664803233,5291.300139229745,4.140899776773455,0,EXECUTED,15195944.10644698,2026-01-23
11820,HDFCBANK,2026-01-22T00:00:00,SHORT,0.71775,905.0312717738811,905.0312717738811,NORMAL,877.8803336206648,930.8650146484376,2026-01-23T00:00:00,2026-02-04T00:00:00,967.7440559401642,1682,1522262.5991236684,43452.35551500364,-105482.90296768796,0.0,5385.920048926988,-110868.82301661494,-110868.82301661494,5385.920048926988,-7.283160151240632,0,EXECUTED,15862311.266540268,2026-01-23
6817,BHEL,2026-01-21T00:00:00,SHORT,0.6287499999999999,254.8000030517578,254.8000030517578,NORMAL,247.15600296020503,257.65449371337894,2026-01-23T00:00:00,2026-01-28T00:00:00,242.64549407958984,5969,1520901.2182159424,17038.45475921651,72550.26405487064,0.0,5063.962964095161,67486.30109077548,67486.30109077548,5063.962964095161,4.437257349950624,0,EXECUTED,15195944.10644698,2026-01-23
31076,SBIN,2026-01-22T00:00:00,LONG,0.6952499999999999,1029.7879638671875,1029.7879638671875,NORMAL,1060.681602783203,998.8943249511718,2026-01-23T00:00:00,2026-02-02T00:00:00,1060.681602783203,1390,1431405.2697753906,42942.15809326179,42942.15809326163,0.0,4957.77091883068,37984.38717443094,37984.38717443094,4957.77091883068,2.6536430999999934,0,EXECUTED,15340419.423149643,2026-01-23
37086,YESBANK,2025-09-30T00:00:00,LONG,0.59825,21.040000915527344,21.040000915527344,NORMAL,21.671200942993163,20.408800888061524,2026-01-27T00:00:00,2026-01-28T00:00:00,21.729999542236328,72278,1520729.1861724854,45621.87558517451,49871.72074127197,0.0,5274.087488870548,44597.63325240143,44597.63325240143,5274.087488870548,2.932647946650446,0,EXECUTED,15195944.10644698,2026-01-27
1068,ADANIPOWER,2026-01-27T00:00:00,SHORT,0.6945,135.0,135.0,NORMAL,130.95,136.9488069152832,2026-01-28T00:00:00,2026-01-29T00:00:00,136.9488069152832,11297,1525095.0,22015.671721954302,-22015.671721954302,0.0,5246.827918710039,-27262.499640664344,-27262.499640664344,5246.827918710039,-1.7875935361839326,0,EXECUTED,15289487.47526659,2026-01-28
2654,AXISBANK,2026-01-27T00:00:00,LONG,0.692,1314.7860107421875,1314.7860107421875,NORMAL,1354.2295910644532,1275.3424304199218,2026-01-28T00:00:00,2026-01-29T00:00:00,1354.2295910644532,1160,1525151.7724609375,45754.5531738282,45754.5531738282,0.0,5282.4683993907565,40472.08477443745,40472.08477443745,5282.4683993907565,2.653643100000005,0,EXECUTED,15289487.47526659,2026-01-28
10708,GMRINFRA,2026-01-22T00:00:00,LONG,0.53375,91.30999755859376,91.30999755859376,NORMAL,94.04929748535156,91.0247964477539,2026-01-28T00:00:00,2026-01-29T00:00:00,91.0247964477539,16683,1523324.6892700195,4758.010132141218,-4758.010132141218,0.0,5193.777984042715,-9951.788116183932,-9951.788116183932,5193.777984042715,-0.6532939554044024,0,EXECUTED,15289487.47526659,2026-01-28
21065,L&TFH,2026-01-22T00:00:00,LONG,0.6505,281.3500061035156,281.3500061035156,NORMAL,289.7905062866211,272.90950592041014,2026-01-28T00:00:00,2026-01-29T00:00:00,289.7905062866211,5407,1521259.483001709,45637.78449005136,45637.78449005136,0.0,5268.987186280747,40368.79730377061,40368.79730377061,5268.987186280747,2.653643100000006,0,EXECUTED,15289487.47526659,2026-01-28
37132,YESBANK,2026-01-23T00:00:00,LONG,0.726,21.0,21.0,NORMAL,21.63,20.9810991859436,2026-01-28T00:00:00,2026-01-29T00:00:00,20.9810991859436,72632,1525272.0,1372.8039265442824,-1372.8039265442824,0.0,5205.952943350701,-6578.756869894984,-6578.756869894984,5205.952943350701,-0.4313169631314928,0,EXECUTED,15289487.47526659,2026-01-28
20703,KOTAKBANK,2025-11-25T00:00:00,LONG,0.6395,408.59457613120605,408.59457613120605,NORMAL,420.8524134151422,400.8685443115234,2026-01-28T00:00:00,2026-02-10T00:00:00,429.2589181717522,3721,1520380.4177842175,28748.56440103913,76892.01673287226,0.0,5317.001813479057,71575.0149193932,71575.0149193932,5317.001813479057,4.707704340450904,0,EXECUTED,15994700.377178503,2026-01-28
26683,PNB,2026-01-27T00:00:00,LONG,0.67175,120.1500015258789,120.1500015258789,NORMAL,123.75450157165528,116.54550148010252,2026-01-28T00:00:00,2026-01-30T00:00:00,124.0,12698,1525664.7193756104,45769.94158126842,48887.28062438965,0.0,5289.333458943151,43597.9471654465,43597.9471654465,5289.333458943151,2.8576361904265104,0,EXECUTED,15207767.150373029,2026-01-28
37694,ZOMATO,2025-06-25T00:00:00,LONG,0.6755,255.07000732421875,255.07000732421875,NORMAL,262.7221075439453,247.41790710449217,2026-01-28T00:00:00,2026-01-30T00:00:00,262.7221075439453,5965,1521492.5936889648,45644.77781066903,45644.777810668864,0.0,5269.794581230694,40374.98322943817,40374.98322943817,5269.794581230694,2.6536430999999947,0,EXECUTED,15207767.150373029,2026-01-28
7260,BPCL,2026-01-28T00:00:00,LONG,0.72475,357.3999938964844,357.3999938964844,NORMAL,368.1219937133789,346.67799407958984,2026-01-29T00:00:00,2026-02-05T00:00:00,372.0,4264,1523953.5739746094,45718.60721923831,62254.42602539063,0.0,5305.309773294946,56949.11625209568,56949.11625209568,5305.309773294946,3.7369324909004416,0,EXECUTED,16051587.389279932,2026-01-29
1069,ADANIPOWER,2026-01-28T00:00:00,LONG,0.721,134.5,134.5,NORMAL,138.535,130.465,2026-01-29T00:00:00,2026-02-05T00:00:00,145.0,11345,1525902.5,45777.07499999996,119122.5,0.0,5404.79033325,113717.70966675,113717.70966675,5404.79033325,7.452488587360595,0,EXECUTED,16051587.389279932,2026-01-29
28730,RELIANCE,2026-01-28T00:00:00,SHORT,0.71,1396.4434009824272,1396.4434009824272,NORMAL,1354.5500989529544,1431.9800061035155,2026-01-29T00:00:00,2026-02-03T00:00:00,1333.8329085367304,1092,1524916.1938728106,38805.97279222869,68370.65775070086,0.0,5085.121812289025,63285.53593841184,63285.53593841184,5085.121812289025,4.150099277107573,0,EXECUTED,15427504.889272962,2026-01-29
8228,CGPOWER,2026-01-28T00:00:00,SHORT,0.728,535.2000122070312,535.2000122070312,NORMAL,519.1440118408203,546.5695251464844,2026-01-29T00:00:00,2026-01-30T00:00:00,546.5695251464844,2873,1537629.6350708008,32664.610675048763,-32664.610675048763,0.0,5308.608287518896,-37973.21896256766,-37973.21896256766,5308.608287518896,-2.469594634264393,0,EXECUTED,15207767.150373029,2026-01-29
32523,SUZLON,2026-01-28T00:00:00,SHORT,0.703,46.0099983215332,46.0099983215332,NORMAL,44.62969837188721,47.16370094299317,2026-01-29T00:00:00,2026-01-30T00:00:00,47.16370094299317,33187,1526933.8142967224,38287.92889839181,-38287.92889839181,0.0,5282.108777973192,-43570.037676365,-43570.037676365,5282.108777973192,-2.853433283644488,0,EXECUTED,15207767.150373029,2026-01-29
12679,HINDZINC,2026-01-27T00:00:00,LONG,0.7255,695.25,695.25,NORMAL,716.1075000000001,677.7390118408202,2026-01-30T00:00:00,2026-02-02T00:00:00,719.6610125732423,2200,1529550.0,38524.17395019547,53704.22766113297,0.0,5310.462840811268,48393.7648203217,48393.7648203217,5310.462840811268,3.1639217299415976,0,EXECUTED,15340419.423149643,2026-01-30
36303,WIPRO,2026-01-27T00:00:00,SHORT,0.6965,238.3999938964844,238.3999938964844,NORMAL,231.24799407958983,245.5519937133789,2026-01-30T00:00:00,2026-02-05T00:00:00,259.2099914550781,6434,1533865.5607299805,46015.9668218995,-133891.5242919922,0.0,5476.172207414209,-139367.6964994064,-139367.6964994064,5476.172207414209,-9.086043788158332,0,EXECUTED,16051587.389279932,2026-01-30
3858,BANDHANBNK,2026-01-28T00:00:00,SHORT,0.65925,153.39999389648438,153.39999389648438,NORMAL,148.79799407958984,153.49060440063477,2026-01-30T00:00:00,2026-02-02T00:00:00,153.49060440063477,9992,1532772.739013672,905.3801574707032,-905.3801574707032,0.0,5235.419453690744,-6140.799611161447,-6140.799611161447,5235.419453690744,-0.400633404735069,0,EXECUTED,15340419.423149643,2026-01-30
8122,CANBK,2026-01-22T00:00:00,LONG,0.5675,150.75999450683594,150.75999450683594,NORMAL,155.28279434204103,146.23719467163085,2026-01-30T00:00:00,2026-02-02T00:00:00,158.0,10152,1530515.4642333984,45915.46392700209,73500.53576660156,0.0,5346.073028703186,68154.46273789837,68154.46273789837,5346.073028703186,4.453039798067995,0,EXECUTED,15340419.423149643,2026-01-30
12204,HINDALCO,2026-01-28T00:00:00,LONG,0.69575,961.8499755859376,961.8499755859376,NORMAL,990.7054748535156,932.9944763183594,2026-02-02T00:00:00,2026-02-03T00:00:00,1000.0,1604,1542807.3608398438,46284.22082519531,61192.63916015625,0.0,5367.954759224854,55824.68440093139,55824.68440093139,5367.954759224854,3.618383332741077,0,EXECUTED,15427504.889272962,2026-02-02
35742,VEDL,2026-01-23T00:00:00,LONG,0.6207499999999999,678.6500244140625,678.6500244140625,NORMAL,699.0095251464844,658.2905236816406,2026-02-02T00:00:00,2026-02-03T00:00:00,755.0,2271,1541214.205444336,46236.42616333015,173390.79455566406,0.0,5545.655819863439,167845.13873580063,167845.13873580063,5545.655819863439,10.890448462185724,0,EXECUTED,15427504.889272962,2026-02-02
31077,SBIN,2026-01-23T00:00:00,LONG,0.6094999999999999,1001.841784674364,1001.841784674364,NORMAL,1031.8970382145949,980.9335766601562,2026-02-02T00:00:00,2026-02-03T00:00:00,980.9335766601562,1539,1541834.5066138462,32177.732133865877,-32177.732133865877,0.0,5212.224394121531,-37389.95652798741,-37389.95652798741,5212.224394121531,-2.425030466473517,0,EXECUTED,15427504.889272962,2026-02-02
12675,HINDZINC,2026-01-19T00:00:00,LONG,0.7115,637.75,637.75,NORMAL,656.8825,618.6175,2026-02-02T00:00:00,2026-02-03T00:00:00,690.0,2420,1543355.0,46300.65000000012,126445.0,0.0,5476.3361565,120968.6638435,120968.6638435,5476.3361565,7.838032328498628,0,EXECUTED,15427504.889272962,2026-02-02
8093,CANBK,2025-11-12T00:00:00,LONG,0.65975,140.8699951171875,140.8699951171875,NORMAL,145.09609497070312,136.64389526367188,2026-02-03T00:00:00,2026-02-04T00:00:00,145.09609497070312,11181,1575067.4154052734,47252.02246215815,47252.02246215815,0.0,5455.354672907828,41796.66778925032,41796.66778925032,5455.354672907828,2.6536430999999965,0,EXECUTED,15862311.266540268,2026-02-03
15202,IDFCFIRSTB,2026-01-22T00:00:00,LONG,0.6945,81.51000213623047,81.51000213623047,NORMAL,83.95530220031739,79.06470207214355,2026-02-03T00:00:00,2026-02-05T00:00:00,84.61000061035156,19398,1581131.0214385986,47433.93064315811,60133.77040100098,0.0,5497.086339229792,54636.68406177119,54636.68406177119,5497.086339229792,3.4555443743087007,0,EXECUTED,16051587.389279932,2026-02-03
33877,TATASTEEL,2026-01-22T00:00:00,LONG,0.6885,184.41000366210935,184.41000366210935,NORMAL,189.94230377197263,178.8777035522461,2026-02-03T00:00:00,2026-02-05T00:00:00,193.5800018310547,8569,1580209.3213806152,47406.2796414185,78577.71430969238,0.0,5524.045151853959,73053.66915783842,73053.66915783842,5524.045151853959,4.623037477972352,0,EXECUTED,16051587.389279932,2026-02-03
9456,FEDERALBNK,2026-01-22T00:00:00,LONG,0.6519999999999999,276.1000061035156,276.1000061035156,NORMAL,284.3830062866211,267.81700592041017,2026-02-03T00:00:00,2026-02-04T00:00:00,284.79998779296875,5735,1583433.535003662,47503.0060501098,49894.39498901367,0.0,5488.234769564072,44406.1602194496,44406.1602194496,5488.234769564072,2.8044221142093533,0,EXECUTED,15862311.266540268,2026-02-03
4550,BANKBARODA,2025-11-03T00:00:00,LONG,0.56725,278.3999938964844,278.3999938964844,NORMAL,286.7519937133789,270.04799407958984,2026-02-03T00:00:00,2026-02-05T00:00:00,290.0,5660,1575743.9654541016,47272.31896362306,65656.03454589844,0.0,5487.705689628845,60168.3288562696,60168.3288562696,5487.705689628845,3.8184076966418936,0,EXECUTED,16051587.389279932,2026-02-03
21905,MANAPPURAM,2026-01-12T00:00:00,LONG,0.7015,285.8500061035156,285.8500061035156,NORMAL,294.4255062866211,277.2745059204101,2026-02-04T00:00:00,2026-02-06T00:00:00,294.4255062866211,5621,1606762.884307861,48202.88652923588,48202.88652923588,0.0,5565.134116439294,42637.75241279658,42637.75241279658,5565.134116439294,2.6536431000000023,0,EXECUTED,15743476.715596596,2026-02-04
35744,VEDL,2026-01-28T00:00:00,LONG,0.7035,695.0,695.0,NORMAL,715.85,684.2865118408203,2026-02-04T00:00:00,2026-02-05T00:00:00,684.2865118408203,2316,1609620.0,24812.438576660294,-24812.438576660294,0.0,5455.7071085113175,-30268.14568517161,-30268.14568517161,5455.7071085113175,-1.880452882367988,0,EXECUTED,16051587.389279932,2026-02-04
4910,BANKINDIA,2026-01-22T00:00:00,LONG,0.68875,157.47999572753906,157.47999572753906,NORMAL,162.20439559936523,152.7555958557129,2026-02-04T00:00:00,2026-02-09T00:00:00,162.20439559936523,10221,1609603.0363311768,48288.09108993523,48288.09108993523,0.0,5574.971178942537,42713.1199109927,42713.1199109927,5574.971178942537,2.653643099999996,0,EXECUTED,16024562.271130092,2026-02-04
18134,IRFC,2026-02-03T00:00:00,SHORT,0.6355,115.5999984741211,115.5999984741211,NORMAL,112.13199851989746,118.37790031433106,2026-02-05T00:00:00,2026-02-17T00:00:00,111.4821002960205,12595,1455981.9807815552,34987.673677444494,51864.92755317692,0.0,4879.157211198672,46985.77034197825,46985.77034197825,4879.157211198672,3.2270846042172034,0,EXECUTED,16001893.019222284,2026-02-05
37801,ZOMATO,2026-02-03T00:00:00,SHORT,0.6455,279.75,279.75,NORMAL,271.3575,280.8294937133789,2026-02-05T00:00:00,2026-02-06T00:00:00,280.8294937133789,5660,1583385.0,6109.934417724545,-6109.934417724545,0.0,5417.516157112711,-11527.450574837256,-11527.450574837256,5417.516157112711,-0.728025753359875,0,EXECUTED,15743476.715596596,2026-02-05
27681,RECLTD,2026-02-03T00:00:00,SHORT,0.6585,372.5,372.5,NORMAL,361.325,373.9930062866211,2026-02-05T00:00:00,2026-02-06T00:00:00,373.9930062866211,4262,1587595.0,6363.192793579111,-6363.192793579111,0.0,5432.343005515997,-11795.535799095109,-11795.535799095109,5432.343005515997,-0.7429814152283869,0,EXECUTED,15743476.715596596,2026-02-05
12402,HINDCOPPER,2026-01-29T00:00:00,LONG,0.54425,624.75,624.75,NORMAL,643.4925000000001,614.3980236816406,2026-02-05T00:00:00,2026-02-06T00:00:00,614.3980236816406,2563,1601234.25,26532.115303955263,-26532.115303955263,0.0,5424.266098239354,-31956.38140219462,-31956.38140219462,5424.266098239354,-1.9957343157126837,0,EXECUTED,15743476.715596596,2026-02-05
10106,GAIL,2026-02-03T00:00:00,SHORT,0.6765,163.69000244140625,163.69000244140625,NORMAL,158.77930236816405,165.2016993713379,2026-02-05T00:00:00,2026-02-06T00:00:00,165.2016993713379,9710,1589429.9237060547,14678.577189636277,-14678.577189636277,0.0,5453.429045611783,-20132.00623524806,-20132.00623524806,5453.429045611783,-1.266618045563563,0,EXECUTED,15743476.715596596,2026-02-05
5635,BEL,2026-02-02T00:00:00,LONG,0.6665,436.7999877929688,436.7999877929688,NORMAL,449.90398742675785,435.53,2026-02-05T00:00:00,2026-02-06T00:00:00,435.53,3658,1597814.3553466797,4645.615346679788,-4645.615346679788,0.0,5448.313859836388,-10093.929206516175,-10093.929206516175,5448.313859836388,-0.6317335410549672,0,EXECUTED,15743476.715596596,2026-02-05
25820,PFC,2026-02-03T00:00:00,SHORT,0.68825,392.7000122070313,392.7000122070313,NORMAL,380.9190118408203,397.2194937133789,2026-02-05T00:00:00,2026-02-06T00:00:00,397.2194937133789,4071,1598681.7496948242,18398.80921234144,-18398.80921234144,0.0,5491.650900167102,-23890.46011250854,-23890.46011250854,5491.650900167102,-1.4943849904503532,0,EXECUTED,15743476.715596596,2026-02-05
4561,BANKBARODA,2026-02-02T00:00:00,LONG,0.61575,291.3999938964844,291.3999938964844,NORMAL,300.1419937133789,290.41799407958985,2026-02-06T00:00:00,2026-02-09T00:00:00,290.41799407958985,5488,1599203.1665039062,5389.214995117175,-5389.214995117175,0.0,5451.842316707709,-10841.057311824885,-10841.057311824885,5451.842316707709,-0.6779036922197341,0,EXECUTED,16024562.271130092,2026-02-06
1074,ADANIPOWER,2026-02-05T00:00:00,LONG,0.689,155.2899932861328,155.2899932861328,NORMAL,159.9486930847168,150.63129348754882,2026-02-06T00:00:00,2026-02-10T00:00:00,150.63129348754882,10333,1604611.5006256104,48138.34501876843,-48138.34501876843,0.0,5400.530209462073,-53538.8752282305,-53538.8752282305,5400.530209462073,-3.336563100000007,0,EXECUTED,15994700.377178503,2026-02-06
17585,IRB,2026-02-05T00:00:00,SHORT,0.68975,21.049999237060547,21.049999237060547,NORMAL,20.41849925994873,21.65060047149658,2026-02-06T00:00:00,2026-02-11T00:00:00,21.924999237060547,76271,1605504.491809845,45808.456751670776,-66737.125,0.0,5601.1012156213965,-72338.2262156214,-72338.2262156214,5601.1012156213965,-4.505638357577955,0,EXECUTED,15830397.148696445,2026-02-06
33883,TATASTEEL,2026-02-04T00:00:00,LONG,0.54925,192.92999267578125,192.92999267578125,NORMAL,198.7178924560547,187.1420928955078,2026-02-06T00:00:00,2026-02-11T00:00:00,202.0,8286,1598617.9193115234,47958.5375793458,75154.08068847656,0.0,5581.314753188928,69572.76593528764,69572.76593528764,5581.314753188928,4.352057179820087,0,EXECUTED,15830397.148696445,2026-02-06
35274,VBL,2026-02-05T00:00:00,SHORT,0.7132499999999999,447.4500122070313,447.4500122070313,NORMAL,434.0265118408203,458.2469937133789,2026-02-06T00:00:00,2026-02-11T00:00:00,458.2469937133789,3580,1601871.043701172,38653.19379272463,-38653.19379272463,0.0,5538.6404531187945,-44191.83424584343,-44191.83424584343,5538.6404531187945,-2.758763535904666,0,EXECUTED,15830397.148696445,2026-02-06
36307,WIPRO,2026-02-05T00:00:00,SHORT,0.7215,233.33999633789065,233.33999633789065,NORMAL,226.3397964477539,240.3401962280273,2026-02-06T00:00:00,2026-02-16T00:00:00,226.1999969482422,6867,1602345.754852295,48070.37264556881,49030.37580871582,0.0,5383.982975714773,43646.392833001046,43646.392833001046,5383.982975714773,2.723906042177794,0,EXECUTED,16139843.52190044,2026-02-06
25313,ONGC,2026-02-02T00:00:00,LONG,0.6785,268.0,268.0,NORMAL,276.04,260.8911917114258,2026-02-06T00:00:00,2026-02-16T00:00:00,277.02879119873046,5966,1598888.0,42411.15024963373,53865.76829162592,0.0,5547.4880583824215,48318.2802332435,48318.2802332435,5547.4880583824215,3.0219927995734226,0,EXECUTED,16139843.52190044,2026-02-06
26685,PNB,2026-02-03T00:00:00,LONG,0.64,122.0199966430664,122.0199966430664,NORMAL,125.6805965423584,118.3593967437744,2026-02-09T00:00:00,2026-02-17T00:00:00,118.3593967437744,13101,1598583.976020813,47957.51928062443,-47957.51928062443,0.0,5380.243785798904,-53337.76306642334,-53337.76306642334,5380.243785798904,-3.336563100000003,0,EXECUTED,16001893.019222284,2026-02-09
32525,SUZLON,2026-02-02T00:00:00,SHORT,0.7155,47.84999847412109,47.84999847412109,NORMAL,46.41449851989746,49.10009811401368,2026-02-09T00:00:00,2026-02-17T00:00:00,46.23989822387695,33428,1599529.74899292,41788.33076232924,53822.43116516127,0.0,5365.826561845557,48456.60460331571,48456.60460331571,5365.826561845557,3.0294281574834403,0,EXECUTED,16001893.019222284,2026-02-09
12682,HINDZINC,2026-02-02T00:00:00,LONG,0.69025,625.0,625.0,NORMAL,643.75,609.645,2026-02-10T00:00:00,2026-02-17T00:00:00,599.9500122070312,2543,1589375.0,39047.76500000004,-63702.11895751953,0.0,5323.09890622564,-69025.21786374517,-69025.21786374517,5323.09890622564,-4.342915791663086,0,EXECUTED,16001893.019222284,2026-02-10
14355,IDBI,2026-02-05T00:00:00,LONG,0.717,108.76000213623048,108.76000213623048,NORMAL,112.0228022003174,105.8852035522461,2026-02-10T00:00:00,2026-02-11T00:00:00,105.8852035522461,14621,1590179.9912338257,42032.43009643551,-42032.43009643551,0.0,5361.21906242061,-47393.64915885612,-47393.64915885612,5361.21906242061,-2.9803952646947365,0,EXECUTED,15830397.148696445,2026-02-10
14356,IDBI,2026-02-09T00:00:00,LONG,0.7125,105.0,105.0,NORMAL,108.15,103.654200592041,2026-02-11T00:00:00,2026-02-12T00:00:00,110.06580062866212,15030,1578150.0,20227.36510162365,76138.98344879162,0.0,5513.032652683463,70625.95079610815,70625.95079610815,5513.032652683463,4.475236878377096,0,EXECUTED,15825362.075871725,2026-02-11
12205,HINDALCO,2026-01-29T00:00:00,LONG,0.7085,970.25,970.25,NORMAL,999.3575,968.2540118408205,2026-02-11T00:00:00,2026-02-12T00:00:00,968.2540118408205,1630,1581507.5,3253.460699462846,-3253.460699462846,0.0,5394.904885600266,-8648.365585063113,-8648.365585063113,5394.904885600266,-0.5468431597740202,0,EXECUTED,15825362.075871725,2026-02-11
31716,SUNTV,2025-10-03T00:00:00,SHORT,0.58775,602.9000244140625,602.9000244140625,NORMAL,584.8130236816406,620.9870251464844,2026-02-11T00:00:00,2026-02-12T00:00:00,569.7000122070312,2629,1585024.1641845703,47550.7249255371,87282.83209228516,0.0,5256.659319386554,82026.1727728986,82026.1727728986,5256.659319386554,5.17507395952526,0,EXECUTED,15825362.075871725,2026-02-11
12405,HINDCOPPER,2026-02-05T00:00:00,LONG,0.7175,610.0,610.0,NORMAL,628.3000000000001,595.2405236816406,2026-02-11T00:00:00,2026-02-12T00:00:00,595.2405236816406,2593,1581730.0,38271.32209350583,-38271.32209350583,0.0,5338.50497894677,-43609.827072452594,-43609.827072452594,5338.50497894677,-2.75709679101064,0,EXECUTED,15825362.075871725,2026-02-11
4919,BANKINDIA,2026-02-09T00:00:00,LONG,0.5465,163.66000366210938,163.66000366210938,NORMAL,168.56980377197266,158.7502035522461,2026-02-12T00:00:00,2026-02-19T00:00:00,168.56980377197266,9796,1603213.3958740234,48096.40187622073,48096.40187622073,0.0,5552.840218333996,42543.561657886734,42543.561657886734,5552.840218333996,2.653643100000002,0,EXECUTED,16164747.62544965,2026-02-12
17589,IRB,2026-02-11T00:00:00,SHORT,0.70625,22.170000076293945,22.170000076293945,NORMAL,21.504900074005125,22.83510007858277,2026-02-12T00:00:00,2026-02-18T00:00:00,21.504900074005125,72595,1609431.155538559,48282.93466615692,48282.93466615692,0.0,5409.508949246472,42873.42571691045,42873.42571691045,5409.508949246472,2.66388690000001,0,EXECUTED,16203944.107392162,2026-02-12
37141,YESBANK,2026-02-09T00:00:00,LONG,0.6625,21.290000915527344,21.290000915527344,NORMAL,21.928700942993164,20.651300888061524,2026-02-12T00:00:00,2026-02-26T00:00:00,20.651300888061524,75308,1603307.3889465332,48099.22166839596,-48099.22166839596,0.0,5396.14105076751,-53495.36271916347,-53495.36271916347,5396.14105076751,-3.336563099999998,0,EXECUTED,16477733.124077648,2026-02-12
34275,TRIDENT,2026-02-11T00:00:00,SHORT,0.72525,27.489999771118164,27.489999771118164,NORMAL,26.665299777984615,28.31469976425171,2026-02-12T00:00:00,2026-02-16T00:00:00,26.5,58434,1606350.6466255188,48190.51939876562,57849.6466255188,0.0,5381.939492786834,52467.707132731965,52467.707132731965,5381.939492786834,3.2662673771104425,0,EXECUTED,16139843.52190044,2026-02-12
28732,RELIANCE,2026-01-30T00:00:00,SHORT,0.72525,1413.564201587246,1413.564201587246,NORMAL,1371.1572755396287,1430.6472424316407,2026-02-16T00:00:00,2026-02-17T00:00:00,1430.6472424316407,1133,1601568.2403983497,19355.08527669913,-19355.08527669913,0.0,5503.211482152867,-24858.296758852,-24858.296758852,5503.211482152867,-1.5521222344337402,0,EXECUTED,16001893.019222284,2026-02-16
15204,IDFCFIRSTB,2026-02-03T00:00:00,LONG,0.695,81.20999908447266,81.20999908447266,NORMAL,83.64629905700684,78.77369911193847,2026-02-16T00:00:00,2026-02-20T00:00:00,83.64629905700684,19699,1599755.7719650269,47992.67315895094,47992.67315895094,0.0,5540.864499349136,42451.80865960181,42451.80865960181,5540.864499349136,2.653643100000009,0,EXECUTED,16259751.093493108,2026-02-16
10710,GMRINFRA,2026-02-02T00:00:00,LONG,0.6224999999999999,93.88999938964844,93.88999938964844,NORMAL,96.70669937133788,91.07329940795898,2026-02-16T00:00:00,2026-02-18T00:00:00,96.70669937133788,17039,1599791.6996002195,47993.75098800659,47993.75098800659,0.0,5540.988937192633,42452.76205081396,42452.76205081396,5540.988937192633,2.6536431,0,EXECUTED,16203944.107392162,2026-02-16
16068,INFY,2026-02-16T00:00:00,SHORT,0.677,1340.9819956812096,1340.9819956812096,NORMAL,1300.7525358107732,1376.7754260253907,2026-02-17T00:00:00,2026-02-18T00:00:00,1376.7754260253907,1208,1619906.2507829012,43238.46385577084,-43238.46385577084,0.0,5608.395798053434,-48846.85965382427,-48846.85965382427,5608.395798053434,-3.0154127518315685,0,EXECUTED,16203944.107392162,2026-02-17
8664,COFORGE,2026-02-16T00:00:00,SHORT,0.6925,1361.800048828125,1361.800048828125,NORMAL,1320.9460473632812,1402.6540502929688,2026-02-17T00:00:00,2026-02-19T00:00:00,1402.6540502929688,1192,1623265.658203125,48697.96974609382,-48697.96974609382,0.0,5629.597307978853,-54327.56705407267,-54327.56705407267,5629.597307978853,-3.346806900000004,0,EXECUTED,16164747.62544965,2026-02-17
33964,TCS,2026-02-12T00:00:00,SHORT,0.70375,2698.514404296875,2698.514404296875,NORMAL,2617.5589721679685,2779.469836425781,2026-02-17T00:00:00,2026-02-19T00:00:00,2617.5589721679685,601,1621807.156982422,48654.21470947282,48654.21470947282,0.0,5451.106311355485,43203.108398117336,43203.108398117336,5451.106311355485,2.66388690000001,0,EXECUTED,16164747.62544965,2026-02-17
2021,ASHOKLEY,2026-02-16T00:00:00,LONG,0.6575,204.6300048828125,204.6300048828125,NORMAL,210.7689050292969,198.4911047363281,2026-02-17T00:00:00,2026-02-25T00:00:00,210.7689050292969,7906,1617804.8186035156,48534.14455810557,48534.14455810557,0.0,5603.37861776576,42930.76594033981,42930.76594033981,5603.37861776576,2.6536431000000067,0,EXECUTED,16353786.16876196,2026-02-17
23926,NMDC,2026-02-16T00:00:00,LONG,0.6565,79.31999969482422,79.31999969482422,NORMAL,81.69959968566894,77.0471002960205,2026-02-17T00:00:00,2026-02-27T00:00:00,81.81290031433106,18910,1499941.194229126,42980.52763137827,47140.75071487436,0.0,5198.647049206663,41942.103665667695,41942.103665667695,5198.647049206663,2.7962498681305474,0,EXECUTED,16621822.89249389,2026-02-17
36310,WIPRO,2026-02-13T00:00:00,SHORT,0.597,219.0800018310547,219.0800018310547,NORMAL,212.50760177612304,225.65240188598636,2026-02-18T00:00:00,2026-02-19T00:00:00,212.50760177612304,7368,1614181.453491211,48425.44360473639,48425.44360473639,0.0,5425.475322954368,42999.968281782014,42999.968281782014,5425.475322954368,2.663886900000003,0,EXECUTED,16164747.62544965,2026-02-18
12401,HINDCOPPER,2026-01-28T00:00:00,LONG,0.694,562.1500244140625,562.1500244140625,NORMAL,579.0145251464844,545.2855236816406,2026-02-18T00:00:00,2026-02-20T00:00:00,545.2855236816406,2875,1616181.3201904297,48485.43960571297,-48485.43960571297,0.0,5439.469952853836,-53924.9095585668,-53924.9095585668,5439.469952853836,-3.3365631000000047,0,EXECUTED,16259751.093493108,2026-02-18
16067,INFY,2026-02-12T00:00:00,SHORT,0.6045,1361.4392729027982,1361.4392729027982,NORMAL,1320.596094715714,1397.3423583984377,2026-02-18T00:00:00,2026-02-23T00:00:00,1315.9437744140623,1184,1611944.099116913,42509.25322683692,53866.670210662975,0.0,5408.137754528147,48458.53245613482,48458.53245613482,5408.137754528147,3.0062166847276117,0,EXECUTED,16024565.956140429,2026-02-18
31086,SBIN,2026-02-17T00:00:00,LONG,0.6134999999999999,1191.9156494140625,1191.9156494140625,NORMAL,1227.6731188964843,1156.1581799316407,2026-02-19T00:00:00,2026-03-05T00:00:00,1151.3468160340765,1365,1626964.8614501953,48808.945843505775,-55376.45756368092,0.0,5465.04322422664,-60841.50078790756,-60841.50078790756,5465.04322422664,-3.7395706711008176,0,EXECUTED,16550198.776166046,2026-02-19
14360,IDBI,2026-02-18T00:00:00,LONG,0.628,113.73999786376952,113.73999786376952,NORMAL,117.15219779968264,110.32779792785644,2026-02-19T00:00:00,2026-03-04T00:00:00,117.15219779968264,14302,1626709.4494476318,48801.28348342907,48801.28348342907,0.0,5634.220421113885,43167.06306231518,43167.06306231518,5634.220421113885,2.6536431000000067,0,EXECUTED,16534486.40750244,2026-02-19
10714,GMRINFRA,2026-02-18T00:00:00,LONG,0.64325,99.8000030517578,99.8000030517578,NORMAL,102.79400314331056,96.80600296020508,2026-02-19T00:00:00,2026-02-27T00:00:00,102.79400314331056,16294,1626141.2497253418,48784.237491760265,48784.237491760265,0.0,5632.252422169953,43151.98506959032,43151.98506959032,5632.252422169953,2.653643100000001,0,EXECUTED,16621822.89249389,2026-02-19
27374,POWERGRID,2026-02-18T00:00:00,LONG,0.6595,299.45001220703125,299.45001220703125,NORMAL,308.4335125732422,291.7275,2026-02-19T00:00:00,2026-02-27T00:00:00,309.77250000000004,5429,1625714.116271973,41925.51877197286,56040.78622802754,0.0,5642.638796782287,50398.147431245256,50398.147431245256,5642.638796782287,3.1000621158913484,0,EXECUTED,16621822.89249389,2026-02-19
4921,BANKINDIA,2026-02-18T00:00:00,LONG,0.5559999999999999,170.2100067138672,170.2100067138672,NORMAL,175.3163069152832,165.10370651245117,2026-02-20T00:00:00,2026-02-26T00:00:00,175.3163069152832,9373,1595378.3929290771,47861.35178787234,47861.35178787234,0.0,5525.703145018972,42335.64864285337,42335.64864285337,5525.703145018972,2.653643100000002,0,EXECUTED,16477733.124077648,2026-02-20
35090,UNIONBANK,2026-02-18T00:00:00,LONG,0.6465,188.88999938964844,188.88999938964844,NORMAL,194.55669937133788,183.223299407959,2026-02-20T00:00:00,2026-02-23T00:00:00,194.55669937133788,8488,1603298.314819336,48098.94944458003,48098.94944458003,0.0,5553.134340960492,42545.815103619534,42545.815103619534,5553.134340960492,2.653643099999997,0,EXECUTED,16024565.956140429,2026-02-20
21688,MAHABANK,2026-02-18T00:00:00,LONG,0.69025,67.30000305175781,67.30000305175781,NORMAL,69.31900314331055,65.28100296020507,2026-02-23T00:00:00,2026-02-24T00:00:00,69.31900314331055,24131,1624016.3736419678,48720.491209259184,48720.491209259184,0.0,5624.892767238738,43095.59844202045,43095.59844202045,5624.892767238738,2.6536431000000094,0,EXECUTED,16293335.04381732,2026-02-23
5643,BEL,2026-02-19T00:00:00,LONG,0.52925,435.0,435.0,NORMAL,448.05,434.2690118408203,2026-02-23T00:00:00,2026-02-24T00:00:00,434.2690118408203,3740,1626900.0,2733.89571533198,-2733.89571533198,0.0,5550.750202023864,-8284.645917355845,-8284.645917355845,5550.750202023864,-0.509228957978723,0,EXECUTED,16293335.04381732,2026-02-23
18140,IRFC,2026-02-23T00:00:00,SHORT,0.689,112.0,112.0,NORMAL,108.64,115.23639717102051,2026-02-24T00:00:00,2026-02-27T00:00:00,105.98999786376952,14573,1632176.0,47164.015973281945,87583.76113128662,0.0,5417.127632135708,82166.6334991509,82166.6334991509,5417.127632135708,5.034177288426672,0,EXECUTED,16621822.89249389,2026-02-24
36315,WIPRO,2026-02-23T00:00:00,SHORT,0.62775,210.3600006103516,210.3600006103516,NORMAL,204.04920059204105,216.1558006286621,2026-02-24T00:00:00,2026-02-26T00:00:00,203.0,7758,1631972.8847351074,44963.81654205331,57098.88473510742,0.0,5470.767269953116,51628.117465154304,51628.117465154304,5470.767269953116,3.1635401511915613,0,EXECUTED,16477733.124077648,2026-02-24
24664,NYKAA,2026-02-06T00:00:00,LONG,0.699,258.2900085449219,258.2900085449219,NORMAL,266.03870880126954,250.5413082885742,2026-02-25T00:00:00,2026-02-26T00:00:00,266.44000244140625,6373,1646082.224456787,49382.466733703644,51939.91110229492,0.0,5705.493880522421,46234.4172217725,46234.4172217725,5705.493880522421,2.808755026622684,0,EXECUTED,16477733.124077648,2026-02-25
5644,BEL,2026-02-25T00:00:00,LONG,0.70775,435.0,435.0,NORMAL,448.05,421.99848815917966,2026-02-26T00:00:00,2026-03-02T00:00:00,448.1014874267578,3818,1660830.0,49639.77220825206,50021.47899536144,0.0,5752.720178164129,44268.75881719731,44268.75881719731,5752.720178164129,2.6654599698462405,0,EXECUTED,16589320.670793757,2026-02-26
8137,CANBK,2026-02-25T00:00:00,LONG,0.7295,157.02999877929688,157.02999877929688,NORMAL,161.7408987426758,152.31909881591795,2026-02-26T00:00:00,2026-03-02T00:00:00,161.7408987426758,10585,1662162.5370788574,49864.87611236588,49864.87611236588,0.0,5757.014636387681,44107.86147597819,44107.86147597819,5757.014636387681,2.653643100000009,0,EXECUTED,16589320.670793757,2026-02-26
15213,IDFCFIRSTB,2026-02-24T00:00:00,SHORT,0.5445,71.55000305175781,71.55000305175781,NORMAL,69.40350296020507,72.14120094299317,2026-02-26T00:00:00,2026-03-02T00:00:00,72.14120094299317,23193,1659459.220779419,13711.652691421548,-13711.652691421548,0.0,5690.827733865324,-19402.48042528687,-19402.48042528687,5690.827733865324,-1.1692050146416897,0,EXECUTED,16589320.670793757,2026-02-26
17594,IRB,2026-02-25T00:00:00,SHORT,0.708,20.200000762939453,20.200000762939453,NORMAL,19.594000740051268,20.68239992141724,2026-02-26T00:00:00,2026-03-02T00:00:00,20.68239992141724,82375,1663975.0628471377,39737.63067960737,-39737.63067960737,0.0,5752.6336287581,-45490.26430836547,-45490.26430836547,5752.6336287581,-2.733830892304933,0,EXECUTED,16589320.670793757,2026-02-26
23925,NMDC,2026-02-13T00:00:00,LONG,0.58125,82.30999755859375,82.30999755859375,NORMAL,84.77929748535156,82.19779792785644,2026-02-27T00:00:00,2026-03-02T00:00:00,82.19779792785644,20128,1656735.630859375,2258.3541674805374,-2258.3541674805374,0.0,5653.403173624844,-7911.757341105381,-7911.757341105381,5653.403173624844,-0.4775509860315751,0,EXECUTED,16589320.670793757,2026-02-27
37808,ZOMATO,2026-02-26T00:00:00,SHORT,0.726,251.5500030517578,251.5500030517578,NORMAL,244.00350296020508,257.70599685668947,2026-02-27T00:00:00,2026-03-05T00:00:00,238.0,6582,1655702.12008667,40518.75122406015,89186.12008666992,0.0,5494.604037417472,83691.51604925244,83691.51604925244,5494.604037417472,5.054744753535225,0,EXECUTED,16550198.776166046,2026-02-27
27376,POWERGRID,2026-02-25T00:00:00,LONG,0.7144999999999999,304.79998779296875,304.79998779296875,NORMAL,313.9439874267578,295.6559881591797,2026-02-27T00:00:00,2026-03-05T00:00:00,290.0,5436,1656892.733642578,49706.78200927736,-80452.73364257812,0.0,5526.302931171167,-85979.0365737493,-85979.0365737493,5526.302931171167,-5.189173374231029,0,EXECUTED,16550198.776166046,2026-02-27
35745,VEDL,2026-01-29T00:00:00,LONG,0.5579999999999999,733.0499877929688,733.0499877929688,NORMAL,755.0414874267578,714.9869763183593,2026-02-27T00:00:00,2026-03-05T00:00:00,695.0,2259,1655959.9224243164,40804.34292114269,-85954.9224243164,0.0,5514.13653123686,-91469.05895555326,-91469.05895555326,5514.13653123686,-5.5236275779937385,0,EXECUTED,16550198.776166046,2026-02-27
5645,BEL,2026-02-27T00:00:00,LONG,0.7115,448.6000061035156,448.6000061035156,NORMAL,462.0580062866211,435.5784881591797,2026-03-02T00:00:00,2026-03-09T00:00:00,462.5214874267578,3694,1657128.4225463867,48101.48728637691,51425.9520080566,0.0,5742.373293089643,45683.57871496696,45683.57871496696,5742.373293089643,2.756791694198834,0,EXECUTED,16565243.675995355,2026-03-02
32534,SUZLON,2026-02-27T00:00:00,SHORT,0.72275,43.27000045776367,43.27000045776367,NORMAL,41.97190044403076,44.568100471496585,2026-03-02T00:00:00,2026-03-05T00:00:00,39.130001068115234,38255,1655293.8675117493,49658.8160253526,158375.67665100098,0.0,5369.893471510541,153005.78317949045,153005.78317949045,5369.893471510541,9.24342113400625,0,EXECUTED,16550198.776166046,2026-03-02
16791,IOC,2026-02-27T00:00:00,LONG,0.691,186.47000122070312,186.47000122070312,NORMAL,192.0641012573242,180.87590118408204,2026-03-02T00:00:00,2026-03-05T00:00:00,180.87590118408204,8863,1652683.6208190918,49580.508624572685,-49580.508624572685,0.0,5562.323227420981,-55142.83185199367,-55142.83185199367,5562.323227420981,-3.336563099999996,0,EXECUTED,16550198.776166046,2026-03-02
4567,BANKBARODA,2026-02-27T00:00:00,LONG,0.72575,324.45001220703125,324.45001220703125,NORMAL,334.1835125732422,314.7165118408203,2026-03-02T00:00:00,2026-03-05T00:00:00,312.0,5106,1656641.7623291016,49699.252869873024,-63569.76232910156,0.0,5553.004038599158,-69122.76636770072,-69122.76636770072,5553.004038599158,-4.172463108168891,0,EXECUTED,16550198.776166046,2026-03-02
33899,TATASTEEL,2026-02-27T00:00:00,LONG,0.706,215.5,215.5,NORMAL,221.965,209.0544041442871,2026-03-02T00:00:00,2026-03-05T00:00:00,205.0,7682,1655471.0,49515.06736358646,-80661.0,0.0,5521.1083263,-86182.1083263,-86182.1083263,5521.1083263,-5.205896589327146,0,EXECUTED,16550198.776166046,2026-03-02
37075,YESBANK,2025-09-09T00:00:00,LONG,0.6699999999999999,19.93000030517578,19.93000030517578,NORMAL,20.527900314331056,19.574600296020503,2026-03-04T00:00:00,2026-03-11T00:00:00,19.574600296020503,82952,1653233.3853149414,29481.141559448384,-29481.141559448384,0.0,5597.008650128912,-35078.150209577296,-35078.150209577296,5597.008650128912,-2.1217905784605784,0,EXECUTED,16523209.61048491,2026-03-04
16789,IOC,2026-02-24T00:00:00,LONG,0.5795,175.0,175.0,NORMAL,180.25,171.16620651245117,2026-03-05T00:00:00,2026-03-06T00:00:00,171.16620651245117,9386,1642550.0,35983.985674133335,-35983.985674133335,0.0,5549.914570184112,-41533.90024431745,-41533.90024431745,5549.914570184112,-2.528623192250917,0,EXECUTED,16288685.52480905,2026-03-05
23918,NMDC,2026-01-27T00:00:00,LONG,0.717,76.36000061035156,76.36000061035156,NORMAL,78.65080062866211,74.06920059204101,2026-03-05T00:00:00,2026-03-06T00:00:00,80.0,21528,1643878.0931396484,49316.34279418949,78361.90686035156,0.0,5741.096277402796,72620.81058294876,72620.81058294876,5741.096277402796,4.417651825035883,0,EXECUTED,16288685.52480905,2026-03-05
24748,OIL,2026-03-04T00:00:00,LONG,0.70475,488.0499877929688,488.0499877929688,NORMAL,502.6914874267578,473.4084881591797,2026-03-05T00:00:00,2026-03-06T00:00:00,502.6914874267578,3046,1486600.2628173828,44598.007884521496,44598.007884521496,0.0,5148.94258568614,39449.06529883536,39449.06529883536,5148.94258568614,2.6536431000000005,0,EXECUTED,16288685.52480905,2026-03-05
29796,SAIL,2026-03-02T00:00:00,LONG,0.53125,161.4199981689453,161.4199981689453,NORMAL,166.26259811401368,160.73870651245116,2026-03-05T00:00:00,2026-03-06T00:00:00,160.73870651245116,10123,1634054.6414642334,6896.715438690312,-6896.715438690312,0.0,5568.385470133197,-12465.100908823508,-12465.100908823508,5568.385470133197,-0.7628325633990953,0,EXECUTED,16288685.52480905,2026-03-05
33886,TATASTEEL,2026-02-09T00:00:00,LONG,0.521,197.05999755859372,197.05999755859372,NORMAL,202.9717974853516,191.14819763183596,2026-03-05T00:00:00,2026-03-06T00:00:00,207.0,8344,1644268.6196289062,49328.05858886727,82939.38037109375,0.0,5749.9015791646,77189.47879192916,77189.47879192916,5749.9015791646,4.694456725042286,0,EXECUTED,16288685.52480905,2026-03-05
35752,VEDL,2026-03-02T00:00:00,LONG,0.5895,710.0999755859375,710.0999755859375,NORMAL,731.4029748535156,696.8480236816406,2026-03-05T00:00:00,2026-03-06T00:00:00,696.8480236816406,2304,1636070.34375,30532.497187500063,-30532.497187500063,0.0,5536.687600609594,-36069.184788109655,-36069.184788109655,5536.687600609594,-2.204623103517437,0,EXECUTED,16288685.52480905,2026-03-05
13973,ICICIBANK,2026-03-02T00:00:00,LONG,0.705,1357.45594601842,1357.45594601842,NORMAL,1398.1796243989727,1321.637906494141,2026-03-05T00:00:00,2026-03-09T00:00:00,1321.637906494141,1206,1637091.8708982146,43196.5556662809,-43196.5556662809,0.0,5519.504164554974,-48716.05983083588,-48716.05983083588,5519.504164554974,-2.975768232488204,0,EXECUTED,16565243.675995355,2026-03-05
21691,MAHABANK,2026-02-23T00:00:00,LONG,0.675,68.79000091552734,68.79000091552734,NORMAL,70.85370094299317,66.72630088806152,2026-03-05T00:00:00,2026-03-09T00:00:00,70.85370094299317,23896,1643805.8618774414,49314.17585632342,49314.17585632342,0.0,5693.435025216988,43620.74083110643,43620.74083110643,5693.435025216988,2.6536431000000107,0,EXECUTED,16565243.675995355,2026-03-05
33893,TATASTEEL,2026-02-18T00:00:00,LONG,0.69475,198.5,198.5,NORMAL,204.455,196.98760177612303,2026-03-06T00:00:00,2026-03-11T00:00:00,193.4499969482422,8360,1659460.0,12643.64915161148,-42218.02551269531,0.0,5597.479632955628,-47815.50514565094,-47815.50514565094,5597.479632955628,-2.8813894366631883,0,EXECUTED,16523209.61048491,2026-03-06
17599,IRB,2026-03-05T00:00:00,SHORT,0.71975,19.915000915527344,19.915000915527344,NORMAL,19.31755088806152,20.507299842834477,2026-03-06T00:00:00,2026-03-12T00:00:00,20.507299842834477,83317,1659258.1312789917,49348.56972644816,-49348.56972644816,0.0,5753.656770888694,-55102.22649733686,-55102.22649733686,5753.656770888694,-3.3208953723711985,0,EXECUTED,16631873.973048087,2026-03-06
32537,SUZLON,2026-03-05T00:00:00,SHORT,0.6819999999999999,40.25,40.25,NORMAL,39.0425,41.12790031433106,2026-03-06T00:00:00,2026-03-11T00:00:00,38.732100296020505,40495,1629923.75,35550.573228836176,61467.34851264965,0.0,5455.984381495904,56011.36413115375,56011.36413115375,5455.984381495904,3.436440761793534,0,EXECUTED,16523209.61048491,2026-03-06
23089,NHPC,2026-03-04T00:00:00,SHORT,0.6605,73.13999938964844,73.13999938964844,NORMAL,70.94579940795899,75.33419937133789,2026-03-06T00:00:00,2026-03-16T00:00:00,75.33419937133789,22692,1659692.8661499023,49790.785984497015,-49790.785984497015,0.0,5755.929378615625,-55546.71536311264,-55546.71536311264,5755.929378615625,-3.3468068999999967,0,EXECUTED,16687179.415193204,2026-03-06
12614,HINDPETRO,2026-03-04T00:00:00,SHORT,0.59725,424.5,424.5,NORMAL,411.765,437.235,2026-03-06T00:00:00,2026-03-09T00:00:00,403.7999877929688,3903,1656823.5,49704.70500000005,80792.14764404297,0.0,5513.393678354023,75278.75396568894,75278.75396568894,5513.393678354023,4.543559043295133,0,EXECUTED,16565243.675995355,2026-03-06
28737,RELIANCE,2026-03-02T00:00:00,SHORT,0.705,1390.0728674061677,1390.0728674061677,NORMAL,1348.3706813839824,1392.3025,2026-03-06T00:00:00,2026-03-09T00:00:00,1392.3025,1194,1659747.003682964,2662.1813170360624,-2662.1813170360624,0.0,5672.116924537202,-8334.298241573264,-8334.298241573264,5672.116924537202,-0.5021426894026336,0,EXECUTED,16565243.675995355,2026-03-06
36319,WIPRO,2026-03-04T00:00:00,SHORT,0.60275,198.57000732421875,198.57000732421875,NORMAL,192.6129071044922,204.5271075439453,2026-03-09T00:00:00,2026-03-13T00:00:00,204.5271075439453,8351,1658258.1311645508,49747.74393493647,-49747.74393493647,0.0,5750.953618689712,-55498.697553626174,-55498.697553626174,5750.953618689712,-3.3468068999999963,0,EXECUTED,16601260.579975571,2026-03-09
3524,BAJFINANCE,2026-01-30T00:00:00,SHORT,0.5775,924.1688842773438,924.1688842773438,NORMAL,896.4438177490234,951.893950805664,2026-03-09T00:00:00,2026-03-12T00:00:00,896.4438177490234,1796,1659807.3161621094,49794.21948486331,49794.21948486331,0.0,5578.829824379267,44215.38966048404,44215.38966048404,5578.829824379267,2.663886900000002,0,EXECUTED,16631873.973048087,2026-03-09
29799,SAIL,2026-03-06T00:00:00,LONG,0.72375,155.39999389648438,155.39999389648438,NORMAL,160.0619937133789,151.46549407958983,2026-03-09T00:00:00,2026-03-11T00:00:00,150.99000549316406,10682,1659982.734802246,42028.32704406752,-47107.49612426758,0.0,5591.283480332108,-52698.77960459969,-52698.77960459969,5591.283480332108,-3.1746582961224417,0,EXECUTED,16523209.61048491,2026-03-09
2015,ASHOKLEY,2026-02-03T00:00:00,LONG,0.60575,194.3999938964844,194.3999938964844,NORMAL,200.2319937133789,188.56799407958985,2026-03-09T00:00:00,2026-03-10T00:00:00,202.4900054931641,8530,1658231.9479370115,49746.95843811028,69007.79891967773,0.0,5774.84023960231,63232.95868007543,63232.95868007543,5774.84023960231,3.813275866427665,0,EXECUTED,16593260.064239057,2026-03-09
10719,GMRINFRA,2026-03-05T00:00:00,LONG,0.542,95.1999969482422,95.1999969482422,NORMAL,98.05599685668946,92.34399703979491,2026-03-09T00:00:00,2026-03-10T00:00:00,98.05599685668946,17443,1660573.5467681885,49817.20640304579,49817.20640304579,0.0,5751.511058806347,44065.69534423944,44065.69534423944,5751.511058806347,2.653643100000008,0,EXECUTED,16593260.064239057,2026-03-09
22579,NATIONALUM,2026-01-29T00:00:00,LONG,0.657,396.0,396.0,NORMAL,407.88,393.96549407958986,2026-03-10T00:00:00,2026-03-11T00:00:00,393.96549407958986,4181,1655676.0,8506.269253234797,-8506.269253234797,0.0,5639.586486297945,-14145.855739532744,-14145.855739532744,5639.586486297945,-0.8543855041404684,0,EXECUTED,16523209.61048491,2026-03-10
37680,ZOMATO,2025-05-30T00:00:00,SHORT,0.6465,228.3699951171875,228.3699951171875,NORMAL,221.51889526367188,235.22109497070312,2026-03-10T00:00:00,2026-03-11T00:00:00,221.51889526367188,7256,1657052.6845703125,49711.58053710935,49711.58053710935,0.0,5569.5711467425,44142.009390366846,44142.009390366846,5569.5711467425,2.6638868999999983,0,EXECUTED,16523209.61048491,2026-03-10
5649,BEL,2026-03-09T00:00:00,LONG,0.62375,465.0,465.0,NORMAL,478.95,454.3965118408203,2026-03-11T00:00:00,2026-03-12T00:00:00,454.3965118408203,3578,1663770.0,37939.28063354488,-37939.28063354488,0.0,5619.180754221865,-43558.46138776675,-43558.46138776675,5619.180754221865,-2.6180578678403115,0,EXECUTED,16631873.973048087,2026-03-11
8142,CANBK,2026-03-09T00:00:00,LONG,0.6415,142.5,142.5,NORMAL,146.775,141.590901184082,2026-03-11T00:00:00,2026-03-12T00:00:00,141.590901184082,11681,1664542.5,10619.183268737992,-10619.183268737992,0.0,5666.41312765044,-16285.596396388431,-16285.596396388431,5666.41312765044,-0.978382732575974,0,EXECUTED,16631873.973048087,2026-03-11
25328,ONGC,2026-03-09T00:00:00,LONG,0.64825,270.8500061035156,270.8500061035156,NORMAL,278.9755062866211,270.5815118408203,2026-03-11T00:00:00,2026-03-12T00:00:00,270.5815118408203,6150,1665727.537536621,1651.239715576088,-1651.239715576088,0.0,5685.097931084812,-7336.3376466609,-7336.3376466609,5685.097931084812,-0.4404284303008114,0,EXECUTED,16631873.973048087,2026-03-11
37813,ZOMATO,2026-03-09T00:00:00,SHORT,0.708,232.57000732421875,232.57000732421875,NORMAL,225.59290710449216,239.5471075439453,2026-03-11T00:00:00,2026-03-12T00:00:00,225.59290710449216,7146,1661945.2723388672,49858.35817016604,49858.35817016604,0.0,5586.015775161609,44272.34239500443,44272.34239500443,5586.015775161609,2.6638869000000014,0,EXECUTED,16631873.973048087,2026-03-11
18144,IRFC,2026-03-04T00:00:00,SHORT,0.6185,99.4000015258789,99.4000015258789,NORMAL,96.41800148010252,102.32019622802734,2026-03-11T00:00:00,2026-03-18T00:00:00,96.35979644775392,16759,1665844.6255722046,48939.54301330564,50950.79690429685,0.0,5597.383453156322,45353.41345114053,45353.41345114053,5597.383453156322,2.7225476346908395,0,EXECUTED,16727068.080920173,2026-03-11
31091,SBIN,2026-03-09T00:00:00,LONG,0.70975,1079.050048828125,1079.050048828125,NORMAL,1111.4215502929687,1046.6785473632813,2026-03-11T00:00:00,2026-03-16T00:00:00,1046.6785473632813,1541,1662816.1252441406,49884.48375732419,-49884.48375732419,0.0,5596.425498421562,-55480.90925574575,-55480.90925574575,5596.425498421562,-3.336563099999998,0,EXECUTED,16687179.415193204,2026-03-11
26699,PNB,2026-03-11T00:00:00,LONG,0.6537499999999999,117.52999877929688,117.52999877929688,NORMAL,121.05589874267578,114.00409881591796,2026-03-12T00:00:00,2026-03-16T00:00:00,114.00409881591796,14147,1662696.892730713,49880.90678192136,-49880.90678192136,0.0,5596.024205778162,-55476.930987699525,-55476.930987699525,5596.024205778162,-3.3365630999999984,0,EXECUTED,16687179.415193204,2026-03-12
8143,CANBK,2026-03-10T00:00:00,LONG,0.522,139.91000366210938,139.91000366210938,NORMAL,144.10730377197265,135.7127035522461,2026-03-12T00:00:00,2026-03-17T00:00:00,135.7127035522461,11870,1660731.7434692385,49821.95230407711,-49821.95230407711,0.0,5589.410238504117,-55411.36254258123,-55411.36254258123,5589.410238504117,-3.336563099999998,0,EXECUTED,16453277.139492877,2026-03-12
37155,YESBANK,2026-03-11T00:00:00,SHORT,0.67275,19.90999984741211,19.90999984741211,NORMAL,19.312699851989745,20.507299842834477,2026-03-12T00:00:00,2026-03-16T00:00:00,19.312699851989745,83370,1659896.6872787476,49796.90061836253,49796.90061836253,0.0,5579.130212409904,44217.77040595263,44217.77040595263,5579.130212409904,2.6638869000000067,0,EXECUTED,16687179.415193204,2026-03-12
2027,ASHOKLEY,2026-03-10T00:00:00,LONG,0.6347499999999999,186.94000244140625,186.94000244140625,NORMAL,192.54820251464844,181.3318023681641,2026-03-12T00:00:00,2026-03-13T00:00:00,194.38999938964844,8910,1665635.4217529297,49969.06265258789,66379.47280883789,0.0,5795.82992458342,60583.64288425447,60583.64288425447,5795.82992458342,3.637269122224581,0,EXECUTED,16601260.579975571,2026-03-12
9463,FEDERALBNK,2026-03-10T00:00:00,LONG,0.63225,273.29998779296875,273.29998779296875,NORMAL,281.4989874267578,265.1009881591797,2026-03-12T00:00:00,2026-03-16T00:00:00,265.1009881591797,6086,1663303.7257080078,49899.11177124029,-49899.11177124029,0.0,5598.066581658368,-55497.178352898656,-55497.178352898656,5598.066581658368,-3.336563100000004,0,EXECUTED,16687179.415193204,2026-03-12
29070,RVNL,2026-03-09T00:00:00,SHORT,0.6227499999999999,286.0,286.0,NORMAL,277.42,294.58,2026-03-12T00:00:00,2026-03-13T00:00:00,277.42,5807,1660802.0,49824.05999999991,49824.05999999991,0.0,5582.173087062001,44241.88691293791,44241.88691293791,5582.173087062001,2.6638868999999943,0,EXECUTED,16601260.579975571,2026-03-12
12395,HINDCOPPER,2026-01-12T00:00:00,LONG,0.611,520.7999877929688,520.7999877929688,NORMAL,536.4239874267578,505.17598815917967,2026-03-13T00:00:00,2026-03-16T00:00:00,540.7999877929688,3199,1666039.160949707,49981.17482849128,63980.0,0.0,5793.29187297887,58186.70812702113,58186.70812702113,5793.29187297887,3.4925174324145205,0,EXECUTED,16687179.415193204,2026-03-13
32535,SUZLON,2026-03-02T00:00:00,SHORT,0.56875,42.66999816894531,42.66999816894531,NORMAL,41.38989822387696,43.95009811401367,2026-03-13T00:00:00,2026-03-16T00:00:00,41.38989822387696,39091,1668012.8984222412,50040.38695266717,50040.38695266717,0.0,5606.409861286846,44433.97709138032,44433.97709138032,5606.409861286846,2.663886899999996,0,EXECUTED,16687179.415193204,2026-03-13
16752,IOC,2025-10-29T00:00:00,LONG,0.6094999999999999,154.52000427246094,154.52000427246094,NORMAL,159.15560440063476,149.88440414428712,2026-03-13T00:00:00,2026-03-16T00:00:00,159.15560440063476,10746,1660471.9659118652,49814.15897735587,49814.15897735587,0.0,5751.159226501393,44062.99975085448,44062.99975085448,5751.159226501393,2.6536430999999947,0,EXECUTED,16687179.415193204,2026-03-13
21700,MAHABANK,2026-03-13T00:00:00,LONG,0.68575,67.0,67.0,NORMAL,69.01,65.09670059204102,2026-03-16T00:00:00,2026-03-17T00:00:00,65.09670059204102,24752,1658384.0,47110.46694580074,-47110.46694580074,0.0,5585.819591204369,-52696.28653700511,-52696.28653700511,5585.819591204369,-3.17756843632145,0,EXECUTED,16453277.139492877,2026-03-16
22588,NATIONALUM,2026-03-13T00:00:00,LONG,0.72575,408.6499938964844,408.6499938964844,NORMAL,420.9094937133789,396.8754940795898,2026-03-16T00:00:00,2026-03-17T00:00:00,396.8754940795898,4080,1667291.9750976562,48039.95925292975,-48039.95925292975,0.0,5614.7195526799,-53654.67880560965,-53654.67880560965,5614.7195526799,-3.218073355296213,0,EXECUTED,16453277.139492877,2026-03-16
23094,NHPC,2026-03-12T00:00:00,SHORT,0.6325,75.19999694824219,75.19999694824219,NORMAL,72.94399703979492,75.66379905700684,2026-03-16T00:00:00,2026-03-17T00:00:00,75.66379905700684,22184,1668236.7322998047,10288.985980835074,-10288.985980835074,0.0,5714.699205824556,-16003.68518665963,-16003.68518665963,5714.699205824556,-0.95931739643433,0,EXECUTED,16453277.139492877,2026-03-16
35757,VEDL,2026-03-13T00:00:00,LONG,0.6815,714.5,714.5,NORMAL,735.9350000000001,698.0119763183593,2026-03-16T00:00:00,2026-03-17T00:00:00,698.0119763183593,2132,1523314.0,35152.46648925797,-35152.46648925797,0.0,5144.128613349585,-40296.59510260755,-40296.59510260755,5144.128613349585,-2.645324279997922,0,EXECUTED,16453277.139492877,2026-03-16
32541,SUZLON,2026-03-12T00:00:00,SHORT,0.68625,42.41999816894531,42.41999816894531,NORMAL,41.14739822387696,42.86859889984131,2026-03-16T00:00:00,2026-03-25T00:00:00,40.37139896392822,39241,1664603.148147583,17603.541281089816,80389.08140407565,0.0,5540.676449878252,74848.4049541974,74848.4049541974,5540.676449878252,4.496471428489776,0,EXECUTED,17304553.46399828,2026-03-16
13979,ICICIBANK,2026-03-12T00:00:00,SHORT,0.603,1255.9119873046875,1255.9119873046875,NORMAL,1218.234627685547,1293.589346923828,2026-03-16T00:00:00,2026-03-24T00:00:00,1216.3455695278035,1328,1667851.119140625,50035.5335742187,52544.20280770197,0.0,5601.394898753411,46942.80790894856,46942.80790894856,5601.394898753411,2.8145682411471027,0,EXECUTED,17247336.85961036,2026-03-16
11839,HDFCBANK,2026-03-12T00:00:00,SHORT,0.705,819.2008666992188,819.2008666992188,NORMAL,794.6248406982421,843.7768927001954,2026-03-16T00:00:00,2026-03-20T00:00:00,757.4718247668609,2034,1666254.562866211,49987.63688598649,125556.87129041587,0.0,5465.812818662056,120091.05847175384,120091.05847175384,5465.812818662056,7.20724558828388,0,EXECUTED,16777156.542133547,2026-03-16
19181,ITC,2026-03-11T00:00:00,SHORT,0.6447499999999999,300.8050842285156,300.8050842285156,NORMAL,291.78093170166017,309.8292367553711,2026-03-16T00:00:00,2026-03-20T00:00:00,291.78093170166017,5539,1666159.361541748,49984.78084625239,49984.78084625239,0.0,5600.179881018177,44384.60096523421,44384.60096523421,5600.179881018177,2.663886899999997,0,EXECUTED,16777156.542133547,2026-03-16
10119,GAIL,2026-03-12T00:00:00,SHORT,0.66925,149.0,149.0,NORMAL,144.53,152.4091012573242,2026-03-17T00:00:00,2026-03-24T00:00:00,143.53090118408204,11233,1673717.0,38294.43442352285,61434.38699920644,0.0,5605.579560251314,55828.807438955126,55828.807438955126,5605.579560251314,3.335618114588973,0,EXECUTED,17247336.85961036,2026-03-17
8146,CANBK,2026-03-16T00:00:00,LONG,0.7085,134.5,134.5,NORMAL,138.535,130.6395928955078,2026-03-17T00:00:00,2026-03-24T00:00:00,138.7203924560547,10710,1440495.0,41344.960089111424,45200.4032043458,0.0,4992.494845150454,40207.90835919535,40207.90835919535,4992.494845150454,2.791256363902363,0,EXECUTED,17247336.85961036,2026-03-17
31322,SHRIRAMFIN,2026-03-10T00:00:00,LONG,0.52925,987.2000122070312,987.2000122070312,NORMAL,1016.8160125732422,957.5840118408204,2026-03-17T00:00:00,2026-03-20T00:00:00,1016.8160125732422,1695,1673304.020690918,50199.12062072762,50199.12062072762,0.0,5795.603933640423,44403.5166870872,44403.5166870872,5795.603933640423,2.653643100000005,0,EXECUTED,16777156.542133547,2026-03-17
12415,HINDCOPPER,2026-03-16T00:00:00,LONG,0.71425,488.0499877929688,488.0499877929688,NORMAL,502.6914874267578,481.4109881591797,2026-03-17T00:00:00,2026-03-18T00:00:00,481.4109881591797,3435,1676451.7080688477,22804.96374206545,-22804.96374206545,0.0,5687.187460055714,-28492.151202121167,-28492.151202121167,5687.187460055714,-1.6995509661857238,0,EXECUTED,16727068.080920173,2026-03-17
2104,ATGL,2026-01-02T00:00:00,SHORT,0.67875,594.0999755859375,594.0999755859375,NORMAL,576.2769763183594,611.9229748535156,2026-03-17T00:00:00,2026-03-18T00:00:00,576.2769763183594,2783,1653380.232055664,49601.40696166985,49601.40696166985,0.0,5557.227552749486,44044.17940892036,44044.17940892036,5557.227552749486,2.663886899999995,0,EXECUTED,16727068.080920173,2026-03-17
6120,BHARTIARTL,2026-03-10T00:00:00,SHORT,0.57525,1827.4017333984373,1827.4017333984373,NORMAL,1772.5796813964844,1882.2237854003904,2026-03-18T00:00:00,2026-03-24T00:00:00,1772.5796813964844,908,1659280.7739257812,49778.42321777344,49778.42321777344,0.0,5577.060046945935,44201.36317082751,44201.36317082751,5577.060046945935,2.6638869,0,EXECUTED,17247336.85961036,2026-03-18
20744,KOTAKBANK,2026-03-12T00:00:00,SHORT,0.6739999999999999,374.6531677246094,374.6531677246094,NORMAL,363.4135726928711,385.8927627563477,2026-03-18T00:00:00,2026-03-20T00:00:00,363.4135726928711,4430,1659713.5330200195,49791.40599060069,49791.40599060069,0.0,5578.514606953111,44212.89138364758,44212.89138364758,5578.514606953111,2.6638869000000063,0,EXECUTED,16777156.542133547,2026-03-18
18152,IRFC,2026-03-16T00:00:00,SHORT,0.53225,97.1999969482422,97.1999969482422,NORMAL,94.28399703979493,100.11599685668943,2026-03-18T00:00:00,2026-03-25T00:00:00,93.5,17072,1659398.3479003906,49781.95043701165,63166.34790039063,0.0,5553.600216877808,57612.74768351282,57612.74768351282,5553.600216877808,3.471905811911243,0,EXECUTED,17304553.46399828,2026-03-18
35749,VEDL,2026-02-18T00:00:00,LONG,0.6415,667.0,667.0,NORMAL,687.01,648.1540118408203,2026-03-20T00:00:00,2026-03-23T00:00:00,688.2460125732422,2534,1690178.0,47755.73399536132,53837.395860595694,0.0,5859.16058006325,47978.23528053245,47978.23528053245,5859.16058006325,2.838649851112276,0,EXECUTED,16930522.072870556,2026-03-20
5654,BEL,2026-03-17T00:00:00,LONG,0.6545,429.5,429.5,NORMAL,442.385,416.615,2026-03-20T00:00:00,2026-03-25T00:00:00,416.615,3941,1692659.5,50779.78499999997,-50779.78499999997,0.0,5696.867285644499,-56476.652285644464,-56476.652285644464,5696.867285644499,-3.336563099999998,0,EXECUTED,17304553.46399828,2026-03-20
12664,HINDZINC,2025-12-11T00:00:00,LONG,0.7275,512.6500244140625,512.6500244140625,NORMAL,528.0295251464844,497.2705236816406,2026-03-20T00:00:00,2026-03-25T00:00:00,497.2705236816406,3302,1692770.3806152344,50783.11141845708,-50783.11141845708,0.0,5697.240468880433,-56480.35188733751,-56480.35188733751,5697.240468880433,-3.336563100000003,0,EXECUTED,17304553.46399828,2026-03-20
2105,ATGL,2026-03-12T00:00:00,SHORT,0.61475,566.9000244140625,566.9000244140625,NORMAL,549.8930236816406,583.9070251464844,2026-03-20T00:00:00,2026-03-23T00:00:00,535.6500244140625,2980,1689362.0727539062,50680.86218261739,93125.0,0.0,5602.519046125488,87522.48095387452,87522.48095387452,5602.519046125488,5.1808006327027405,0,EXECUTED,16930522.072870556,2026-03-20
37160,YESBANK,2026-03-19T00:00:00,SHORT,0.677,18.940000534057617,18.940000534057617,NORMAL,18.371800518035887,19.508200550079348,2026-03-23T00:00:00,2026-03-25T00:00:00,18.371800518035887,90905,1721740.7485485077,51652.22245645543,51652.22245645543,0.0,5786.9962039095935,45865.22625254584,45865.22625254584,5786.9962039095935,2.663886900000012,0,EXECUTED,17304553.46399828,2026-03-23
21704,MAHABANK,2026-03-19T00:00:00,LONG,0.6932499999999999,63.060001373291016,63.060001373291016,NORMAL,64.95180141448975,62.20609733581543,2026-03-23T00:00:00,2026-03-24T00:00:00,66.05389717102051,27203,1715421.2173576355,23228.751531448397,81442.9473856354,0.0,5990.416611806955,75452.53077382845,75452.53077382845,5990.416611806955,4.39848417463627,0,EXECUTED,17247336.85961036,2026-03-23
16081,INFY,2026-03-18T00:00:00,SHORT,0.71225,1242.12130081512,1242.12130081512,NORMAL,1204.8576617906665,1277.4693188476565,2026-03-24T00:00:00,2026-04-06T00:00:00,1277.4693188476565,1397,1735243.4572387224,49381.18119145336,-49381.18119145336,0.0,6013.174388324869,-55394.35557977823,-55394.35557977823,6013.174388324869,-3.1923102979409457,0,EXECUTED,17565708.717496764,2026-03-24
20750,KOTAKBANK,2026-03-20T00:00:00,SHORT,0.66275,366.117919921875,366.117919921875,NORMAL,355.13438232421873,377.10145751953127,2026-03-24T00:00:00,2026-03-27T00:00:00,377.10145751953127,4738,1734666.7045898438,52040.00113769538,-52040.00113769538,0.0,6015.943823520194,-58055.94496121558,-58055.94496121558,6015.943823520194,-3.346806900000004,0,EXECUTED,17066054.728391547,2026-03-24
35737,VEDL,2026-01-14T00:00:00,LONG,0.677,637.2000122070312,637.2000122070312,NORMAL,656.3160125732422,618.0840118408203,2026-03-24T00:00:00,2026-03-25T00:00:00,660.0,2721,1733821.233215332,52014.63699646008,62038.76678466797,0.0,6021.571861959686,56017.19492270828,56017.19492270828,6021.571861959686,3.230851823104373,0,EXECUTED,17304553.46399828,2026-03-24
3533,BAJFINANCE,2026-03-20T00:00:00,SHORT,0.563,825.4755859375,825.4755859375,NORMAL,800.711318359375,850.239853515625,2026-03-24T00:00:00,2026-03-27T00:00:00,856.7831474745351,2101,1734324.2060546875,52029.7261816406,-65777.18678931074,0.0,6039.258114008924,-71816.44490331967,-71816.44490331967,6039.258114008924,-4.1408892669895145,0,EXECUTED,17066054.728391547,2026-03-24
8629,COALINDIA,2026-03-20T00:00:00,LONG,0.63375,454.2000122070313,454.2000122070313,NORMAL,467.8260125732422,440.5740118408203,2026-03-24T00:00:00,2026-03-27T00:00:00,440.5740118408203,3818,1734135.6466064453,52024.0693981935,-52024.0693981935,0.0,5836.460690423697,-57860.53008861719,-57860.53008861719,5836.460690423697,-3.336563100000008,0,EXECUTED,17066054.728391547,2026-03-24
12417,HINDCOPPER,2026-03-20T00:00:00,LONG,0.5875,463.6000061035156,463.6000061035156,NORMAL,477.5080062866211,456.385,2026-03-25T00:00:00,2026-03-27T00:00:00,456.385,3688,1709756.8225097656,26608.942509765657,-26608.942509765657,0.0,5794.701869283155,-32403.64437904881,-32403.64437904881,5794.701869283155,-1.895219481065339,0,EXECUTED,17066054.728391547,2026-03-25
12621,HINDPETRO,2026-03-23T00:00:00,SHORT,0.692,336.29998779296875,336.29998779296875,NORMAL,326.2109881591797,346.3889874267578,2026-03-25T00:00:00,2026-03-27T00:00:00,326.2109881591797,5084,1709749.1379394531,51292.47413818357,51292.47413818357,0.0,5746.690829751572,45545.783308432,45545.783308432,5746.690829751572,2.6638868999999987,0,EXECUTED,17066054.728391547,2026-03-25
31316,SHRIRAMFIN,2025-12-22T00:00:00,LONG,0.6315,901.7000122070312,901.7000122070312,NORMAL,928.7510125732422,874.6490118408203,2026-03-25T00:00:00,2026-03-27T00:00:00,928.7510125732422,1897,1710524.9231567385,51315.74769470213,51315.74769470213,0.0,5924.521097573061,45391.22659712907,45391.22659712907,5924.521097573061,2.6536430999999987,0,EXECUTED,17066054.728391547,2026-03-25
33068,TATAPOWER,2026-03-23T00:00:00,LONG,0.5365,395.0,395.0,NORMAL,406.85,390.3279940795898,2026-03-25T00:00:00,2026-03-27T00:00:00,390.3279940795898,4327,1709165.0,20215.769617614875,-20215.769617614875,0.0,5803.116608253167,-26018.88622586804,-26018.88622586804,5803.116608253167,-1.522315646872481,0,EXECUTED,17066054.728391547,2026-03-25
11842,HDFCBANK,2026-03-20T00:00:00,SHORT,0.69425,767.7518310546875,767.7518310546875,NORMAL,744.7192761230468,790.7843859863282,2026-03-25T00:00:00,2026-03-30T00:00:00,744.7192761230468,2228,1710551.0795898438,51316.53238769542,51316.53238769542,0.0,5749.386260692891,45567.14612700253,45567.14612700253,5749.386260692891,2.6638869000000067,0,EXECUTED,17255326.146206994,2026-03-25
36329,WIPRO,2026-03-23T00:00:00,SHORT,0.5217499999999999,191.5,191.5,NORMAL,185.755,196.6269937133789,2026-03-25T00:00:00,2026-04-08T00:00:00,197.0,8135,1557852.5,41708.09385833742,-44742.5,0.0,5399.18770425,-50141.68770425,-50141.68770425,5399.18770425,-3.218641540469973,0,EXECUTED,17869159.220399294,2026-03-25
12688,HINDZINC,2026-03-23T00:00:00,SHORT,0.5855,514.75,514.75,NORMAL,499.3075,530.1925,2026-03-27T00:00:00,2026-04-02T00:00:00,499.3075,3357,1728015.75,51840.47249999998,51840.47249999998,0.0,5808.08730581325,46032.38519418673,46032.38519418673,5808.08730581325,2.6638868999999987,0,EXECUTED,17551396.15316958,2026-03-27
37162,YESBANK,2026-03-23T00:00:00,SHORT,0.59775,18.57999992370605,18.57999992370605,NORMAL,18.02259992599487,19.13739992141724,2026-03-27T00:00:00,2026-04-01T00:00:00,18.02259992599487,92968,1727345.4329071045,51820.36298721328,51820.36298721328,0.0,5805.834282252488,46014.5287049608,46014.5287049608,5805.834282252488,2.6638869000000085,0,EXECUTED,17449669.393544767,2026-03-27
7273,BPCL,2026-03-23T00:00:00,SHORT,0.65825,288.20001220703125,288.20001220703125,NORMAL,279.5540118408203,296.4339874267578,2026-03-27T00:00:00,2026-04-01T00:00:00,296.4339874267578,5984,1724588.873046875,49272.10771484382,-49272.10771484382,0.0,5976.598843486026,-55248.706558329846,-55248.706558329846,5976.598843486026,-3.2035870938167745,0,EXECUTED,17449669.393544767,2026-03-27
15231,IDFCFIRSTB,2026-03-23T00:00:00,SHORT,0.713,62.95000076293945,62.95000076293945,NORMAL,61.06150074005127,64.83850078582763,2026-03-27T00:00:00,2026-04-02T00:00:00,60.91999816894531,27416,1725837.220916748,51775.11662750237,55654.55111694336,0.0,5793.850668086599,49860.70044885676,49860.70044885676,5793.850668086599,2.889073189786186,0,EXECUTED,17551396.15316958,2026-03-27
29806,SAIL,2026-03-20T00:00:00,LONG,0.572,147.99000549316406,147.99000549316406,NORMAL,152.42970565795898,147.97350296020508,2026-03-27T00:00:00,2026-03-30T00:00:00,147.97350296020508,11634,1721715.7239074707,191.9904684447845,-191.9904684447845,0.0,5878.657124812808,-6070.647593257592,-6070.647593257592,5878.657124812808,-0.3525929111851361,0,EXECUTED,17255326.146206994,2026-03-27
10726,GMRINFRA,2026-03-23T00:00:00,SHORT,0.6185,90.55999755859376,90.55999755859376,NORMAL,87.84319763183593,93.27679748535157,2026-03-27T00:00:00,2026-04-01T00:00:00,87.84319763183593,19066,1726616.9134521484,51798.50740356451,51798.50740356451,0.0,5803.3856329283335,45995.12177063618,45995.12177063618,5803.3856329283335,2.663886900000003,0,EXECUTED,17449669.393544767,2026-03-27
18155,IRFC,2026-03-23T00:00:00,SHORT,0.55625,94.69000244140624,94.69000244140624,NORMAL,91.84930236816406,97.53070251464844,2026-03-27T00:00:00,2026-04-02T00:00:00,91.4499969482422,18236,1726766.8845214844,51803.00653564456,59084.74017333984,0.0,5790.911471476118,53293.82870186373,53293.82870186373,5790.911471476118,3.086336041047737,0,EXECUTED,17551396.15316958,2026-03-27
2108,ATGL,2026-03-23T00:00:00,SHORT,0.6355,551.9000244140625,551.9000244140625,NORMAL,535.3430236816406,568.4570251464844,2026-03-30T00:00:00,2026-04-01T00:00:00,521.9500122070312,3150,1738485.0769042969,52154.55230712898,94342.53845214844,0.0,5768.084437314148,88574.4540148343,88574.4540148343,5768.084437314148,5.094921733383984,0,EXECUTED,17449669.393544767,2026-03-30
5658,BEL,2026-03-24T00:00:00,LONG,0.68825,405.5,405.5,NORMAL,417.665,393.335,2026-03-30T00:00:00,2026-04-06T00:00:00,417.665,4304,1745272.0,52358.16000000009,52358.16000000009,0.0,6044.869995768,46313.29000423209,46313.29000423209,6044.869995768,2.653643100000005,0,EXECUTED,17565708.717496764,2026-03-30
2032,ASHOKLEY,2026-03-24T00:00:00,LONG,0.692,159.3000030517578,159.3000030517578,NORMAL,164.07900314331056,157.12059585571288,2026-04-01T00:00:00,2026-04-02T00:00:00,157.12059585571288,11081,1765203.3338165283,24150.01113937392,-24150.01113937392,0.0,5988.043240467117,-30138.05437984104,-30138.05437984104,5988.043240467117,-1.7073418003737764,0,EXECUTED,17551396.15316958,2026-04-01
7274,BPCL,2026-03-24T00:00:00,SHORT,0.64925,274.95001220703125,274.95001220703125,NORMAL,266.7015118408204,279.4389874267578,2026-04-01T00:00:00,2026-04-02T00:00:00,279.4389874267578,6398,1759130.178100586,28720.46345581059,-28720.46345581059,0.0,6057.914388159552,-34778.37784397014,-34778.37784397014,6057.914388159552,-1.9770212731795644,0,EXECUTED,17551396.15316958,2026-04-01
3856,BANDHANBNK,2026-01-23T00:00:00,SHORT,0.71275,146.13999938964844,146.13999938964844,NORMAL,141.755799407959,146.7338069152832,2026-04-01T00:00:00,2026-04-02T00:00:00,146.7338069152832,12039,1759379.4526519775,7148.848801116861,-7148.848801116861,0.0,6020.318472243673,-13169.167273360534,-13169.167273360534,6020.318472243673,-0.7485120536965555,0,EXECUTED,17551396.15316958,2026-04-01
17591,IRB,2026-02-13T00:00:00,SHORT,0.6849999999999999,22.229999542236328,22.229999542236328,NORMAL,21.56309955596924,22.89689952850342,2026-04-01T00:00:00,2026-04-02T00:00:00,20.559999465942383,79393,1764906.3536567688,52947.19060970309,132586.3160572052,0.0,5790.140644087646,126796.17541311755,126796.17541311755,5790.140644087646,7.1843004672969935,0,EXECUTED,17551396.15316958,2026-04-01
35102,UNIONBANK,2026-03-24T00:00:00,LONG,0.67525,168.5800018310547,168.5800018310547,NORMAL,173.63740188598632,163.52260177612305,2026-04-02T00:00:00,2026-04-08T00:00:00,173.63740188598632,10412,1755254.9790649414,52657.64937194817,52657.64937194817,0.0,6079.44673258498,46578.2026393632,46578.2026393632,6079.44673258498,2.653643099999996,0,EXECUTED,17869159.220399294,2026-04-02
25531,PETRONET,2026-03-23T00:00:00,SHORT,0.6557499999999999,257.6499938964844,257.6499938964844,NORMAL,249.92049407958984,265.3794937133789,2026-04-02T00:00:00,2026-04-07T00:00:00,249.92049407958984,6814,1755627.0584106443,52668.811752319336,52668.811752319336,0.0,5900.892530462828,46767.91922185651,46767.91922185651,5900.892530462828,2.6638869,0,EXECUTED,17658756.922171067,2026-04-02
17592,IRB,2026-02-16T00:00:00,SHORT,0.598,22.200000762939453,22.200000762939453,NORMAL,21.53400074005127,22.670300235748293,2026-04-02T00:00:00,2026-04-07T00:00:00,21.0,78933,1752312.6602211,37122.14828722016,94719.66022109984,0.0,5814.627959178902,88905.03226192095,88905.03226192095,5814.627959178902,5.073582716151995,0,EXECUTED,17658756.922171067,2026-04-02
15366,IGL,2026-03-30T00:00:00,SHORT,0.723,148.3300018310547,148.3300018310547,NORMAL,143.88010177612304,152.77990188598633,2026-04-02T00:00:00,2026-04-07T00:00:00,143.88010177612304,11842,1756523.8816833496,52695.71645050056,52695.71645050056,0.0,5903.906870966239,46791.80957953432,46791.80957953432,5903.906870966239,2.663886900000004,0,EXECUTED,17658756.922171067,2026-04-02
24522,NTPC,2026-03-05T00:00:00,LONG,0.6945,365.7999877929688,365.7999877929688,NORMAL,376.7739874267578,354.8259881591797,2026-04-02T00:00:00,2026-04-06T00:00:00,381.2999877929688,4802,1756571.541381836,52697.14624145501,74431.0,0.0,6119.482906502417,68311.51709349759,68311.51709349759,6119.482906502417,3.888911751340296,0,EXECUTED,17565708.717496764,2026-04-02
14377,IDBI,2026-03-27T00:00:00,SHORT,0.712,67.1500015258789,67.1500015258789,NORMAL,65.13550148010253,69.16450157165528,2026-04-02T00:00:00,2026-04-06T00:00:00,63.09999847412109,26184,1758255.6399536133,52747.66919860855,106045.27990722656,0.0,5814.735205806958,100230.5447014196,100230.5447014196,5814.735205806958,5.700567222640271,0,EXECUTED,17565708.717496764,2026-04-02
1986,ASHOKLEY,2025-11-27T00:00:00,LONG,0.66375,148.9499969482422,148.9499969482422,NORMAL,153.41849685668944,144.48149703979493,2026-04-02T00:00:00,2026-04-06T00:00:00,154.14999389648438,11765,1752396.714096069,52571.90142288197,61177.964096069336,0.0,6083.594610746452,55094.36948532288,55094.36948532288,6083.594610746452,3.143943893648645,0,EXECUTED,17565708.717496764,2026-04-02
3536,BAJFINANCE,2026-03-27T00:00:00,SHORT,0.72625,838.6446533203125,838.6446533203125,NORMAL,813.4853137207031,863.8039929199219,2026-04-06T00:00:00,2026-04-07T00:00:00,813.4853137207031,2125,1782119.888305664,53463.59664917006,53463.59664917006,0.0,5989.938402300705,47473.65824686935,47473.65824686935,5989.938402300705,2.663886900000008,0,EXECUTED,17658756.922171067,2026-04-06
4535,BANKBARODA,2025-09-18T00:00:00,LONG,0.713,245.88999938964844,245.88999938964844,NORMAL,253.2666993713379,238.51329940795895,2026-04-06T00:00:00,2026-04-08T00:00:00,253.2666993713379,7239,1779997.705581665,53399.93116744997,53399.93116744997,0.0,6165.144873123782,47234.786294326186,47234.786294326186,6165.144873123782,2.653643100000001,0,EXECUTED,17869159.220399294,2026-04-06
14378,IDBI,2026-03-30T00:00:00,SHORT,0.62225,65.5,65.5,NORMAL,63.535,65.93030220031739,2026-04-06T00:00:00,2026-04-07T00:00:00,65.93030220031739,27132,1777146.0,11674.959299011292,-11674.959299011292,0.0,6089.051011558628,-17764.01031056992,-17764.01031056992,6089.051011558628,-0.9995808059984898,0,EXECUTED,17658756.922171067,2026-04-06
11846,HDFCBANK,2026-03-27T00:00:00,SHORT,0.6972499999999999,746.6508105088765,746.6508105088765,NORMAL,724.2512861936102,766.2132531738281,2026-04-06T00:00:00,2026-04-09T00:00:00,786.9837533249241,2384,1780015.5322531615,46636.863313244656,-96153.7356734576,0.0,6249.415839522449,-102403.15151298004,-102403.15151298004,6249.415839522449,-5.752935840023659,0,EXECUTED,17670980.6693465,2026-04-06
19192,ITC,2026-03-27T00:00:00,SHORT,0.60475,286.88433837890625,286.88433837890625,NORMAL,278.2778082275391,295.4908685302734,2026-04-06T00:00:00,2026-04-09T00:00:00,295.8403295367806,6195,1777248.4762573242,53317.4542877196,-55482.36522303151,0.0,6167.478866565269,-61649.84408959678,-61649.84408959678,6167.478866565269,-3.468836514037929,0,EXECUTED,17670980.6693465,2026-04-06
8155,CANBK,2026-03-30T00:00:00,SHORT,0.55075,130.4499969482422,130.4499969482422,NORMAL,126.53649703979492,134.3634968566895,2026-04-07T00:00:00,2026-04-08T00:00:00,126.53649703979492,13768,1796035.5579833984,53881.06673950212,53881.066739501926,0.0,6036.710791040299,47844.35594846163,47844.35594846163,6036.710791040299,2.6638868999999987,0,EXECUTED,17869159.220399294,2026-04-07
12622,HINDPETRO,2026-03-24T00:00:00,SHORT,0.626,326.0,326.0,NORMAL,316.22,328.72449371337893,2026-04-07T00:00:00,2026-04-08T00:00:00,328.72449371337893,5515,1797890.0,15025.582829284818,-15025.582829284818,0.0,6165.855290276635,-21191.43811956145,-21191.43811956145,6165.855290276635,-1.1786837970933404,0,EXECUTED,17869159.220399294,2026-04-07
17603,IRB,2026-04-01T00:00:00,LONG,0.69625,21.690000534057617,21.690000534057617,NORMAL,22.340700550079347,21.475799407958984,2026-04-07T00:00:00,2026-04-08T00:00:00,21.475799407958984,82788,1795671.764213562,17733.282827453626,-17733.282827453626,0.0,6102.554768524376,-23835.837595978,-23835.837595978,6102.554768524376,-1.327405045343419,0,EXECUTED,17869159.220399294,2026-04-07
37166,YESBANK,2026-03-30T00:00:00,SHORT,0.7125,18.1200008392334,18.1200008392334,NORMAL,17.576400814056395,18.6636008644104,2026-04-07T00:00:00,2026-04-10T00:00:00,18.8799991607666,99152,1796634.32321167,53899.02969635023,-75355.35357666016,0.0,6269.09340671825,-81624.44698337841,-81624.44698337841,6269.09340671825,-4.543186441939184,0,EXECUTED,17519688.961806558,2026-04-07
10126,GAIL,2026-03-23T00:00:00,SHORT,0.66625,142.8699951171875,142.8699951171875,NORMAL,138.58389526367188,147.15609497070312,2026-04-07T00:00:00,2026-04-10T00:00:00,152.7100067138672,12589,1798590.3685302734,53957.71105590818,-123875.9059906006,0.0,6362.250699630519,-130238.1566902311,-130238.1566902311,6362.250699630519,-7.2411238806230145,0,EXECUTED,17519688.961806558,2026-04-07
27687,RECLTD,2026-03-23T00:00:00,SHORT,0.538,330.5,330.5,NORMAL,320.585,340.415,2026-04-08T00:00:00,2026-04-10T00:00:00,344.8500061035156,5384,1779412.0,53382.36000000011,-77260.43286132812,0.0,6213.6814846887455,-83474.11434601687,-83474.11434601687,6213.6814846887455,-4.691106632191806,0,EXECUTED,17519688.961806558,2026-04-08
16070,INFY,2026-02-19T00:00:00,SHORT,0.66125,1341.471435546875,1341.471435546875,NORMAL,1301.2272924804688,1381.7155786132812,2026-04-08T00:00:00,2026-04-10T00:00:00,1301.2272924804688,1324,1776108.1806640625,53283.245419921805,53283.245419921805,0.0,5969.732265383582,47313.51315453823,47313.51315453823,5969.732265383582,2.663886899999996,0,EXECUTED,17519688.961806558,2026-04-08
4929,BANKINDIA,2026-04-07T00:00:00,LONG,0.71375,142.0500030517578,142.0500030517578,NORMAL,146.31150314331057,138.75850296020508,2026-04-08T00:00:00,2026-04-09T00:00:00,138.75850296020508,11849,1683150.4861602783,39000.98458480835,-39000.98458480835,0.0,5683.624342905103,-44684.60892771345,-44684.60892771345,5683.624342905103,-2.6548195954629783,0,EXECUTED,17670980.6693465,2026-04-08
20752,KOTAKBANK,2026-03-25T00:00:00,SHORT,0.70475,376.35024707477993,376.35024707477993,NORMAL,365.0597396625365,381.57423126220704,2026-04-08T00:00:00,2026-04-16T00:00:00,381.57423126220704,4729,1779760.3184166343,24704.221222342785,-24704.221222342785,0.0,6121.199916750022,-30825.421139092807,-30825.421139092807,6121.199916750022,-1.73199845058444,0,EXECUTED,17483427.47059497,2026-04-08
3535,BAJFINANCE,2026-03-25T00:00:00,SHORT,0.601,884.5624095069836,884.5624095069836,NORMAL,858.0255372217741,903.6773901367188,2026-04-08T00:00:00,2026-04-09T00:00:00,903.6773901367188,2010,1777970.4431090371,38421.11106576778,-38421.11106576778,0.0,6139.535821292636,-44560.646887060415,-44560.646887060415,6139.535821292636,-2.506264772835015,0,EXECUTED,17670980.6693465,2026-04-08
13977,ICICIBANK,2026-03-10T00:00:00,SHORT,0.69975,1300.9324951171875,1300.9324951171875,NORMAL,1261.904520263672,1339.9604699707031,2026-04-08T00:00:00,2026-04-15T00:00:00,1339.9604699707031,1367,1778374.7208251953,53351.24162475585,-53351.24162475585,0.0,6167.526239677514,-59518.767864433365,-59518.767864433365,6167.526239677514,-3.3468069,0,EXECUTED,17511641.73308324,2026-04-08
18153,IRFC,2026-03-19T00:00:00,SHORT,0.69825,98.25,98.25,NORMAL,95.3025,101.1975,2026-04-09T00:00:00,2026-04-15T00:00:00,101.1975,15836,1555887.0,46676.61000000008,-46676.61000000008,0.0,5395.923472203,-52072.53347220308,-52072.53347220308,5395.923472203,-3.346806900000005,0,EXECUTED,17511641.73308324,2026-04-09
37810,ZOMATO,2026-03-02T00:00:00,SHORT,0.54075,246.3000030517578,246.3000030517578,NORMAL,238.91100296020508,253.68900314331052,2026-04-09T00:00:00,2026-04-13T00:00:00,238.91100296020508,7124,1754641.221740723,52639.23665222165,52639.23665222165,0.0,5897.579004270617,46741.65764795104,46741.65764795104,5897.579004270617,2.6638868999999987,0,EXECUTED,17580673.756013468,2026-04-09
15224,IDFCFIRSTB,2026-03-12T00:00:00,SHORT,0.70025,66.16000366210938,66.16000366210938,NORMAL,64.17520355224609,68.14480377197266,2026-04-09T00:00:00,2026-04-10T00:00:00,63.9900016784668,26547,1756349.6172180176,52690.48851654067,57607.04265975952,0.0,5894.558370820154,51712.48428893937,51712.48428893937,5894.558370820154,2.944316085020118,0,EXECUTED,17519688.961806558,2026-04-09
10723,GMRINFRA,2026-03-13T00:00:00,SHORT,0.55125,94.0500030517578,94.0500030517578,NORMAL,91.22850296020508,96.08870094299316,2026-04-09T00:00:00,2026-04-10T00:00:00,96.08870094299316,18680,1756854.057006836,38082.87660827649,-38082.87660827649,0.0,6066.8289740344735,-44149.70558231097,-44149.70558231097,6066.8289740344735,-2.5129979013469748,0,EXECUTED,17519688.961806558,2026-04-09
28743,RELIANCE,2026-04-07T00:00:00,SHORT,0.72725,1330.8467605257397,1330.8467605257397,NORMAL,1290.9213577099674,1337.553699951172,2026-04-10T00:00:00,2026-04-13T00:00:00,1337.553699951172,1319,1755386.8771334507,8846.453102145086,-8846.453102145086,0.0,6009.711064023834,-14856.16416616892,-14856.16416616892,6009.711064023834,-0.8463185158606779,0,EXECUTED,17580673.756013468,2026-04-10
21066,L&TFH,2026-03-02T00:00:00,LONG,0.55675,275.95001220703125,275.95001220703125,NORMAL,284.2285125732422,275.4315118408203,2026-04-10T00:00:00,2026-04-13T00:00:00,275.4315118408203,6356,1753938.2775878906,3295.5883276368486,-3295.5883276368486,0.0,5983.618253824409,-9279.206581461258,-9279.206581461258,5983.618253824409,-0.5290497790049099,0,EXECUTED,17580673.756013468,2026-04-10
3539,BAJFINANCE,2026-04-08T00:00:00,SHORT,0.7052499999999999,910.1550832505548,910.1550832505548,NORMAL,882.850430753038,936.7431311035156,2026-04-10T00:00:00,2026-04-15T00:00:00,882.1755700683593,1926,1752958.6903405683,51208.58016480274,53888.542388908405,0.0,5889.6071949371535,47998.93519397125,47998.93519397125,5889.6071949371535,2.7381669321965547,0,EXECUTED,17511641.73308324,2026-04-10
14375,IDBI,2026-03-23T00:00:00,SHORT,0.55425,74.01000213623047,74.01000213623047,NORMAL,71.78970207214356,75.26209968566894,2026-04-10T00:00:00,2026-04-17T00:00:00,75.26209968566894,23662,1751224.6705474854,29627.13221481318,-29627.13221481318,0.0,6032.536197797905,-35659.668412611085,-35659.668412611085,6032.536197797905,-2.036270331976468,0,EXECUTED,17502746.617191676,2026-04-10
8633,COALINDIA,2026-04-08T00:00:00,LONG,0.6165,449.25,449.25,NORMAL,462.7275,449.11,2026-04-10T00:00:00,2026-04-13T00:00:00,449.11,3898,1751176.5,545.7199999999468,-545.7199999999468,0.0,5978.676498143999,-6524.396498143946,-6524.396498143946,5978.676498143999,-0.3725721820812434,0,EXECUTED,17580673.756013468,2026-04-10
22594,NATIONALUM,2026-04-08T00:00:00,LONG,0.585,400.2000122070313,400.2000122070313,NORMAL,412.2060125732422,399.3975,2026-04-10T00:00:00,2026-04-13T00:00:00,399.3975,4380,1752876.0534667969,3515.003466796965,-3515.003466796965,0.0,5979.633032008871,-9494.636498805836,-9494.636498805836,5979.633032008871,-0.5416604602491756,0,EXECUTED,17580673.756013468,2026-04-10
17604,IRB,2026-04-06T00:00:00,SHORT,0.6715,21.799999237060547,21.799999237060547,NORMAL,21.14599925994873,22.453999214172363,2026-04-13T00:00:00,2026-04-16T00:00:00,20.96999931335449,80029,1744632.1389427185,52338.964168281535,66424.06389427185,0.0,5838.833292555046,60585.2306017168,60585.2306017168,5838.833292555046,3.472665053530004,0,EXECUTED,17483427.47059497,2026-04-13
12626,HINDPETRO,2026-04-09T00:00:00,SHORT,0.6795,364.25,364.25,NORMAL,353.3225,375.1775,2026-04-13T00:00:00,2026-04-16T00:00:00,346.1000061035156,4803,1749492.75,52484.782500000045,87174.42068481445,0.0,5818.446974163455,81355.973710651,81355.973710651,5818.446974163455,4.650260694744291,0,EXECUTED,17483427.47059497,2026-04-13
6912,BIOCON,2026-04-08T00:00:00,SHORT,0.6535,347.0,347.0,NORMAL,336.59,350.2514874267578,2026-04-13T00:00:00,2026-04-15T00:00:00,350.2514874267578,5045,1750615.0,16403.7540679932,-16403.7540679932,0.0,6006.886389875384,-22410.640457868583,-22410.640457868583,6006.886389875384,-1.2801581420168673,0,EXECUTED,17511641.73308324,2026-04-13
31102,SBIN,2026-04-07T00:00:00,LONG,0.5267499999999999,1012.1558227539062,1012.1558227539062,NORMAL,1042.5204974365236,981.7911480712892,2026-04-13T00:00:00,2026-04-15T00:00:00,1042.5204974365236,1724,1744956.6384277344,52348.69915283204,52348.69915283223,0.0,6043.77771920251,46304.92143362972,46304.92143362972,6043.77771920251,2.653643100000012,0,EXECUTED,17511641.73308324,2026-04-13
8719,DELHIVERY,2025-11-06T00:00:00,LONG,0.58125,473.0499877929688,473.0499877929688,NORMAL,487.2414874267578,470.3045059204101,2026-04-13T00:00:00,2026-04-15T00:00:00,470.3045059204101,3691,1746027.5049438477,10133.573591613896,-10133.573591613896,0.0,5945.444486207671,-16079.018077821564,-16079.018077821564,5945.444486207671,-0.9208914540174248,0,EXECUTED,17511641.73308324,2026-04-13
16805,IOC,2026-04-01T00:00:00,SHORT,0.59425,139.10000610351562,139.10000610351562,NORMAL,134.92700592041015,139.46199371337892,2026-04-15T00:00:00,2026-04-16T00:00:00,139.46199371337892,12595,1751964.5768737793,4559.233946228156,-4559.233946228156,0.0,5990.384166855571,-10549.618113083729,-10549.618113083729,5990.384166855571,-0.602159327439631,0,EXECUTED,17483427.47059497,2026-04-15
35110,UNIONBANK,2026-04-10T00:00:00,LONG,0.72325,181.5,181.5,NORMAL,186.945,179.14930236816406,2026-04-15T00:00:00,2026-04-16T00:00:00,179.14930236816406,9605,1743307.5,22578.450753784226,-22578.450753784226,0.0,5915.842984334598,-28494.29373811882,-28494.29373811882,5915.842984334598,-1.6344961366895296,0,EXECUTED,17483427.47059497,2026-04-15
36335,WIPRO,2026-04-07T00:00:00,SHORT,0.6105,203.00999450683597,203.00999450683597,NORMAL,196.91969467163085,203.2086930847168,2026-04-15T00:00:00,2026-04-16T00:00:00,203.2086930847168,8588,1743449.832824707,1706.4233868408398,-1706.4233868408398,0.0,5956.225157565612,-7662.648544406452,-7662.648544406452,5956.225157565612,-0.4395106988534085,0,EXECUTED,17483427.47059497,2026-04-15
8161,CANBK,2026-04-10T00:00:00,LONG,0.6125,135.0,135.0,NORMAL,139.05,133.7727035522461,2026-04-15T00:00:00,2026-04-17T00:00:00,142.04730377197265,12933,1745955.0,15872.624958801196,91142.7796829223,0.0,6110.510302276434,85032.26938064586,85032.26938064586,6110.510302276434,4.87024404298197,0,EXECUTED,17502746.617191676,2026-04-15
7279,BPCL,2026-04-02T00:00:00,SHORT,0.68875,284.25,284.25,NORMAL,275.7225,289.6875,2026-04-15T00:00:00,2026-04-16T00:00:00,289.6875,6153,1748990.25,33456.9375,-33456.9375,0.0,6031.73240735625,-39488.66990735625,-39488.66990735625,6031.73240735625,-2.257798172823219,0,EXECUTED,17483427.47059497,2026-04-15
33966,TCS,2026-04-10T00:00:00,SHORT,0.5559999999999999,2476.94970703125,2476.94970703125,NORMAL,2402.6412158203125,2551.2581982421875,2026-04-15T00:00:00,2026-04-22T00:00:00,2551.2581982421875,669,1657079.3540039062,49712.3806201172,-49712.3806201172,0.0,5746.865538160973,-55459.24615827817,-55459.24615827817,5746.865538160973,-3.3468069000000003,0,EXECUTED,17294458.757946532,2026-04-15
22580,NATIONALUM,2026-01-30T00:00:00,LONG,0.72225,425.1499938964844,425.1499938964844,NORMAL,437.9044937133789,415.9845059204101,2026-04-16T00:00:00,2026-04-27T00:00:00,441.7155062866211,4117,1750342.5248718262,37734.31399749767,68200.21451019298,0.0,6088.042795572326,62112.17171462065,62112.17171462065,6088.042795572326,3.5485723983749407,0,EXECUTED,17700230.56384011,2026-04-16
20743,KOTAKBANK,2026-03-11T00:00:00,SHORT,0.64025,382.5395812988281,382.5395812988281,NORMAL,371.06339385986325,394.015768737793,2026-04-16T00:00:00,2026-04-24T00:00:00,369.4122243125531,4574,1749736.0448608398,52492.08134582532,60044.53085522187,0.0,5867.631331438562,54176.89952378331,54176.89952378331,5867.631331438562,3.0962898479977365,0,EXECUTED,17633515.77725341,2026-04-16
19197,ITC,2026-04-10T00:00:00,SHORT,0.5225,296.1810607910156,296.1810607910156,NORMAL,287.29562896728515,305.0664926147461,2026-04-16T00:00:00,2026-04-30T00:00:00,305.0664926147461,5914,1751614.7935180664,52548.443805542,-52548.443805542,0.0,6074.720965341407,-58623.164770883406,-58623.164770883406,6074.720965341407,-3.3468069000000003,0,EXECUTED,17717306.064948224,2026-04-16
18164,IRFC,2026-04-13T00:00:00,SHORT,0.6805,101.0,101.0,NORMAL,97.97,103.2678022003174,2026-04-16T00:00:00,2026-04-20T00:00:00,103.2678022003174,17344,1751744.0,39332.76136230482,-39332.76136230482,0.0,6051.607842976036,-45384.36920528086,-45384.36920528086,6051.607842976036,-2.590810598197046,0,EXECUTED,17368917.935428962,2026-04-16
17605,IRB,2026-04-13T00:00:00,SHORT,0.6839999999999999,21.799999237060547,21.799999237060547,NORMAL,21.14599925994873,22.309799842834472,2026-04-16T00:00:00,2026-04-20T00:00:00,22.309799842834472,80360,1751847.9386901855,40967.57667999265,-40967.57667999265,0.0,6054.876483368258,-47022.45316336091,-47022.45316336091,6054.876483368258,-2.684162941591749,0,EXECUTED,17368917.935428962,2026-04-16
16802,IOC,2026-03-23T00:00:00,SHORT,0.6267499999999999,144.9499969482422,144.9499969482422,NORMAL,140.6014970397949,148.9380062866211,2026-04-16T00:00:00,2026-05-11T00:00:00,148.9380062866211,12082,1751285.863128662,48183.12882629389,-48183.12882629389,0.0,6065.8174987462335,-54248.94632504013,-54248.94632504013,6065.8174987462335,-3.0976636919871376,0,EXECUTED,17774399.92926829,2026-04-16
28745,RELIANCE,2026-04-10T00:00:00,SHORT,0.5932499999999999,1345.7777093601655,1345.7777093601655,NORMAL,1305.4043780793606,1384.3055407714844,2026-04-16T00:00:00,2026-04-29T00:00:00,1384.3055407714844,1300,1749511.0221682151,50086.18083471451,-50086.18083471451,0.0,6063.1489363973,-56149.32977111181,-56149.32977111181,6063.1489363973,-3.2094298955330087,0,EXECUTED,17610160.72496398,2026-04-16
37153,YESBANK,2026-03-09T00:00:00,SHORT,0.66875,20.1200008392334,20.1200008392334,NORMAL,19.5164008140564,20.7236008644104,2026-04-17T00:00:00,2026-04-20T00:00:00,19.5164008140564,84677,1703701.3110637665,51111.039331912994,51111.039331912994,0.0,5726.363291357069,45384.676040555925,45384.676040555925,5726.363291357069,2.6638869,0,EXECUTED,17368917.935428962,2026-04-17
10718,GMRINFRA,2026-03-02T00:00:00,LONG,0.54725,99.3000030517578,99.3000030517578,NORMAL,102.27900314331056,97.61109733581544,2026-04-17T00:00:00,2026-04-20T00:00:00,97.61109733581544,17527,1740431.1534881592,29601.450483322144,-29601.450483322144,0.0,5894.557769076741,-35496.00825239888,-35496.00825239888,5894.557769076741,-2.0394951090859323,0,EXECUTED,17368917.935428962,2026-04-17
11853,HDFCBANK,2026-04-17T00:00:00,SHORT,0.7144999999999999,786.8853759765625,786.8853759765625,NORMAL,763.2788146972656,810.4919372558594,2026-04-20T00:00:00,2026-05-01T00:00:00,757.4718126650201,2215,1742951.107788086,52288.53323364263,65151.04273506633,0.0,5835.36214918649,59315.68058587984,59315.68058587984,5835.36214918649,3.4031752423138912,0,EXECUTED,17707285.799510017,2026-04-20
12213,HINDALCO,2026-04-17T00:00:00,LONG,0.6995,1036.5,1036.5,NORMAL,1067.595,1008.7030236816406,2026-04-20T00:00:00,2026-04-30T00:00:00,1071.0970251464844,1683,1744429.5,46782.31114379884,58226.793321533216,0.0,6051.572565438739,52175.22075609448,52175.22075609448,6051.572565438739,2.9909618448951063,0,EXECUTED,17717306.064948224,2026-04-20
25343,ONGC,2026-04-17T00:00:00,LONG,0.714,282.75,282.75,NORMAL,291.2325,274.2675,2026-04-20T00:00:00,2026-04-30T00:00:00,291.2325,6168,1744002.0,52320.0600000001,52320.0600000001,0.0,6040.471263138001,46279.5887368621,46279.5887368621,6040.471263138001,2.6536431000000054,0,EXECUTED,17717306.064948224,2026-04-20
31563,SJVN,2026-02-13T00:00:00,SHORT,0.524,78.9800033569336,78.9800033569336,NORMAL,76.61060325622559,81.3494034576416,2026-04-20T00:00:00,2026-04-21T00:00:00,76.61060325622559,22068,1742930.7140808103,52287.92142242428,52287.92142242428,0.0,5858.218453949148,46429.70296847513,46429.70296847513,5858.218453949148,2.663886899999998,0,EXECUTED,17447608.02419277,2026-04-20
27683,RECLTD,2026-02-06T00:00:00,SHORT,0.65825,382.1000061035156,382.1000061035156,NORMAL,370.63700592041016,393.5630062866211,2026-04-21T00:00:00,2026-04-22T00:00:00,370.63700592041016,4341,1658696.126495361,49760.88379486082,49760.88379486082,0.0,5575.09497034348,44185.78882451734,44185.78882451734,5575.09497034348,2.6638868999999987,0,EXECUTED,17294458.757946532,2026-04-21
19647,KALYANKJIL,2026-04-08T00:00:00,SHORT,0.528,417.7999877929688,417.7999877929688,NORMAL,405.2659881591797,426.7805062866211,2026-04-22T00:00:00,2026-05-12T00:00:00,426.7805062866211,4164,1739719.149169922,37394.87900756847,-37394.87900756847,0.0,6007.093899610804,-43401.97290717927,-43401.97290717927,6007.093899610804,-2.4947689360025613,0,EXECUTED,17667777.21137331,2026-04-22
35766,VEDL,2026-04-16T00:00:00,LONG,0.6765,766.0499877929688,766.0499877929688,NORMAL,789.0314874267578,743.0684881591797,2026-04-22T00:00:00,2026-04-23T00:00:00,791.7000122070312,2198,1683777.8731689453,50513.33619506844,56378.753662109375,0.0,5841.454965325342,50537.29869678403,50537.29869678403,5841.454965325342,3.001423139126456,0,EXECUTED,17406045.172764126,2026-04-22
13995,ICICIBANK,2026-04-20T00:00:00,LONG,0.64025,1337.1273930984762,1337.1273930984762,NORMAL,1377.2412148914304,1304.516198730469,2026-04-23T00:00:00,2026-04-28T00:00:00,1304.516198730469,1319,1763671.03149689,43014.16537140196,-43014.16537140196,0.0,5952.019082013541,-48966.184453415495,-48966.184453415495,5952.019082013541,-2.7763785637424774,0,EXECUTED,17672304.276096538,2026-04-23
21907,MANAPPURAM,2026-02-27T00:00:00,LONG,0.6695,293.04998779296875,293.04998779296875,NORMAL,301.8414874267578,284.2584881591797,2026-04-24T00:00:00,2026-05-06T00:00:00,301.8414874267578,6041,1770314.9762573242,53109.44928771962,53109.44928771962,0.0,6131.608072000604,46977.84121571901,46977.84121571901,6131.608072000604,2.653643099999994,0,EXECUTED,17743015.69424107,2026-04-24
35762,VEDL,2026-04-08T00:00:00,LONG,0.5455,713.25,713.25,NORMAL,734.6475,691.8525,2026-04-27T00:00:00,2026-04-28T00:00:00,734.9500122070312,2475,1765293.75,52958.81250000009,53707.53021240234,0.0,6115.4388403157045,47592.09137208664,47592.09137208664,6115.4388403157045,2.6959870770565315,0,EXECUTED,17672304.276096538,2026-04-27
31110,SBIN,2026-04-24T00:00:00,LONG,0.68075,1081.60400390625,1081.60400390625,NORMAL,1114.0521240234375,1049.1558837890625,2026-04-28T00:00:00,2026-05-01T00:00:00,1049.1558837890625,1629,1761932.9223632812,52857.98767089844,-52857.98767089844,0.0,5930.016063426452,-58788.00373432489,-58788.00373432489,5930.016063426452,-3.3365631,0,EXECUTED,17707285.799510017,2026-04-28
15221,IDFCFIRSTB,2026-03-09T00:00:00,SHORT,0.5665,69.9800033569336,69.9800033569336,NORMAL,67.88060325622558,72.0794034576416,2026-04-28T00:00:00,2026-04-29T00:00:00,67.86000061035156,25206,1763915.9646148682,52917.4789384461,53436.78923034668,0.0,5927.827063328683,47508.962167018,47508.962167018,5927.827063328683,2.693380133752067,0,EXECUTED,17610160.72496398,2026-04-28
28739,RELIANCE,2026-03-25T00:00:00,SHORT,0.722,1406.596435546875,1406.596435546875,NORMAL,1364.398542480469,1448.794328613281,2026-04-29T00:00:00,2026-05-05T00:00:00,1448.794328613281,1262,1775124.7016601562,53253.74104980478,-53253.74104980478,0.0,6156.254948961837,-59409.99599876662,-59409.99599876662,6156.254948961837,-3.346806900000006,0,EXECUTED,17621639.193366352,2026-04-29
35108,UNIONBANK,2026-04-08T00:00:00,LONG,0.54725,171.8800048828125,171.8800048828125,NORMAL,177.03640502929687,166.72360473632813,2026-04-29T00:00:00,2026-05-01T00:00:00,166.72360473632813,10318,1773457.8903808594,53203.73671142576,-53203.73671142576,0.0,5968.804853060423,-59172.54156448618,-59172.54156448618,5968.804853060423,-3.3365630999999984,0,EXECUTED,17707285.799510017,2026-04-29
37825,ZOMATO,2026-04-23T00:00:00,SHORT,0.7095,263.29998779296875,263.29998779296875,NORMAL,255.4009881591797,270.87968994140624,2026-04-30T00:00:00,2026-05-01T00:00:00,255.10029052734373,6697,1763320.0182495115,50761.26528808587,54913.37258789076,0.0,5923.160430351385,48990.21215753937,48990.21215753937,5923.160430351385,2.7782938803231576,0,EXECUTED,17707285.799510017,2026-04-30
23954,NMDC,2026-04-28T00:00:00,LONG,0.68575,90.41999816894533,90.41999816894533,NORMAL,93.13259811401367,87.70739822387695,2026-04-30T00:00:00,2026-05-13T00:00:00,87.70739822387695,19558,1768434.3241882324,53053.02972564703,-53053.02972564703,0.0,5951.897382951965,-59004.927108599,-59004.927108599,5951.897382951965,-3.336563100000004,0,EXECUTED,17930497.283224076,2026-04-30
33072,TATAPOWER,2026-04-28T00:00:00,LONG,0.696,453.2000122070313,453.2000122070313,NORMAL,466.7960125732422,439.6040118408203,2026-04-30T00:00:00,2026-05-04T00:00:00,439.6040118408203,3904,1769292.84765625,53078.78542968753,-53078.78542968753,0.0,5954.786856150153,-59033.57228583768,-59033.57228583768,5954.786856150153,-3.336563100000002,0,EXECUTED,17699312.200129542,2026-04-30
14387,IDBI,2026-04-23T00:00:00,SHORT,0.53,76.5,76.5,NORMAL,74.205,76.735,2026-05-01T00:00:00,2026-05-04T00:00:00,76.735,23086,1766079.0,5425.209999999987,-5425.209999999987,0.0,6040.122705182999,-11465.332705182987,-11465.332705182987,6040.122705182999,-0.649197046405228,0,EXECUTED,17699312.200129542,2026-05-01
4574,BANKBARODA,2026-04-07T00:00:00,SHORT,0.66825,265.8999938964844,265.8999938964844,NORMAL,257.92299407958984,267.55281005859376,2026-05-01T00:00:00,2026-05-06T00:00:00,267.55281005859376,6636,1764512.3594970703,10968.088051757904,-10968.088051757904,0.0,6044.652326073345,-17012.740377831247,-17012.740377831247,6044.652326073345,-0.9641610208205228,0,EXECUTED,17743015.69424107,2026-05-01
12689,HINDZINC,2026-04-27T00:00:00,LONG,0.5585,588.5,588.5,NORMAL,606.155,570.845,2026-05-01T00:00:00,2026-05-06T00:00:00,606.155,2989,1759026.5,52770.79499999992,52770.79499999992,0.0,6092.5096555785,46678.28534442142,46678.28534442142,6092.5096555785,2.653643099999996,0,EXECUTED,17743015.69424107,2026-05-01
33922,TATASTEEL,2026-04-27T00:00:00,LONG,0.70475,210.07000732421875,210.07000732421875,NORMAL,216.3721075439453,203.7679071044922,2026-05-01T00:00:00,2026-05-08T00:00:00,216.3721075439453,8412,1767108.901611328,53013.267048339774,53013.267048339774,0.0,6120.503611245046,46892.76343709473,46892.76343709473,6120.503611245046,2.653643099999996,0,EXECUTED,17625468.175787523,2026-05-01
4930,BANKINDIA,2026-04-08T00:00:00,SHORT,0.63425,139.8699951171875,139.8699951171875,NORMAL,135.67389526367188,141.67650314331055,2026-05-04T00:00:00,2026-05-06T00:00:00,141.67650314331055,12592,1761242.978515625,22747.549064941508,-22747.549064941508,0.0,6054.483231137898,-28802.032296079407,-28802.032296079407,6054.483231137898,-1.6353241799921183,0,EXECUTED,17743015.69424107,2026-05-04
13999,ICICIBANK,2026-04-29T00:00:00,SHORT,0.6224999999999999,1270.290771484375,1270.290771484375,NORMAL,1232.1820483398435,1308.3994946289065,2026-05-04T00:00:00,2026-05-13T00:00:00,1232.1820483398435,1341,1703459.9245605469,51103.79773681643,51103.79773681643,0.0,5725.551959698116,45378.24577711831,45378.24577711831,5725.551959698116,2.6638869000000014,0,EXECUTED,17930497.283224076,2026-05-04
15251,IDFCFIRSTB,2026-04-30T00:00:00,SHORT,0.55475,70.1500015258789,70.1500015258789,NORMAL,68.04550148010254,72.25450157165527,2026-05-05T00:00:00,2026-05-14T00:00:00,68.04550148010254,24469,1716500.387336731,51495.0116201018,51495.0116201018,0.0,5769.382663389494,45725.62895671231,45725.62895671231,5769.382663389494,2.6638868999999925,0,EXECUTED,17835774.837462775,2026-05-05
11858,HDFCBANK,2026-05-04T00:00:00,SHORT,0.54325,766.7189331054688,766.7189331054688,NORMAL,743.7173651123047,789.7205010986328,2026-05-06T00:00:00,2026-05-13T00:00:00,743.7173651123047,2315,1774954.3301391602,53248.62990417473,53248.62990417473,0.0,5965.854022614965,47282.77588155977,47282.77588155977,5965.854022614965,2.663886899999996,0,EXECUTED,17930497.283224076,2026-05-06
37151,YESBANK,2026-03-02T00:00:00,SHORT,0.65775,20.71999931335449,20.71999931335449,NORMAL,20.098399333953857,21.341599292755127,2026-05-06T00:00:00,2026-05-07T00:00:00,19.979999542236328,85221,1765779.0614833832,52973.37184450152,63063.52049446106,0.0,5917.031070763883,57146.48942369717,57146.48942369717,5917.031070763883,3.236332940525977,0,EXECUTED,17707945.45336277,2026-05-06
25832,PFC,2026-04-16T00:00:00,LONG,0.67725,444.75,444.75,NORMAL,458.0925,431.4075,2026-05-06T00:00:00,2026-05-07T00:00:00,458.0925,3974,1767436.5,53023.09500000012,53023.09500000012,0.0,6121.638270868501,46901.45672913162,46901.45672913162,6121.638270868501,2.6536431000000067,0,EXECUTED,17707945.45336277,2026-05-06
37828,ZOMATO,2026-04-29T00:00:00,SHORT,0.6347499999999999,253.07000732421875,253.07000732421875,NORMAL,245.47790710449215,260.6621075439453,2026-05-06T00:00:00,2026-05-13T00:00:00,245.47790710449215,7002,1771996.1912841797,53159.88573852528,53159.88573852548,0.0,5955.911330407185,47203.97440811829,47203.97440811829,5955.911330407185,2.663886900000005,0,EXECUTED,17930497.283224076,2026-05-06
32555,SUZLON,2026-04-27T00:00:00,LONG,0.67525,53.90999984741211,53.90999984741211,NORMAL,55.52729984283447,52.29269985198975,2026-05-07T00:00:00,2026-05-11T00:00:00,55.52729984283447,32662,1760808.4150161743,52824.252450485255,52824.252450485255,0.0,6098.681441189156,46725.5710092961,46725.5710092961,6098.681441189156,2.653643100000002,0,EXECUTED,17774399.92926829,2026-05-07
25533,PETRONET,2026-05-06T00:00:00,SHORT,0.7172499999999999,284.8999938964844,284.8999938964844,NORMAL,276.35299407958985,291.0264874267578,2026-05-07T00:00:00,2026-05-14T00:00:00,274.0734881591797,6184,1761821.5622558594,37886.23599121084,66951.11147949209,0.0,5896.588940488959,61054.52253900313,61054.52253900313,5896.588940488959,3.465420326722992,0,EXECUTED,17835774.837462775,2026-05-07
27692,RECLTD,2026-04-30T00:00:00,SHORT,0.7164999999999999,363.5499877929688,363.5499877929688,NORMAL,352.6434881591797,374.4564874267578,2026-05-08T00:00:00,2026-05-13T00:00:00,352.6434881591797,4884,1775578.1403808594,53267.34421142573,53267.34421142573,0.0,5967.950730556458,47299.39348086927,47299.39348086927,5967.950730556458,2.663886899999997,0,EXECUTED,17930497.283224076,2026-05-08
23107,NHPC,2026-04-27T00:00:00,LONG,0.59925,80.66000366210938,80.66000366210938,NORMAL,83.07980377197266,78.24020355224609,2026-05-11T00:00:00,2026-05-14T00:00:00,78.24020355224609,21904,1766776.7202148438,53003.30160644547,-53003.30160644547,0.0,5946.318499633405,-58949.62010607887,-58949.62010607887,5946.318499633405,-3.336563100000009,0,EXECUTED,17835774.837462775,2026-05-11
31072,SBIN,2025-12-30T00:00:00,LONG,0.61775,956.2141723632812,956.2141723632812,NORMAL,984.9005975341796,927.5277471923828,2026-05-11T00:00:00,2026-05-12T00:00:00,989.1701581334676,1848,1767083.7905273438,53012.51371582038,60902.66170330432,0.0,6133.295725832972,54769.36597747135,54769.36597747135,6133.295725832972,3.09942099356402,0,EXECUTED,17667777.21137331,2026-05-11
5673,BEL,2026-05-06T00:00:00,LONG,0.7295,433.3500061035156,433.3500061035156,NORMAL,446.3505062866211,420.3495059204101,2026-05-12T00:00:00,2026-05-14T00:00:00,420.3495059204101,4139,1793635.6752624512,53809.07025787361,-53809.07025787361,0.0,6036.715831369239,-59845.78608924285,-59845.78608924285,6036.715831369239,-3.336563100000004,0,EXECUTED,17835774.837462775,2026-05-12
26712,PNB,2026-04-08T00:00:00,SHORT,0.628,106.1999969482422,106.1999969482422,NORMAL,103.01399703979492,107.71740188598632,2026-05-12T00:00:00,2026-05-15T00:00:00,101.44260177612304,16869,1791487.7485198977,25597.103894806005,80252.49915847788,0.0,5974.180036845886,74278.319121632,74278.319121632,5974.180036845886,4.146180691606723,0,EXECUTED,18158228.429574866,2026-05-12
1103,ADANIPOWER,2026-04-27T00:00:00,LONG,0.5822499999999999,212.8999938964844,212.8999938964844,NORMAL,219.2869937133789,206.51299407958984,2026-05-13T00:00:00,2026-05-14T00:00:00,222.7700042724609,8392,1786656.7487792969,53599.7024633789,82829.12707519531,0.0,6235.920118506629,76593.20695668868,76593.20695668868,6235.920118506629,4.286957022327859,0,EXECUTED,17835774.837462775,2026-05-13
14005,ICICIBANK,2026-05-12T00:00:00,SHORT,0.6995,1229.93115234375,1229.93115234375,NORMAL,1193.0332177734374,1266.8290869140626,2026-05-13T00:00:00,2026-05-26T00:00:00,1266.8290869140626,1449,1782170.2397460938,53465.10719238296,-53465.10719238296,0.0,6180.689361185996,-59645.79655356896,-59645.79655356896,6180.689361185996,-3.3468069000000087,0,EXECUTED,17631310.877274852,2026-05-13
29820,SAIL,2026-04-27T00:00:00,LONG,0.6539999999999999,178.4600067138672,178.4600067138672,NORMAL,183.8138069152832,173.10620651245117,2026-05-13T00:00:00,2026-05-15T00:00:00,183.8138069152832,10027,1789418.4873199463,53682.55461959844,53682.55461959844,0.0,6197.774400708258,47484.78021889018,47484.78021889018,6197.774400708258,2.653643100000003,0,EXECUTED,18158228.429574866,2026-05-13
19211,ITC,2026-05-12T00:00:00,SHORT,0.7295,293.99072694682496,293.99072694682496,NORMAL,285.1710051384202,301.50697631835936,2026-05-13T00:00:00,2026-05-18T00:00:00,301.50697631835936,6067,1783641.740386387,45601.08493709921,-45601.08493709921,0.0,6171.69790040675,-51772.782837505954,-51772.782837505954,6171.69790040675,-2.902644722044378,0,EXECUTED,18084129.916698307,2026-05-13
31116,SBIN,2026-05-12T00:00:00,SHORT,0.70375,960.6836091187948,960.6836091187948,NORMAL,931.8631008452307,986.064125366211,2026-05-13T00:00:00,2026-06-08T00:00:00,986.064125366211,1854,1781107.4113062455,47055.47712270976,-47055.47712270976,0.0,6165.636343522111,-53221.11346623187,-53221.11346623187,6165.636343522111,-2.9880911801495493,0,EXECUTED,17917513.81598522,2026-05-13
2039,ASHOKLEY,2026-04-08T00:00:00,SHORT,0.67175,155.9499969482422,155.9499969482422,NORMAL,151.27149703979492,157.51789245605468,2026-05-14T00:00:00,2026-05-25T00:00:00,157.51789245605468,11652,1817129.364440918,18269.118457031185,-18269.118457031185,0.0,6237.3309776459255,-24506.44943467711,-24506.44943467711,6237.3309776459255,-1.3486353758978018,0,EXECUTED,17879806.845875192,2026-05-14
12678,HINDZINC,2026-01-23T00:00:00,LONG,0.6635,660.0,660.0,NORMAL,679.8000000000001,648.2025,2026-05-14T00:00:00,2026-05-19T00:00:00,648.2025,2750,1815000.0,32443.12500000004,-32443.12500000004,0.0,6144.5420870625,-38587.66708706254,-38587.66708706254,6144.5420870625,-2.1260422637500023,0,EXECUTED,17914411.958221283,2026-05-14
24530,NTPC,2026-04-15T00:00:00,LONG,0.54575,386.25,386.25,NORMAL,397.8375,374.6625,2026-05-14T00:00:00,2026-05-18T00:00:00,397.8375,4393,1696796.25,50903.88750000015,50903.88750000015,0.0,5876.970890816251,45026.9166091839,45026.9166091839,5876.970890816251,2.653643100000009,0,EXECUTED,18084129.916698307,2026-05-14
14383,IDBI,2026-04-08T00:00:00,SHORT,0.64825,71.0,71.0,NORMAL,68.87,71.7291993713379,2026-05-14T00:00:00,2026-05-18T00:00:00,71.7291993713379,25636,1820156.0,18693.75508361837,-18693.75508361837,0.0,6248.422557285533,-24942.1776409039,-24942.1776409039,6248.422557285533,-1.370331863911879,0,EXECUTED,18084129.916698307,2026-05-14
16809,IOC,2026-04-08T00:00:00,SHORT,0.645,138.0,138.0,NORMAL,133.86,138.47320251464845,2026-05-14T00:00:00,2026-05-15T00:00:00,138.47320251464845,13184,1819392.0,6238.70195312515,-6238.70195312515,0.0,6223.615161691056,-12462.317114816206,-12462.317114816206,6223.615161691056,-0.6849715242683383,0,EXECUTED,18158228.429574866,2026-05-14
20742,KOTAKBANK,2026-03-10T00:00:00,SHORT,0.56275,391.1746520996094,391.1746520996094,NORMAL,379.4394125366211,402.90989166259766,2026-05-15T00:00:00,2026-05-21T00:00:00,375.6514488191217,4611,1803706.3208312988,54111.189624938976,71577.49032632868,0.0,6031.363042101937,65546.12728422675,65546.12728422675,6031.363042101937,3.633968929820993,0,EXECUTED,17917600.043577936,2026-05-15
11859,HDFCBANK,2026-05-08T00:00:00,SHORT,0.6655,768.145263671875,768.145263671875,NORMAL,745.1009057617188,791.1896215820312,2026-05-15T00:00:00,2026-05-19T00:00:00,745.1009057617188,2350,1805141.3696289065,54154.24108886716,54154.24108886716,0.0,6067.316616842176,48086.92447202498,48086.92447202498,6067.316616842176,2.6638868999999987,0,EXECUTED,17914411.958221283,2026-05-15
6118,BHARTIARTL,2026-03-05T00:00:00,SHORT,0.56325,1883.2982177734373,1883.2982177734373,NORMAL,1826.7992712402345,1939.7971643066408,2026-05-15T00:00:00,2026-05-27T00:00:00,1826.7992712402345,957,1802316.39440918,54069.49183227551,54069.49183227551,0.0,6057.8215050569215,48011.67032721859,48011.67032721859,6057.8215050569215,2.6638869000000067,0,EXECUTED,17675619.979066715,2026-05-15
22603,NATIONALUM,2026-05-14T00:00:00,LONG,0.5655,408.25,408.25,NORMAL,420.4975,396.0025,2026-05-18T00:00:00,2026-05-20T00:00:00,396.0025,4403,1797524.75,53925.74250000001,-53925.74250000001,0.0,6049.805021867251,-59975.54752186726,-59975.54752186726,6049.805021867251,-3.3365631000000007,0,EXECUTED,17992474.277359918,2026-05-18
33931,TATASTEEL,2026-05-15T00:00:00,LONG,0.7224999999999999,221.1300048828125,221.1300048828125,NORMAL,227.7639050292969,214.4961047363281,2026-05-18T00:00:00,2026-05-20T00:00:00,211.0,8119,1795354.5096435547,53860.63528930679,-82245.50964355469,0.0,5996.168163237708,-88241.6778067924,-88241.6778067924,5996.168163237708,-4.915000203737572,0,EXECUTED,17992474.277359918,2026-05-18
28759,RELIANCE,2026-05-15T00:00:00,SHORT,0.7085,1330.24951171875,1330.24951171875,NORMAL,1290.3420263671874,1370.1569970703126,2026-05-18T00:00:00,2026-06-05T00:00:00,1290.3420263671874,1290,1716021.8701171875,51480.65610351579,51480.65610351579,0.0,5767.774304328852,45712.88179918694,45712.88179918694,5767.774304328852,2.66388690000001,0,EXECUTED,17908547.24710311,2026-05-18
23962,NMDC,2026-05-14T00:00:00,LONG,0.7175,90.87000274658205,90.87000274658205,NORMAL,93.5961028289795,88.37670059204102,2026-05-19T00:00:00,2026-05-20T00:00:00,88.37670059204102,19819,1800952.5844345093,49414.755400848335,-49414.755400848335,0.0,6068.87298956927,-55483.62839041761,-55483.62839041761,6068.87298956927,-3.080793401778493,0,EXECUTED,17992474.277359918,2026-05-19
6840,BHEL,2026-05-13T00:00:00,LONG,0.65,391.75,391.75,NORMAL,403.5025,379.9975,2026-05-19T00:00:00,2026-05-21T00:00:00,403.5025,4594,1799699.5,53990.98499999999,53990.98499999999,0.0,6233.3833975155,47757.60160248449,47757.60160248449,6233.3833975155,2.653643099999999,0,EXECUTED,17917600.043577936,2026-05-19
8643,COALINDIA,2026-05-15T00:00:00,LONG,0.6835,454.0499877929688,454.0499877929688,NORMAL,467.6714874267578,440.42848815917966,2026-05-20T00:00:00,2026-05-28T00:00:00,467.6714874267578,3946,1791681.2518310547,53750.43755493173,53750.43755493173,0.0,6205.611641723234,47544.8259132085,47544.8259132085,6205.611641723234,2.653643100000005,0,EXECUTED,17725016.061119057,2026-05-20
37836,ZOMATO,2026-05-15T00:00:00,SHORT,0.53325,245.82000732421875,245.82000732421875,NORMAL,238.44540710449215,253.19460754394527,2026-05-20T00:00:00,2026-05-29T00:00:00,253.19460754394527,7293,1792765.313415527,53782.9594024659,-53782.9594024659,0.0,6217.433807731674,-60000.39321019757,-60000.39321019757,6217.433807731674,-3.346806900000004,0,EXECUTED,17655039.497956574,2026-05-20
4584,BANKBARODA,2026-05-18T00:00:00,SHORT,0.6872499999999999,261.3999938964844,261.3999938964844,NORMAL,253.55799407958983,269.2419937133789,2026-05-20T00:00:00,2026-05-27T00:00:00,269.2419937133789,6479,1693610.5604553225,50808.31681365975,-50808.31681365975,0.0,5873.55828278773,-56681.87509644748,-56681.87509644748,5873.55828278773,-3.346806900000004,0,EXECUTED,17675619.979066715,2026-05-20
12422,HINDCOPPER,2026-05-13T00:00:00,LONG,0.5675,561.7000122070312,561.7000122070312,NORMAL,578.5510125732422,547.2740118408203,2026-05-21T00:00:00,2026-05-22T00:00:00,547.2740118408203,3198,1796316.639038086,46134.34917114255,-46134.34917114255,0.0,6058.397697507392,-52192.74686864994,-52192.74686864994,6058.397697507392,-2.905542694109807,0,EXECUTED,17938383.880990975,2026-05-21
32563,SUZLON,2026-05-13T00:00:00,SHORT,0.67075,52.54999923706055,52.54999923706055,NORMAL,50.97349925994873,53.06560047149658,2026-05-21T00:00:00,2026-05-25T00:00:00,53.06560047149658,34192,1796789.5739135742,17629.437407836856,-17629.437407836856,0.0,6166.738625377278,-23796.17603321413,-23796.17603321413,6166.738625377278,-1.3243718896578334,0,EXECUTED,17879806.845875192,2026-05-21
12904,HUDCO,2026-04-27T00:00:00,LONG,0.608,206.8000030517578,206.8000030517578,NORMAL,213.0040031433105,205.02889526367187,2026-05-22T00:00:00,2026-05-25T00:00:00,205.02889526367187,8650,1788820.026397705,15320.0823669434,-15320.0823669434,0.0,6083.097891690042,-21403.18025863344,-21403.18025863344,6083.097891690042,-1.1964971289892588,0,EXECUTED,17879806.845875192,2026-05-22
17612,IRB,2026-05-22T00:00:00,LONG,0.681,22.790000915527344,22.790000915527344,NORMAL,23.473700942993165,22.154800148010253,2026-05-25T00:00:00,2026-05-26T00:00:00,22.154800148010253,77636,1769324.5110778809,49314.44678695688,-49314.44678695688,0.0,5961.039504036182,-55275.48629099306,-55275.48629099306,5961.039504036182,-3.12410108744376,0,EXECUTED,17631310.877274852,2026-05-25
37193,YESBANK,2026-05-21T00:00:00,LONG,0.6134999999999999,21.600000381469727,21.600000381469727,NORMAL,22.24800039291382,21.34,2026-05-25T00:00:00,2026-05-28T00:00:00,22.66,81916,1769385.631248474,21298.191248474133,86830.92875152589,0.0,6183.478301462155,80647.45045006374,80647.45045006374,6183.478301462155,4.557935196589061,0,EXECUTED,17725016.061119057,2026-05-25
5678,BEL,2026-05-22T00:00:00,LONG,0.69425,420.3999938964844,420.3999938964844,NORMAL,433.0119937133789,407.78799407958985,2026-05-25T00:00:00,2026-06-03T00:00:00,407.78799407958985,4213,1771145.174285889,53134.35522857664,-53134.35522857664,0.0,5961.02110407699,-59095.37633265363,-59095.37633265363,5961.02110407699,-3.3365630999999984,0,EXECUTED,17757265.84498038,2026-05-25
12631,HINDPETRO,2026-05-08T00:00:00,SHORT,0.5245,403.0,403.0,NORMAL,390.91,408.395,2026-05-26T00:00:00,2026-05-27T00:00:00,408.395,4387,1767961.0,23667.86500000017,-23667.86500000017,0.0,6079.0628663895,-29746.92786638967,-29746.92786638967,6079.0628663895,-1.682555659677429,0,EXECUTED,17675619.979066715,2026-05-26
10113,GAIL,2026-03-02T00:00:00,SHORT,0.65925,169.52999877929688,169.52999877929688,NORMAL,164.44409881591795,174.6158987426758,2026-05-26T00:00:00,2026-05-27T00:00:00,162.9199981689453,10425,1767350.23727417,53020.50711822525,68909.25636291504,0.0,5911.977152580757,62997.27921033428,62997.27921033428,5911.977152580757,3.564504526703016,0,EXECUTED,17675619.979066715,2026-05-26
25357,ONGC,2026-05-26T00:00:00,LONG,0.705,284.95001220703125,284.95001220703125,NORMAL,293.4985125732422,276.4015118408203,2026-05-27T00:00:00,2026-05-29T00:00:00,276.4015118408203,6090,1735345.5743408203,52060.36723022457,-52060.36723022457,0.0,5840.532860714269,-57900.90009093884,-57900.90009093884,5840.532860714269,-3.336563099999998,0,EXECUTED,17655039.497956574,2026-05-27
24667,NYKAA,2026-05-25T00:00:00,LONG,0.573,270.5,270.5,NORMAL,278.615,268.9325,2026-05-27T00:00:00,2026-05-28T00:00:00,268.9325,6565,1775832.5,10290.63749999997,-10290.63749999997,0.0,6046.9602469087495,-16337.59774690872,-16337.59774690872,6046.9602469087495,-0.9199965507393696,0,EXECUTED,17725016.061119057,2026-05-27
4939,BANKINDIA,2026-05-26T00:00:00,LONG,0.72575,146.00999450683594,146.00999450683594,NORMAL,150.39029434204102,141.62969467163086,2026-05-27T00:00:00,2026-06-02T00:00:00,141.62969467163086,12141,1772707.3433074951,53181.220299224864,-53181.220299224864,0.0,5966.278788563349,-59147.499087788216,-59147.499087788216,5966.278788563349,-3.3365631000000007,0,EXECUTED,17646702.374738403,2026-05-27
8175,CANBK,2026-05-11T00:00:00,SHORT,0.65875,134.33999633789062,134.33999633789062,NORMAL,130.3097964477539,138.37019622802734,2026-05-27T00:00:00,2026-06-02T00:00:00,130.3097964477539,13209,1774497.0116271973,53234.91034881586,53234.91034881586,0.0,5964.316915187533,47270.59343362832,47270.59343362832,5964.316915187533,2.6638868999999965,0,EXECUTED,17646702.374738403,2026-05-27
12634,HINDPETRO,2026-05-26T00:00:00,SHORT,0.59525,403.3500061035156,403.3500061035156,NORMAL,391.2495059204102,415.4505062866211,2026-05-28T00:00:00,2026-06-02T00:00:00,391.2495059204102,4373,1763849.5766906738,52915.48730072015,52915.48730072015,0.0,5928.529491551901,46986.95780916825,46986.95780916825,5928.529491551901,2.6638868999999965,0,EXECUTED,17646702.374738403,2026-05-28
15218,IDFCFIRSTB,2026-03-04T00:00:00,SHORT,0.7025,71.77999877929688,71.77999877929688,NORMAL,69.62659881591797,73.93339874267578,2026-05-28T00:00:00,2026-06-04T00:00:00,69.62659881591797,24568,1763491.0100097656,52904.73030029287,52904.73030029287,0.0,5927.324301965134,46977.40599832773,46977.40599832773,5927.324301965134,2.6638868999999943,0,EXECUTED,17927834.309357055,2026-05-28
29838,SAIL,2026-05-27T00:00:00,LONG,0.721,203.83999633789065,203.83999633789065,NORMAL,209.95519622802732,197.7247964477539,2026-05-28T00:00:00,2026-06-08T00:00:00,197.7247964477539,8653,1763827.4883117676,52914.82464935305,-52914.82464935305,0.0,5936.392473314223,-58851.21712266728,-58851.21712266728,5936.392473314223,-3.3365631000000016,0,EXECUTED,17917513.81598522,2026-05-28
8919,EXIDEIND,2026-05-28T00:00:00,LONG,0.7155,394.1499938964844,394.1499938964844,NORMAL,405.9744937133789,382.3254940795898,2026-05-29T00:00:00,2026-06-04T00:00:00,405.9744937133789,4498,1772886.6725463867,53186.60017639172,53186.60017639172,0.0,6140.5153195448165,47046.08485684691,47046.08485684691,6140.5153195448165,2.6536431000000067,0,EXECUTED,17927834.309357055,2026-05-29
32569,SUZLON,2026-05-28T00:00:00,LONG,0.71,57.52999877929688,57.52999877929688,NORMAL,59.25589874267578,55.80409881591797,2026-05-29T00:00:00,2026-06-02T00:00:00,55.80409881591797,30815,1772786.9123840332,53183.60737152103,-53183.60737152103,0.0,5966.546588713985,-59150.15396023502,-59150.15396023502,5966.546588713985,-3.336563100000002,0,EXECUTED,17646702.374738403,2026-05-29
1114,ADANIPOWER,2026-05-26T00:00:00,LONG,0.5685,233.3800048828125,233.3800048828125,NORMAL,240.38140502929687,226.37860473632813,2026-06-02T00:00:00,2026-06-03T00:00:00,245.0,7558,1763886.0769042969,52916.58230712888,87823.92309570312,0.0,6166.320387866528,81657.6027078366,81657.6027078366,6166.320387866528,4.629414777804105,0,EXECUTED,17757265.84498038,2026-06-02
23965,NMDC,2026-06-01T00:00:00,LONG,0.7035,87.98999786376953,87.98999786376953,NORMAL,90.62969779968262,85.35029792785645,2026-06-02T00:00:00,2026-06-03T00:00:00,90.62969779968262,20035,1762879.6072006226,52886.38821601868,52886.38821601868,0.0,6105.855158232253,46780.53305778642,46780.53305778642,6105.855158232253,2.6536431,0,EXECUTED,17757265.84498038,2026-06-02
29077,RVNL,2026-06-01T00:00:00,SHORT,0.7015,248.1000061035156,248.1000061035156,NORMAL,240.6570059204101,252.81349685668943,2026-06-02T00:00:00,2026-06-04T00:00:00,238.0864970397949,7139,1771185.943572998,33649.610486907965,71486.44120590211,0.0,5920.481238763081,65565.95996713903,65565.95996713903,5920.481238763081,3.701811218921114,0,EXECUTED,17927834.309357055,2026-06-02
16089,INFY,2026-04-22T00:00:00,SHORT,0.55725,1241.729736328125,1241.729736328125,NORMAL,1204.4778442382812,1278.9816284179688,2026-06-02T00:00:00,2026-06-04T00:00:00,1204.4778442382812,1421,1764497.9553222656,52934.93865966797,52934.93865966797,0.0,5930.708777070282,47004.22988259769,47004.22988259769,5930.708777070282,2.6638869,0,EXECUTED,17927834.309357055,2026-06-02
18161,IRFC,2026-04-08T00:00:00,SHORT,0.576,95.6999969482422,95.6999969482422,NORMAL,92.82899703979491,95.71790031433106,2026-06-03T00:00:00,2026-06-04T00:00:00,95.71790031433106,18740,1793417.9428100586,335.50908050548827,-335.50908050548827,0.0,6124.402885353411,-6459.911965858899,-6459.911965858899,6124.402885353411,-0.360201145068117,0,EXECUTED,17927834.309357055,2026-06-03
19552,JUBLFOOD,2026-04-08T00:00:00,SHORT,0.5702499999999999,420.0,420.0,NORMAL,407.4,425.5444937133789,2026-06-03T00:00:00,2026-06-04T00:00:00,425.5444937133789,4265,1791300.0,23647.26568756112,-23647.26568756112,0.0,6158.719501634941,-29805.98518919606,-29805.98518919606,6158.719501634941,-1.6639303963153051,0,EXECUTED,17927834.309357055,2026-06-03
32567,SUZLON,2026-05-21T00:00:00,LONG,0.6785,52.56999969482422,52.56999969482422,NORMAL,54.14709968566895,50.99289970397949,2026-06-03T00:00:00,2026-06-04T00:00:00,54.14709968566895,33982,1786433.7296295166,53593.0118888856,53593.0118888856,0.0,6187.436486499175,47405.57540238642,47405.57540238642,6187.436486499175,2.6536431000000054,0,EXECUTED,17927834.309357055,2026-06-03
35131,UNIONBANK,2026-06-01T00:00:00,LONG,0.59,164.00999450683594,164.00999450683594,NORMAL,168.930294342041,162.84360473632813,2026-06-04T00:00:00,2026-06-05T00:00:00,162.84360473632813,10959,1797385.529800415,12782.465494995042,-12782.465494995042,0.0,6116.4878116290165,-18898.95330662406,-18898.95330662406,6116.4878116290165,-1.0514690918159686,0,EXECUTED,17908547.24710311,2026-06-04
8646,COALINDIA,2026-06-03T00:00:00,LONG,0.711,471.8999938964844,471.8999938964844,NORMAL,486.0569937133789,457.9854940795898,2026-06-04T00:00:00,2026-06-12T00:00:00,457.9854940795898,3814,1799826.5767211914,53069.90230163575,-53069.90230163575,0.0,6059.06182734522,-59128.96412898097,-59128.96412898097,6059.06182734522,-3.2852589740450617,0,EXECUTED,17818837.088164233,2026-06-04
8667,COFORGE,2026-06-03T00:00:00,LONG,0.703,1490.0,1490.0,NORMAL,1534.7,1473.915,2026-06-04T00:00:00,2026-06-05T00:00:00,1473.915,1208,1799920.0,19430.680000000044,-19430.680000000044,0.0,6114.290133036,-25544.970133036044,-25544.970133036044,6114.290133036,-1.4192280841946334,0,EXECUTED,17908547.24710311,2026-06-04
11872,HDFCBANK,2026-06-03T00:00:00,SHORT,0.6735,741.3878784179688,741.3878784179688,NORMAL,719.1462420654296,763.6295147705079,2026-06-04T00:00:00,2026-06-16T00:00:00,777.1464134002696,2416,1791193.1142578125,53735.79342773448,-86392.6205172388,0.0,6270.185575492602,-92662.8060927314,-92662.8060927314,6270.185575492602,-5.173244881031523,0,EXECUTED,17661714.368727557,2026-06-04
6846,BHEL,2026-06-01T00:00:00,LONG,0.62175,410.75,410.75,NORMAL,423.0725,404.2475,2026-06-04T00:00:00,2026-06-05T00:00:00,404.2475,4381,1799495.75,28487.45249999999,-28487.45249999999,0.0,6098.058119234251,-34585.510619234235,-34585.510619234235,6098.058119234251,-1.921955671150334,0,EXECUTED,17908547.24710311,2026-06-04
1980,ASHOKLEY,2025-11-13T00:00:00,LONG,0.67925,142.52999877929688,142.52999877929688,NORMAL,146.8058987426758,138.25409881591796,2026-06-04T00:00:00,2026-06-05T00:00:00,147.19000244140625,12605,1796590.634613037,53897.71903839127,58739.34616088867,0.0,6230.518615688095,52508.82754520058,52508.82754520058,6230.518615688095,2.9226929348048345,0,EXECUTED,17908547.24710311,2026-06-04
10752,GMRINFRA,2026-06-01T00:00:00,LONG,0.6455,99.0500030517578,99.0500030517578,NORMAL,102.02150314331055,97.35890266418455,2026-06-04T00:00:00,2026-06-05T00:00:00,97.35890266418455,18178,1800530.9554748535,30740.82284530642,-30740.82284530642,0.0,6097.914755434042,-36838.73760074046,-36838.73760074046,6097.914755434042,-2.0459930160448137,0,EXECUTED,17908547.24710311,2026-06-04
23121,NHPC,2026-06-03T00:00:00,SHORT,0.564,74.33000183105469,74.33000183105469,NORMAL,72.10010177612304,74.45870094299316,2026-06-05T00:00:00,2026-06-08T00:00:00,74.45870094299316,24212,1799678.004333496,3116.062898254326,-3116.062898254326,0.0,6150.734272500715,-9266.79717075504,-9266.79717075504,6150.734272500715,-0.5149141762271503,0,EXECUTED,17917513.81598522,2026-06-05
2112,ATGL,2026-06-03T00:00:00,LONG,0.6865,718.5999755859375,718.5999755859375,NORMAL,740.1579748535156,716.0055236816406,2026-06-05T00:00:00,2026-06-09T00:00:00,760.2945251464844,2496,1793625.5390625,6475.751953125,104069.595703125,0.0,6294.386566749023,97775.20913637598,97775.20913637598,6294.386566749023,5.451260979896704,0,EXECUTED,18020366.894462407,2026-06-05
16103,INFY,2026-06-03T00:00:00,SHORT,0.70225,1196.7039794921875,1196.7039794921875,NORMAL,1160.8028601074218,1232.6050988769532,2026-06-05T00:00:00,2026-06-09T00:00:00,1152.559265415463,1496,1790269.1533203125,53708.0745996095,66040.49225877991,0.0,5995.349081574716,60045.1431772052,60045.1431772052,5995.349081574716,3.3539729523822053,0,EXECUTED,18020366.894462407,2026-06-05
25361,ONGC,2026-06-04T00:00:00,LONG,0.66175,266.70001220703125,266.70001220703125,NORMAL,274.70101257324217,259.7175,2026-06-05T00:00:00,2026-06-11T00:00:00,259.7175,6717,1791423.981994629,46901.534494629086,-46901.534494629086,0.0,6040.438954163277,-52941.97344879236,-52941.97344879236,6040.438954163277,-2.955301144838146,0,EXECUTED,17973208.341085024,2026-06-05
3887,BANDHANBNK,2026-06-04T00:00:00,LONG,0.695,207.0,207.0,NORMAL,213.21,201.39139526367188,2026-06-05T00:00:00,2026-06-12T00:00:00,201.39139526367188,8662,1793034.0,48581.73422607416,-48581.73422607416,0.0,6043.19393162278,-54624.92815769694,-54624.92815769694,6043.19393162278,-3.046508217785995,0,EXECUTED,17818837.088164233,2026-06-05
16828,IOC,2026-06-04T00:00:00,SHORT,0.70175,137.69000244140625,137.69000244140625,NORMAL,133.55930236816403,141.50140502929688,2026-06-05T00:00:00,2026-06-17T00:00:00,147.0,13037,1795064.5618286133,49689.25553833009,-121374.43817138672,0.0,6345.753113972845,-127720.19128535956,-127720.19128535956,6345.753113972845,-7.115075078706493,0,EXECUTED,17660793.924045537,2026-06-05
27394,POWERGRID,2026-06-02T00:00:00,SHORT,0.57525,286.1499938964844,286.1499938964844,NORMAL,277.5654940795898,294.7344937133789,2026-06-08T00:00:00,2026-06-26T00:00:00,294.7344937133789,6281,1797308.1116638184,53919.243349914665,-53919.243349914665,0.0,6233.188545509827,-60152.431895424495,-60152.431895424495,6233.188545509827,-3.3468069000000065,0,EXECUTED,18244620.888410725,2026-06-08
31128,SBIN,2026-06-05T00:00:00,LONG,0.7075,966.0,966.0,NORMAL,994.98,948.3690118408202,2026-06-08T00:00:00,2026-06-10T00:00:00,1007.0310125732424,1707,1648962.0,30096.09678771986,70039.93846252454,0.0,5744.871836752378,64295.06662577217,64295.06662577217,5744.871836752378,3.8991236078073457,0,EXECUTED,17974848.425293215,2026-06-08
19216,ITC,2026-06-02T00:00:00,SHORT,0.53525,283.25,283.25,NORMAL,274.7525,291.7475,2026-06-08T00:00:00,2026-06-17T00:00:00,291.7475,6345,1797221.25,53916.63750000001,-53916.63750000001,0.0,6232.8873032662505,-60149.52480326626,-60149.52480326626,6232.8873032662505,-3.346806900000001,0,EXECUTED,17660793.924045537,2026-06-08
10754,GMRINFRA,2026-06-08T00:00:00,LONG,0.711,101.4499969482422,101.4499969482422,NORMAL,104.49349685668946,98.96909881591796,2026-06-09T00:00:00,2026-06-17T00:00:00,107.0,17750,1800737.4458312988,44035.94184875504,98512.55416870116,0.0,6309.600124705124,92202.95404399604,92202.95404399604,6309.600124705124,5.120288593845015,0,EXECUTED,17660793.924045537,2026-06-09
33939,TATASTEEL,2026-06-08T00:00:00,LONG,0.7105,203.44000244140625,203.44000244140625,NORMAL,209.54320251464844,200.5669041442871,2026-06-09T00:00:00,2026-06-11T00:00:00,200.5669041442871,8840,1798409.6215820312,25398.188946533344,-25398.188946533344,0.0,6099.392030036578,-31497.580976569923,-31497.580976569923,6099.392030036578,-1.751413059548804,0,EXECUTED,17973208.341085024,2026-06-09
15217,IDFCFIRSTB,2026-03-02T00:00:00,SHORT,0.7045,73.4800033569336,73.4800033569336,NORMAL,71.27560325622558,75.68440345764161,2026-06-10T00:00:00,2026-06-16T00:00:00,75.68440345764161,24470,1798055.682144165,53941.67046432511,-53941.67046432511,0.0,6235.781171518032,-60177.45163584314,-60177.45163584314,6235.781171518032,-3.3468069000000087,0,EXECUTED,17661714.368727557,2026-06-10
20740,KOTAKBANK,2026-03-06T00:00:00,SHORT,0.655,399.1109313964844,399.1109313964844,NORMAL,387.13760345458985,411.0842593383789,2026-06-11T00:00:00,2026-06-12T00:00:00,385.3347498578859,4107,1639148.595245361,49174.45785736081,56578.77757902384,0.0,5496.1964380457175,51082.58114097812,51082.58114097812,5496.1964380457175,3.1164094145675456,0,EXECUTED,17818837.088164233,2026-06-11
25314,ONGC,2026-02-04T00:00:00,LONG,0.6227499999999999,257.0,257.0,NORMAL,264.71,249.29,2026-06-11T00:00:00,2026-06-16T00:00:00,249.29,6939,1783323.0,53499.69000000005,-53499.69000000005,0.0,6002.007171813,-59501.69717181305,-59501.69717181305,6002.007171813,-3.336563100000003,0,EXECUTED,17661714.368727557,2026-06-11
20775,KOTAKBANK,2026-06-10T00:00:00,SHORT,0.60075,397.0644967807851,397.0644967807851,NORMAL,385.1525618773615,399.05405548095706,2026-06-12T00:00:00,2026-06-15T00:00:00,399.05405548095706,4490,1782819.590545725,8933.118563772205,-8933.118563772205,0.0,6103.537271093644,-15036.65583486585,-15036.65583486585,6103.537271093644,-0.8434199351748819,0,EXECUTED,17805151.972394124,2026-06-12
33941,TATASTEEL,2026-06-11T00:00:00,LONG,0.706,197.44000244140625,197.44000244140625,NORMAL,203.36320251464844,193.33069763183596,2026-06-12T00:00:00,2026-06-18T00:00:00,193.33069763183596,8485,1675278.420715332,34867.45130920415,-34867.45130920415,0.0,5663.491554602559,-40530.94286380671,-40530.94286380671,5663.491554602559,-2.4193556344204734,0,EXECUTED,17743802.09474133,2026-06-12
24516,NTPC,2026-02-03T00:00:00,LONG,0.604,350.3500061035156,350.3500061035156,NORMAL,360.8605062866211,339.83950592041015,2026-06-12T00:00:00,2026-06-22T00:00:00,360.8605062866211,5088,1782580.8310546875,53477.42493164067,53477.42493164067,0.0,6174.0917064352525,47303.33322520542,47303.33322520542,6174.0917064352525,2.6536431000000023,0,EXECUTED,18187999.008035235,2026-06-12
28768,RELIANCE,2026-06-03T00:00:00,SHORT,0.56225,1315.300048828125,1315.300048828125,NORMAL,1275.8410473632812,1346.3709375,2026-06-15T00:00:00,2026-07-27T00:00:00,1265.0,1241,1632287.3605957031,38558.972841796975,62422.360595703125,0.0,5462.353048200366,56960.00754750276,56960.00754750276,5462.353048200366,3.4895820994849345,0,EXECUTED,18453240.6682547,2026-06-15
19650,KALYANKJIL,2026-05-12T00:00:00,SHORT,0.564,385.2000122070313,385.2000122070313,NORMAL,373.6440118408203,396.7560125732422,2026-06-16T00:00:00,2026-06-17T00:00:00,352.0,4563,1757667.6557006836,52730.02967102044,151491.6557006836,0.0,5731.728399200226,145759.92730148337,145759.92730148337,5731.728399200226,8.292803638317908,0,EXECUTED,17660793.924045537,2026-06-16
35789,VEDL,2026-06-08T00:00:00,SHORT,0.69175,315.6000061035156,315.6000061035156,NORMAL,306.13200592041017,325.0680062866211,2026-06-16T00:00:00,2026-06-17T00:00:00,306.13200592041017,5573,1758838.8340148926,52765.16502044673,52765.16502044673,0.0,5911.68772901131,46853.47729143542,46853.47729143542,5911.68772901131,2.663886899999997,0,EXECUTED,17660793.924045537,2026-06-16
23122,NHPC,2026-06-08T00:00:00,SHORT,0.69875,74.97000122070312,74.97000122070312,NORMAL,72.72090118408202,77.21910125732423,2026-06-16T00:00:00,2026-06-24T00:00:00,77.21910125732423,23458,1758646.288635254,52759.38865905779,-52759.38865905779,0.0,6099.106675580977,-58858.49533463876,-58858.49533463876,6099.106675580977,-3.346806900000009,0,EXECUTED,18049523.7772968,2026-06-16
16831,IOC,2026-06-15T00:00:00,SHORT,0.55225,144.9499969482422,144.9499969482422,NORMAL,140.6014970397949,145.16820251464844,2026-06-17T00:00:00,2026-06-18T00:00:00,145.16820251464844,12266,1777956.662567139,2676.509477539118,-2676.509477539118,0.0,6075.78116284357,-8752.29064038269,-8752.29064038269,6075.78116284357,-0.4922668153083955,0,EXECUTED,17743802.09474133,2026-06-17
21732,MAHABANK,2026-06-15T00:00:00,LONG,0.638,87.30000305175781,87.30000305175781,NORMAL,89.91900314331055,84.68100296020508,2026-06-17T00:00:00,2026-06-18T00:00:00,89.91900314331055,20349,1776467.7621002195,53294.03286300661,53294.03286300661,0.0,6152.918670309696,47141.114192696914,47141.114192696914,6152.918670309696,2.653643100000001,0,EXECUTED,17743802.09474133,2026-06-17
25367,ONGC,2026-06-16T00:00:00,SHORT,0.71875,244.1499938964844,244.1499938964844,NORMAL,236.82549407958984,250.9594937133789,2026-06-17T00:00:00,2026-06-29T00:00:00,236.34049407958983,7280,1777411.9555664062,49573.15866699228,56853.15866699228,0.0,5967.82147878487,50885.337188207406,50885.337188207406,5967.82147878487,2.8628893278706355,0,EXECUTED,18099059.455850866,2026-06-17
4592,BANKBARODA,2026-06-15T00:00:00,LONG,0.5225,274.75,274.75,NORMAL,282.9925,266.5075,2026-06-17T00:00:00,2026-06-22T00:00:00,283.79998779296875,6469,1777357.75,53320.73250000004,58544.37103271485,0.0,6164.527749986701,52379.84328272814,52379.84328272814,6164.527749986701,2.9470624742108416,0,EXECUTED,18187999.008035235,2026-06-17
35135,UNIONBANK,2026-06-15T00:00:00,LONG,0.72775,170.0500030517578,170.0500030517578,NORMAL,175.15150314331055,164.94850296020508,2026-06-17T00:00:00,2026-06-22T00:00:00,175.15150314331055,10445,1776172.2818756104,53285.16845626834,53285.16845626834,0.0,6151.895254163625,47133.27320210471,47133.27320210471,6151.895254163625,2.653643100000002,0,EXECUTED,18187999.008035235,2026-06-17
14370,IDBI,2026-03-16T00:00:00,SHORT,0.5275,92.18000030517578,92.18000030517578,NORMAL,89.41460029602051,94.94540031433104,2026-06-18T00:00:00,2026-06-19T00:00:00,77.38999938964844,19366,1785157.8859100342,53554.736577301,286423.15773010254,0.0,5585.108123206041,280838.0496068965,280838.0496068965,5585.108123206041,15.731832563579182,0,EXECUTED,17850803.064017754,2026-06-18
37846,ZOMATO,2026-06-17T00:00:00,SHORT,0.72075,254.0,254.0,NORMAL,246.38,261.2080062866211,2026-06-18T00:00:00,2026-06-19T00:00:00,261.2080062866211,7040,1788160.0,50744.36425781274,-50744.36425781274,0.0,6196.292816416701,-56940.65707422944,-56940.65707422944,6196.292816416701,-3.184315557569202,0,EXECUTED,17850803.064017754,2026-06-18
2070,ASHOKLEY,2026-06-17T00:00:00,SHORT,0.71475,159.89999389648438,159.89999389648438,NORMAL,155.10299407958985,163.255,2026-06-18T00:00:00,2026-06-25T00:00:00,153.745,11163,1784963.631866455,37451.93313354487,68708.19686645502,0.0,5972.478198096114,62735.71866835891,62735.71866835891,5972.478198096114,3.514677696976886,0,EXECUTED,18104888.13981513,2026-06-18
1121,ADANIPOWER,2026-06-18T00:00:00,LONG,0.72875,220.3999938964844,220.3999938964844,NORMAL,227.0119937133789,213.78799407958985,2026-06-19T00:00:00,2026-06-22T00:00:00,227.0119937133789,8223,1812349.149810791,54370.47449432367,54370.47449432367,0.0,6277.196332461012,48093.27816186266,48093.27816186266,6277.196332461012,2.653643099999997,0,EXECUTED,18187999.008035235,2026-06-19
21735,MAHABANK,2026-06-18T00:00:00,LONG,0.697,90.13999938964844,90.13999938964844,NORMAL,92.8441993713379,87.43579940795898,2026-06-19T00:00:00,2026-06-25T00:00:00,87.43579940795898,20195,1820377.2876739504,54611.31863021856,-54611.31863021856,0.0,6126.718231091365,-60738.03686130993,-60738.03686130993,6126.718231091365,-3.336563100000004,0,EXECUTED,18104888.13981513,2026-06-19
20780,KOTAKBANK,2026-06-19T00:00:00,LONG,0.7032499999999999,398.5619132727069,398.5619132727069,NORMAL,410.51877067088816,386.6050625610352,2026-06-22T00:00:00,2026-06-26T00:00:00,410.5187777709961,4541,1809869.6481713625,54296.059081701605,54296.12168673116,0.0,6268.608460075184,48027.51322665597,48027.51322665597,6268.608460075184,2.6536448785237945,0,EXECUTED,18244620.888410725,2026-06-22
29850,SAIL,2026-06-19T00:00:00,LONG,0.72275,181.3999938964844,181.3999938964844,NORMAL,186.8419937133789,176.69520355224608,2026-06-22T00:00:00,2026-06-24T00:00:00,176.69520355224608,9990,1812185.939025879,47000.85553894052,-47000.85553894052,0.0,6111.170610901553,-53112.02614984207,-53112.02614984207,6111.170610901553,-2.9308265231542343,0,EXECUTED,18049523.7772968,2026-06-22
37205,YESBANK,2026-06-19T00:00:00,LONG,0.71575,25.43000030517578,25.43000030517578,NORMAL,26.19290031433105,24.71559955596924,2026-06-22T00:00:00,2026-06-25T00:00:00,24.71559955596924,71199,1810590.5917282104,50864.618942756686,-50864.618942756686,0.0,6099.416317014886,-56964.03525977157,-56964.03525977157,6099.416317014886,-3.146157696831913,0,EXECUTED,18104888.13981513,2026-06-22
33969,TCS,2026-06-19T00:00:00,SHORT,0.70275,2120.572930884224,2120.572930884224,NORMAL,2056.955742957697,2176.8147241210936,2026-06-22T00:00:00,2026-06-24T00:00:00,2050.0099829101564,854,1810969.282975127,48030.49142428685,60260.75756985352,0.0,6076.332965430119,54184.4246044234,54184.4246044234,6076.332965430119,2.992012350171243,0,EXECUTED,18049523.7772968,2026-06-22
3888,BANDHANBNK,2026-06-15T00:00:00,LONG,0.6074999999999999,204.6000061035156,204.6000061035156,NORMAL,210.7380062866211,198.46200592041012,2026-06-24T00:00:00,2026-06-26T00:00:00,210.7380062866211,8842,1809073.2539672847,54272.19761901862,54272.19761901862,0.0,6265.850041170215,48006.3475778484,48006.3475778484,6265.850041170215,2.653643100000004,0,EXECUTED,18244620.888410725,2026-06-24
5685,BEL,2026-06-18T00:00:00,LONG,0.5539999999999999,419.8500061035156,419.8500061035156,NORMAL,432.4455062866211,407.25450592041017,2026-06-24T00:00:00,2026-06-25T00:00:00,435.0,4313,1810813.076324463,54324.39228973384,65341.92367553711,0.0,6289.859952433089,59052.06372310402,59052.06372310402,6289.859952433089,3.261080036099928,0,EXECUTED,18104888.13981513,2026-06-24
10150,GAIL,2026-06-22T00:00:00,LONG,0.6527499999999999,173.89999389648438,173.89999389648438,NORMAL,179.11699371337892,168.68299407958983,2026-06-24T00:00:00,2026-07-10T00:00:00,168.68299407958983,10413,1810820.636444092,54324.61909332287,-54324.61909332287,0.0,6094.554069455966,-60419.17316277884,-60419.17316277884,6094.554069455966,-3.336563100000007,0,EXECUTED,18111617.553314548,2026-06-24
16834,IOC,2026-06-19T00:00:00,SHORT,0.56225,146.11000061035156,146.11000061035156,NORMAL,141.726700592041,150.49330062866213,2026-06-25T00:00:00,2026-07-01T00:00:00,141.726700592041,12487,1824475.57762146,54734.26732864401,54734.26732864401,0.0,6132.301422686396,48601.965905957615,48601.965905957615,6132.301422686396,2.663886900000012,0,EXECUTED,18187936.42869231,2026-06-25
10758,GMRINFRA,2026-06-16T00:00:00,LONG,0.70975,106.66000366210938,106.66000366210938,NORMAL,109.85980377197266,103.46020355224609,2026-06-25T00:00:00,2026-07-01T00:00:00,109.85980377197266,17086,1822392.8225708008,54671.78467712417,54671.78467712417,0.0,6311.983286078726,48359.80139104544,48359.80139104544,6311.983286078726,2.653643100000008,0,EXECUTED,18187936.42869231,2026-06-25
6851,BHEL,2026-06-23T00:00:00,LONG,0.593,401.1000061035156,401.1000061035156,NORMAL,413.1330062866211,399.155,2026-06-25T00:00:00,2026-06-26T00:00:00,399.155,4547,1823801.7277526853,8843.94275268567,-8843.94275268567,0.0,6213.117411829111,-15057.060164514782,-15057.060164514782,6213.117411829111,-0.8255864623545623,0,EXECUTED,18244620.888410725,2026-06-25
22592,NATIONALUM,2026-03-24T00:00:00,LONG,0.621,349.75,349.75,NORMAL,360.2425,339.2575,2026-06-25T00:00:00,2026-06-29T00:00:00,339.2575,5213,1823246.75,54697.40250000003,-54697.40250000003,0.0,6136.3757824492495,-60833.77828244928,-60833.77828244928,6136.3757824492495,-3.336563100000002,0,EXECUTED,18099059.455850866,2026-06-25
8188,CANBK,2026-06-23T00:00:00,LONG,0.66375,130.97000122070312,130.97000122070312,NORMAL,134.89910125732422,130.7754071044922,2026-06-26T00:00:00,2026-06-29T00:00:00,130.7754071044922,13861,1815375.186920166,2697.269044799789,-2697.269044799789,0.0,6194.377360995772,-8891.64640579556,-8891.64640579556,6194.377360995772,-0.489796625505303,0,EXECUTED,18099059.455850866,2026-06-26
2071,ASHOKLEY,2026-06-18T00:00:00,SHORT,0.5455,159.57000732421875,159.57000732421875,NORMAL,154.78290710449218,164.35710754394532,2026-06-26T00:00:00,2026-07-03T00:00:00,164.35710754394532,11387,1817023.673400879,54510.71020202643,-54510.71020202643,0.0,6301.563473987713,-60812.27367601414,-60812.27367601414,6301.563473987713,-3.346806900000003,0,EXECUTED,18118723.840339363,2026-06-26
21142,LICI,2026-06-19T00:00:00,LONG,0.53125,423.0,423.0,NORMAL,435.69,417.1,2026-06-26T00:00:00,2026-07-14T00:00:00,442.9,4292,1815516.0,25322.800000000145,85410.80000000015,0.0,6338.676982440001,79072.12301756015,79072.12301756015,6338.676982440001,4.355352583924358,0,EXECUTED,18316764.694623437,2026-06-26
4594,BANKBARODA,2026-06-23T00:00:00,LONG,0.53575,282.3999938964844,282.3999938964844,NORMAL,290.8719937133789,277.4684881591797,2026-06-26T00:00:00,2026-07-01T00:00:00,277.4684881591797,6417,1812160.76083374,31645.472316284195,-31645.472316284195,0.0,6136.14922948102,-37781.621545765214,-37781.621545765214,6136.14922948102,-2.084893479780603,0,EXECUTED,18187936.42869231,2026-06-26
20782,KOTAKBANK,2026-06-24T00:00:00,LONG,0.5465,401.8062949391593,401.8062949391593,NORMAL,413.860483787334,393.09285522460937,2026-06-29T00:00:00,2026-07-01T00:00:00,393.09285522460937,4516,1814557.2279452432,39349.89375090738,-39349.89375090738,0.0,6131.7562789722215,-45481.6500298796,-45481.6500298796,6131.7562789722215,-2.5064874962021357,0,EXECUTED,18187936.42869231,2026-06-29
35140,UNIONBANK,2026-06-26T00:00:00,LONG,0.72775,174.7100067138672,174.7100067138672,NORMAL,179.9513069152832,169.46870651245118,2026-06-29T00:00:00,2026-07-07T00:00:00,168.7899932861328,10368,1811393.349609375,54341.8004882812,-61378.69921875,0.0,6084.9952808414055,-67463.69449959141,-67463.69449959141,6084.9952808414055,-3.7244088653709526,0,EXECUTED,17988266.912847396,2026-06-29
31132,SBIN,2026-06-24T00:00:00,LONG,0.726,1034.5999755859375,1034.5999755859375,NORMAL,1065.6379748535155,1003.5619763183594,2026-06-29T00:00:00,2026-07-22T00:00:00,1065.6379748535155,1754,1814688.3571777344,54440.65071533204,54440.65071533224,0.0,6285.298338581729,48155.35237675051,48155.35237675051,6285.298338581729,2.653643100000012,0,EXECUTED,18434833.90245821,2026-06-29
37851,ZOMATO,2026-06-30T00:00:00,SHORT,0.7182499999999999,260.20001220703125,260.20001220703125,NORMAL,252.3940118408203,267.1819937133789,2026-07-01T00:00:00,2026-07-03T00:00:00,267.1819937133789,6994,1819838.8853759768,48831.97865539557,-48831.97865539557,0.0,6301.055093562321,-55133.033748957896,-55133.033748957896,6301.055093562321,-3.0295557585894466,0,EXECUTED,18118723.840339363,2026-07-01
11887,HDFCBANK,2026-06-30T00:00:00,SHORT,0.7144999999999999,797.9500122070312,797.9500122070312,NORMAL,774.0115118408203,821.8885125732422,2026-07-01T00:00:00,2026-07-07T00:00:00,821.8885125732422,2285,1823315.7778930664,54699.47333679208,-54699.47333679208,0.0,6323.38492652183,-61022.85826331391,-61022.85826331391,6323.38492652183,-3.346806900000004,0,EXECUTED,17988266.912847396,2026-07-01
33910,TATASTEEL,2026-03-24T00:00:00,LONG,0.5575,187.1699981689453,187.1699981689453,NORMAL,192.7850981140137,181.55489822387696,2026-07-01T00:00:00,2026-07-07T00:00:00,192.7850981140137,9721,1819479.5522003171,54584.386566009445,54584.386566009445,0.0,6301.892973134901,48282.49359287455,48282.49359287455,6301.892973134901,2.653643099999996,0,EXECUTED,17988266.912847396,2026-07-01
21069,L&TFH,2026-06-30T00:00:00,LONG,0.71775,299.04998779296875,299.04998779296875,NORMAL,308.0214874267578,290.0784881591797,2026-07-01T00:00:00,2026-07-02T00:00:00,308.0214874267578,6074,1816429.625854492,54492.888775634696,54492.888775634696,0.0,6291.329342791218,48201.55943284348,48201.55943284348,6291.329342791218,2.6536430999999965,0,EXECUTED,18236207.511750493,2026-07-01
15767,INDUSTOWER,2025-11-04T00:00:00,LONG,0.55275,382.75,382.75,NORMAL,394.2325,371.2675,2026-07-02T00:00:00,2026-07-03T00:00:00,394.2325,4727,1809259.25,54277.77750000008,54277.77750000008,0.0,6266.49425126325,48011.28324873683,48011.28324873683,6266.49425126325,2.6536431000000045,0,EXECUTED,18118723.840339363,2026-07-02
37211,YESBANK,2026-06-30T00:00:00,LONG,0.68775,24.600000381469727,24.600000381469727,NORMAL,25.33800039291382,24.337300148010254,2026-07-03T00:00:00,2026-07-06T00:00:00,24.337300148010254,73868,1817152.8281784055,19405.140845184334,-19405.140845184334,0.0,6173.175035696389,-25578.315880880727,-25578.315880880727,6173.175035696389,-1.407603999192603,0,EXECUTED,18158339.65961248,2026-07-03
10763,GMRINFRA,2026-07-01T00:00:00,LONG,0.721,112.08999633789062,112.08999633789062,NORMAL,115.45269622802736,108.7272964477539,2026-07-03T00:00:00,2026-07-09T00:00:00,115.45269622802736,16185,1814176.59072876,54425.29772186289,54425.29772186289,0.0,6283.52580017382,48141.77192168907,48141.77192168907,6283.52580017382,2.653643100000005,0,EXECUTED,18132171.96874339,2026-07-03
16111,INFY,2026-07-02T00:00:00,SHORT,0.72825,1063.0,1063.0,NORMAL,1031.11,1072.1270251464844,2026-07-03T00:00:00,2026-07-08T00:00:00,1072.1270251464844,1705,1812415.0,15561.577874755829,-15561.577874755829,0.0,6216.407659246177,-21777.985534002008,-21777.985534002008,6216.407659246177,-1.2016003803765698,0,EXECUTED,18120440.51305826,2026-07-03
36371,WIPRO,2026-06-30T00:00:00,SHORT,0.5945,176.1999969482422,176.1999969482422,NORMAL,170.9139970397949,180.74439559936525,2026-07-06T00:00:00,2026-07-30T00:00:00,180.74439559936525,10209,1798825.7688446045,46393.76582931532,-46393.76582931532,0.0,6224.958079134376,-52618.7239084497,-52618.7239084497,6224.958079134376,-2.9251706763266454,0,EXECUTED,18360375.802999057,2026-07-06
11837,HDFCBANK,2026-03-10T00:00:00,SHORT,0.69675,843.0,843.0,NORMAL,817.7099999999999,860.6980249023437,2026-07-07T00:00:00,2026-07-09T00:00:00,810.5602758789063,2145,1808235.0,37962.26341552728,69583.20823974603,0.0,6050.3810789543,63532.82716079173,63532.82716079173,6050.3810789543,3.5135271223481315,0,EXECUTED,18132171.96874339,2026-07-07
29857,SAIL,2026-07-03T00:00:00,LONG,0.574,168.1199951171875,168.1199951171875,NORMAL,173.16359497070312,163.07639526367188,2026-07-07T00:00:00,2026-07-10T00:00:00,163.07639526367188,10773,1811156.707397461,54334.70122192373,-54334.70122192373,0.0,6095.685160274824,-60430.38638219855,-60430.38638219855,6095.685160274824,-3.3365630999999945,0,EXECUTED,18111617.553314548,2026-07-07
14027,ICICIBANK,2026-07-03T00:00:00,LONG,0.68675,1399.6007080078125,1399.6007080078125,NORMAL,1441.588729248047,1357.612686767578,2026-07-07T00:00:00,2026-07-20T00:00:00,1441.588729248047,1293,1809683.7154541016,54290.51146362321,54290.51146362321,0.0,6267.964416651647,48022.547046971566,48022.547046971566,6267.964416651647,2.6536431000000094,0,EXECUTED,18369382.71055623,2026-07-07
21731,MAHABANK,2026-06-12T00:00:00,LONG,0.7224999999999999,83.08000183105469,83.08000183105469,NORMAL,85.57240188598632,80.58760177612305,2026-07-08T00:00:00,2026-07-09T00:00:00,86.88999938964844,21825,1813221.0399627688,54396.63119888296,83153.1967163086,0.0,6327.1555260569,76826.0411902517,76826.0411902517,6327.1555260569,4.236992594782001,0,EXECUTED,18132171.96874339,2026-07-08
1119,ADANIPOWER,2026-06-12T00:00:00,LONG,0.66625,215.50999450683597,215.50999450683597,NORMAL,221.97529434204105,209.04469467163085,2026-07-09T00:00:00,2026-07-10T00:00:00,221.97529434204105,8401,1810499.4638519287,54314.98391555794,54314.98391555794,0.0,6270.789817514162,48044.19409804378,48044.19409804378,6270.789817514162,2.6536431000000045,0,EXECUTED,18111617.553314548,2026-07-09
18158,IRFC,2026-04-01T00:00:00,SHORT,0.569,89.48999786376953,89.48999786376953,NORMAL,86.80529792785644,89.8469034576416,2026-07-09T00:00:00,2026-07-14T00:00:00,89.8469034576416,20222,1809666.7368011477,7217.344919281018,-7217.344919281018,0.0,6192.151513330833,-13409.49643261185,-13409.49643261185,6192.151513330833,-0.7409925905095162,0,EXECUTED,18316764.694623437,2026-07-09
6913,BIOCON,2026-05-13T00:00:00,LONG,0.54775,402.4500122070313,402.4500122070313,NORMAL,414.5235125732422,390.3765118408203,2026-07-09T00:00:00,2026-07-14T00:00:00,414.5235125732422,4505,1813037.304992676,54391.1191497804,54391.1191497804,0.0,6279.579805416177,48111.53934436422,48111.53934436422,6279.579805416177,2.6536431000000067,0,EXECUTED,18316764.694623437,2026-07-09
6855,BHEL,2026-07-07T00:00:00,LONG,0.701,380.0,380.0,NORMAL,391.4,375.875,2026-07-10T00:00:00,2026-07-15T00:00:00,399.125,4797,1822860.0,19787.625,91742.625,0.0,6374.089242787501,85368.53575721249,85368.53575721249,6374.089242787501,4.683219542763157,0,EXECUTED,18284042.724252075,2026-07-10
37804,ZOMATO,2026-02-13T00:00:00,LONG,0.7172499999999999,294.70001220703125,294.70001220703125,NORMAL,303.5410125732422,289.06,2026-07-13T00:00:00,2026-07-14T00:00:00,289.06,6227,1835096.976013184,35120.35601318358,-35120.35601318358,0.0,6208.795177174297,-41329.15119035787,-41329.15119035787,6208.795177174297,-2.2521507980546613,0,EXECUTED,18316764.694623437,2026-07-13
35143,UNIONBANK,2026-07-03T00:00:00,LONG,0.69675,170.0,170.0,NORMAL,175.1,169.11950592041015,2026-07-15T00:00:00,2026-07-16T00:00:00,169.11950592041015,10752,1827840.0,9467.072343750086,-9467.072343750086,0.0,6225.889361813297,-15692.961705563384,-15692.961705563384,6225.889361813297,-0.8585522641786689,0,EXECUTED,18300527.373065084,2026-07-15
37855,ZOMATO,2026-07-07T00:00:00,LONG,0.6505,283.04998779296875,283.04998779296875,NORMAL,291.54148742675784,274.89799407958986,2026-07-15T00:00:00,2026-07-17T00:00:00,291.9019937133789,6459,1828219.8711547847,52653.727394714224,57175.10623992907,0.0,6335.966497960566,50839.1397419685,50839.1397419685,6335.966497960566,2.78080008559672,0,EXECUTED,18365307.79075449,2026-07-15
10762,GMRINFRA,2026-06-30T00:00:00,LONG,0.6005,109.41999816894533,109.41999816894533,NORMAL,112.70259811401368,106.13739822387696,2026-07-17T00:00:00,2026-07-28T00:00:00,106.13739822387696,16752,1833003.809326172,54990.11427978509,-54990.11427978509,0.0,6169.2144437862535,-61159.32872357134,-61159.32872357134,6169.2144437862535,-3.3365630999999967,0,EXECUTED,18432021.47746725,2026-07-17
29811,SAIL,2026-04-08T00:00:00,LONG,0.7135,160.6199951171875,160.6199951171875,NORMAL,165.43859497070312,155.80139526367188,2026-07-20T00:00:00,2026-07-24T00:00:00,165.43859497070312,11458,1840383.9040527344,55211.517121582,55211.517121582,0.0,6374.296638176025,48837.22048340597,48837.22048340597,6374.296638176025,2.653643099999998,0,EXECUTED,18493828.960899148,2026-07-20
25365,ONGC,2026-06-12T00:00:00,SHORT,0.64775,252.6000061035156,252.6000061035156,NORMAL,245.02200592041012,260.1780062866211,2026-07-23T00:00:00,2026-07-29T00:00:00,245.02200592041012,7320,1849032.0446777344,55470.96134033206,55470.96134033206,0.0,6214.838925359718,49256.12241497234,49256.12241497234,6214.838925359718,2.663886900000002,0,EXECUTED,18454092.14308478,2026-07-23
8232,CGPOWER,2026-07-06T00:00:00,LONG,0.589,892.5499877929688,892.5499877929688,NORMAL,919.3264874267578,865.7734881591797,2026-07-24T00:00:00,2026-07-28T00:00:00,860.0,2069,1846685.9247436523,55400.57774230957,-67345.92474365234,0.0,6195.765005670612,-73541.68974932295,-73541.68974932295,6195.765005670612,-3.982360441694039,0,EXECUTED,18432021.47746725,2026-07-24
16105,INFY,2026-06-18T00:00:00,SHORT,0.6539999999999999,1147.0,1147.0,NORMAL,1112.59,1161.325,2026-07-29T00:00:00,2026-07-30T00:00:00,1161.325,1602,1837494.0,22948.650000000074,-22948.650000000074,0.0,6315.208391295,-29263.858391295074,-29263.858391295074,6315.208391295,-1.5925961331735004,0,EXECUTED,18360375.802999057,2026-07-29
36366,WIPRO,2026-06-19T00:00:00,SHORT,0.706,183.0,183.0,NORMAL,177.51,188.32519622802732,2026-07-30T00:00:00,2026-08-03T00:00:00,188.32519622802732,10026,1834758.0,53390.41738220223,-53390.41738220223,0.0,6360.122407700299,-59750.53978990253,-59750.53978990253,6360.122407700299,-3.256589685936921,0,EXECUTED,18313382.471281152,2026-07-30
10757,GMRINFRA,2026-06-15T00:00:00,LONG,0.66725,103.6500015258789,103.6500015258789,NORMAL,106.75950157165528,100.54050148010252,2026-07-31T00:00:00,2026-08-03T00:00:00,107.0,17667,1831184.5769577024,54935.53730873116,59184.42304229736,0.0,6349.369590211713,52835.05345208565,52835.05345208565,6349.369590211713,2.8852937118913955,0,EXECUTED,18313382.471281152,2026-07-31
7269,BPCL,2026-03-13T00:00:00,SHORT,0.629,326.3500061035156,326.3500061035156,NORMAL,316.5595059204102,336.1405062866211,2026-08-04T00:00:00,2026-08-12T00:00:00,316.5595059204102,5620,1834087.0343017576,55022.61102905264,55022.61102905264,0.0,6164.606787689701,48858.00424136293,48858.00424136293,6164.606787689701,2.6638868999999947,0,EXECUTED,18347252.78077835,2026-08-04
29851,SAIL,2026-06-22T00:00:00,LONG,0.7224999999999999,174.9499969482422,174.9499969482422,NORMAL,180.19849685668945,174.64850296020506,2026-08-06T00:00:00,2026-08-07T00:00:00,174.64850296020506,10482,1833825.8680114744,3160.259982605124,-3160.259982605124,0.0,6256.623316542375,-9416.8832991475,-9416.8832991475,6256.623316542375,-0.5135102227213525,0,EXECUTED,18341583.679495253,2026-08-06
35799,VEDL,2026-06-30T00:00:00,SHORT,0.68625,284.54998779296875,284.54998779296875,NORMAL,276.0134881591797,293.0864874267578,2026-08-11T00:00:00,2026-08-13T00:00:00,276.0134881591797,6446,1834209.2213134768,55026.27663940421,55026.27663940421,0.0,6165.017474242588,48861.25916516162,48861.25916516162,6165.017474242588,2.663886899999995,0,EXECUTED,18432465.58864696,2026-08-11
35114,UNIONBANK,2026-04-21T00:00:00,LONG,0.7,183.69000244140625,183.69000244140625,NORMAL,189.20070251464844,183.61129348754883,2026-08-11T00:00:00,2026-08-12T00:00:00,183.61129348754883,10002,1837267.4044189453,787.2469564818654,-787.2469564818654,0.0,6272.248255921865,-7059.495212403731,-7059.495212403731,6272.248255921865,-0.3842388536053285,0,EXECUTED,18347252.78077835,2026-08-11
23942,NMDC,2026-04-08T00:00:00,LONG,0.5974999999999999,81.73999786376953,81.73999786376953,NORMAL,84.19219779968262,79.28779792785645,2026-08-18T00:00:00,2026-08-19T00:00:00,84.19219779968262,22538,1842256.0718536377,55267.68215560913,55267.68215560913,0.0,6380.781020534032,48886.901135075095,48886.901135075095,6380.781020534032,2.6536431,0,EXECUTED,18504221.08136009,2026-08-18
