date,equity,cash,pos_count,equity_delta,exit_date,pnl,cum_realized,expected_equity,diff
2016-08-08,1000000.0,1000000.0,0,0.0,0,0.0,0.0,1000000.0,0.0
2016-08-09,1000000.0,1000000.0,0,0.0,0,0.0,0.0,1000000.0,0.0
2016-08-10,1000000.0,1000000.0,0,0.0,0,0.0,0.0,1000000.0,0.0
2016-08-11,1000000.0,1000000.0,0,0.0,0,0.0,0.0,1000000.0,0.0
2016-08-12,1000000.0,1000000.0,0,0.0,0,0.0,0.0,1000000.0,0.0
2016-08-16,1000000.0,1000000.0,0,0.0,0,0.0,0.0,1000000.0,0.0
2016-08-17,1000000.0,1000000.0,0,0.0,0,0.0,0.0,1000000.0,0.0
2016-08-18,1000000.0,1000000.0,0,0.0,0,0.0,0.0,1000000.0,0.0
2016-08-19,1000000.0,1000000.0,0,0.0,0,0.0,0.0,1000000.0,0.0
2016-08-22,1000000.0,1000000.0,0,0.0,0,0.0,0.0,1000000.0,0.0
2016-08-23,1000000.0,1000000.0,0,0.0,0,0.0,0.0,1000000.0,0.0
2016-08-24,1000000.0,1000000.0,0,0.0,0,0.0,0.0,1000000.0,0.0
2016-08-25,1000000.0,1000000.0,0,0.0,0,0.0,0.0,1000000.0,0.0
2016-08-26,1000000.0,1000000.0,0,0.0,0,0.0,0.0,1000000.0,0.0
2016-08-29,1000000.0,1000000.0,0,0.0,0,0.0,0.0,1000000.0,0.0
2016-08-30,1000000.0,1000000.0,0,0.0,0,0.0,0.0,1000000.0,0.0
2016-08-31,1000000.0,1000000.0,0,0.0,0,0.0,0.0,1000000.0,0.0
2016-09-01,1000000.0,1000000.0,0,0.0,0,0.0,0.0,1000000.0,0.0
2016-09-02,1000000.0,1000000.0,0,0.0,0,0.0,0.0,1000000.0,0.0
2016-09-06,1000000.0,1000000.0,0,0.0,0,0.0,0.0,1000000.0,0.0
2016-09-07,1000000.0,1000000.0,0,0.0,0,0.0,0.0,1000000.0,0.0
2016-09-08,1000000.0,1000000.0,0,0.0,0,0.0,0.0,1000000.0,0.0
2016-09-09,1000000.0,1000000.0,0,0.0,0,0.0,0.0,1000000.0,0.0
2016-09-12,1000000.0,1000000.0,0,0.0,0,0.0,0.0,1000000.0,0.0
2016-09-14,1000000.0,1000000.0,0,0.0,0,0.0,0.0,1000000.0,0.0
2016-09-15,1000000.0,1000000.0,0,0.0,0,0.0,0.0,1000000.0,0.0
2016-09-16,1000000.0,1000000.0,0,0.0,0,0.0,0.0,1000000.0,0.0
2016-09-19,1000000.0,1000000.0,0,0.0,0,0.0,0.0,1000000.0,0.0
2016-09-20,1000000.0,1000000.0,0,0.0,0,0.0,0.0,1000000.0,0.0
2016-09-21,1000000.0,1000000.0,0,0.0,0,0.0,0.0,1000000.0,0.0
2016-09-22,1000000.0,1000000.0,0,0.0,0,0.0,0.0,1000000.0,0.0
2016-09-23,1000000.0,1000000.0,0,0.0,0,0.0,0.0,1000000.0,0.0
2016-09-26,1000000.0,1000000.0,0,0.0,0,0.0,0.0,1000000.0,0.0
2016-09-27,1000000.0,1000000.0,0,0.0,0,0.0,0.0,1000000.0,0.0
2016-09-28,1000000.0,1000000.0,0,0.0,0,0.0,0.0,1000000.0,0.0
2016-09-29,1000000.0,1000000.0,0,0.0,0,0.0,0.0,1000000.0,0.0
2016-09-30,1000000.0,1000000.0,0,0.0,0,0.0,0.0,1000000.0,0.0
2016-10-03,1000000.0,1000000.0,0,0.0,0,0.0,0.0,1000000.0,0.0
2016-10-04,1000000.0,1000000.0,0,0.0,0,0.0,0.0,1000000.0,0.0
2016-10-05,1000000.0,1000000.0,0,0.0,0,0.0,0.0,1000000.0,0.0
2016-10-06,1000000.0,1000000.0,0,0.0,0,0.0,0.0,1000000.0,0.0
2016-10-07,1000000.0,1000000.0,0,0.0,0,0.0,0.0,1000000.0,0.0
2016-10-10,1000000.0,1000000.0,0,0.0,0,0.0,0.0,1000000.0,0.0
2016-10-13,1000000.0,1000000.0,0,0.0,0,0.0,0.0,1000000.0,0.0
2016-10-14,1000000.0,1000000.0,0,0.0,0,0.0,0.0,1000000.0,0.0
2016-10-17,1000000.0,1000000.0,0,0.0,0,0.0,0.0,1000000.0,0.0
2016-10-18,1000000.0,1000000.0,0,0.0,0,0.0,0.0,1000000.0,0.0
2016-10-19,1000000.0,1000000.0,0,0.0,0,0.0,0.0,1000000.0,0.0
2016-10-20,1000000.0,1000000.0,0,0.0,0,0.0,0.0,1000000.0,0.0
2016-10-21,1000000.0,1000000.0,0,0.0,0,0.0,0.0,1000000.0,0.0
2016-10-24,1000000.0,1000000.0,0,0.0,0,0.0,0.0,1000000.0,0.0
2016-10-25,1000000.0,1000000.0,0,0.0,0,0.0,0.0,1000000.0,0.0
2016-10-26,1000000.0,1000000.0,0,0.0,0,0.0,0.0,1000000.0,0.0
2016-10-27,1000000.0,1000000.0,0,0.0,0,0.0,0.0,1000000.0,0.0
2016-10-28,1000000.0,1000000.0,0,0.0,0,0.0,0.0,1000000.0,0.0
2016-11-01,1000000.0,1000000.0,0,0.0,0,0.0,0.0,1000000.0,0.0
2016-11-02,1000000.0,1000000.0,0,0.0,0,0.0,0.0,1000000.0,0.0
2016-11-03,1000000.0,1000000.0,0,0.0,0,0.0,0.0,1000000.0,0.0
2016-11-04,1000000.0,1000000.0,0,0.0,0,0.0,0.0,1000000.0,0.0
2016-11-07,1000000.0,1000000.0,0,0.0,0,0.0,0.0,1000000.0,0.0
2016-11-08,1000000.0,1000000.0,0,0.0,0,0.0,0.0,1000000.0,0.0
2016-11-09,1000000.0,1000000.0,0,0.0,0,0.0,0.0,1000000.0,0.0
2016-11-10,1000000.0,1000000.0,0,0.0,0,0.0,0.0,1000000.0,0.0
2016-11-11,1000000.0,1000000.0,0,0.0,0,0.0,0.0,1000000.0,0.0
2016-11-15,1000000.0,1000000.0,0,0.0,0,0.0,0.0,1000000.0,0.0
2016-11-16,1000000.0,1000000.0,0,0.0,0,0.0,0.0,1000000.0,0.0
2016-11-17,1000000.0,1000000.0,0,0.0,0,0.0,0.0,1000000.0,0.0
2016-11-18,1000000.0,1000000.0,0,0.0,0,0.0,0.0,1000000.0,0.0
2016-11-21,1000000.0,1000000.0,0,0.0,0,0.0,0.0,1000000.0,0.0
2016-11-22,1000000.0,1000000.0,0,0.0,0,0.0,0.0,1000000.0,0.0
2016-11-23,1000000.0,1000000.0,0,0.0,0,0.0,0.0,1000000.0,0.0
2016-11-24,1000000.0,1000000.0,0,0.0,0,0.0,0.0,1000000.0,0.0
2016-11-25,1000000.0,1000000.0,0,0.0,0,0.0,0.0,1000000.0,0.0
2016-11-28,1000000.0,1000000.0,0,0.0,0,0.0,0.0,1000000.0,0.0
2016-11-29,1000000.0,1000000.0,0,0.0,0,0.0,0.0,1000000.0,0.0
2016-11-30,1000000.0,1000000.0,0,0.0,0,0.0,0.0,1000000.0,0.0
2016-12-01,1000000.0,1000000.0,0,0.0,0,0.0,0.0,1000000.0,0.0
2016-12-02,1000000.0,1000000.0,0,0.0,0,0.0,0.0,1000000.0,0.0
2016-12-05,1000000.0,1000000.0,0,0.0,0,0.0,0.0,1000000.0,0.0
2016-12-06,1000000.0,1000000.0,0,0.0,0,0.0,0.0,1000000.0,0.0
2016-12-07,1000000.0,1000000.0,0,0.0,0,0.0,0.0,1000000.0,0.0
2016-12-08,1000000.0,1000000.0,0,0.0,0,0.0,0.0,1000000.0,0.0
2016-12-09,1000000.0,1000000.0,0,0.0,0,0.0,0.0,1000000.0,0.0
2016-12-12,1000000.0,1000000.0,0,0.0,0,0.0,0.0,1000000.0,0.0
2016-12-13,1000000.0,1000000.0,0,0.0,0,0.0,0.0,1000000.0,0.0
2016-12-14,1000000.0,1000000.0,0,0.0,0,0.0,0.0,1000000.0,0.0
2016-12-15,1000000.0,1000000.0,0,0.0,0,0.0,0.0,1000000.0,0.0
2016-12-16,1000000.0,1000000.0,0,0.0,0,0.0,0.0,1000000.0,0.0
2016-12-19,1000000.0,1000000.0,0,0.0,0,0.0,0.0,1000000.0,0.0
2016-12-20,1000000.0,1000000.0,0,0.0,0,0.0,0.0,1000000.0,0.0
2016-12-21,1000000.0,1000000.0,0,0.0,0,0.0,0.0,1000000.0,0.0
2016-12-22,1000000.0,1000000.0,0,0.0,0,0.0,0.0,1000000.0,0.0
2016-12-23,1000000.0,1000000.0,0,0.0,0,0.0,0.0,1000000.0,0.0
2016-12-26,1000000.0,1000000.0,0,0.0,0,0.0,0.0,1000000.0,0.0
2016-12-27,1000000.0,1000000.0,0,0.0,0,0.0,0.0,1000000.0,0.0
2016-12-28,1000000.0,1000000.0,0,0.0,0,0.0,0.0,1000000.0,0.0
2016-12-29,1000000.0,1000000.0,0,0.0,0,0.0,0.0,1000000.0,0.0
2016-12-30,1000000.0,1000000.0,0,0.0,0,0.0,0.0,1000000.0,0.0
2017-01-02,1000000.0,1000000.0,0,0.0,0,0.0,0.0,1000000.0,0.0
2017-01-03,1000000.0,1000000.0,0,0.0,0,0.0,0.0,1000000.0,0.0
2017-01-04,1000000.0,1000000.0,0,0.0,0,0.0,0.0,1000000.0,0.0
2017-01-05,1000000.0,1000000.0,0,0.0,0,0.0,0.0,1000000.0,0.0
2017-01-06,1000000.0,1000000.0,0,0.0,0,0.0,0.0,1000000.0,0.0
2017-01-09,1000000.0,1000000.0,0,0.0,0,0.0,0.0,1000000.0,0.0
2017-01-10,1000000.0,1000000.0,0,0.0,0,0.0,0.0,1000000.0,0.0
2017-01-11,1000000.0,1000000.0,0,0.0,0,0.0,0.0,1000000.0,0.0
2017-01-12,1000000.0,1000000.0,0,0.0,0,0.0,0.0,1000000.0,0.0
2017-01-13,1000000.0,1000000.0,0,0.0,0,0.0,0.0,1000000.0,0.0
2017-01-16,1000000.0,1000000.0,0,0.0,0,0.0,0.0,1000000.0,0.0
2017-01-17,1000000.0,1000000.0,0,0.0,0,0.0,0.0,1000000.0,0.0
2017-01-18,1000000.0,1000000.0,0,0.0,0,0.0,0.0,1000000.0,0.0
2017-01-19,1000000.0,1000000.0,0,0.0,0,0.0,0.0,1000000.0,0.0
2017-01-20,1000000.0,1000000.0,0,0.0,0,0.0,0.0,1000000.0,0.0
2017-01-23,1000000.0,1000000.0,0,0.0,0,0.0,0.0,1000000.0,0.0
2017-01-24,1000000.0,1000000.0,0,0.0,0,0.0,0.0,1000000.0,0.0
2017-01-25,1000000.0,1000000.0,0,0.0,0,0.0,0.0,1000000.0,0.0
2017-01-27,1000000.0,1000000.0,0,0.0,0,0.0,0.0,1000000.0,0.0
2017-01-30,1000000.0,1000000.0,0,0.0,0,0.0,0.0,1000000.0,0.0
2017-01-31,1000000.0,1000000.0,0,0.0,0,0.0,0.0,1000000.0,0.0
2017-02-01,1000000.0,1000000.0,0,0.0,0,0.0,0.0,1000000.0,0.0
2017-02-02,1000000.0,1000000.0,0,0.0,0,0.0,0.0,1000000.0,0.0
2017-02-03,1000000.0,1000000.0,0,0.0,0,0.0,0.0,1000000.0,0.0
2017-02-06,1000000.0,1000000.0,0,0.0,0,0.0,0.0,1000000.0,0.0
2017-02-07,1000000.0,1000000.0,0,0.0,0,0.0,0.0,1000000.0,0.0
2017-02-08,1000000.0,1000000.0,0,0.0,0,0.0,0.0,1000000.0,0.0
2017-02-09,1000000.0,1000000.0,0,0.0,0,0.0,0.0,1000000.0,0.0
2017-02-10,1000000.0,1000000.0,0,0.0,0,0.0,0.0,1000000.0,0.0
2017-02-13,1000000.0,1000000.0,0,0.0,0,0.0,0.0,1000000.0,0.0
2017-02-14,1000000.0,1000000.0,0,0.0,0,0.0,0.0,1000000.0,0.0
2017-02-15,1000000.0,1000000.0,0,0.0,0,0.0,0.0,1000000.0,0.0
2017-02-16,1000000.0,1000000.0,0,0.0,0,0.0,0.0,1000000.0,0.0
2017-02-17,1000000.0,1000000.0,0,0.0,0,0.0,0.0,1000000.0,0.0
2017-02-20,1000000.0,1000000.0,0,0.0,0,0.0,0.0,1000000.0,0.0
2017-02-21,1000000.0,1000000.0,0,0.0,0,0.0,0.0,1000000.0,0.0
2017-02-22,1000000.0,1000000.0,0,0.0,0,0.0,0.0,1000000.0,0.0
2017-02-23,1000000.0,1000000.0,0,0.0,0,0.0,0.0,1000000.0,0.0
2017-02-27,1000000.0,1000000.0,0,0.0,0,0.0,0.0,1000000.0,0.0
2017-02-28,1000000.0,1000000.0,0,0.0,0,0.0,0.0,1000000.0,0.0
2017-03-01,1000000.0,1000000.0,0,0.0,0,0.0,0.0,1000000.0,0.0
2017-03-02,1000000.0,1000000.0,0,0.0,0,0.0,0.0,1000000.0,0.0
2017-03-03,1000000.0,1000000.0,0,0.0,0,0.0,0.0,1000000.0,0.0
2017-03-06,1000000.0,1000000.0,0,0.0,0,0.0,0.0,1000000.0,0.0
2017-03-07,1000000.0,1000000.0,0,0.0,0,0.0,0.0,1000000.0,0.0
2017-03-08,1000000.0,1000000.0,0,0.0,0,0.0,0.0,1000000.0,0.0
2017-03-09,1000000.0,1000000.0,0,0.0,0,0.0,0.0,1000000.0,0.0
2017-03-10,1000000.0,1000000.0,0,0.0,0,0.0,0.0,1000000.0,0.0
2017-03-14,1000000.0,1000000.0,0,0.0,0,0.0,0.0,1000000.0,0.0
2017-03-15,1000000.0,1000000.0,0,0.0,0,0.0,0.0,1000000.0,0.0
2017-03-16,1000000.0,1000000.0,0,0.0,0,0.0,0.0,1000000.0,0.0
2017-03-17,1000000.0,1000000.0,0,0.0,0,0.0,0.0,1000000.0,0.0
2017-03-20,1000000.0,1000000.0,0,0.0,0,0.0,0.0,1000000.0,0.0
2017-03-21,1000000.0,1000000.0,0,0.0,0,0.0,0.0,1000000.0,0.0
2017-03-22,1000000.0,1000000.0,0,0.0,0,0.0,0.0,1000000.0,0.0
2017-03-23,1000000.0,1000000.0,0,0.0,0,0.0,0.0,1000000.0,0.0
2017-03-24,1000000.0,1000000.0,0,0.0,0,0.0,0.0,1000000.0,0.0
2017-03-27,1000000.0,1000000.0,0,0.0,0,0.0,0.0,1000000.0,0.0
2017-03-28,1000000.0,1000000.0,0,0.0,0,0.0,0.0,1000000.0,0.0
2017-03-29,1000000.0,1000000.0,0,0.0,0,0.0,0.0,1000000.0,0.0
2017-03-30,1000000.0,1000000.0,0,0.0,0,0.0,0.0,1000000.0,0.0
2017-03-31,1000000.0,1000000.0,0,0.0,0,0.0,0.0,1000000.0,0.0
2017-04-03,1000000.0,1000000.0,0,0.0,0,0.0,0.0,1000000.0,0.0
2017-04-05,1000000.0,1000000.0,0,0.0,0,0.0,0.0,1000000.0,0.0
2017-04-06,1000000.0,1000000.0,0,0.0,0,0.0,0.0,1000000.0,0.0
2017-04-07,1000000.0,1000000.0,0,0.0,0,0.0,0.0,1000000.0,0.0
2017-04-10,1000000.0,1000000.0,0,0.0,0,0.0,0.0,1000000.0,0.0
2017-04-11,1000000.0,1000000.0,0,0.0,0,0.0,0.0,1000000.0,0.0
2017-04-12,1000000.0,1000000.0,0,0.0,0,0.0,0.0,1000000.0,0.0
2017-04-13,1000000.0,1000000.0,0,0.0,0,0.0,0.0,1000000.0,0.0
2017-04-17,1000000.0,1000000.0,0,0.0,0,0.0,0.0,1000000.0,0.0
2017-04-18,1000000.0,1000000.0,0,0.0,0,0.0,0.0,1000000.0,0.0
2017-04-19,1000000.0,1000000.0,0,0.0,0,0.0,0.0,1000000.0,0.0
2017-04-20,1000000.0,1000000.0,0,0.0,0,0.0,0.0,1000000.0,0.0
2017-04-21,1000000.0,1000000.0,0,0.0,0,0.0,0.0,1000000.0,0.0
2017-04-24,1000000.0,1000000.0,0,0.0,0,0.0,0.0,1000000.0,0.0
2017-04-25,1000000.0,1000000.0,0,0.0,0,0.0,0.0,1000000.0,0.0
2017-04-26,1000000.0,1000000.0,0,0.0,0,0.0,0.0,1000000.0,0.0
2017-04-27,1000000.0,1000000.0,0,0.0,0,0.0,0.0,1000000.0,0.0
2017-04-28,1000000.0,1000000.0,0,0.0,0,0.0,0.0,1000000.0,0.0
2017-05-02,1000000.0,1000000.0,0,0.0,0,0.0,0.0,1000000.0,0.0
2017-05-03,1000000.0,1000000.0,0,0.0,0,0.0,0.0,1000000.0,0.0
2017-05-04,1000000.0,1000000.0,0,0.0,0,0.0,0.0,1000000.0,0.0
2017-05-05,1000000.0,1000000.0,0,0.0,0,0.0,0.0,1000000.0,0.0
2017-05-08,1000000.0,1000000.0,0,0.0,0,0.0,0.0,1000000.0,0.0
2017-05-09,1000000.0,1000000.0,0,0.0,0,0.0,0.0,1000000.0,0.0
2017-05-10,1000000.0,1000000.0,0,0.0,0,0.0,0.0,1000000.0,0.0
2017-05-11,1000000.0,1000000.0,0,0.0,0,0.0,0.0,1000000.0,0.0
2017-05-12,1000000.0,1000000.0,0,0.0,0,0.0,0.0,1000000.0,0.0
2017-05-15,1000000.0,1000000.0,0,0.0,0,0.0,0.0,1000000.0,0.0
2017-05-16,1000000.0,1000000.0,0,0.0,0,0.0,0.0,1000000.0,0.0
2017-05-17,1000000.0,1000000.0,0,0.0,0,0.0,0.0,1000000.0,0.0
2017-05-18,1000000.0,1000000.0,0,0.0,0,0.0,0.0,1000000.0,0.0
2017-05-19,1000000.0,1000000.0,0,0.0,0,0.0,0.0,1000000.0,0.0
2017-05-22,1000000.0,1000000.0,0,0.0,0,0.0,0.0,1000000.0,0.0
2017-05-23,1000000.0,1000000.0,0,0.0,0,0.0,0.0,1000000.0,0.0
2017-05-24,1000000.0,1000000.0,0,0.0,0,0.0,0.0,1000000.0,0.0
2017-05-25,1000000.0,1000000.0,0,0.0,0,0.0,0.0,1000000.0,0.0
2017-05-26,1000000.0,1000000.0,0,0.0,0,0.0,0.0,1000000.0,0.0
2017-05-29,1000000.0,1000000.0,0,0.0,0,0.0,0.0,1000000.0,0.0
2017-05-30,1000000.0,1000000.0,0,0.0,0,0.0,0.0,1000000.0,0.0
2017-05-31,1000000.0,1000000.0,0,0.0,0,0.0,0.0,1000000.0,0.0
2017-06-01,1000000.0,1000000.0,0,0.0,0,0.0,0.0,1000000.0,0.0
2017-06-02,999549.5843493358,800162.9714063053,2,-450.41565066424664,0,0.0,0.0,1000000.0,-450.41565066424664
2017-06-05,1000848.9705090878,700170.7036964284,3,1299.38615975203,0,0.0,0.0,1000000.0,848.9705090877833
2017-06-06,996756.7940552772,500068.3123073151,5,-4092.1764538105344,0,0.0,0.0,1000000.0,-3243.205944722751
2017-06-07,1001155.9523418077,397274.80990353785,6,4399.158286530408,2017-06-07 00:00:00,-2470.577444622282,-2470.577444622282,997529.4225553777,3626.52978642995
2017-06-08,992780.4531767976,71.76543518308608,10,-8375.499165010056,0,0.0,-2470.577444622282,997529.4225553777,-4748.969378580106
2017-06-09,991598.2055001388,154.3953271041246,10,-1182.2476766587934,2017-06-09 00:00:00,-4926.667256481795,-7397.244701104078,992602.7552988959,-1004.5497987570707
2017-06-12,972570.214353194,2662.148511519176,10,-19027.991146944812,2017-06-12 00:00:00,-692.5569983511386,-8089.801699455216,991910.1983005448,-19339.98394735076
2017-06-13,967837.1044655972,186120.0859719447,8,-4733.109887596802,2017-06-13 00:00:00,-9133.65817656832,-17223.45987602354,982776.5401239764,-14939.435658379225
2017-06-14,966550.8422228736,89242.44633359139,9,-1286.2622427236056,0,0.0,-17223.45987602354,982776.5401239764,-16225.69790110283
2017-06-15,966120.8701867812,89291.05204102937,9,-429.9720360924257,2017-06-15 00:00:00,-3331.6458487864024,-20555.105724809942,979444.8942751901,-13324.024088408914
2017-06-16,968496.9521761684,67.88104732309876,10,2376.081989387283,0,0.0,-20555.105724809942,979444.8942751901,-10947.942099021631
2017-06-19,980194.9720812588,67.88104732309876,10,11698.019905090332,0,0.0,-20555.105724809942,979444.8942751901,750.0778060687007
2017-06-20,983306.5506563928,67.88104732309876,10,3111.5785751340445,0,0.0,-20555.105724809942,979444.8942751901,3861.6563812027453
2017-06-21,984713.2669802456,67.88104732309876,10,1406.716323852772,0,0.0,-20555.105724809942,979444.8942751901,5268.372705055517
2017-06-22,990923.8576186524,101654.59873040768,9,6210.590638406808,2017-06-22 00:00:00,2621.511057852792,-17933.59466695715,982066.4053330428,8857.452285609557
2017-06-23,980316.3898240996,195240.26331347955,8,-10607.467794552795,2017-06-23 00:00:00,7609.2327532457,-10324.36191371145,989675.6380862886,-9359.24826218898
2017-06-27,966724.1160892872,288891.27020305675,7,-13592.273734812392,2017-06-27 00:00:00,-3226.632748776124,-13550.994662487574,986449.0053375125,-19724.889248225256
2017-06-28,968278.8152116404,384821.97605453583,6,1554.699122353224,2017-06-28 00:00:00,-10614.757537791384,-24165.752200278956,975834.2477997211,-7555.432588080643
2017-06-29,963785.4651760148,15.083091232532752,10,-4493.350035625626,0,0.0,-24165.752200278956,975834.2477997211,-12048.782623706269
2017-06-30,966886.7355690746,4194.538366294641,10,3101.270393059822,2017-06-30 00:00:00,630.7651968828386,-23534.987003396116,976465.0129966039,-9578.277427529218
2017-07-03,969793.9079137772,101838.26704644646,9,2907.172344702529,2017-07-03 00:00:00,276.3472710379938,-23258.639732358122,976741.3602676418,-6947.452353864675
2017-07-04,968659.164882315,103296.2845206606,9,-1134.7430314621888,2017-07-04 00:00:00,5061.46357272214,-18197.176159635983,981802.823840364,-13143.658958049025
2017-07-05,972815.5867691872,99395.37609871587,9,4156.421886872267,2017-07-05 00:00:00,-3173.631834894662,-21370.807994530645,978629.1920054693,-5813.6052362821065
2017-07-06,980369.6065450344,196640.2646108302,8,7554.019775847206,2017-07-06 00:00:00,1937.8380725139073,-19432.96992201674,980567.0300779833,-197.42353294882923
2017-07-07,981090.024341096,100032.92888974104,9,720.4177960616071,2017-07-07 00:00:00,2566.9207024174843,-16866.049219599256,983133.9507804008,-2043.9264393047197
2017-07-10,985508.7454935474,103900.63655342293,9,4418.721152451355,2017-07-10 00:00:00,5185.203139164956,-11680.8460804343,988319.1539195657,-2810.4084260183154
2017-07-11,978739.0731076712,304374.8110532277,7,-6769.672385876183,2017-07-11 00:00:00,5502.709911801678,-6178.136168632622,993821.8638313673,-15082.790723696118
2017-07-12,983901.426218189,205887.14267174125,8,5162.353110517724,0,0.0,-6178.136168632622,993821.8638313673,-9920.437613178394
2017-07-13,998994.8154008528,305864.2236039778,7,15093.389182663872,2017-07-13 00:00:00,2579.973338771855,-3598.1628298607666,996401.8371701392,2592.978230713634
2017-07-14,997236.5977230192,5296.774709713529,10,-1758.2176778336288,2017-07-14 00:00:00,2914.9183425035853,-683.2444873571812,999316.7555126428,-2080.1577896235976
2017-07-17,990341.4081042124,7434.734337122383,10,-6895.18961880682,2017-07-17 00:00:00,2650.3333006378057,1967.0888132806244,1001967.0888132806,-11625.680709068198
2017-07-18,986417.0839003634,293287.0193862033,7,-3924.324203848955,2017-07-18 00:00:00,-7048.690781179324,-5081.6019678986995,994918.3980321013,-8501.31413173792
2017-07-19,991725.2882847808,273.5471043607104,10,5308.2043844173895,0,0.0,-5081.6019678986995,994918.3980321013,-3193.10974732053
2017-07-20,985779.9670262358,273.5471043607104,10,-5945.321258545038,0,0.0,-5081.6019678986995,994918.3980321013,-9138.431005865568
2017-07-21,1005454.7505610208,1384.7638972023124,10,19674.783534785034,2017-07-21 00:00:00,2623.094455868532,-2458.5075120301676,997541.4924879698,7913.258073050994
2017-07-24,1006939.1373455974,5497.5712902995,10,1484.386784576578,2017-07-24 00:00:00,8516.812874215015,6058.305362184847,1006058.3053621849,880.8319834124995
2017-07-25,1013081.896494326,6481.979593691212,10,6142.759148728568,2017-07-25 00:00:00,3060.0762810909755,9118.381643275821,1009118.3816432758,3963.514851050102
2017-07-26,1021612.2558647628,8940.10687794615,10,8530.359370436869,2017-07-26 00:00:00,3758.63714409877,12877.01878737459,1012877.0187873746,8735.237077388214
2017-07-27,1010916.2094977122,12434.769403718106,10,-10696.046367050614,2017-07-27 00:00:00,5312.541404971897,18189.560192346486,1018189.5601923465,-7273.350694634253
2017-07-28,1015562.9116733536,9209.035849378895,10,4646.702175641432,2017-07-28 00:00:00,9796.9714659887,27986.531658335185,1027986.5316583352,-12423.619984981604
2017-07-31,1026958.4414906752,99.99355366334204,10,11395.52981732157,2017-07-31 00:00:00,-10073.38213208643,17913.149526248755,1017913.1495262488,9045.291964426404
2017-08-01,1023645.0077877118,3595.799764640644,10,-3313.4337029634044,2017-08-01 00:00:00,8859.088000305788,26772.23752655454,1026772.2375265545,-3127.229738842696
2017-08-02,1022363.2782650068,3595.799764640644,10,-1281.7295227049617,0,0.0,26772.23752655454,1026772.2375265545,-4408.959261547658
2017-08-03,1015331.5952362549,6097.4290985595,10,-7031.683028751984,2017-08-03 00:00:00,2690.8485796932378,29463.086106247778,1029463.0861062477,-14131.490869992878
2017-08-04,1015405.173355553,206577.43193099223,8,73.57811929809395,2017-08-04 00:00:00,-557.6650594927232,28905.421046755055,1028905.421046755,-13500.247691202094
2017-08-07,1010899.9690008828,470.9599066443334,10,-4505.204354670132,2017-08-07 00:00:00,-3385.9343386406754,25519.48670811438,1025519.4867081144,-14619.517707231571
2017-08-08,983299.7291996628,5062.40731550756,10,-27600.239801220014,2017-08-08 00:00:00,-96.22300956415211,25423.263698550225,1025423.2636985502,-42123.53449888737
2017-08-09,978492.3478517416,225.7467164874106,10,-4807.381347921211,2017-08-09 00:00:00,-12949.17343918575,12474.090259364475,1012474.0902593645,-33981.74240762286
2017-08-10,971122.7503746264,23.421028923490667,10,-7369.597477115225,2017-08-10 00:00:00,-9155.633781067363,3318.456478297112,1003318.4564782971,-32195.70610367076
2017-08-11,960693.139983848,45.88325472209544,10,-10429.610390778398,2017-08-11 00:00:00,-496.2377068936985,2822.2187714034135,1002822.2187714034,-42129.07878755545
2017-08-14,968832.0580322084,476061.343621297,5,8138.918048360385,2017-08-14 00:00:00,-14687.65588313095,-11865.437111727537,988134.5628882725,-19302.5048560641
2017-08-16,962128.115040616,96719.06789185862,9,-6703.942991592339,2017-08-16 00:00:00,3143.5350358098167,-8721.90207591772,991278.0979240823,-29149.98288346629
2017-08-17,957015.2785641516,53.41361587894789,10,-5112.836476464407,2017-08-17 00:00:00,-7372.166335890809,-16094.06841180853,983905.9315881914,-26890.653024039813
2017-08-18,951513.5375012473,102580.19090166844,9,-5501.741062904359,2017-08-18 00:00:00,6036.614179542267,-10057.454232266264,989942.5457677337,-38429.00826648646
2017-08-21,955648.2364986768,98010.48495031917,9,4134.698997429572,2017-08-21 00:00:00,-6120.754609793804,-16178.208842060067,983821.7911579399,-28173.554659263114
2017-08-22,952215.7450945256,193130.53947072025,8,-3432.4914041511947,2017-08-22 00:00:00,-588.7315558506903,-16766.940397910756,983233.0596020892,-31017.3145075636
2017-08-23,954817.818076358,1628.0119344363193,10,2602.072981832316,0,0.0,-16766.940397910756,983233.0596020892,-28415.241525731282
2017-08-24,949048.6374852305,172.69876455362828,10,-5769.180591127486,2017-08-24 00:00:00,-2682.878687413061,-19449.819085323816,980550.1809146762,-31501.543429445708
2017-08-28,948331.0101226778,132.31643925858953,10,-717.627362552681,2017-08-28 00:00:00,-2946.5985411644274,-22396.417626488244,977603.5823735117,-29272.572250833968
2017-08-29,937854.5770477266,132.31643925858953,10,-10476.433074951172,0,0.0,-22396.417626488244,977603.5823735117,-39749.00532578514
2017-08-30,945305.1965393038,132.31643925858953,10,7450.619491577148,0,0.0,-22396.417626488244,977603.5823735117,-32298.38583420799
2017-08-31,952260.512274167,132.31643925858953,10,6955.315734863281,0,0.0,-22396.417626488244,977603.5823735117,-25343.07009934471
2017-09-01,957712.2630218476,132.31643925858953,10,5451.750747680548,0,0.0,-22396.417626488244,977603.5823735117,-19891.319351664162
2017-09-04,957097.4640279156,5578.680485487581,10,-614.7989939319668,2017-09-04 00:00:00,5271.405387079581,-17125.012239408665,982874.9877605913,-25777.523732675705
2017-09-05,958173.5543207666,104443.01240126352,9,1076.090292850975,2017-09-05 00:00:00,2615.549504775619,-14509.462734633045,985490.537265367,-27316.9829446004
2017-09-06,957769.8130795562,8803.687999652815,10,-403.7412412103731,0,0.0,-14509.462734633045,985490.537265367,-27720.724185810774
2017-09-07,950940.1313433404,11779.314567269948,10,-6829.681736215833,2017-09-07 00:00:00,2535.731052201568,-11973.731682431477,988026.2683175686,-37086.1369742282
2017-09-08,950191.2866382566,7048.706609120418,10,-748.8447050837567,2017-09-08 00:00:00,-3481.5807358877255,-15455.312418319201,984544.6875816808,-34353.4009434242
2017-09-11,948322.0539361084,95.66121525198103,10,-1869.2327021482633,2017-09-11 00:00:00,-6250.735261553011,-21706.047679872212,978293.9523201277,-29971.898384019383
2017-09-12,944320.4314614278,32.26397555679432,10,-4001.6224746805383,2017-09-12 00:00:00,-3768.272689118118,-25474.32036899033,974525.6796310097,-30205.24816958187
2017-09-13,954078.0655276376,274.5542822487623,10,9757.63406620978,2017-09-13 00:00:00,-1824.6591984915467,-27298.979567481878,972701.0204325181,-18622.95490488049
2017-09-14,948885.726389657,6424.128626933976,10,-5192.339137980598,2017-09-14 00:00:00,5427.705766048935,-21871.273801432944,978128.7261985671,-29242.99980891007
2017-09-15,949108.93162037,6424.128626933976,10,223.20523071300704,0,0.0,-21871.273801432944,978128.7261985671,-29019.794578197063
2017-09-18,954253.8319921565,935.0691614047536,10,5144.90037178644,2017-09-18 00:00:00,-2946.724473503596,-24817.99827493654,975182.0017250634,-20928.169732906972
2017-09-19,958977.2560949397,935.0691614047536,10,4723.424102783203,0,0.0,-24817.99827493654,975182.0017250634,-16204.745630123769
2017-09-20,954308.6512315267,3020.304914134511,10,-4668.604863412911,2017-09-20 00:00:00,5016.491047584559,-19801.507227351984,980198.492772648,-25889.841541121248
2017-09-21,956693.6224229332,3020.304914134511,10,2384.971191406483,0,0.0,-19801.507227351984,980198.492772648,-23504.870349714765
2017-09-22,957291.2065635103,92.5822920166538,10,597.5841405771207,2017-09-22 00:00:00,-3162.244988075266,-22963.75221542725,977036.2477845728,-19745.04122106242
2017-09-25,955960.5739543944,189204.06789599848,8,-1330.6326091159135,2017-09-25 00:00:00,1936.7203023429233,-21027.031913084324,978972.9680869157,-23012.394132521236
2017-09-26,964521.2577854424,90.28432017865998,10,8560.683831047965,2017-09-26 00:00:00,4567.577650207811,-16459.454262876512,983540.5457371235,-19019.287951681064
2017-09-27,961293.594730048,1455.2193453178188,10,-3227.663055394427,2017-09-27 00:00:00,1218.285796732556,-15241.168466143956,984758.831533856,-23465.236803808017
2017-09-28,959916.4327276382,9792.756108573216,10,-1377.1620024098083,2017-09-28 00:00:00,8778.008483578407,-6463.1599825655485,993536.8400174344,-33620.407289796276
2017-09-29,958435.801156398,595.6287606931292,10,-1480.631571240141,2017-09-29 00:00:00,-10200.159422463114,-16663.319405028662,983336.6805949713,-24900.87943857326
2017-10-03,959297.9044278824,595.6287606931292,10,862.103271484375,0,0.0,-16663.319405028662,983336.6805949713,-24038.776167088887
2017-10-04,951191.3733152116,595.6287606931292,10,-8106.531112670782,0,0.0,-16663.319405028662,983336.6805949713,-32145.30727975967
2017-10-05,950596.216539213,2423.7912181857246,10,-595.1567759986501,2017-10-05 00:00:00,59.58899300154371,-16603.73041202712,983396.2695879729,-32800.05304875993
2017-10-06,945381.1204215076,553.9013772891194,10,-5215.09611770534,2017-10-06 00:00:00,-2726.60997583419,-19330.34038786131,980669.6596121386,-35288.53919063101
2017-10-09,938466.2348220674,4252.543487809802,10,-6914.8855994401965,2017-10-09 00:00:00,2532.526188198909,-16797.8141996624,983202.1858003376,-44735.95097827015
2017-10-10,939369.3370403418,91598.53868544036,9,903.1022182743764,2017-10-10 00:00:00,-4740.497162580883,-21538.311362243283,978461.6886377567,-39092.351597414934
2017-10-11,949129.8504684324,235.10460102818612,10,9760.513428090606,2017-10-11 00:00:00,2564.630358418647,-18973.681003824637,981026.3189961753,-31896.468527742894
2017-10-12,949451.9288844784,190242.0607245585,8,322.078416045988,2017-10-12 00:00:00,-1283.6183625795443,-20257.299366404182,979742.7006335958,-30290.77174911741
2017-10-13,941997.8148133948,1268.5206471186975,10,-7454.114071083604,0,0.0,-20257.299366404182,979742.7006335958,-37744.885820201016
2017-10-16,933145.5235994057,1268.5206471186975,10,-8852.291213989141,0,0.0,-20257.299366404182,979742.7006335958,-46597.17703419016
2017-10-17,932823.536110901,89.61500298306055,10,-321.9874885046156,2017-10-17 00:00:00,-9459.375948966619,-29716.6753153708,970283.3246846292,-37459.788573728176
2017-10-18,959363.2070703736,89.61500298306055,10,26539.67095947254,0,0.0,-29716.6753153708,970283.3246846292,-10920.117614255636
2017-10-19,959308.9896367502,380445.2180310486,6,-54.21743362338748,2017-10-19 00:00:00,18247.033091975463,-11469.642223395338,988530.3577766047,-29221.368139854516
2017-10-23,961550.8671065106,480617.1349169983,5,2241.877469760366,2017-10-23 00:00:00,6215.424193358462,-5254.218030036876,994745.7819699631,-33194.91486345255
2017-10-24,954249.4900680436,291733.0796219113,7,-7301.377038466977,2017-10-24 00:00:00,2049.1054267103405,-3205.112603326536,996794.8873966734,-42545.39732862986
2017-10-25,916475.6924715152,208059.01770915784,8,-37773.79759652843,2017-10-25 00:00:00,-624.7266186215079,-3829.839221948044,996170.1607780519,-79694.46830653679
2017-10-26,941096.1036621592,92749.79291776656,9,24620.411190644023,2017-10-26 00:00:00,-23321.22179842194,-27151.061020369983,972848.93897963,-31752.83531747083
2017-10-27,937509.9196720602,1791.609505492161,10,-3586.1839900990017,2017-10-27 00:00:00,2492.830252551844,-24658.23076781814,975341.7692321818,-37831.84956012166
2017-10-30,944348.8478347496,1168.2356987555395,10,6838.928162689437,2017-10-30 00:00:00,1850.5238602226418,-22807.706907595497,977192.2930924045,-32843.44525765488
2017-10-31,945764.9889971258,3744.014403856301,10,1416.1411623761524,2017-10-31 00:00:00,2506.267238554457,-20301.43966904104,979698.5603309589,-33933.571333833155
2017-11-01,959214.9264666082,3744.014403856301,10,13449.937469482422,0,0.0,-20301.43966904104,979698.5603309589,-20483.633864350733
2017-11-02,955881.4102838184,8107.60472741416,10,-3333.516182789812,2017-11-02 00:00:00,5936.374635285267,-14365.065033755773,985634.9349662443,-29753.524682425894
2017-11-03,955884.696111455,8107.60472741416,10,3.2858276366023347,0,0.0,-14365.065033755773,985634.9349662443,-29750.23885478929
2017-11-06,951640.8401989228,10926.409550966113,10,-4243.855912532192,2017-11-06 00:00:00,2524.871233228964,-11840.19380052681,988159.8061994732,-36518.96600055043
2017-11-07,933970.3297619112,10926.409550966113,10,-17670.510437011602,0,0.0,-11840.19380052681,988159.8061994732,-54189.47643756203
2017-11-08,932026.208031768,92646.9942561332,9,-1944.1217301432043,2017-11-08 00:00:00,-14952.039491919042,-26792.233292445853,973207.7667075541,-41181.55867578613
2017-11-09,938629.7333347716,1032.7771885313705,10,6603.525303003611,2017-11-09 00:00:00,-148.50402193995023,-26940.737314385802,973059.2626856142,-34429.52935084258
2017-11-10,952577.0526778278,138.71713705625734,10,13947.31934305618,2017-11-10 00:00:00,-3148.939693290668,-30089.67700767647,969910.3229923235,-17333.270314495778
2017-11-13,940532.00397446,6156.965966511983,10,-12045.048703367822,2017-11-13 00:00:00,8242.0301412475,-21847.64686642897,978152.353133571,-37620.349159111036
2017-11-14,954273.3764843034,7851.412420446926,10,13741.372509843437,2017-11-14 00:00:00,4966.5403060673125,-16881.10656036166,983118.8934396383,-28845.516955334926
2017-11-15,946561.70596013,8048.425856234608,10,-7711.670524173416,2017-11-15 00:00:00,-507.6915105650669,-17388.798070926725,982611.2019290733,-36049.495968943345
2017-11-16,964642.7200999236,8953.429954049687,10,18081.01413979358,2017-11-16 00:00:00,2958.923540439075,-14429.87453048765,985570.1254695123,-20927.405369588756
2017-11-17,967975.0609376852,100918.5153163316,9,3332.3408377616433,2017-11-17 00:00:00,2360.0146702505026,-12069.859860237148,987930.1401397629,-19955.0792020777
2017-11-20,970691.0171110064,3552.805364599757,10,2715.956173321232,2017-11-20 00:00:00,18992.965502667583,6923.105642430435,1006923.1056424305,-36232.08853142406
2017-11-21,976349.9615649204,2340.717416475367,10,5658.944453913951,2017-11-21 00:00:00,-378.1696699080626,6544.935972522373,1006544.9359725224,-30194.974407601985
2017-11-22,979302.663167672,6057.508008484845,10,2952.701602751622,2017-11-22 00:00:00,9113.230706580165,15658.166679102538,1015658.1666791026,-36355.50351143058
2017-11-23,977709.6139697924,2721.483682431426,10,-1593.04919787962,2017-11-23 00:00:00,-3130.208544135284,12527.958134967255,1012527.9581349673,-34818.34416517487
2017-11-24,967218.7306886666,170.3028244011657,10,-10490.883281125803,2017-11-24 00:00:00,-2728.5867011021287,9799.371433865126,1009799.3714338652,-42580.64074519859
2017-11-27,972515.0491395944,170.3028244011657,10,5296.318450927851,0,0.0,9799.371433865126,1009799.3714338652,-37284.322294270736
2017-11-28,965853.419684028,170.3028244011657,10,-6661.629455566406,0,0.0,9799.371433865126,1009799.3714338652,-43945.95174983714
2017-11-29,962641.876715278,170.3028244011657,10,-3211.54296875,0,0.0,9799.371433865126,1009799.3714338652,-47157.49471858714
2017-11-30,945049.5133424752,170.3028244011657,10,-17592.36337280285,0,0.0,9799.371433865126,1009799.3714338652,-64749.85809138999
2017-12-01,941881.6198443478,78.56581009426736,10,-3167.8934981273487,2017-12-01 00:00:00,-22511.687093798915,-12712.315659933789,987287.6843400662,-45406.06449571834
2017-12-04,939317.7961764229,13.061691729701124,10,-2563.8236679249676,2017-12-04 00:00:00,-3248.721066840385,-15961.036726774175,984038.9632732258,-44721.167096802965
2017-12-05,941975.7503366796,135.06313897397197,10,2657.954160256777,2017-12-05 00:00:00,-5004.370640413537,-20965.407367187712,979034.5926328123,-37058.8422961327
2017-12-06,939390.078864743,168.06255021614197,10,-2585.671471936628,2017-12-06 00:00:00,-3158.286452468101,-24123.69381965581,975876.3061803442,-36486.227315601194
2017-12-07,942825.9180766148,94127.66079529094,9,3435.8392118718475,2017-12-07 00:00:00,-606.4729852070268,-24730.166804862838,975269.8331951372,-32443.91511852236
2017-12-08,940497.4613925166,5900.261723367366,10,-2328.4566840982297,2017-12-08 00:00:00,2903.8138629975,-21826.352941865338,978173.6470581347,-37676.185665618046
2017-12-11,941907.2964224778,97308.16296997904,9,1409.835029961192,2017-12-11 00:00:00,2079.500598170056,-19746.852343695282,980253.1476563048,-38345.85123382695
2017-12-12,939758.3546911476,98194.6167720404,9,-2148.94173133024,2017-12-12 00:00:00,-654.4053828297328,-20401.257726525015,979598.742273475,-39840.38758232747
2017-12-13,932051.1807301388,4684.437272091338,10,-7707.1739610087825,0,0.0,-20401.257726525015,979598.742273475,-47547.561543336255
2017-12-14,934100.141896532,2361.069977791223,10,2048.9611663932446,2017-12-14 00:00:00,-3136.963101672393,-23538.22082819741,976461.7791718026,-42361.637275270536
2017-12-15,929754.4045622936,115.7281818825286,10,-4345.737334238482,2017-12-15 00:00:00,-2874.446046406405,-26412.666874603812,973587.3331253962,-43832.928563102614
2017-12-18,945593.6071479392,236.41450165922288,10,15839.202585645602,2017-12-18 00:00:00,2716.653635545347,-23696.013239058466,976303.9867609416,-30710.379613002413
2017-12-19,916402.9366664822,545450.3296830439,4,-29190.67048145691,2017-12-19 00:00:00,-20399.457697983747,-44095.47093704221,955904.5290629577,-39501.59239647549
2017-12-20,918495.5200300936,453554.66768532695,5,2092.5833636113675,0,0.0,-44095.47093704221,955904.5290629577,-37409.00903286412
2017-12-21,919127.1834142626,361638.7927089004,6,631.6633841689909,0,0.0,-44095.47093704221,955904.5290629577,-36777.34564869513
2017-12-22,924415.4804333644,363784.6047502801,6,5288.297019101796,2017-12-22 00:00:00,2459.726089163019,-41635.74484787919,958364.2551521208,-33948.77471875644
2017-12-26,925644.8825285304,458135.2594928461,5,1229.402095166035,2017-12-26 00:00:00,2434.7797661393893,-39200.9650817398,960799.0349182602,-35154.152389729745
2017-12-27,924795.128325194,365798.2482399488,6,-849.7542033364298,0,0.0,-39200.9650817398,960799.0349182602,-36003.906593066175
2017-12-28,924734.2684313952,365798.2482399488,6,-60.859893798828125,0,0.0,-39200.9650817398,960799.0349182602,-36064.766486865
2017-12-29,925182.2797200223,180668.93817847865,8,448.01128862716723,0,0.0,-39200.9650817398,960799.0349182602,-35616.755198237835
2018-01-01,920451.518516528,88540.56393787473,9,-4730.761203494389,0,0.0,-39200.9650817398,960799.0349182602,-40347.516401732224
2018-01-02,917723.7463665116,146.64771437215677,10,-2727.77215001639,0,0.0,-39200.9650817398,960799.0349182602,-43075.288551748614
2018-01-03,917814.117368709,146.64771437215677,10,90.37100219738204,0,0.0,-39200.9650817398,960799.0349182602,-42984.91754955123
2018-01-04,923592.982816707,146.64771437215677,10,5778.865447998047,0,0.0,-39200.9650817398,960799.0349182602,-37206.052101553185
2018-01-05,922468.3864727129,146.64771437215677,10,-1124.5963439941406,0,0.0,-39200.9650817398,960799.0349182602,-38330.648445547326
2018-01-08,927189.4382137388,3918.6890183865617,10,4721.051741025993,2018-01-08 00:00:00,4880.145585789784,-34320.81949595002,965679.18050405,-38489.742290311144
2018-01-09,923916.1985916812,6952.968363003427,10,-3273.2396220576484,2018-01-09 00:00:00,2727.6082554001723,-31593.211240549845,968406.7887594502,-44490.590167769
2018-01-10,921702.2830107886,6439.719412155799,10,-2213.915580892586,2018-01-10 00:00:00,-2247.52863096741,-33840.73987151725,966159.2601284827,-44456.9771176941
2018-01-11,926382.824981557,8956.151687489619,10,4680.541970768361,2018-01-11 00:00:00,3001.290440390704,-30839.449431126548,969160.5505688734,-42777.72558731644
2018-01-12,930620.105482524,11419.605055277993,10,4237.280500967056,2018-01-12 00:00:00,3146.662769956333,-27692.786661170216,972307.2133388298,-41687.10785630578
2018-01-15,938496.492277568,11419.605055277993,10,7876.386795043945,0,0.0,-27692.786661170216,972307.2133388298,-33810.72106126184
2018-01-16,920409.3070779092,18318.090448880845,10,-18087.185199658736,2018-01-16 00:00:00,7757.3554921635205,-19935.431169006697,980064.5688309933,-59655.26175308402
2018-01-17,937934.9178515562,124.01498428209744,10,17525.61077364697,2018-01-17 00:00:00,-14768.041462376872,-34703.47263138357,965296.5273686164,-27361.60951706022
2018-01-18,912462.1758209952,367483.65845939744,6,-25472.74203056097,2018-01-18 00:00:00,-7126.279614750943,-41829.752246134514,958170.2477538654,-45708.071932870196
2018-01-19,922628.4836094374,356.4132969373022,10,10166.307788442122,2018-01-19 00:00:00,-6009.250506055719,-47839.00275219023,952160.9972478098,-29532.513638372417
2018-01-22,919876.7001177296,2440.6189714893408,10,-2751.783491707756,2018-01-22 00:00:00,1766.943405585389,-46072.059346604845,953927.9406533951,-34051.240535665536
2018-01-23,937290.1154139056,3071.660030604675,10,17413.415296175983,2018-01-23 00:00:00,2432.399678755621,-43639.65966784922,956360.3403321508,-19070.22491824522
2018-01-24,936818.0696245332,6848.855375875879,10,-472.04578937240876,2018-01-24 00:00:00,12894.377793403695,-30745.281874445525,969254.7181255545,-32436.648501021322
2018-01-25,948325.9945689,11008.546364859603,10,11507.924944366794,2018-01-25 00:00:00,7701.773681967918,-23043.50819247761,976956.4918075224,-28630.497238622396
2018-01-29,939976.8001980452,10044.767986741368,10,-8349.194370854762,2018-01-29 00:00:00,5104.771838443547,-17938.736354034063,982061.263645966,-42084.463447920745
2018-01-30,924334.017710238,4824.559954195531,10,-15642.782487807213,2018-01-30 00:00:00,2261.998859952549,-15676.737494081513,984323.2625059185,-59989.24479568051
2018-01-31,913441.6057880564,1540.1863544627122,10,-10892.411922181607,2018-01-31 00:00:00,-9221.89092988342,-24898.628423964932,975101.371576035,-61659.76578797866
2018-02-01,909849.990070192,123.21745666685456,10,-3591.6157178643625,2018-02-01 00:00:00,-8660.412992998565,-33559.0414169635,966440.9585830366,-56590.96851284453
2018-02-02,891730.1716687034,18213.497169191687,10,-18119.818401488592,2018-02-02 00:00:00,1564.9623605322895,-31994.07905643121,968005.9209435688,-76275.74927486537
2018-02-05,904930.8107274884,93460.24957026196,9,13200.639058784931,2018-02-05 00:00:00,-9412.807676366208,-41406.886732797415,958593.1132672026,-53662.30253971426
2018-02-06,907417.449253946,181845.2594346102,8,2486.6385264575947,2018-02-06 00:00:00,-6636.190822210376,-48043.07755500779,951956.9224449922,-44539.47319104627
2018-02-07,893809.2372269063,393.11456090387946,10,-13608.212027039612,2018-02-07 00:00:00,-1785.7993193661034,-49828.87687437389,950171.1231256261,-56361.885898719775
2018-02-08,906077.793051392,993.7050304701844,10,12268.555824485607,2018-02-08 00:00:00,1651.4792316404003,-48177.39764273349,951822.6023572665,-45744.809305874514
2018-02-09,895194.8534370097,91542.8006415996,9,-10882.939614382223,2018-02-09 00:00:00,868.1503031366083,-47309.247339596885,952690.7526604031,-57495.89922339341
2018-02-12,898806.5779011637,88873.83107499198,9,3611.7244641539874,2018-02-12 00:00:00,-2605.552171714015,-49914.7995113109,950085.2004886891,-51278.6225875254
2018-02-14,895071.703369069,175970.26384727948,8,-3734.874532094691,2018-02-14 00:00:00,-3368.134513812001,-53282.9340251229,946717.0659748771,-51645.36260580807
2018-02-15,892598.7927782325,354969.81756251457,6,-2472.9105908365455,2018-02-15 00:00:00,-2237.978006355602,-55520.9120314785,944479.0879685215,-51880.295190289035
2018-02-16,889448.4719040964,60.1387705928355,10,-3150.3208741360577,2018-02-16 00:00:00,-2981.586368421194,-58502.4983998997,941497.5016001003,-52049.02969600388
2018-02-19,900096.4860675564,185520.58906438263,8,10648.01416346,2018-02-19 00:00:00,7002.241190309605,-51500.25720959009,948499.74279041,-48403.25672285352
2018-02-20,896938.3934831581,276532.9303132451,7,-3158.0925843983423,2018-02-20 00:00:00,1780.9007791814324,-49719.35643040866,950280.6435695913,-53342.250086433254
2018-02-21,896807.5537597332,188936.48303334005,8,-130.8397234248696,2018-02-21 00:00:00,1839.0036118377834,-47880.35281857088,952119.6471814291,-55312.09342169587
2018-02-22,899811.8045410176,88307.87953606003,9,3004.2507812844124,2018-02-22 00:00:00,-2740.430872942288,-50620.78369151316,949379.2163084869,-49567.41176746925
2018-02-23,893064.2976276935,4488.10155748378,10,-6747.5069133241195,2018-02-23 00:00:00,4778.75623947812,-45842.02745203504,954157.972547965,-61093.6749202715
2018-02-26,893609.5975573674,2052.823798307567,10,545.2999296738999,2018-02-26 00:00:00,-2830.8050756744674,-48672.832527709514,951327.1674722905,-57717.56991492305
2018-02-27,897422.8945058904,355042.2638371001,6,3813.296948523028,2018-02-27 00:00:00,-6140.462769923777,-54813.29529763329,945186.7047023667,-47763.81019647629
2018-02-28,895629.5510605122,177164.87382293807,8,-1793.3434453782393,2018-02-28 00:00:00,3522.41249372232,-51290.88280391097,948709.117196089,-53079.56613557681
2018-03-01,895536.815085085,40.04982094555453,10,-92.73597542720381,2018-03-01 00:00:00,-289.66252614090763,-51580.54533005188,948419.4546699481,-52882.63958486309
2018-03-05,895116.864834625,106.02422258522712,10,-419.95025045995135,2018-03-05 00:00:00,-2105.08167104766,-53685.627001099536,946314.3729989005,-51197.50816427544
2018-03-06,899661.5139644012,355745.00978908926,6,4544.649129776168,2018-03-06 00:00:00,-708.9250384672637,-54394.5520395668,945605.4479604332,-45943.93399603199
2018-03-07,890208.9486886716,360543.57851044886,6,-9452.565275729634,2018-03-07 00:00:00,7644.93448389203,-46749.61755567477,953250.3824443253,-63041.43375565368
2018-03-08,893341.983532248,296.45152436550416,10,3133.0348435763735,2018-03-08 00:00:00,-1426.3534195608752,-48175.97097523564,951824.0290247643,-58482.045492516365
2018-03-09,902023.2705376068,229.9373956257477,10,8681.287005358841,2018-03-09 00:00:00,1165.3445146969132,-47010.62646053873,952989.3735394613,-50966.1030018545
2018-03-12,903722.286372986,5840.00843149118,10,1699.0158353792503,2018-03-12 00:00:00,5944.388371695503,-41066.23808884323,958933.7619111568,-55211.47553817078
2018-03-13,890197.5731306713,4741.597740984478,10,-13524.713242314756,2018-03-13 00:00:00,-2588.3477749450376,-43654.58586378827,956345.4141362117,-66147.84100554045
2018-03-14,886829.8760097764,173116.6605861924,8,-3367.6971208949108,2018-03-14 00:00:00,-13496.739307448799,-57151.32517123707,942848.6748287629,-56018.798818986514
2018-03-15,886579.8845722185,231.4470417008997,10,-249.9914375578519,2018-03-15 00:00:00,4058.866146155397,-53092.45902508167,946907.5409749183,-60327.656402699766
2018-03-16,878171.6723834978,231.4470417008997,10,-8408.212188720703,0,0.0,-53092.45902508167,946907.5409749183,-68735.86859142047
2018-03-19,884158.8006333845,52.80672528721334,10,5987.1282498866785,2018-03-19 00:00:00,-5831.8941836065,-58924.35320868817,941075.6467913118,-56916.8461579273
2018-03-20,884313.7175651126,91809.5850080284,9,154.91693172813393,2018-03-20 00:00:00,1242.3593079212455,-57681.99390076692,942318.006099233,-58004.288534120424
2018-03-21,890273.1063629482,2826.662709672426,10,5959.388797835563,0,0.0,-57681.99390076692,942318.006099233,-52044.89973628486
2018-03-22,900687.8905381468,4192.603623152507,10,10414.784175198642,2018-03-22 00:00:00,3286.1178949568684,-54395.87600581005,945604.1239941899,-44916.23345604306
2018-03-23,895945.1629514309,5824.760539016308,10,-4742.727586715948,2018-03-23 00:00:00,6676.94045147249,-47718.935554337564,952281.0644456624,-56335.90149423154
2018-03-26,901364.81894306,658.6310336966853,10,5419.655991629115,2018-03-26 00:00:00,-127.12662560241733,-47846.06217993998,952153.9378200601,-50789.11887700006
2018-03-27,902202.74528532,8876.655575624696,10,837.9263422599761,2018-03-27 00:00:00,10132.209873372087,-37713.8523065679,962286.147693432,-60083.40240811207
2018-03-28,890627.8174863561,5758.71240938417,10,-11574.92779896385,2018-03-28 00:00:00,-5340.046767260314,-43053.89907382821,956946.1009261718,-66318.28343981563
2018-04-02,904021.7485800848,387.15995553797984,10,13393.931093728635,2018-04-02 00:00:00,-7398.04022695203,-50451.939300780235,949548.0606992198,-45526.31211913505
2018-04-03,898253.468844417,4176.87904046585,10,-5768.279735667747,2018-04-03 00:00:00,3345.999753343336,-47105.9395474369,952894.0604525631,-54640.59160814609
2018-04-04,898325.3812131914,4176.87904046585,10,71.91236877441406,0,0.0,-47105.9395474369,952894.0604525631,-54568.679239371675
2018-04-05,897300.2092161211,4176.87904046585,10,-1025.1719970703125,0,0.0,-47105.9395474369,952894.0604525631,-55593.85123644199
2018-04-06,901354.231257258,1298.851617513399,10,4054.0220411368646,2018-04-06 00:00:00,-2560.713769930164,-49666.65331736706,950333.3466826329,-48979.11542537494
2018-04-09,897329.5455377687,8282.351682689201,10,-4024.6857194892364,2018-04-09 00:00:00,7322.9105943013055,-42343.742723065756,957656.2572769342,-60326.711739165476
2018-04-10,884114.3125888959,5821.382989168196,10,-13215.232948872843,2018-04-10 00:00:00,-5236.7168621476285,-47580.459585213386,952419.5404147867,-68305.22782589076
2018-04-11,895392.8868109875,3986.638062106184,10,11278.574222091585,2018-04-11 00:00:00,-4055.0008041664805,-51635.46038937986,948364.5396106201,-52971.65279963263
2018-04-12,901723.8454021168,5237.59085489549,10,6330.958591129282,2018-04-12 00:00:00,2758.677532358443,-48876.78285702142,951123.2171429786,-49399.371740861796
2018-04-13,899520.6316495182,181300.7681788208,8,-2203.213752598618,2018-04-13 00:00:00,3942.07668849569,-44934.70616852573,955065.2938314743,-55544.66218195611
2018-04-16,902486.1864637904,3400.1310985616,10,2965.554814272211,2018-04-16 00:00:00,2709.431277205902,-42225.27489131983,957774.7251086802,-55288.538644889835
2018-04-17,892053.9417588528,122.7663519231719,10,-10432.244704937562,2018-04-17 00:00:00,-4969.274192444296,-47194.54908376413,952805.4509162359,-60751.509157383116
2018-04-18,887414.4658580143,277.1786246577685,10,-4639.475900838501,2018-04-18 00:00:00,-1756.871232608048,-48951.420316372176,951048.5796836278,-63634.11382561352
2018-04-19,886135.857116037,114.86382426061029,10,-1278.608741977252,2018-04-19 00:00:00,-2970.104896425139,-51921.525212797314,948078.4747872027,-61942.617671165615
2018-04-20,890675.3466258647,157.5117519402702,10,4539.48950982769,2018-04-20 00:00:00,-2402.476759616059,-54324.001972413374,945675.9980275866,-55000.65140172187
2018-04-23,892771.1134429624,82113.93898220269,9,2095.7668170976685,2018-04-23 00:00:00,-3994.9132408316923,-58318.91521324507,941681.0847867549,-48909.97134379251
2018-04-24,900882.7337101124,179672.17681912988,8,8111.620267149992,2018-04-24 00:00:00,10290.556524092593,-48028.358689152476,951971.6413108475,-51088.90760073508
2018-04-25,905901.8824324048,91525.2349249898,9,5019.14872229239,2018-04-25 00:00:00,2823.483897895981,-45204.874791256494,954795.1252087435,-48893.24277633871
2018-04-26,917141.1683721954,369.1167766978761,10,11239.285939790658,2018-04-26 00:00:00,2517.403849943568,-42687.470941312924,957312.529058687,-40171.36068649159
2018-04-27,908270.0607778876,4581.086732120471,10,-8871.107594307861,2018-04-27 00:00:00,10070.067448976177,-32617.403492336747,967382.5965076633,-59112.53572977567
2018-04-30,908714.7502689057,324.32840318359376,10,444.68949101807084,2018-04-30 00:00:00,-1988.6423159672304,-34606.04580830398,965393.954191696,-56679.20392279036
2018-05-02,923332.3018207668,87508.57166647069,9,14617.551551861106,2018-05-02 00:00:00,-2435.1287853258755,-37041.174593629854,962958.8254063701,-39626.52358560334
2018-05-03,915414.3040871568,960.3409011122276,10,-7917.997733609984,2018-05-03 00:00:00,8422.885089052432,-28618.28950457742,971381.7104954226,-55967.406408265815
2018-05-04,917737.3507064288,4887.728605240394,10,2323.046619271976,2018-05-04 00:00:00,4688.736053713383,-23929.553450864038,976070.446549136,-58333.095842707204
2018-05-07,920633.1212193782,4688.104284330533,10,2895.7705129494425,2018-05-07 00:00:00,1941.6655871575672,-21987.88786370647,978012.1121362936,-57378.990916915354
2018-05-08,911566.9117848688,4688.104284330533,10,-9066.209434509394,0,0.0,-21987.88786370647,978012.1121362936,-66445.20035142475
2018-05-09,917539.904240922,182202.21344502352,8,5972.992456053151,2018-05-09 00:00:00,-7808.563861152248,-29796.451724858718,970203.5482751413,-52663.644034219324
2018-05-10,918332.5535003915,71.99325869241147,10,792.6492594695883,0,0.0,-29796.451724858718,970203.5482751413,-51870.994774749735
2018-05-11,926656.7610018544,214.99992397341703,10,8324.207501462894,2018-05-11 00:00:00,2416.4315695783343,-27380.020155280385,972619.9798447196,-45963.2188428652
2018-05-14,925767.199753075,214.99992397341703,10,-889.5612487794133,0,0.0,-27380.020155280385,972619.9798447196,-46852.780091644614
2018-05-15,929264.4653447404,2272.7785313857603,10,3497.265591665404,2018-05-15 00:00:00,4856.183720984367,-22523.83643429602,977476.163565704,-48211.69822096359
2018-05-16,924221.7140980111,8397.062547718335,10,-5042.751246729284,2018-05-16 00:00:00,7326.6130265538595,-15197.22340774216,984802.7765922579,-60581.062494246755
2018-05-17,919836.6321399466,281430.10511663114,7,-4385.081958064577,2018-05-17 00:00:00,-1860.8372514128623,-17058.060659155024,982941.939340845,-63105.307200898416
2018-05-18,926216.8757860486,1334.726633248385,10,6380.243646102026,2018-05-18 00:00:00,-3033.543342913338,-20091.60400206836,979908.3959979316,-53691.520211883006
2018-05-21,915751.2633845852,36.32593153936614,10,-10465.61240146344,2018-05-21 00:00:00,-4316.542962048485,-24408.146964116844,975591.8530358832,-59840.58965129801
2018-05-22,907032.0612771002,66.85591023601592,10,-8719.202107484918,2018-05-22 00:00:00,-2030.414271983992,-26438.561236100835,973561.4387638991,-66529.37748679891
2018-05-23,903907.8203440832,93.99538820770977,10,-3124.2409330169903,2018-05-23 00:00:00,-1226.897151108241,-27665.458387209077,972334.5416127909,-68426.72126870765
2018-05-24,904132.901997049,179064.85233124933,8,225.0816529657459,2018-05-24 00:00:00,-5739.537970892423,-33404.9963581015,966595.0036418985,-62462.10164484952
2018-05-25,906832.242847597,361131.5810649186,6,2699.340850548004,2018-05-25 00:00:00,-2322.315513580569,-35727.311871682075,964272.6881283179,-57440.445280720945
2018-05-28,901659.239927838,91651.41252856668,9,-5173.002919759019,2018-05-28 00:00:00,2397.097125897726,-33330.21474578435,966669.7852542156,-65010.545326377614
2018-05-29,905263.9128270844,93099.06407450496,9,3604.6728992464487,2018-05-29 00:00:00,-155.06274750990224,-33485.277493294256,966514.7225067058,-61250.809679621365
2018-05-30,904230.834762938,2639.040652081981,10,-1033.0780641464517,0,0.0,-33485.277493294256,966514.7225067058,-62283.88774376782
2018-05-31,910157.5943717662,4839.71151579314,10,5926.75960882823,2018-05-31 00:00:00,2411.6423568291425,-31073.635136465113,968926.3648635349,-58768.77049176872
2018-06-01,914596.7298518856,4687.49253014657,10,4439.135480119381,2018-06-01 00:00:00,1804.789951047579,-29268.845185417533,970731.1548145824,-56134.42496269685
2018-06-04,912970.6732501746,3208.279789343287,10,-1626.0566017109668,2018-06-04 00:00:00,-1427.3129970289442,-30696.158182446477,969303.8418175535,-56333.16856737889
2018-06-05,917936.4120105748,1918.29578668176,10,4965.738760400214,2018-06-05 00:00:00,346.7508330592236,-30349.407349387253,969650.5926506127,-51714.18064003787
2018-06-06,918704.3293288604,3398.360783710814,10,767.9173182855593,2018-06-06 00:00:00,4357.705891587584,-25991.701457799667,974008.2985422004,-55303.969213339966
2018-06-07,918343.8235295914,363.8353231504152,10,-360.50579926895443,2018-06-07 00:00:00,-3071.545915370753,-29063.24737317042,970936.7526268295,-52592.92909723811
2018-06-08,914689.9824155084,185668.18494771895,8,-3653.841114083072,2018-06-08 00:00:00,3104.553415376735,-25958.693957793686,974041.3060422064,-59351.323626697995
2018-06-11,914746.9825021826,94181.0785890806,9,57.0000866742339,0,0.0,-25958.693957793686,974041.3060422064,-59294.32354002376
2018-06-12,920062.7278134852,316.20611121557886,10,5315.745311302599,2018-06-12 00:00:00,-2868.6210307184047,-28827.31498851209,971172.6850114879,-51109.957198002725
2018-06-13,917812.2504575282,316.20611121557886,10,-2250.4773559570312,0,0.0,-28827.31498851209,971172.6850114879,-53360.434553959756
2018-06-14,921925.9135004972,2103.4504530125123,10,4113.66304296907,2018-06-14 00:00:00,2896.723976586926,-25930.591011925164,974069.4089880749,-52143.49548757763
2018-06-15,922036.339647958,2103.4504530125123,10,110.42614746082108,0,0.0,-25930.591011925164,974069.4089880749,-52033.06934011681
2018-06-18,908687.1000467862,8086.897965801516,10,-13349.239601171808,2018-06-18 00:00:00,7231.079130379481,-18699.51188154568,981300.4881184543,-72613.3880716681
2018-06-19,897307.1734949562,4695.024931114065,10,-11379.926551830024,2018-06-19 00:00:00,-5832.426733579085,-24531.938615124767,975468.0613848752,-78160.88788991899
2018-06-20,907099.5976505204,2373.783151618991,10,9792.424155564164,2018-06-20 00:00:00,-5599.311205816385,-30131.249820941153,969868.7501790589,-62769.152528538485
2018-06-21,902877.8330949048,276.24713075801264,10,-4221.764555615606,2018-06-21 00:00:00,-3028.658841805718,-33159.90866274687,966840.0913372531,-63962.258242348325
2018-06-22,906553.396600644,393.8865031963651,10,3675.5635057392064,2018-06-22 00:00:00,-345.1795661709016,-33505.088228917775,966494.9117710822,-59941.515170438215
2018-06-25,906497.8365191724,51.322923634405015,10,-55.56008147157263,2018-06-25 00:00:00,2448.3967398644227,-31056.69148905335,968943.3085109467,-62445.47199177428
2018-06-26,895988.0350665356,51.322923634405015,10,-10509.801452636835,0,0.0,-31056.69148905335,968943.3085109467,-72955.27344441111
2018-06-27,901151.0344233684,262635.5609664146,7,5162.999356832821,2018-06-27 00:00:00,-9102.33171671195,-40159.023205765305,959840.9767942347,-58689.94237086631
2018-06-28,905669.1241316992,89.46329672230058,10,4518.089708330808,0,0.0,-40159.023205765305,959840.9767942347,-54171.8526625355
2018-06-29,896077.7443187669,9741.111228945343,10,-9591.37981293234,2018-06-29 00:00:00,4330.519317191072,-35828.50388857423,964171.4961114258,-68093.75179265894
2018-07-02,898498.946886964,11599.360701880129,10,2421.2025681971572,2018-07-02 00:00:00,47.592172463250336,-35780.91171611098,964219.088283889,-65720.14139692497
2018-07-03,899238.2858304455,11599.360701880129,10,739.3389434814453,0,0.0,-35780.91171611098,964219.088283889,-64980.802453443524
2018-07-04,904977.9543942882,11599.360701880129,10,5739.668563842773,0,0.0,-35780.91171611098,964219.088283889,-59241.13388960075
2018-07-05,897308.6521718124,14305.339997305056,10,-7669.302222475875,2018-07-05 00:00:00,2383.934796976894,-33396.97691913409,966603.0230808659,-69294.37090905348
2018-07-06,899457.9676090776,82111.29496438077,9,2149.315437265206,2018-07-06 00:00:00,-11151.655309125954,-44548.632228260045,955451.36777174,-55993.40016266238
2018-07-09,899460.2804959554,182.06880569207715,10,2.312886877800338,2018-07-09 00:00:00,2393.222905656179,-42155.40932260387,957844.5906773962,-58384.310181440786
2018-07-10,900903.699917535,4564.411229313977,10,1443.4194215795724,2018-07-10 00:00:00,4973.0999156940015,-37182.309406909866,962817.6905930901,-61913.99067555519
2018-07-11,901741.054060694,9.111423745911452,10,837.3541431589983,2018-07-11 00:00:00,-8486.510121087062,-45668.81952799693,954331.1804720031,-52590.12641130912
2018-07-12,908850.7212970222,9.111423745911452,10,7109.667236328241,0,0.0,-45668.81952799693,954331.1804720031,-45480.459174980875
2018-07-13,896088.649169259,11288.45151423868,10,-12762.072127763182,2018-07-13 00:00:00,11762.857509673899,-33905.96201832303,966094.037981677,-70005.38881241798
2018-07-16,906444.3088527708,8008.920556259953,10,10355.659683511825,2018-07-16 00:00:00,-2752.834356743739,-36658.79637506677,963341.2036249333,-56896.89477216243
2018-07-17,899972.5875810623,17138.67278614042,10,-6471.721271708491,2018-07-17 00:00:00,8532.554848171096,-28126.241526895676,971873.7584731043,-71901.17089204199
2018-07-18,896955.7922777176,17138.67278614042,10,-3016.7953033447266,0,0.0,-28126.241526895676,971873.7584731043,-74917.96619538672
2018-07-19,909085.0561390148,6122.088563941652,10,12129.263861297164,2018-07-19 00:00:00,-5799.623128220034,-33925.86465511571,966074.1353448842,-56989.079205869464
2018-07-20,936196.469477387,10258.85847732595,10,27111.41333837225,2018-07-20 00:00:00,7934.145010424883,-25991.719644690824,974008.2803553091,-37811.81087792211
2018-07-23,939695.328393838,11575.846536537938,10,3498.8589164509904,2018-07-23 00:00:00,9661.528976679889,-16330.190668010935,983669.809331989,-43974.48093815101
2018-07-24,939730.3011905438,1607.2600732714054,10,34.972796705784276,2018-07-24 00:00:00,10186.787785886563,-6143.402882124372,993856.5971178756,-54126.29592733178
2018-07-25,926414.5325426596,217.793437435088,10,-13315.768647884252,2018-07-25 00:00:00,-1707.2231824575551,-7850.6260645819275,992149.3739354181,-65734.84139275854
2018-07-26,908336.46046014,217.793437435088,10,-18078.07208251953,0,0.0,-7850.6260645819275,992149.3739354181,-83812.91347527807
2018-07-27,918019.8500534764,82848.19102637684,9,9683.389593336382,2018-07-27 00:00:00,-12372.017121594723,-20222.64318617665,979777.3568138233,-61757.506760346936
2018-07-30,913326.3826863088,295.6488987724297,10,-4693.467367167585,2018-07-30 00:00:00,2428.8422490161524,-17793.800937160497,982206.1990628395,-68879.81637653068
2018-07-31,913731.016219091,2677.8719243522355,10,404.63353278220166,2018-07-31 00:00:00,-427.73906607331264,-18221.540003233808,981778.4599967662,-68047.44377767516
2018-08-01,914031.5047004536,108.18373182576032,10,300.4884813625831,2018-08-01 00:00:00,-3054.032615555693,-21275.5726187895,978724.4273812105,-64692.92268075689
2018-08-02,895994.1019489615,2841.0017292350385,10,-18037.402751492104,2018-08-02 00:00:00,268.72194232578477,-21006.850676463717,978993.1493235363,-82999.04737457482
2018-08-03,906576.0796075374,71.52272277187149,10,10581.977658575866,2018-08-03 00:00:00,-2712.6243406202843,-23719.475017084,976280.524982916,-69704.4453753786
2018-08-06,907326.2297924344,209.7302807156666,10,750.1501848970074,2018-08-06 00:00:00,3150.0596050134886,-20569.415412070513,979430.5845879295,-72104.35479549516
2018-08-07,905688.4618258683,5903.578616639934,10,-1637.7679665660253,2018-08-07 00:00:00,6161.613879871404,-14407.80153219911,985592.1984678009,-79903.73664193251
2018-08-08,916142.6864248214,3140.809486955201,10,10454.224598953035,2018-08-08 00:00:00,-2498.5284838521206,-16906.33001605123,983093.6699839488,-66950.98355912743
2018-08-09,921411.0366759682,10139.841241397924,10,5268.350251146825,2018-08-09 00:00:00,4975.649508886959,-11930.68050716427,988069.3194928358,-66658.28281686758
2018-08-10,914275.1743383164,97381.85059258871,9,-7135.862337651779,2018-08-10 00:00:00,3662.0128479202344,-8268.667659244036,991731.332340756,-77456.15800243954
2018-08-13,907471.6238449316,9483.197163412638,10,-6803.550493384828,2018-08-13 00:00:00,2435.358551954096,-5833.309107289941,994166.6908927101,-86695.06704777852
2018-08-14,913618.143209836,91975.4678558319,9,6146.5193649043795,2018-08-14 00:00:00,-10437.002279711074,-16270.311387001015,983729.6886129989,-70111.54540316295
2018-08-16,912761.2174020994,3636.666590331777,10,-856.9258077365812,2018-08-16 00:00:00,2517.8983704641764,-13752.413016536839,986247.5869834631,-73486.36958136375
2018-08-17,919519.7629830628,556.6164986876829,10,6758.545580963371,2018-08-17 00:00:00,-2067.5340593329506,-15819.94707586979,984180.0529241302,-64660.28994106746
2018-08-20,933524.0914729208,99.74467116282904,10,14004.328489858075,2018-08-20 00:00:00,4747.626500106062,-11072.320575763728,988927.6794242363,-55403.58795131545
2018-08-21,933831.4442340909,2762.627919393475,10,307.35276117001195,2018-08-21 00:00:00,9389.009439385469,-1683.311136378259,998316.6888636218,-64485.244629530935
2018-08-23,940313.4884006504,4835.45774574297,10,6482.044166559586,2018-08-23 00:00:00,2478.8149589377117,795.5038225594526,1000795.5038225595,-60482.01542190905
2018-08-24,938657.043732414,6437.165894279155,10,-1656.4446682364214,2018-08-24 00:00:00,10371.63113515242,11167.134957711873,1011167.1349577119,-72510.09122529789
2018-08-27,949650.8589240612,6005.581793934005,10,10993.815191647154,2018-08-27 00:00:00,2440.301431927865,13607.436389639737,1013607.4363896397,-63956.577465578564
2018-08-28,976120.1438819468,6005.581793934005,10,26469.284957885626,0,0.0,13607.436389639737,1013607.4363896397,-37487.29250769294
2018-08-29,959808.6893950716,108453.02696526206,9,-16311.454486875213,2018-08-29 00:00:00,14800.080647150877,28407.517036790614,1028407.5170367906,-68598.82764171902
2018-08-30,958063.2999311056,12718.422108229584,10,-1745.3894639660139,0,0.0,28407.517036790614,1028407.5170367906,-70344.21710568503
2018-08-31,947527.6477891922,11923.1519701004,10,-10535.652141913422,2018-08-31 00:00:00,-508.8159693275579,27898.701067463055,1027898.701067463,-80371.05327827088
2018-09-03,936703.5315660898,11493.418834156284,10,-10824.116223102319,2018-09-03 00:00:00,-7740.477653343798,20158.223414119257,1020158.2234141192,-83454.69184802938
2018-09-04,951072.5122533516,14923.705978937707,10,14368.980687261792,2018-09-04 00:00:00,6945.417772746577,27103.641186865832,1027103.6411868659,-76031.12893351424
2018-09-05,942763.0488970904,14999.98662597203,10,-8309.463356261258,2018-09-05 00:00:00,-513.9295946178877,26589.711592247946,1026589.711592248,-83826.66269515757
2018-09-06,948103.3315966752,14999.98662597203,10,5340.2826995848445,0,0.0,26589.711592247946,1026589.711592248,-78486.37999557273
2018-09-07,947311.7148821976,14999.98662597203,10,-791.6167144776555,0,0.0,26589.711592247946,1026589.711592248,-79277.99671005039
2018-09-10,938222.7533190872,14999.98662597203,10,-9088.961563110352,0,0.0,26589.711592247946,1026589.711592248,-88366.95827316074
2018-09-11,923432.2104052182,2472.215394842249,10,-14790.542913869023,2018-09-11 00:00:00,-13020.697528014434,13569.014064233512,1013569.0140642335,-90136.80365901534
2018-09-12,926270.5939796024,166.56948924572498,10,2838.3835743842646,2018-09-12 00:00:00,-5899.482299533134,7669.531764700378,1007669.5317647004,-81398.93778509798
2018-09-14,920420.0444601512,175005.45119843242,8,-5850.549519451219,2018-09-14 00:00:00,-12789.074238809411,-5119.542474109034,994880.457525891,-74460.41306573979
2018-09-17,915216.1022453113,103.30407331415336,10,-5203.942214839975,0,0.0,-5119.542474109034,994880.457525891,-79664.35528057977
2018-09-18,902188.2636230268,96847.11188962848,9,-13027.838622284471,2018-09-18 00:00:00,2953.9880944814104,-2165.5543796276233,997834.4456203724,-95646.18199734564
2018-09-19,900180.1385260683,1876.656668768468,10,-2008.1250969584798,2018-09-19 00:00:00,-9012.826043456771,-11178.380423084394,988821.6195769156,-88641.48105084733
2018-09-21,902368.265989994,7547.63249084838,10,2188.1274639257463,2018-09-21 00:00:00,-758.0730060529713,-11936.453429137366,988063.5465708626,-85695.2805808686
2018-09-24,911805.795905789,95300.48065536264,9,9437.529915794963,2018-09-24 00:00:00,8375.369569420063,-3561.0838597173024,996438.9161402826,-84633.12023449363
2018-09-25,917758.025100594,3054.191310738941,10,5952.229194805026,2018-09-25 00:00:00,-1047.785579785308,-4608.8694395026105,995391.1305604974,-77633.10545990337
2018-09-26,926367.7692133656,4746.001150892305,10,8609.744112771587,2018-09-26 00:00:00,6361.292708404046,1752.4232689014352,1001752.4232689014,-75384.6540555358
2018-09-27,923299.4692328784,4908.435473336256,10,-3068.299980487209,2018-09-27 00:00:00,5764.731689216727,7517.1549581181625,1007517.1549581182,-84217.6857252398
2018-09-28,923638.2647126789,3808.654593844156,10,338.7954798004357,2018-09-28 00:00:00,1566.2018512726645,9083.356809390827,1009083.3568093908,-85445.09209671197
2018-10-01,949264.2909786126,62.72720514818502,10,25626.02626593376,2018-10-01 00:00:00,-3943.1091493758627,5140.247660014964,1005140.247660015,-55875.9566814024
2018-10-03,919907.7687832636,92189.3081435466,9,-29356.52219534898,2018-10-03 00:00:00,1320.3661549136068,6460.613814928571,1006460.6138149286,-86552.84503166494
2018-10-04,916954.597158034,837.1855979753891,10,-2953.1716252296465,2018-10-04 00:00:00,2177.169703869292,8637.783518797864,1008637.7835187978,-91683.18636076385
2018-10-05,929993.8942263924,177.8063357672363,10,13039.297068358399,2018-10-05 00:00:00,337.58899003337046,8975.372508831235,1008975.3725088312,-78981.47828243882
2018-10-08,937190.481906802,281892.0497969524,7,7196.587680409662,2018-10-08 00:00:00,9944.428714442625,18919.801223273862,1018919.8012232739,-81729.31931647181
2018-10-09,938531.8121006272,1440.1294038573833,10,1341.3301938251825,2018-10-09 00:00:00,3638.8770951754186,22558.67831844928,1022558.6783184493,-84026.86621782207
2018-10-10,934803.2929089935,1629.329388289625,10,-3728.519191633677,2018-10-10 00:00:00,157.0356455133101,22715.713963962593,1022715.7139639626,-87912.42105496908
2018-10-11,949101.251106804,96855.28975204677,9,14297.958197810454,2018-10-11 00:00:00,3066.506525574285,25782.220489536878,1025782.2204895369,-76680.96938273287
2018-10-12,930520.1891728084,7693.025960633779,10,-18581.061933995574,2018-10-12 00:00:00,3390.1713348917283,29172.391824428607,1029172.3918244286,-98652.20265162014
2018-10-15,929091.3978826484,93563.41409174108,9,-1428.7912901600357,2018-10-15 00:00:00,-10268.579828258327,18903.81199617028,1018903.8119961703,-89812.41411352193
2018-10-16,924737.101799648,144.9000455034402,10,-4354.296083000372,2018-10-16 00:00:00,-4037.0472874319303,14866.764708738348,1014866.7647087383,-90129.66290909029
2018-10-17,926889.3895772508,2823.445026368019,10,2152.287777602789,2018-10-17 00:00:00,723.0424639126568,15589.807172651006,1015589.807172651,-88700.41759540024
2018-10-19,919508.9135372284,1826.5894558077125,10,-7380.476040022448,2018-10-19 00:00:00,-6358.948844797873,9230.858327853133,1009230.8583278531,-89721.94479062478
2018-10-22,917242.8870955616,3337.0418482086825,10,-2266.0264416667633,2018-10-22 00:00:00,5068.645237683394,14299.503565536528,1014299.5035655366,-97056.61646997498
2018-10-23,921729.4788861296,2036.845339216059,10,4486.591790567967,2018-10-23 00:00:00,-1010.0791557178973,13289.424409818632,1013289.4244098186,-91559.94552368904
2018-10-24,921479.8955353554,123.6168315812829,10,-249.58335077413358,2018-10-24 00:00:00,-3858.1412630466098,9431.283146772023,1009431.2831467721,-87951.38761141663
2018-10-25,923053.2159410322,93038.14147814152,9,1573.3204056767281,2018-10-25 00:00:00,1679.0999218344355,11110.383068606458,1011110.3830686065,-88057.16712757433
2018-10-26,923367.2315445353,415.2369582350657,10,314.0156035030959,2018-10-26 00:00:00,259.79249965022973,11370.175568256687,1011370.1755682566,-88002.94402372139
2018-10-29,921445.277403904,26.46806593728252,10,-1921.9541406312492,2018-10-29 00:00:00,283.97295184610766,11654.148520102795,1011654.1485201028,-90208.87111619883
2018-10-30,923949.5278015252,554633.0512390253,4,2504.2503976211883,2018-10-30 00:00:00,3159.6169803001203,14813.765500402915,1014813.7655004029,-90864.2376988777
2018-10-31,930466.9786699176,185190.12594989335,8,6517.450868392363,2018-10-31 00:00:00,2455.430822386226,17269.19632278914,1017269.1963227892,-86802.21765287162
2018-11-01,935192.8614916536,92.5946855047514,10,4725.882821736042,2018-11-01 00:00:00,-3019.9825216613044,14249.213801127835,1014249.2138011279,-79056.35230947426
2018-11-02,924996.9040323003,1674.0410347452853,10,-10195.95745935326,2018-11-02 00:00:00,4880.672972093935,19129.88677322177,1019129.8867732218,-94132.98274092143
2018-11-05,933184.5672482464,4156.114010212754,10,8187.663215946057,2018-11-05 00:00:00,3901.1109633740575,23030.997736595826,1023030.9977365958,-89846.4304883494
2018-11-06,935156.3495580456,9538.261752751105,10,1971.7823097992223,2018-11-06 00:00:00,7508.43840069005,30539.436137285877,1030539.4361372859,-95383.08657924028
2018-11-07,933949.1738217853,6299.366829007529,10,-1207.1757362603676,2018-11-07 00:00:00,-1931.0816030085966,28608.35453427728,1028608.3545342772,-94659.18071249197
2018-11-09,938424.0179132688,3285.346891560461,10,4474.844091483508,2018-11-09 00:00:00,-2639.3780339746027,25968.976500302677,1025968.9765003027,-87544.9585870339
2018-11-12,920160.7589411008,3285.346891560461,10,-18263.25897216797,0,0.0,25968.976500302677,1025968.9765003027,-105808.21755920188
2018-11-13,934404.3675998228,85862.57818637043,9,14243.60865872202,2018-11-13 00:00:00,-12062.306664383086,13906.66983591959,1013906.6698359196,-79502.30223609682
2018-11-14,937398.1079379884,84542.6092018096,9,2993.740338165546,2018-11-14 00:00:00,-133.03537679433066,13773.63445912526,1013773.6344591252,-76375.52652113687
2018-11-15,940657.7179030456,97273.0207847357,9,3259.6099650572287,2018-11-15 00:00:00,16021.871534143454,29795.505993268715,1029795.5059932687,-89137.7880902231
2018-11-16,942717.3068586288,4558.621533557671,10,2059.5889555831673,2018-11-16 00:00:00,3162.4801293782225,32957.98612264694,1032957.986122647,-90240.6792640182
2018-11-19,936393.4717958212,132.42314638203243,10,-6323.835062807542,2018-11-19 00:00:00,-5676.752779131203,27281.233343515734,1027281.2333435158,-90887.76154769456
2018-11-20,934466.0982816904,6209.845744311475,10,-1927.373514130828,2018-11-20 00:00:00,8115.893710570028,35397.127054085766,1035397.1270540857,-100931.02877239534
2018-11-21,936220.383338833,353.7370331435377,10,1754.2850571426097,2018-11-21 00:00:00,-6138.01181633124,29259.115237754526,1029259.1152377545,-93038.73189892154
2018-11-22,924106.2203505714,251.8912490089715,10,-12114.162988261553,2018-11-22 00:00:00,-2787.8766871402686,26471.238550614256,1026471.2385506142,-102365.01820004277
2018-11-26,936742.8914748247,188991.94814596736,8,12636.671124253306,2018-11-26 00:00:00,747.0873831020717,27218.32593371633,1027218.3259337164,-90475.43445889163
2018-11-27,934386.7927510784,1938.0855337448447,10,-2356.0987237463705,0,0.0,27218.32593371633,1027218.3259337164,-92831.533182638
2018-11-28,936919.1669632902,96.17163247967255,10,2532.374212211813,2018-11-28 00:00:00,-2497.619021950766,24720.706911765563,1024720.7069117655,-87801.53994847531
2018-11-29,934538.9927277984,2714.2707124174485,10,-2380.1742354917806,2018-11-29 00:00:00,2523.0834551252856,27243.790366890848,1027243.7903668908,-92704.79763909243
2018-11-30,925328.725838782,569.4494258181512,10,-9210.266889016377,2018-11-30 00:00:00,-3799.5228802632278,23444.26748662762,1023444.2674866277,-98115.54164784565
2018-12-03,924829.0197230594,569.4494258181512,10,-499.70611572265625,0,0.0,23444.26748662762,1023444.2674866277,-98615.2477635683
2018-12-04,923934.4251033084,569.4494258181512,10,-894.5946197509766,0,0.0,23444.26748662762,1023444.2674866277,-99509.84238331928
2018-12-05,908572.2699564284,5327.583346177591,10,-15362.155146879959,2018-12-05 00:00:00,2477.600326045319,25921.86781267294,1025921.867812673,-117349.59785624454
2018-12-06,893580.4180936085,98.9168729052908,10,-14991.851862819982,2018-12-06 00:00:00,-3277.2756932709067,22644.592119402034,1022644.592119402,-129064.17402579356
2018-12-07,900575.1334251078,87662.45852783133,9,6994.715331499348,2018-12-07 00:00:00,-21160.635062329027,1483.9570570730066,1001483.957057073,-100908.8236319652
2018-12-10,900167.7907412344,92.23490828907234,10,-407.34268387337215,0,0.0,1483.9570570730066,1001483.957057073,-101316.16631583858
2018-12-11,897449.861712584,3222.431463414774,10,-2717.9290286503965,2018-12-11 00:00:00,-1740.218471359533,-256.26141428652636,999743.7385857134,-102293.8768731294
2018-12-12,887705.6163281591,176546.67160063348,8,-9744.245384424925,2018-12-12 00:00:00,-6757.706076410015,-7013.967490696541,992986.0325093034,-105280.4161811443
2018-12-13,890683.2087056617,279.2520683075418,10,2977.5923775025876,2018-12-13 00:00:00,-2541.8947856209406,-9555.862276317483,990444.1377236826,-99760.92901802086
2018-12-14,890400.464871584,2980.189033507588,10,-282.74383407772984,2018-12-14 00:00:00,4399.564413794605,-5156.297862522878,994843.7021374771,-104443.23726589314
2018-12-17,881864.1348239766,2980.189033507588,10,-8536.330047607422,0,0.0,-5156.297862522878,994843.7021374771,-112979.56731350056
2018-12-18,886285.4386858973,323.24199470921303,10,4421.303861920722,2018-12-18 00:00:00,-5323.427054969575,-10479.724917492453,989520.2750825075,-103234.83639661025
2018-12-19,889149.2276415857,323.24199470921303,10,2863.7889556884766,0,0.0,-10479.724917492453,989520.2750825075,-100371.04744092177
2018-12-20,885636.6766861496,89758.52683201738,9,-3512.5509554361925,2018-12-20 00:00:00,2669.4575318963143,-7810.267385596138,992189.7326144038,-106553.05592825427
2018-12-21,876877.7252506836,3492.0870008625934,10,-8758.951435465948,2018-12-21 00:00:00,337.628866845434,-7472.638518750704,992527.3614812493,-115649.63623056572
2018-12-24,873621.7739900426,28.81400865431351,10,-3255.9512606409844,2018-12-24 00:00:00,-6714.830537967064,-14187.469056717768,985812.5309432822,-112190.75695323956
2018-12-26,880810.6894995506,417.722087132046,10,7188.915509507991,2018-12-26 00:00:00,-2938.416385283157,-17125.885442000923,982874.1145579991,-102063.42505844845
2018-12-27,872153.8230927989,345539.28420821234,6,-8656.86640675168,2018-12-27 00:00:00,-7367.6325883728505,-24493.518030373772,975506.4819696263,-103352.65887682734
2018-12-28,871184.9134848923,84004.45359079634,9,-968.909607906593,0,0.0,-24493.518030373772,975506.4819696263,-104321.56848473393
2018-12-31,870919.8556972273,76.34310353429464,10,-265.05778766504955,2018-12-31 00:00:00,-2076.537004940153,-26570.055035313926,973429.9449646861,-102510.08926745877
2019-01-01,875743.2182976045,2059.8769838186854,10,4823.362600377179,2019-01-01 00:00:00,2309.973224291248,-24260.08181102268,975739.9181889773,-99996.69989137282
2019-01-02,867771.2713103751,265509.5560698966,7,-7971.946987229399,2019-01-02 00:00:00,2160.7938207207067,-22099.28799030197,977900.712009698,-110129.44069932296
2019-01-03,859334.6736161595,6925.158052194616,10,-8436.597694215598,0,0.0,-22099.28799030197,977900.712009698,-118566.03839353856
2019-01-04,867622.2980883813,2160.756401369508,10,8287.624472221825,2019-01-04 00:00:00,-5066.89475156543,-27166.1827418674,972833.8172581326,-105211.51916975132
2019-01-07,868253.215431521,2160.756401369508,10,630.9173431396484,0,0.0,-27166.1827418674,972833.8172581326,-104580.60182661167
2019-01-08,883277.0579927128,56.78185440700327,10,15023.84256119188,2019-01-08 00:00:00,-591.7680536845405,-27757.95079555194,972242.049204448,-88964.99121173518
2019-01-09,885137.0492844845,93751.30709139958,9,1859.9912917716429,2019-01-09 00:00:00,9716.488068222836,-18041.462727329104,981958.5372726709,-96821.48798818642
2019-01-10,882344.079032561,1087.9788377672085,10,-2792.970251923427,2019-01-10 00:00:00,6734.203934305031,-11307.258793024073,988692.7412069759,-106348.66217441484
2019-01-11,879807.7912670581,1087.9788377672085,10,-2536.2877655029297,0,0.0,-11307.258793024073,988692.7412069759,-108884.94993991777
2019-01-14,875230.0377422778,1087.9788377672085,10,-4577.753524780273,0,0.0,-11307.258793024073,988692.7412069759,-113462.70346469805
2019-01-15,885932.679511687,1087.9788377672085,10,10702.64176940918,0,0.0,-11307.258793024073,988692.7412069759,-102760.06169528887
2019-01-16,884487.5013425221,268668.80314052606,7,-1445.178169164923,2019-01-16 00:00:00,6610.170274541265,-4697.0885184828085,995302.9114815171,-110815.41013899504
2019-01-17,884770.0346267928,2781.8406972576195,10,282.53328427067026,0,0.0,-4697.0885184828085,995302.9114815171,-110532.87685472437
2019-01-18,884774.5538998159,161.6146755724476,10,4.519273023121059,2019-01-18 00:00:00,-3021.0402069297597,-7718.128725412568,992281.8712745875,-107507.31737477158
2019-01-21,882367.3393459644,3136.8310451831057,10,-2407.214553851518,2019-01-21 00:00:00,1935.4124194250144,-5782.716305987554,994217.2836940124,-111849.94434804807
2019-01-22,870066.9453560968,5672.967817034325,10,-12300.39398986753,2019-01-22 00:00:00,2322.3514513994373,-3460.3648545881165,996539.6351454118,-126472.68978931499
2019-01-23,858153.3418801676,95059.94716581212,9,-11913.603475929238,2019-01-23 00:00:00,-6503.487232600875,-9963.852087188992,990036.147912811,-131882.80603264342
2019-01-24,867115.4000160575,5965.474153643649,10,8962.058135889936,2019-01-24 00:00:00,-8632.203281358921,-18596.055368547914,981403.9446314521,-114288.54461539455
2019-01-25,857784.9712825565,5599.106285933536,10,-9330.428733501001,2019-01-25 00:00:00,-3340.23827698438,-21936.293645532292,978063.7063544677,-120278.73507191113
2019-01-28,840822.7590726792,9357.168412669444,10,-16962.212209877325,2019-01-28 00:00:00,-2585.8071861793396,-24522.100831711632,975477.8991682883,-134655.14009560912
2019-01-29,834004.4370980937,3227.8899383936805,10,-6818.321974585531,2019-01-29 00:00:00,-10598.631254251337,-35120.73208596297,964879.267914037,-130874.8308159433
2019-01-30,811657.6369922021,3146.272900297612,10,-22346.80010589154,2019-01-30 00:00:00,-6349.971628281062,-41470.70371424403,958529.2962857559,-146871.6592935538
2019-01-31,821128.6756223682,75737.29016348503,9,9471.038630166091,2019-01-31 00:00:00,-13104.731876622256,-54575.435590866284,945424.5644091337,-124295.88878676551
2019-02-01,822993.7561063975,87.22992877665092,10,1865.0804840292549,2019-02-01 00:00:00,1640.3840020502307,-52935.05158881605,947064.9484111839,-124071.19230478641
2019-02-04,831251.8801940616,71.41701904918591,10,8258.124087664066,2019-02-04 00:00:00,4477.379486778411,-48457.67210203764,951542.3278979624,-120290.44770390086
2019-02-05,831437.8203453382,83855.31218741566,9,185.94015127664898,2019-02-05 00:00:00,1644.9514118411232,-46812.72069019652,953187.2793098035,-121749.4589644653
2019-02-06,837647.4292676898,144.61318928764376,10,6209.608922351617,0,0.0,-46812.72069019652,953187.2793098035,-115539.85004211369
2019-02-07,834516.5768059554,87695.39085262295,9,-3130.8524617344374,2019-02-07 00:00:00,6831.619295457842,-39981.101394738675,960018.8986052613,-125502.32179930597
2019-02-08,835608.0393804953,4208.349581947972,10,1091.462574539939,0,0.0,-39981.101394738675,960018.8986052613,-124410.85922476603
2019-02-11,830647.943597975,5095.965713490179,10,-4960.095782520366,2019-02-11 00:00:00,2166.7104169254358,-37814.39097781324,962185.6090221867,-131537.66542421177
2019-02-12,826150.171178181,2744.7166834466625,10,-4497.772419793997,2019-02-12 00:00:00,2310.6796176594557,-35503.71136015378,964496.2886398463,-138346.1174616653
2019-02-14,822582.8169017057,84584.18654942745,9,-3567.3542764752638,2019-02-14 00:00:00,-5011.363626828364,-40515.074986982145,959484.9250130178,-136902.10811131215
2019-02-15,820808.7339769237,3678.183653437445,10,-1774.0829247819493,2019-02-15 00:00:00,-1612.8465430094511,-42127.921529991596,957872.0784700084,-137063.3444930847
2019-02-18,815220.029004048,85131.82327775047,9,-5588.70497287577,2019-02-18 00:00:00,-2587.437004075736,-44715.35853406733,955284.6414659327,-140064.61246188474
2019-02-19,816928.0083310243,3415.024189815711,10,1707.9793269763468,0,0.0,-44715.35853406733,955284.6414659327,-138356.6331349084
2019-02-20,819349.8941236436,1955.2062486834768,10,2421.885792619316,2019-02-20 00:00:00,-1052.6377833223228,-45767.996317389654,954232.0036826103,-134882.1095589667
2019-02-21,824558.0230909288,1955.2062486834768,10,5208.128967285156,0,0.0,-45767.996317389654,954232.0036826103,-129673.98059168155
2019-02-22,810741.9592779722,252212.6503180113,7,-13816.063812956563,2019-02-22 00:00:00,3121.2474540387966,-42646.748863350855,957353.2511366492,-146611.29185867694
2019-02-25,814420.480577741,324752.300951316,6,3678.5212997688213,2019-02-25 00:00:00,-9153.924426978463,-51800.673290329316,948199.3267096707,-133778.84613192966
2019-02-26,817958.5601017457,237.3281529328815,10,3538.079524004599,0,0.0,-51800.673290329316,948199.3267096707,-130240.76660792506
2019-02-27,816111.2608098258,1493.8919522138603,10,-1847.2992919198005,2019-02-27 00:00:00,799.3331448792942,-51001.34014545002,948998.65985455,-132887.39904472418
2019-02-28,817174.6062074781,92.83952271776798,10,1063.3453976522433,2019-02-28 00:00:00,-1418.3033733455477,-52419.643518795565,947580.3564812044,-130405.7502737263
2019-03-01,814591.0290742994,92.83952271776798,10,-2583.577133178711,0,0.0,-52419.643518795565,947580.3564812044,-132989.327406905
2019-03-05,815522.5558534742,92.83952271776798,10,931.5267791748047,0,0.0,-52419.643518795565,947580.3564812044,-132057.8006277302
2019-03-06,820237.069085461,248.8956507977855,10,4714.513231986784,2019-03-06 00:00:00,-609.7551855068614,-53029.398704302424,946970.6012956976,-126733.53221023665
2019-03-07,817713.2059762033,2431.005656162029,10,-2523.8631092576543,2019-03-07 00:00:00,4469.245657516116,-48560.153046786305,951439.8469532137,-133726.64097701036
2019-03-08,819897.0416543039,2431.005656162029,10,2183.835678100586,0,0.0,-48560.153046786305,951439.8469532137,-131542.80529890978
2019-03-11,818833.3733346018,2431.005656162029,10,-1063.6683197021484,0,0.0,-48560.153046786305,951439.8469532137,-132606.47361861193
2019-03-12,821436.9520471704,1626.1832367205498,10,2603.5787125686184,2019-03-12 00:00:00,-109.47135297910972,-48669.62439976542,951330.3756002346,-129893.42355306423
2019-03-13,832043.7735068324,115.87739230538136,10,10606.821459662053,2019-03-13 00:00:00,-449.3530064747233,-49118.97740624014,950881.0225937598,-118837.24908692739
2019-03-14,824867.693716635,1765.4292893863894,10,-7176.079790197429,2019-03-14 00:00:00,2072.6407023497063,-47046.33670389043,952953.6632961095,-128085.96957947453
2019-03-15,831090.0817198651,18.39444874697074,10,6222.388003230095,2019-03-15 00:00:00,-1949.829424284345,-48996.16612817478,951003.8338718252,-119913.75215196016
2019-03-18,832780.3674315503,4573.839645295346,10,1690.2857116851956,2019-03-18 00:00:00,8694.659811639372,-40301.50631653541,959698.4936834646,-126918.1262519143
2019-03-19,841934.3705319348,5429.449755567577,10,9154.003100384492,2019-03-19 00:00:00,2262.0325357849915,-38039.47378075041,961960.5262192496,-120026.15568731481
2019-03-20,841037.04074202,2032.4743662875696,10,-897.3297899147728,2019-03-20 00:00:00,6529.7210683366075,-31509.752712413807,968490.2472875862,-127453.20654556621
2019-03-22,834329.8950979817,6203.046312581297,10,-6707.145644038334,2019-03-22 00:00:00,6574.131896429236,-24935.62081598457,975064.3791840154,-140734.48408603377
2019-03-25,814094.1075436436,5142.304565127983,10,-20235.78755433811,2019-03-25 00:00:00,-2806.634692619599,-27742.25550860417,972257.7444913958,-158163.6369477522
2019-03-26,826478.9431776075,165082.74569835942,8,12384.835633963929,2019-03-26 00:00:00,-8392.77174152323,-36135.0272501274,963864.9727498726,-137386.0295722651
2019-03-27,826721.5887260479,1476.019390110363,10,242.64554844039958,2019-03-27 00:00:00,2181.026024579578,-33954.00122554782,966045.9987744521,-139324.41004840424
2019-03-28,838812.7395042799,5239.37799304942,10,12091.150778232026,2019-03-28 00:00:00,4418.013546794609,-29535.987678753212,970464.0123212468,-131651.27281696687
2019-04-01,839817.1982492728,14.738755242156913,10,1004.4587449928513,2019-04-01 00:00:00,1949.989968298508,-27585.997710454703,972414.0022895453,-132596.8040402725
2019-04-02,844850.6570937505,5296.344480823536,10,5033.458844477776,2019-04-02 00:00:00,8991.60764061782,-18594.39006983688,981405.6099301631,-136554.9528364126
2019-04-03,840025.6162001959,5296.344480823536,10,-4825.0408935546875,0,0.0,-18594.39006983688,981405.6099301631,-141379.99372996727
2019-04-04,838187.5931265997,8126.9559195684415,10,-1838.0230735961813,2019-04-04 00:00:00,5280.596630586138,-13313.793439250743,986686.2065607492,-148498.61343414953
2019-04-05,840396.6889212774,8126.9559195684415,10,2209.0957946777344,0,0.0,-13313.793439250743,986686.2065607492,-146289.5176394718
2019-04-08,835135.7451103197,6279.311180876364,10,-5260.943810957717,2019-04-08 00:00:00,-2809.650827342708,-16123.444266593451,983876.5557334066,-148740.81062308687
2019-04-09,839726.350339915,2150.215543772414,10,4590.605229595327,2019-04-09 00:00:00,-2746.212885900684,-18869.657152494136,981130.3428475058,-141403.9925075908
2019-04-10,832586.5945351496,43.260855950429686,10,-7139.755804765387,2019-04-10 00:00:00,-2788.0321324694355,-21657.68928496357,978342.3107150365,-145755.71617988683
2019-04-11,835421.1709458728,149.75215314817615,10,2834.5764107231516,2019-04-11 00:00:00,-2804.1586823765847,-24461.847967340153,975538.1520326599,-140116.98108678707
2019-04-12,844699.6309068103,149.75215314817615,10,9278.4599609375,0,0.0,-24461.847967340153,975538.1520326599,-130838.52112584957
2019-04-15,847815.5476445281,84832.43416491381,9,3115.916737717809,2019-04-15 00:00:00,4377.440581212199,-20084.407386127954,979915.592613872,-132100.04496934393
2019-04-16,854127.1755095944,172712.39743342248,8,6311.627865066286,2019-04-16 00:00:00,6675.466551235964,-13408.94083489199,986591.059165108,-132463.88365551364
2019-04-18,850608.8205239556,1562.1835610649869,10,-3518.3549856387544,2019-04-18 00:00:00,4569.30788125021,-8839.63295364178,991160.3670463582,-140551.54652240255
2019-04-22,839123.7902801229,3356.7718475057336,10,-11485.030243832734,2019-04-22 00:00:00,2991.0291004731275,-5848.603853168652,994151.3961468313,-155027.60586670844
2019-04-23,842908.6711355962,1677.5024954595574,10,3784.8808554733405,2019-04-23 00:00:00,-2845.396777609638,-8694.00063077829,991305.9993692217,-148397.3282336255
2019-04-24,852752.2163016119,1677.5024954595574,10,9843.545166015625,0,0.0,-8694.00063077829,991305.9993692217,-138553.78306760988
2019-04-25,845816.9312674322,1677.5024954595574,10,-6935.2850341796875,0,0.0,-8694.00063077829,991305.9993692217,-145489.06810178957
2019-04-26,855168.3497244634,1677.5024954595574,10,9351.41845703125,0,0.0,-8694.00063077829,991305.9993692217,-136137.64964475832
2019-04-30,859638.0838647912,2128.1954675743477,10,4469.734140327782,2019-04-30 00:00:00,2228.609991679925,-6465.390639098365,993534.6093609016,-133896.52549611044
2019-05-02,861651.4798712109,4886.962354121075,10,2013.3960064196726,2019-05-02 00:00:00,4716.40683737321,-1748.983801725155,998251.0161982748,-136599.53632706392
2019-05-03,862327.0620367974,264569.86236028373,7,675.5821655865293,2019-05-03 00:00:00,7483.104813546193,5734.121011821038,1005734.1210118211,-143407.05897502368
2019-05-06,862659.6394332385,8723.9147933458,10,332.5773964411346,2019-05-06 00:00:00,2288.540371810945,8022.661383631983,1008022.661383632,-145363.02195039345
2019-05-07,848671.129637096,8723.9147933458,10,-13988.509796142578,0,0.0,8022.661383631983,1008022.661383632,-159351.53174653603
2019-05-08,835164.218232648,1533.814027325745,10,-13506.91140444798,2019-05-08 00:00:00,-7303.00360630299,719.6577773289928,1000719.657777329,-165555.439544681
2019-05-09,830197.0672304521,91.34689353805152,10,-4967.151002195897,2019-05-09 00:00:00,-5954.656551279935,-5234.998773950942,994765.001226049,-164567.93399559695
2019-05-10,831450.0573437352,132.42668272454466,10,1252.9901132831583,2019-05-10 00:00:00,-8224.812919666525,-13459.811693617467,986540.1883063825,-155090.13096264726
2019-05-13,811009.0523558796,3302.196459883504,10,-20441.004987855675,2019-05-13 00:00:00,-614.9477259367391,-14074.759419554206,985925.2405804457,-174916.18822456617
2019-05-14,813462.858049237,5263.035799178411,10,2453.8056933574844,2019-05-14 00:00:00,-3763.376844474077,-17838.136264028282,982161.8637359717,-168699.0056867347
2019-05-15,822837.7586180425,2770.672650024804,10,9374.900568805402,2019-05-15 00:00:00,581.3658663370904,-17256.77039769119,982743.2296023088,-159905.47098426637
2019-05-16,826366.7927730031,89877.8935725637,9,3529.034154960653,2019-05-16 00:00:00,4990.904052543982,-12265.86634514721,987734.1336548527,-161367.34088184964
2019-05-17,841862.8203193379,911.8334113788588,10,15496.027546334779,2019-05-17 00:00:00,-2589.004456246056,-14854.870801393266,985145.1291986067,-143282.30887926882
2019-05-20,853109.6741501961,333132.54738017655,6,11246.85383085825,2019-05-20 00:00:00,8686.596456430507,-6168.27434496276,993831.7256550372,-140722.05150484107
2019-05-21,842940.8358000955,338980.4241484841,6,-10168.838350100676,2019-05-21 00:00:00,14428.12694420337,8259.85259924061,1008259.8525992406,-165319.01679914515
2019-05-22,849596.526432597,2625.2405744427087,10,6655.690632501501,2019-05-22 00:00:00,2245.054227957648,10504.906827198258,1010504.9068271982,-160908.38039460126
2019-05-23,838857.865140653,428.51034328967216,10,-10738.66129194398,2019-05-23 00:00:00,-2825.008929133837,7679.897898064421,1007679.8978980645,-168822.03275741148
2019-05-24,859699.0064312946,262147.61696596246,7,20841.141290641623,2019-05-24 00:00:00,12483.475170139985,20163.373068204404,1020163.3730682044,-160464.36663690978
2019-05-27,865356.3132095906,2077.549919185374,10,5657.306778296013,2019-05-27 00:00:00,-510.94129963236463,19652.431768572038,1019652.4317685721,-154296.11855898146
2019-05-28,862446.0893542487,386.2477404791716,10,-2910.223855341901,2019-05-28 00:00:00,374.91714154102215,20027.34891011306,1020027.3489101131,-157581.25955586438
2019-05-29,854155.0178758657,6.81722278946836,10,-8291.071478383034,2019-05-29 00:00:00,2154.424969336604,22181.773879449665,1022181.7738794497,-168026.756003584
2019-05-30,863888.6977886339,210.34982720811968,10,9733.679912768188,2019-05-30 00:00:00,-5026.734330983349,17155.039548466317,1017155.0395484663,-153266.34175983246
2019-05-31,856129.4315873127,2958.6783677082717,10,-7759.266201321152,2019-05-31 00:00:00,2283.98854948995,19439.028097956267,1019439.0280979562,-163309.5965106435
2019-06-03,864887.6521721008,57.36429419688648,10,8758.220584788127,2019-06-03 00:00:00,-3236.2978830699926,16202.730214886275,1016202.7302148863,-151315.0780427854
2019-06-04,862844.6046257141,57.36429419688648,10,-2043.0475463867188,0,0.0,16202.730214886275,1016202.7302148863,-153358.12558917212
2019-06-06,847548.044404518,1876.3329273707493,10,-15296.560221196152,2019-06-06 00:00:00,2243.889169471981,18446.619384358255,1018446.6193843583,-170898.5749798403
2019-06-07,852722.7627361242,92.95630353271554,10,5174.718331606244,2019-06-07 00:00:00,-7845.631866993743,10600.987517364512,1010600.9875173646,-157878.22478124034
2019-06-10,852800.9074199621,92.95630353271554,10,78.14468383789062,0,0.0,10600.987517364512,1010600.9875173646,-157800.08009740245
2019-06-11,856721.3575384138,79131.29570421105,9,3920.4501184517285,2019-06-11 00:00:00,4242.077806134976,14843.065323499488,1014843.0653234995,-158121.70778508566
2019-06-12,849400.4912708077,25.636352724046446,10,-7320.86626760615,0,0.0,14843.065323499488,1014843.0653234995,-165442.5740526918
2019-06-13,855448.6241901192,25.636352724046446,10,6048.132919311523,0,0.0,14843.065323499488,1014843.0653234995,-159394.4411333803
2019-06-14,847985.1658923897,25.636352724046446,10,-7463.458297729492,0,0.0,14843.065323499488,1014843.0653234995,-166857.89943110978
2019-06-17,845812.4938594233,163144.1500733163,8,-2172.672032966395,2019-06-17 00:00:00,-3118.464147730824,11724.601175768665,1011724.6011757687,-165912.10731634533
2019-06-18,850587.7159495216,78008.8148129649,9,4775.222090098308,2019-06-18 00:00:00,-587.8314256549893,11136.769750113675,1011136.7697501137,-160549.05380059208
2019-06-19,852238.7979901491,453.0352202915674,10,1651.082040627487,0,0.0,11136.769750113675,1011136.7697501137,-158897.9717599646
2019-06-20,862023.4805298817,1441.5560168600932,10,9784.682539732545,2019-06-20 00:00:00,2248.6325710901324,13385.402321203808,1013385.4023212038,-151361.92179132218
2019-06-21,862966.7133865757,2955.2408388860786,10,943.2328566940269,2019-06-21 00:00:00,2260.7832325918503,15646.185553795658,1015646.1855537957,-152679.47216721997
2019-06-24,859963.5729998391,7012.680408204251,10,-3003.1403867366025,2019-06-24 00:00:00,5144.499988328014,20790.685542123672,1020790.6855421236,-160827.11254228454
2019-06-25,865007.3668191038,7479.823348562641,10,5043.793819264742,2019-06-25 00:00:00,2230.497063305483,23021.182605429156,1023021.1826054292,-158013.81578632537
2019-06-26,868529.741086682,7479.823348562641,10,3522.374267578125,0,0.0,23021.182605429156,1023021.1826054292,-154491.44151874725
2019-06-27,869395.793836295,14617.514464875072,10,866.0527496130671,2019-06-27 00:00:00,8798.82713013591,31820.009735565065,1031820.009735565,-162424.21589927003
2019-06-28,864619.0414931865,16870.030792200996,10,-4776.752343108528,2019-06-28 00:00:00,2288.202333571573,34108.212069136636,1034108.2120691367,-169489.17057595018
2019-07-01,866677.247277319,14041.381840005284,10,2058.2057841324713,2019-07-01 00:00:00,-2819.12037451298,31289.091694623658,1031289.0916946237,-164611.84441730473
2019-07-02,870313.5678339596,14041.381840005284,10,3636.320556640625,0,0.0,31289.091694623658,1031289.0916946237,-160975.5238606641
2019-07-03,867516.7622919674,14041.381840005284,10,-2796.8055419921875,0,0.0,31289.091694623658,1031289.0916946237,-163772.3294026563
2019-07-04,866622.1009760494,14041.381840005284,10,-894.6613159179688,0,0.0,31289.091694623658,1031289.0916946237,-164666.99071857426
2019-07-05,862123.5056391354,14041.381840005284,10,-4498.5953369140625,0,0.0,31289.091694623658,1031289.0916946237,-169165.58605548833
2019-07-08,857405.6628868241,16810.643134030674,10,-4717.842752311262,2019-07-08 00:00:00,2115.944111976221,33405.03580659988,1033405.0358065999,-175999.37291977578
2019-07-09,874181.7583412121,104326.8115864655,9,16776.09545438795,2019-07-09 00:00:00,4561.552897214702,37966.58870381458,1037966.5887038145,-163784.8303626025
2019-07-10,872174.9732344807,16144.965261472344,10,-2006.7851067313459,2019-07-10 00:00:00,-504.8583544769799,37461.7303493376,1037461.7303493376,-165286.75711485685
2019-07-11,875450.8586742027,11599.625099998057,10,3275.885439721984,2019-07-11 00:00:00,-2861.6330202870577,34600.09732905054,1034600.0973290505,-159149.23865484784
2019-07-12,873505.6327250457,13751.472789757188,10,-1945.2259491570294,2019-07-12 00:00:00,2524.743486788136,37124.84081583868,1037124.8408158387,-163619.208090793
2019-07-15,874832.013126657,13751.472789757188,10,1326.3804016113281,0,0.0,37124.84081583868,1037124.8408158387,-162292.82768918166
2019-07-16,877658.4939636538,14845.732282759913,10,2826.4808369968086,2019-07-16 00:00:00,2297.1944066446176,39422.0352224833,1039422.0352224833,-161763.54125882953
2019-07-17,879237.565924103,14845.732282759913,10,1579.0719604492188,0,0.0,39422.0352224833,1039422.0352224833,-160184.4692983803
2019-07-18,872120.9772008774,14621.226216394529,10,-7116.5887232256355,2019-07-18 00:00:00,-620.557657458472,38801.47756502483,1038801.4775650249,-166680.50036414748
2019-07-19,859556.5646747602,12584.645080658302,10,-12564.412526117172,2019-07-19 00:00:00,-2890.688104607178,35910.78946041765,1035910.7894604177,-176354.22478565748
2019-07-22,856008.0164344045,14483.240471283876,10,-3548.5482403556816,2019-07-22 00:00:00,-1325.9868868618573,34584.80257355579,1034584.8025735558,-178576.7861391513
2019-07-23,848216.5099568694,171522.37978563167,8,-7791.50647753512,2019-07-23 00:00:00,-14409.133886314567,20175.668687241225,1020175.6686872413,-171959.15873037186
2019-07-24,839777.4444973662,821.7958935112838,10,-8439.06545950321,2019-07-24 00:00:00,-2863.7797541521054,17311.888933089118,1017311.8889330891,-177534.4444357229
2019-07-25,838653.5588231164,529.0155155786779,10,-1123.8856742498465,2019-07-25 00:00:00,-8173.685821561461,9138.203111527657,1009138.2031115276,-170484.64428841125
2019-07-26,841825.0270238,529.0155155786779,10,3171.4682006835938,0,0.0,9138.203111527657,1009138.2031115276,-167313.17608772765
2019-07-29,851491.6584456334,3457.175440830062,10,9666.631421833416,2019-07-29 00:00:00,2274.4160810698186,11412.619192597474,1011412.6191925975,-159920.9607469641
2019-07-30,853645.1350996498,11618.743525952246,10,2153.476654016413,2019-07-30 00:00:00,10182.121431053609,21594.740623651083,1021594.7406236511,-167949.6055240013
2019-07-31,859666.9618400104,10956.45117455852,10,6021.826740360586,2019-07-31 00:00:00,1869.8834733474619,23464.624096998545,1023464.6240969986,-163797.66225698823
2019-08-01,846519.810931991,13873.270267318105,10,-13147.150908019394,2019-08-01 00:00:00,2465.519810022605,25930.14390702115,1025930.1439070211,-179410.33297503018
2019-08-02,844701.683442594,1142.1787079680653,10,-1818.127489396953,2019-08-02 00:00:00,-10364.709496234587,15565.434410786562,1015565.4344107866,-170863.7509681926
2019-08-05,841965.8310162553,82665.97743519388,9,-2735.852426338708,2019-08-05 00:00:00,-7029.159025827366,8536.275384959195,1008536.2753849592,-166570.44436870387
2019-08-06,849974.0222543931,102.28675024275437,10,8008.191238137777,2019-08-06 00:00:00,2977.0345428006995,11513.309927759896,1011513.3099277599,-161539.28767336684
2019-08-07,854226.3134453085,4942.107911418003,10,4252.291190915392,2019-08-07 00:00:00,7540.254859530679,19053.564787290576,1019053.5647872905,-164827.25134198205
2019-08-08,864381.2127824968,4844.300447712958,10,10154.89933718834,2019-08-08 00:00:00,4482.689902395219,23536.254689685797,1023536.2546896858,-159155.04190718895
2019-08-09,867603.3126860877,6220.904054560146,10,3222.099903590861,2019-08-09 00:00:00,9969.56314728914,33505.81783697494,1033505.817836975,-165902.5051508873
2019-08-13,855755.1084012911,2279.9656526882027,10,-11848.204284796608,2019-08-13 00:00:00,-2977.0492274560984,30528.76860951884,1030528.7686095189,-174773.6602082278
2019-08-14,860403.2822236434,87908.43609788697,9,4648.173822352313,2019-08-14 00:00:00,-1823.9343490846913,28704.83426043415,1028704.8342604341,-168301.55203679076
2019-08-16,850971.3185485149,4080.024493187841,10,-9431.963675128529,2019-08-16 00:00:00,-68.13869063757193,28636.695569796575,1028636.6955697966,-177665.37702128175
2019-08-19,843441.3683928472,2823.925713920529,10,-7529.950155667611,2019-08-19 00:00:00,-2342.9403528169987,26293.755216979574,1026293.7552169795,-182852.3868241323
2019-08-20,843610.8579103448,57.45836295180197,10,169.48951749759726,2019-08-20 00:00:00,-11127.93499540547,15165.820221574104,1015165.820221574,-171554.9623112292
2019-08-21,843211.2113082086,747.0462277358456,10,-399.64660213619936,2019-08-21 00:00:00,4381.980003648362,19547.800225222465,1019547.8002252225,-176336.58891701384
2019-08-22,836257.6409340178,104.76498283127148,10,-6953.570374190807,2019-08-22 00:00:00,37.683745368733526,19585.483970591198,1019585.4839705912,-183327.84303657338
2019-08-23,843128.7194858623,402.4088526550913,10,6871.078551844461,2019-08-23 00:00:00,-3170.415375640919,16415.06859495028,1016415.0685949503,-173286.34910908795
2019-08-26,834409.1427726115,2525.177430390351,10,-8719.576713250834,2019-08-26 00:00:00,-6523.32307981923,9891.74551513105,1009891.745515131,-175482.60274251958
2019-08-27,830704.7884329254,251982.32449401336,7,-3704.354339686106,2019-08-27 00:00:00,-550.3849368243009,9341.360578306749,1009341.3605783067,-178636.57214538136
2019-08-28,831053.0933683839,2867.0134885512234,10,348.3049354585819,0,0.0,9341.360578306749,1009341.3605783067,-178288.26720992278
2019-08-29,831165.8675581589,4020.2531937202575,10,112.77418977499474,2019-08-29 00:00:00,880.9947787081669,10222.355357014916,1010222.3553570149,-179056.487798856
2019-08-30,825892.7467690218,60.93369228306983,10,-5273.120789137087,2019-08-30 00:00:00,-5461.347022821261,4761.008334193655,1004761.0083341936,-178868.26156517176
2019-09-03,826459.7143002825,761.0014837554481,10,566.9675312606851,2019-09-03 00:00:00,960.0525718058702,5721.060905999526,1005721.0609059995,-179261.34660571697
2019-09-04,826935.5827935965,131.3642937405384,10,475.86849331401754,2019-09-04 00:00:00,-2360.99742275453,3360.063483244996,1003360.063483245,-176424.48068964842
2019-09-05,823949.9720758231,131.3642937405384,10,-2985.6107177734375,0,0.0,3360.063483244996,1003360.063483245,-179410.09140742186
2019-09-06,825624.9757837089,131.3642937405384,10,1675.0037078857422,0,0.0,3360.063483244996,1003360.063483245,-177735.08769953612
2019-09-09,824300.1986111158,326.6614232508291,10,-1324.7771725930506,2019-09-09 00:00:00,-1588.1747817983814,1771.8887014466145,1001771.8887014466,-177471.69009033078
2019-09-11,823446.7172172274,3276.957144230706,10,-853.4813938883599,2019-09-11 00:00:00,2347.8334931604286,4119.722194607043,1004119.722194607,-180673.00497737958
2019-09-12,831734.9090799459,1580.6995598293431,10,8288.191862718435,2019-09-12 00:00:00,-1265.5615247828982,2854.160669824145,1002854.1606698241,-171119.25158987823
2019-09-13,830170.3320230611,1580.6995598293431,10,-1564.5770568847656,0,0.0,2854.160669824145,1002854.1606698241,-172683.828646763
2019-09-16,832152.6332925924,1580.6995598293431,10,1982.30126953125,0,0.0,2854.160669824145,1002854.1606698241,-170701.52737723175
2019-09-17,834240.1278452047,1580.6995598293431,10,2087.4945526123047,0,0.0,2854.160669824145,1002854.1606698241,-168614.03282461944
2019-09-18,829599.0626827765,6103.98896257866,10,-4641.065162428189,2019-09-18 00:00:00,4613.355017425012,7467.515687249157,1007467.5156872491,-177868.45300447266
2019-09-19,835002.7498788591,1568.8353896595654,10,5403.687196082668,2019-09-19 00:00:00,-2750.6655080054397,4716.850179243717,1004716.8501792437,-169714.10030038457
2019-09-20,841211.3253726704,332.8044297704473,10,6208.5754938112805,2019-09-20 00:00:00,2117.212852556276,6834.063031799993,1006834.0630318,-165622.73765912955
2019-09-23,814760.8634570823,408213.1599548495,5,-26450.461915588123,2019-09-23 00:00:00,-15184.475280061744,-8350.412248261751,991649.5877517383,-176888.72429465596
2019-09-24,816930.756464989,79543.46340596209,9,2169.893007906736,2019-09-24 00:00:00,-1592.101168466745,-9942.513416728496,990057.4865832715,-173126.7301182825
2019-09-25,827006.4172124816,107.31681824226688,10,10075.66074749257,2019-09-25 00:00:00,-3111.310544516458,-13053.823961244954,986946.1760387551,-159939.7588262735
2019-09-26,820223.17095208,338192.11207785545,6,-6783.24626040156,2019-09-26 00:00:00,11464.133387232137,-1589.6905740128168,998410.3094259872,-178187.13847390714
2019-09-27,821193.8578101206,89907.84825811868,9,970.6868580405135,2019-09-27 00:00:00,-2963.173073252905,-4552.863647265722,995447.1363527343,-174253.27854261373
2019-09-30,814901.5506118158,673.355177519974,10,-6292.307198304799,2019-09-30 00:00:00,-745.0604676722087,-5297.92411493793,994702.0758850621,-179800.52527324634
2019-10-01,822361.4229759383,85621.76865919733,9,7459.872364122537,2019-10-01 00:00:00,624.019610867821,-4673.904504070109,995326.0954959299,-172964.67251999164
2019-10-03,812948.7436549766,5014.7499736335885,10,-9412.679320961703,2019-10-03 00:00:00,792.6447156404379,-3881.2597884296715,996118.7402115703,-183169.9965565937
2019-10-04,785319.9565546394,3302.2230966851494,10,-27628.787100337213,2019-10-04 00:00:00,-3094.411829145213,-6975.671617574884,993024.3283824251,-207704.37182778574
2019-10-07,792764.9187920592,230906.21653214283,7,7444.962237419793,2019-10-07 00:00:00,-13787.862752008492,-20763.534369583376,979236.4656304166,-186471.54683835746
2019-10-09,793622.0533327942,389614.7677473648,5,857.1345407350454,2019-10-09 00:00:00,-1511.2039326015715,-22274.73830218495,977725.261697815,-184103.2083650208
2019-10-10,800273.908968192,230822.5683615025,7,6651.855635397718,2019-10-10 00:00:00,1958.7027499639753,-20316.035552220972,979683.964447779,-179410.05547958706
2019-10-11,802778.5504057939,2578.9294029754674,10,2504.6414376019966,2019-10-11 00:00:00,8768.691886622773,-11547.343665598199,988452.6563344018,-185674.10592860787
2019-10-14,802702.5407938397,2558.8225390308944,10,-76.00961195421405,2019-10-14 00:00:00,1196.7752072770295,-10350.56845832117,989649.4315416788,-186946.89074783912
2019-10-15,798126.52568441,7098.262004186283,10,-4576.015109429718,2019-10-15 00:00:00,4735.659853843321,-5614.908604477849,994385.0913955221,-196258.5657111121
2019-10-16,802446.5105023336,80729.68621074947,9,4319.984817923629,2019-10-16 00:00:00,-5387.248496162517,-11002.157100640365,988997.8428993596,-186551.332397026
2019-10-17,801330.4094473537,129.49456917203497,10,-1116.101054979954,2019-10-17 00:00:00,-2008.098087460752,-13010.255188101117,986989.7448118989,-185659.33536454523
2019-10-18,802348.6589813146,2014.2279287083363,10,1018.249533960945,2019-10-18 00:00:00,2323.5533818634767,-10686.701806237641,989313.2981937623,-186964.63921244768
2019-10-22,781689.1858336241,5005.973363171055,10,-20659.47314769053,2019-10-22 00:00:00,2130.8951174661715,-8555.80668877147,991444.1933112285,-209755.00747760443
2019-10-23,781861.9028747996,261.4396179635369,10,172.71704117546324,2019-10-23 00:00:00,-10039.295382073571,-18595.10207084504,981404.8979291549,-199542.99505435536
2019-10-24,783463.830118833,377.321268735337,10,1601.9272440334316,2019-10-24 00:00:00,-6779.636670222864,-25374.738741067908,974625.2612589321,-191161.43114009907
2019-10-25,786085.5147384562,1897.3931608606508,10,2621.6846196232364,2019-10-25 00:00:00,864.0630426479472,-24510.67569841996,975489.3243015801,-189403.80956312385
2019-10-27,784960.8458780141,1889.5011378652853,10,-1124.6688604421215,2019-10-27 00:00:00,4046.6816667696953,-20463.994031650265,979536.0059683498,-194575.16009033564
2019-10-29,788485.209235558,1889.5011378652853,10,3524.3633575439453,0,0.0,-20463.994031650265,979536.0059683498,-191050.7967327917
2019-10-30,783098.4506604585,8408.93984364967,10,-5386.75857509952,2019-10-30 00:00:00,4242.202613298889,-16221.791418351375,983778.2085816487,-200679.75792119012
2019-10-31,771608.0253938359,4212.723452917926,10,-11490.425266622682,2019-10-31 00:00:00,-7542.651650619942,-23764.44306897132,976235.5569310287,-204627.53153719287
2019-11-01,774498.7399093852,4257.384532187993,10,2890.7145155493636,2019-11-01 00:00:00,-2638.962084267137,-26403.405153238455,973596.5948467616,-199097.85493737634
2019-11-04,775125.3485551034,4382.014200314196,10,626.6086457181955,2019-11-04 00:00:00,-2054.088957904198,-28457.494111142652,971542.5058888573,-196417.1573337539
2019-11-05,772238.8960557138,4382.014200314196,10,-2886.4524993896484,0,0.0,-28457.494111142652,971542.5058888573,-199303.60983314354
2019-11-06,780586.2840409433,4382.014200314196,10,8347.387985229492,0,0.0,-28457.494111142652,971542.5058888573,-190956.22184791404
2019-11-07,777497.5417823716,2391.583785614537,10,-3088.7422585716704,2019-11-07 00:00:00,-498.5724715305846,-28956.066582673237,971043.9334173268,-193546.3916349552
2019-11-08,777960.3986244126,2391.583785614537,10,462.8568420410156,0,0.0,-28956.066582673237,971043.9334173268,-193083.53479291417
2019-11-11,780280.8201451316,2559.66040934292,10,2320.4215207189554,2019-11-11 00:00:00,1525.163036757005,-27430.903545916233,972569.0964540838,-192288.27630895225
2019-11-13,772208.3743407555,689.6368919542147,10,-8072.445804376039,2019-11-13 00:00:00,-2593.811325938802,-30024.714871855034,969975.285128145,-197766.9107873895
2019-11-14,775771.6724719882,151871.76478298992,8,3563.298131232732,2019-11-14 00:00:00,-4945.852683068531,-34970.56755492357,965029.4324450764,-189257.75997308816
2019-11-15,772384.0710994578,1286.6953318461165,10,-3387.601372530451,2019-11-15 00:00:00,2083.695280551701,-32886.87227437187,967113.1277256281,-194729.0566261703
2019-11-18,773051.2651310519,3234.3209298621223,10,667.1940315940883,2019-11-18 00:00:00,3030.535888599083,-29856.336385772785,970143.6636142272,-197092.39848317532
2019-11-19,778068.0572382944,4232.275268549885,10,5016.792107242509,2019-11-19 00:00:00,2038.208131236748,-27818.128254536037,972181.8717454639,-194113.81450716953
2019-11-20,781951.9421149538,4968.26289789482,10,3883.884876659373,2019-11-20 00:00:00,2039.5842397046888,-25778.54401483135,974221.4559851687,-192269.51387021493
2019-11-21,786730.6864129016,10408.078497626237,10,4778.744297947851,2019-11-21 00:00:00,8194.760522589446,-17583.783492241906,982416.2165077581,-195685.5300948565
2019-11-22,780492.6491312805,7833.6189010816015,10,-6238.037281621131,2019-11-22 00:00:00,-2276.118682595261,-19859.902174837167,980140.0978251628,-199647.44869388232
2019-11-25,787249.3518639703,3729.255471662036,10,6756.702732689795,2019-11-25 00:00:00,-2565.48769306609,-22425.389867903257,977574.6101320968,-190325.25826812652
2019-11-26,791414.0517846246,3729.255471662036,10,4164.699920654297,0,0.0,-22425.389867903257,977574.6101320968,-186160.55834747222
2019-11-27,795194.9081200947,6086.503652835439,10,3780.8563354701037,2019-11-27 00:00:00,8530.499911985677,-13894.88995591758,986105.1100440824,-190910.2019239877
2019-11-28,795335.1040749385,6241.74117262043,10,140.1959548437735,2019-11-28 00:00:00,1254.4450397482158,-12640.444916169365,987359.5550838306,-192024.45100889215
2019-11-29,795184.8370461299,6241.74117262043,10,-150.26702880859375,0,0.0,-12640.444916169365,987359.5550838306,-192174.71803770075
2019-12-02,792561.9616968591,10960.865853867246,10,-2622.875349270762,2019-12-02 00:00:00,4218.099092994477,-8422.345823174888,991577.6541768251,-199015.69247996598
2019-12-03,792194.8221615058,5502.417282259048,10,-367.1395353532862,2019-12-03 00:00:00,-3083.186661204261,-11505.53248437915,988494.4675156209,-196299.64535411505
2019-12-04,804670.348992753,6325.298516678755,10,12475.526831247145,2019-12-04 00:00:00,2301.181087707276,-9204.351396671873,990795.6486033282,-186125.2996105752
2019-12-05,793048.6912559993,3706.591625340705,10,-11621.657736753696,2019-12-05 00:00:00,1087.4041877611285,-8116.947208910744,991883.0527910893,-198834.36153509002
2019-12-06,789902.6025719172,3706.591625340705,10,-3146.0886840820312,0,0.0,-8116.947208910744,991883.0527910893,-201980.45021917205
2019-12-09,794680.6928655691,1657.7489050766308,10,4778.090293651912,2019-12-09 00:00:00,-3150.1335319493533,-11267.080740860098,988732.9192591399,-194052.22639357077
2019-12-10,797930.8182622977,1657.7489050766308,10,3250.1253967285156,0,0.0,-11267.080740860098,988732.9192591399,-190802.10099684226
2019-12-11,800076.789481198,3794.267487258156,10,2145.9712189002894,2019-12-11 00:00:00,2121.467866387042,-9145.612874473056,990854.3871255269,-190777.59764432895
2019-12-12,802724.0122290007,3794.267487258156,10,2647.2227478027344,0,0.0,-9145.612874473056,990854.3871255269,-188130.37489652622
2019-12-13,801570.7672033659,3794.267487258156,10,-1153.2450256347656,0,0.0,-9145.612874473056,990854.3871255269,-189283.619922161
2019-12-16,798405.5554522588,2468.188182440077,10,-3165.2117511071265,2019-12-16 00:00:00,-307.78804567861016,-9453.400920151666,990546.5990798484,-192141.0436275896
2019-12-17,805486.0531650985,4305.289716080646,10,7080.497712839744,2019-12-17 00:00:00,2119.81270421722,-7333.5882159344455,992666.4117840655,-187180.358618967
2019-12-18,806850.3742682895,2706.8020636996957,10,1364.3211031910032,2019-12-18 00:00:00,26.65375415372955,-7306.934461780716,992693.0655382193,-185842.69126992975
2019-12-19,806538.1282092673,978.7758838277804,10,-312.24605902226176,2019-12-19 00:00:00,1595.1357616539271,-5711.798700126789,994288.2012998732,-187750.0730906059
2019-12-20,810355.1531813135,9.06355118654028,10,3817.02497204626,2019-12-20 00:00:00,4436.64685913211,-1275.1518409946793,998724.8481590053,-188369.69497769175
2019-12-23,810010.9462387583,2606.391581775708,10,-344.2069425552618,2019-12-23 00:00:00,4227.387242630386,2952.2354016357067,1002952.2354016358,-192941.28916287748
2019-12-24,808573.1053574106,2606.391581775708,10,-1437.8408813476562,0,0.0,2952.2354016357067,1002952.2354016358,-194379.13004422514
2019-12-26,807358.5032957008,2018.786773483924,10,-1214.6020617098548,2019-12-26 00:00:00,-737.8989114568925,2214.336490178814,1002214.3364901788,-194855.83319447807
2019-12-27,813649.326843064,2018.786773483924,10,6290.823547363281,0,0.0,2214.336490178814,1002214.3364901788,-188565.00964711478
2019-12-30,810951.2269777126,4971.298388845418,10,-2698.0998653514544,2019-12-30 00:00:00,4389.506138232406,6603.842628411219,1006603.8426284113,-195652.61565069866
2019-12-31,808326.8580914915,9662.14367498766,10,-2624.368886221084,2019-12-31 00:00:00,4619.1460699651525,11222.988698376372,1011222.9886983763,-202896.13060688484
2020-01-01,805264.1594220579,9662.14367498766,10,-3062.6986694335938,0,0.0,11222.988698376372,1011222.9886983763,-205958.82927631843
2020-01-02,810737.3917828978,9662.14367498766,10,5473.232360839844,0,0.0,11222.988698376372,1011222.9886983763,-200485.59691547859
2020-01-03,805478.1965314329,9662.14367498766,10,-5259.195251464844,0,0.0,11222.988698376372,1011222.9886983763,-205744.79216694343
2020-01-06,779649.5836810532,8095.846284813015,10,-25828.612850379664,2020-01-06 00:00:00,-5383.9682120930875,5839.020486283284,1005839.0204862832,-226189.43680522998
2020-01-07,787161.2359894699,243234.13589181376,7,7511.652308416669,2020-01-07 00:00:00,-11289.216441683924,-5450.19595540064,994549.8040445994,-207388.5680551295
2020-01-08,792830.8193183932,5709.958631137488,10,5669.583328923327,2020-01-08 00:00:00,-2674.7665107990174,-8124.962466199657,991875.0375338004,-199044.2182154071
2020-01-09,814410.54755936,5709.958631137488,10,21579.728240966797,0,0.0,-8124.962466199657,991875.0375338004,-177464.4899744403
2020-01-10,808728.5753610623,251571.73472385528,7,-5681.972198297735,2020-01-10 00:00:00,16599.154437843794,8474.191971644137,1008474.1919716442,-199745.61661058187
2020-01-13,812562.1308749253,334937.9969027574,6,3833.555513862986,2020-01-13 00:00:00,4601.831415835613,13076.02338747975,1013076.0233874797,-200513.89251255442
2020-01-14,812229.8799389465,172695.52801023558,8,-332.25093597883824,0,0.0,13076.02338747975,1013076.0233874797,-200846.14344853326
2020-01-15,809784.7626236044,174805.98274689558,8,-2445.1173153420677,2020-01-15 00:00:00,2140.8597455128856,15216.883132992636,1015216.8831329927,-205432.12050938827
2020-01-16,812612.4747886348,93623.29723736542,9,2827.712165030418,0,0.0,15216.883132992636,1015216.8831329927,-202604.40834435786
2020-01-17,820555.9271363142,12833.070416343471,10,7943.452347679413,2020-01-17 00:00:00,2143.8557634791064,17360.738896471743,1017360.7388964718,-196804.81176015758
2020-01-20,803908.1697294156,6677.036153976122,10,-16647.757406898658,2020-01-20 00:00:00,5880.608797414621,23241.347693886364,1023241.3476938864,-219333.17796447081
2020-01-21,809380.3616355004,5747.429476076708,10,5472.191906084889,2020-01-21 00:00:00,-2401.077323509886,20840.27037037648,1020840.2703703765,-211459.90873487608
2020-01-22,808467.6644380982,2418.8881929810887,10,-912.6971974022454,2020-01-22 00:00:00,-2671.052494925376,18169.217875451104,1018169.2178754511,-209701.55343735288
2020-01-23,818250.4180969785,95.42621465410048,10,9782.753658880247,2020-01-23 00:00:00,-2501.2553911957966,15667.962484255308,1015667.9624842553,-197417.54438727687
2020-01-24,822447.0924105925,2118.572391061258,10,4196.6743136140285,2020-01-24 00:00:00,4337.371861272319,20005.334345527626,1020005.3343455276,-197558.2419349351
2020-01-27,817887.3346591276,2118.572391061258,10,-4559.757751464844,0,0.0,20005.334345527626,1020005.3343455276,-202117.99968639994
2020-01-28,811536.7307385146,5076.2989758192125,10,-6350.603920613066,2020-01-28 00:00:00,4083.051673307002,24088.38601883463,1024088.3860188347,-212551.6552803201
2020-01-29,813851.471809648,69.77422061795369,10,2314.7410711334087,2020-01-29 00:00:00,-5138.17925467442,18950.20676416021,1018950.2067641602,-205098.7349545122
2020-01-30,805641.4929570308,205.25054324170924,10,-8209.978852617205,2020-01-30 00:00:00,-1510.6593007290824,17439.54746343113,1017439.5474634311,-211798.05450640037
2020-01-31,806474.2507697085,74.33260229883308,10,832.7578126777662,2020-01-31 00:00:00,-2901.2369590523467,14538.310504378782,1014538.3105043788,-208064.0597346702
2020-02-03,800851.0831310918,3802.2090466189543,10,-5623.167638616753,2020-02-03 00:00:00,-1148.8632523781148,13389.447252000668,1013389.4472520007,-212538.3641209089
2020-02-04,810341.9469806039,157236.65243620527,8,9490.863849512069,2020-02-04 00:00:00,-7185.8356405577415,6203.611611442926,1006203.6116114429,-195861.66463083902
2020-02-05,815366.4727441701,421.3607383021299,10,5024.5257635662565,2020-02-05 00:00:00,4806.411019113848,11010.022630556774,1011010.0226305567,-195643.5498863866
2020-02-06,809135.9359302968,5369.8033048235375,10,-6230.536813873332,2020-02-06 00:00:00,4445.750865526505,15455.773496083279,1015455.7734960833,-206319.83756578655
2020-02-07,807262.1454700325,6150.235008429183,10,-1873.7904602643102,2020-02-07 00:00:00,81.69338737296948,15537.466883456247,1015537.4668834562,-208275.32141342375
2020-02-10,808134.2662280891,6150.235008429183,10,872.1207580566406,0,0.0,15537.466883456247,1015537.4668834562,-207403.2006553671
2020-02-11,807795.2315237529,84731.19066053822,9,-339.03470433619805,2020-02-11 00:00:00,-2328.2451251479674,13209.22175830828,1013209.2217583082,-205413.99023455533
2020-02-12,813772.1677340902,5227.486367945938,10,5976.936210337328,2020-02-12 00:00:00,3225.98730848531,16435.20906679359,1016435.2090667936,-202663.04133270332
2020-02-13,817304.0743808188,5227.486367945938,10,3531.9066467285156,0,0.0,16435.20906679359,1016435.2090667936,-199131.1346859748
2020-02-14,818122.3704318441,5227.486367945938,10,818.2960510253906,0,0.0,16435.20906679359,1016435.2090667936,-198312.8386349494
2020-02-17,817509.5275564207,178723.0487281105,8,-612.8428754234919,2020-02-17 00:00:00,13746.93064584194,30182.13971263553,1030182.1397126355,-212672.6121562149
2020-02-18,811675.6042663383,13245.503550821117,10,-5833.92329008237,2020-02-18 00:00:00,-2707.273781208986,27474.865931426542,1027474.8659314265,-215799.26166508824
2020-02-19,815817.3485728941,10234.113466539566,10,4141.744306555833,2020-02-19 00:00:00,-2930.0897264766736,24544.77620494987,1024544.7762049498,-208727.4276320557
2020-02-20,813218.6856922775,9719.423974594829,10,-2598.662880616612,2020-02-20 00:00:00,-527.4323381675049,24017.343866782365,1024017.3438667824,-210798.65817450488
2020-02-24,806024.4920277267,9719.423974594829,10,-7194.193664550781,0,0.0,24017.343866782365,1024017.3438667824,-217992.85183905566
2020-02-25,805809.5232363435,8269.425340151705,10,-214.9687913832022,2020-02-25 00:00:00,-2305.0479174469656,21712.2959493354,1021712.2959493354,-215902.77271299192
2020-02-26,803957.0409259249,5274.7029142969695,10,-1852.4823104186216,2020-02-26 00:00:00,-3710.2751369341677,18002.02081240123,1018002.0208124012,-214044.9798864763
2020-02-27,797912.2456985911,1535.8938158921228,10,-6044.795227333787,2020-02-27 00:00:00,-63.75463928980571,17938.266173111428,1017938.2661731114,-220026.02047452028
2020-02-28,783650.225056649,159506.55194568716,8,-14262.02064194216,2020-02-28 00:00:00,-7537.828890441139,10400.43728267029,1010400.4372826703,-226750.21222602134
2020-03-02,801719.9543876234,429.0724121179519,10,18069.729330974398,2020-03-02 00:00:00,-9838.053526957556,562.3837557127335,1000562.3837557128,-198842.42936808942
2020-03-03,799178.750596062,478.9305344264431,10,-2541.2037915613037,2020-03-03 00:00:00,4354.37495934359,4916.758715056323,1004916.7587150563,-205738.0081189943
2020-03-04,811572.5848720871,23.762552150597912,10,12393.834276025067,2020-03-04 00:00:00,1019.4635298160165,5936.22224487234,1005936.2222448724,-194363.63737278525
2020-03-05,814076.2127821136,1480.948902397984,10,2503.6279100264655,2020-03-05 00:00:00,13138.928046673838,19075.15029154618,1019075.1502915461,-204998.93750943255
2020-03-06,814495.7004864336,4792.744559598825,10,419.4877043199958,2020-03-06 00:00:00,6369.953026605482,25445.10331815166,1025445.1033181517,-210949.4028317181
2020-03-09,802735.744128547,567561.5336182931,3,-11759.956357886549,2020-03-09 00:00:00,-3716.9634225866075,21728.139895565055,1021728.1398955651,-218992.39576701808
2020-03-11,809870.7922891735,322591.3784402965,6,7135.048160626437,2020-03-11 00:00:00,-4451.0175039721125,17277.122391592944,1017277.122391593,-207406.33010241948
2020-03-12,798782.3694662435,162318.89793914388,8,-11088.422822929919,0,0.0,17277.122391592944,1017277.122391593,-218494.7529253494
2020-03-13,812788.823337906,238294.58371388252,7,14006.453871662496,2020-03-13 00:00:00,-6311.809339135762,10965.313052457182,1010965.3130524572,-198176.48971455113
2020-03-16,865233.902199621,251663.98898245944,7,52445.07886171492,2020-03-16 00:00:00,39859.56127404612,50824.874326503304,1050824.8743265034,-185590.9721268824
2020-03-17,888890.6399150954,82366.82170131082,9,23656.737715474446,2020-03-17 00:00:00,11881.525549864804,62706.39987636811,1062706.399876368,-173815.7599612726
2020-03-18,903320.5324109456,328.8308058530092,10,14429.892495850218,2020-03-18 00:00:00,13188.815261303487,75895.21513767159,1075895.2151376717,-172574.68272672605
2020-03-19,884606.5337002183,526270.9757168199,4,-18713.99871072732,2020-03-19 00:00:00,13067.680065053555,88962.89520272515,1088962.8952027252,-204356.3615025069
2020-03-20,884316.7619873344,130.52630905836122,10,-289.77171288395766,2020-03-20 00:00:00,17924.426509088782,106887.32171181393,1106887.321711814,-222570.55972447968
2020-03-23,899039.6946808492,899039.6946808492,0,14722.932693514857,2020-03-23 00:00:00,3721.2780034140924,110608.59971522802,1110608.599715228,-211568.90503437875
2020-03-24,906095.1818722136,539979.4504737342,4,7055.487191364402,0,0.0,110608.59971522802,1110608.599715228,-204513.41784301435
2020-03-25,902730.1327131094,365177.903129657,6,-3365.0491591042373,2020-03-25 00:00:00,13235.20418485543,123843.80390008345,1123843.8039000835,-221113.67118697416
2020-03-26,896128.7385642001,53.02859614530462,10,-6601.394148909254,2020-03-26 00:00:00,3322.5089333929436,127166.3128334764,1127166.3128334763,-231037.57426927623
2020-03-27,930603.4612932628,545797.3278391527,4,34474.72272906266,2020-03-27 00:00:00,-5894.947247985985,121271.36558549042,1121271.3655854904,-190667.90429222758
2020-03-30,918766.5829939288,364050.0686491706,6,-11836.87829933397,2020-03-30 00:00:00,870.2914552399643,122141.65704073038,1122141.6570407304,-203375.07404680154
2020-03-31,912795.5712924718,365197.7996183133,6,-5971.01170145697,2020-03-31 00:00:00,2252.2723386405573,124393.92937937094,1124393.929379371,-211598.35808689916
2020-04-01,928627.0648477956,365777.7538942793,6,15831.493555323803,2020-04-01 00:00:00,1989.269491224153,126383.1988705951,1126383.198870595,-197756.13402279944
2020-04-03,941167.4895096628,274857.14361087664,7,12540.424661867204,2020-04-03 00:00:00,2196.336080863648,128579.53495145874,1128579.5349514587,-187412.04544179584
2020-04-07,916866.3201283716,377077.742675221,6,-24301.169381291256,2020-04-07 00:00:00,14409.690200763054,142989.2251522218,1142989.2251522217,-226122.90502385015
2020-04-08,935647.6411562924,279292.6527196341,7,18781.321027920814,2020-04-08 00:00:00,-2632.6811535864804,140356.54399863532,1140356.5439986354,-204708.90284234297
2020-04-09,904841.8304061408,1902.4909353544645,10,-30805.810750151635,2020-04-09 00:00:00,3698.8456320309792,144055.3896306663,1144055.3896306662,-239213.55922452547
2020-04-13,958730.1608746856,93013.44438864864,9,53888.33046854485,2020-04-13 00:00:00,3294.6586598652066,147350.0482905315,1147350.0482905316,-188619.887415846
2020-04-15,958005.2051513034,7055.698737982442,10,-724.9557233821834,2020-04-15 00:00:00,12317.526407368206,159667.57469789972,1159667.5746978996,-201662.3695465962
2020-04-16,946047.7200614656,93015.44693898156,9,-11957.485089837806,2020-04-16 00:00:00,-5546.521720742131,154121.05297715758,1154121.0529771575,-208073.3329156919
2020-04-17,940556.0700144792,74.02041811816161,10,-5491.650046986411,2020-04-17 00:00:00,-1914.0468333003096,152207.00614385726,1152207.0061438573,-211650.93612937804
2020-04-20,976047.6057822588,153.22747070205514,10,35491.53576777957,2020-04-20 00:00:00,10314.119958495367,162521.12610235263,1162521.1261023525,-186473.52032009372
2020-04-21,988136.5656495444,187789.23256695745,8,12088.959867285565,2020-04-21 00:00:00,14105.89023836175,176627.01634071438,1176627.0163407144,-188490.45069117006
2020-04-22,979774.2268592976,198369.94027789205,8,-8362.338790246751,2020-04-22 00:00:00,18460.491253631513,195087.5075943459,1195087.5075943458,-215313.28073504823
2020-04-23,959922.2561760878,11572.394635584438,10,-19851.97068320983,2020-04-23 00:00:00,4598.552729303929,199686.0603236498,1199686.0603236498,-239763.804147562
2020-04-24,981954.343308155,99641.80526932469,9,22032.087132067187,2020-04-24 00:00:00,-9789.946588511879,189896.11373513794,1189896.113735138,-207941.770426983
2020-04-27,977156.6213758652,98753.72380318564,9,-4797.721932289773,2020-04-27 00:00:00,390.7571096454067,190286.87084478335,1190286.8708447833,-213130.24946891807
2020-04-28,972131.3012154396,2452.95839891916,10,-5025.320160425617,2020-04-28 00:00:00,925.6353055442573,191212.5061503276,1191212.5061503276,-219081.20493488805
2020-04-29,974046.1262952428,7894.022476125014,10,1914.8250798032386,2020-04-29 00:00:00,5727.430897428687,196939.93704775628,1196939.9370477563,-222893.81075251347
2020-04-30,979939.2159563936,4198.715856128634,10,5893.0896611508215,2020-04-30 00:00:00,-757.505406835855,196182.43164092043,1196182.4316409205,-216243.21568452683
2020-05-04,1012831.7869309676,114.65209164998667,10,32892.57097457396,2020-05-04 00:00:00,4031.2306169932745,200213.6622579137,1200213.6622579137,-187381.87532694614
2020-05-05,1017646.1651165604,205153.64832597412,8,4814.378185592825,2020-05-05 00:00:00,18004.35523357871,218218.0174914924,1218218.0174914924,-200571.85237493203
2020-05-06,1018164.462404278,316241.0751491239,7,518.297287717578,2020-05-06 00:00:00,18246.643998181306,236464.66148967372,1236464.6614896737,-218300.19908539567
2020-05-07,1021697.4852569946,405876.39148843335,6,3533.022852716618,2020-05-07 00:00:00,-3627.339501358266,232837.32198831544,1232837.3219883153,-211139.8367313207
2020-05-08,1050014.546264909,304550.70285041,7,28317.061007914366,2020-05-08 00:00:00,5517.939080100825,238355.26106841626,1238355.2610684163,-188340.71480350732
2020-05-11,1051128.9748135158,17.556594540772494,10,1114.428548606811,2020-05-11 00:00:00,2030.877958783933,240386.1390272002,1240386.1390272002,-189257.1642136844
2020-05-12,1038417.0627565258,12255.921745227228,10,-12711.912056989968,2020-05-12 00:00:00,17849.571130580945,258235.71015778114,1258235.7101577811,-219818.64740125532
2020-05-13,1053672.8262500726,637518.2351397619,4,15255.76349354675,2020-05-13 00:00:00,13017.595831292867,271253.305989074,1271253.305989074,-217580.4797390015
2020-05-14,1061625.662477001,83.23534848050622,10,7952.8362269285135,2020-05-14 00:00:00,-6732.567482857065,264520.7385062169,1264520.738506217,-202895.07602921594
2020-05-15,1060309.9913128635,41.9045566070854,10,-1315.671164137544,2020-05-15 00:00:00,864.6058583361792,265385.3443645531,1265385.3443645532,-205075.3530516897
2020-05-18,1092670.4217066756,142.0411538719054,10,32360.430393812014,2020-05-18 00:00:00,1782.4623277859564,267167.8066923391,1267167.806692339,-174497.38498566346
2020-05-19,1077987.4197728084,115599.28781304686,9,-14683.001933867112,2020-05-19 00:00:00,21387.2633015101,288555.06999384915,1288555.0699938491,-210567.6502210407
2020-05-20,1041387.7347117984,78.62514842093515,10,-36599.68506101007,2020-05-20 00:00:00,-15077.266865700549,273477.8031281486,1273477.8031281487,-232090.0684163503
2020-05-21,1049639.353733488,105420.66825462968,9,8251.61902168952,2020-05-21 00:00:00,-6389.30043300462,267088.502695144,1267088.502695144,-217449.14896165603
2020-05-22,1062209.7124515995,65.27215008117491,10,12570.358718111645,2020-05-22 00:00:00,-8071.349059279872,259017.15363586412,1259017.1536358641,-196807.4411842646
2020-05-26,1045365.4587474609,22423.01670079616,10,-16844.253704138682,2020-05-26 00:00:00,13492.736770533471,272509.8904063976,1272509.8904063976,-227144.43165893678
2020-05-27,1005345.0802465676,23392.70767780932,10,-40020.37850089325,2020-05-27 00:00:00,-12406.554646091638,260103.33576030593,1260103.3357603059,-254758.25551373826
2020-05-28,1036158.1064285956,208719.33485892875,8,30813.026182028,2020-05-28 00:00:00,-9618.477209284756,250484.85855102117,1250484.8585510212,-214326.7521224256
2020-05-29,1019448.9681230044,3639.8795062183344,10,-16709.138305591187,0,0.0,250484.85855102117,1250484.8585510212,-231035.89042801678
2020-06-01,946139.5882638028,9411.10794546736,10,-73309.37985920161,2020-06-01 00:00:00,-10280.390054681018,240204.46849634015,1240204.46849634,-294064.8802325373
2020-06-02,963487.840839299,90755.98646227313,9,17348.25257549621,2020-06-02 00:00:00,-21018.95502643754,219185.51346990262,1219185.5134699026,-255697.67263060354
2020-06-03,977238.4116241524,3575.9575974230247,10,13750.570784853422,2020-06-03 00:00:00,4947.080226107413,224132.59369601004,1224132.59369601,-246894.18207185762
2020-06-04,985301.6509646092,345.66075046481274,10,8063.239340456785,2020-06-04 00:00:00,-7925.837157716043,216206.756538294,1216206.756538294,-230905.1055736848
2020-06-05,958209.1698539596,5590.844252878669,10,-27092.48111064965,2020-06-05 00:00:00,8083.001505633843,224289.75804392784,1224289.7580439278,-266080.58818996826
2020-06-08,968922.7319315176,135.4530094992806,10,10713.562077558017,2020-06-08 00:00:00,-11983.61324071592,212306.1448032119,1212306.144803212,-243383.41287169443
2020-06-09,963194.5822326004,19.67977001183317,10,-5728.149698917172,2020-06-09 00:00:00,-1566.5982183786227,210739.5465848333,1210739.5465848334,-247544.964352233
2020-06-10,951536.2125742343,193.3873038758757,10,-11658.369658366079,2020-06-10 00:00:00,-5401.250515530961,205338.29606930233,1205338.2960693024,-253802.08349506801
2020-06-11,964749.071147396,136.20674435963156,10,13212.858573161648,2020-06-11 00:00:00,-4924.646178652963,200413.64989064937,1200413.6498906494,-235664.57874325337
2020-06-12,973090.409425391,6757.013223079586,10,8341.338277995004,2020-06-12 00:00:00,7649.599446280747,208063.2493369301,1208063.24933693,-234972.839911539
2020-06-15,989978.8620455404,395398.3144114076,6,16888.452620149357,2020-06-15 00:00:00,21767.82442988032,229831.0737668104,1229831.0737668104,-239852.21172127
2020-06-16,992663.4653843289,2509.672544918649,10,2684.6033387884963,2020-06-16 00:00:00,2614.5585236273528,232445.63229043776,1232445.6322904378,-239782.16690610896
2020-06-17,1006406.6007734244,103567.34154920829,9,13743.135389095522,2020-06-17 00:00:00,19422.969328394887,251868.60161883265,1251868.6016188327,-245462.0008454083
2020-06-18,991995.5307386364,6499.59935741064,10,-14411.07003478799,2020-06-18 00:00:00,-344.99447971704194,251523.6071391156,1251523.6071391157,-259528.0764004793
2020-06-19,1009004.8858971708,401786.4926827358,6,17009.355158534367,2020-06-19 00:00:00,9978.459229252569,261502.06636836816,1261502.0663683682,-252497.18047119747
2020-06-22,994422.84308555,295.4732860560471,10,-14582.042811620748,2020-06-22 00:00:00,-1779.6060810729086,259722.46028729525,1259722.4602872953,-265299.6172017453
2020-06-23,967615.347705491,1397.7144715871254,10,-26807.495380059,2020-06-23 00:00:00,-7271.861855919718,252450.59843137555,1252450.5984313756,-284835.2507258846
2020-06-24,997918.0371182738,7031.689681442134,10,30302.689412782784,2020-06-24 00:00:00,475.171728585648,252925.7701599612,1252925.7701599612,-255007.7330416874
2020-06-25,982432.6922705594,394046.6523211397,6,-15485.344847714412,2020-06-25 00:00:00,1401.13121050904,254326.90137047024,1254326.9013704702,-271894.2090999108
2020-06-26,998821.2642486716,743.4612394192518,10,16388.571978112217,2020-06-26 00:00:00,4239.613747365112,258566.51511783534,1258566.5151178353,-259745.25086916366
2020-06-29,988851.313928595,1214.9401312751725,10,-9969.950320076547,2020-06-29 00:00:00,1857.8682346023045,260424.38335243764,1260424.3833524375,-271573.0694238425
2020-06-30,998049.575410604,6869.719022645499,10,9198.261482008966,2020-06-30 00:00:00,3997.3067901132804,264421.6901425509,1264421.690142551,-266372.11473194696
2020-07-01,991557.84976828,6505.238600879937,10,-6491.72564232396,2020-07-01 00:00:00,521.4250262306973,264943.1151687816,1264943.1151687815,-273385.26540050143
2020-07-02,1010449.9304696678,203334.0413260847,8,18892.08070138772,2020-07-02 00:00:00,1042.5498972397154,265985.6650660213,1265985.6650660213,-255535.7345963535
2020-07-03,1011918.0466743286,359.72260473710776,10,1468.1162046608515,2020-07-03 00:00:00,1929.76650479317,267915.4315708145,1267915.4315708145,-255997.38489648583
2020-07-06,996434.0878563127,3176.6233837106265,10,-15483.958818015875,2020-07-06 00:00:00,6477.436759313976,274392.8683301285,1274392.8683301285,-277958.78047381574
2020-07-07,1002219.1882600464,518.6651988123922,10,5785.100403733668,2020-07-07 00:00:00,-8073.239376868569,266319.6289532599,1266319.62895326,-264100.4406932135
2020-07-08,994300.223015294,2358.784940232116,10,-7918.965244752471,2020-07-08 00:00:00,1286.8241896711547,267606.45314293104,1267606.453142931,-273306.23012763704
2020-07-09,992536.826442986,319.21881672838936,10,-1763.3965723079164,2020-07-09 00:00:00,-12764.106664432456,254842.3464784986,1254842.3464784985,-262305.5200355125
2020-07-10,996983.933346062,319.21881672838936,10,4447.106903075939,0,0.0,254842.3464784986,1254842.3464784985,-257858.41313243657
2020-07-13,992895.805828362,319.21881672838936,10,-4088.1275176999625,0,0.0,254842.3464784986,1254842.3464784985,-261946.54065013654
2020-07-14,996766.47632973,38.46253815795353,10,3870.670501368004,2020-07-14 00:00:00,-2510.5300659031254,252331.81641259548,1252331.8164125956,-255565.34008286556
2020-07-15,1002642.7279683306,8513.254251979088,10,5876.251638600603,2020-07-15 00:00:00,7821.371648653049,260153.18806124854,1260153.1880612485,-257510.4600929179
2020-07-16,1010426.4101496288,213659.6877332753,8,7783.682181298151,2020-07-16 00:00:00,10703.690134510229,270856.8781957588,1270856.878195759,-260430.46804613015
2020-07-17,1013204.7939336768,13914.662749623169,10,2778.3837840480264,2020-07-17 00:00:00,2666.517454224068,273523.39564998285,1273523.3956499828,-260318.60171630606
2020-07-20,1017652.7212476796,11241.334681638138,10,4447.927314002765,2020-07-20 00:00:00,1362.8142813382096,274886.20993132103,1274886.209931321,-257233.48868364142
2020-07-21,1013778.3942670889,11241.334681638138,10,-3874.326980590704,0,0.0,274886.20993132103,1274886.209931321,-261107.81566423213
2020-07-22,1013400.1605762,89.83665260269481,10,-378.23369088885374,2020-07-22 00:00:00,1606.3345276335117,276492.54445895454,1276492.5444589546,-263092.3838827546
2020-07-23,996744.679868454,3724.503574283197,10,-16655.480707746,2020-07-23 00:00:00,268.3858806392941,276760.93033959385,1276760.930339594,-280016.2504711399
2020-07-24,1001847.3292520423,3708.1414165680617,10,5102.649383588345,2020-07-24 00:00:00,-5633.974188346312,271126.95615124755,1271126.9561512475,-269279.62689920515
2020-07-27,1000963.233213224,3708.1414165680617,10,-884.0960388183594,0,0.0,271126.95615124755,1271126.9561512475,-270163.7229380235
2020-07-28,996484.1196035696,3074.54873490156,10,-4479.113609654363,2020-07-28 00:00:00,3140.0993586220516,274267.0555098696,1274267.0555098695,-277782.93590629986
2020-07-29,989928.9982241064,282.8064429024962,10,-6555.121379463235,2020-07-29 00:00:00,-8870.154657429697,265396.90085243987,1265396.90085244,-275467.90262833354
2020-07-30,995718.7174832582,16.537155466765398,10,5789.71925915184,2020-07-30 00:00:00,-7253.257147749409,258143.64370469045,1258143.6437046905,-262424.9262214323
2020-07-31,1004246.3949767116,2437.983352722207,10,8527.677493453375,2020-07-31 00:00:00,5125.368914591256,263269.0126192817,1263269.0126192817,-259022.61764257005
2020-08-03,1007630.2778921116,1575.667566422795,10,3383.8829153999686,2020-08-03 00:00:00,10983.449386021486,274252.4620053032,1274252.4620053032,-266622.1841131917
2020-08-04,999758.2932065716,1251.9077125751064,10,-7871.984685539966,2020-08-04 00:00:00,84.96940794998591,274337.4314132532,1274337.4314132533,-274579.1382066817
2020-08-05,1003244.9067929976,1251.9077125751064,10,3486.613586426014,0,0.0,274337.4314132532,1274337.4314132533,-271092.5246202557
2020-08-06,1001018.4923914472,116.6570455180772,10,-2226.414401550428,2020-08-06 00:00:00,-3384.1237825977646,270953.3076306554,1270953.3076306554,-269934.81523920817
2020-08-07,995570.5965784588,116.6570455180772,10,-5447.895812988398,0,0.0,270953.3076306554,1270953.3076306554,-275382.71105219657
2020-08-10,991094.0174768964,116.6570455180772,10,-4476.579101562384,0,0.0,270953.3076306554,1270953.3076306554,-279859.29015375895
2020-08-11,980711.9716694218,1792.3677354637912,10,-10382.045807474642,2020-08-11 00:00:00,-7294.923318193105,263658.3843124623,1263658.3843124623,-282946.41264304053
2020-08-12,968990.2639082072,1481.3738973589498,10,-11721.70776121458,2020-08-12 00:00:00,-4633.5050741660625,259024.87923829624,1259024.8792382963,-290034.6153300891
2020-08-13,953996.699896894,50.68725952281966,10,-14993.564011313138,2020-08-13 00:00:00,-5441.281640753328,253583.59759754292,1253583.597597543,-299586.8977006489
2020-08-14,958382.256885469,212.45888819097308,10,4385.556988574914,2020-08-14 00:00:00,-4478.763116442922,249104.8344811,1249104.8344811,-290722.5775956311
2020-08-17,958824.8325911728,93.75249925832031,10,442.5757057038136,2020-08-17 00:00:00,3225.603078412341,252330.43755951233,1252330.4375595124,-293505.60496833967
2020-08-18,955123.6804336632,411.1946757761325,10,-3701.152157509583,2020-08-18 00:00:00,255.75323432122968,252586.19079383355,1252586.1907938335,-297462.5103601703
2020-08-19,954184.0966412814,182.20461871167936,10,-939.5837923818035,2020-08-19 00:00:00,329.088859201534,252915.27965303508,1252915.279653035,-298731.1830117537
2020-08-20,949334.274818914,25.14287582063116,10,-4849.821822367376,2020-08-20 00:00:00,-3305.4892117531717,249609.7904412819,1249609.7904412819,-300275.51562236785
2020-08-21,945325.6969444116,33.20876962870534,10,-4008.5778745024,2020-08-21 00:00:00,-3182.707504980218,246427.08293630168,1246427.0829363016,-301101.38599189
2020-08-24,944551.5638285992,220.95701607094088,10,-774.1331158124376,2020-08-24 00:00:00,-2153.7584050866008,244273.32453121507,1244273.324531215,-299721.76070261584
2020-08-25,943135.4075104414,223.388487520846,10,-1416.1563181577949,2020-08-25 00:00:00,-1547.8506681094862,242725.47386310558,1242725.4738631055,-299590.06635266414
2020-08-26,930749.1367143212,1940.3288398708391,10,-12386.270796120167,2020-08-26 00:00:00,-5326.433073865839,237399.04078923975,1237399.0407892398,-306649.9040749186
2020-08-27,922316.0591659084,311.0889459008613,10,-8433.077548412839,2020-08-27 00:00:00,-11665.161002168008,225733.87978707175,1225733.8797870718,-303417.82062116347
2020-08-28,910533.7902226644,4519.595159491248,10,-11782.26894324401,2020-08-28 00:00:00,-716.1027814120466,225017.7770056597,1225017.7770056596,-314483.9867829953
2020-08-31,918230.4698239968,100233.72888648184,9,7696.679601332406,2020-08-31 00:00:00,-2882.664777595353,222135.11222806436,1222135.1122280643,-303904.64240406756
2020-09-01,935645.5470812932,220.66524026299885,10,17415.07725729642,2020-09-01 00:00:00,3159.069878217491,225294.18210628186,1225294.1821062819,-289648.6350249887
2020-09-02,938318.8398181156,365.44372271174507,10,2673.29273682239,2020-09-02 00:00:00,5014.703013743226,230308.88512002508,1230308.8851200251,-291990.04530190956
2020-09-03,934142.4425437402,560.9804286290891,10,-4176.3972743754275,2020-09-03 00:00:00,-1074.3029015037673,229234.5822185213,1229234.5822185213,-295092.1396747811
2020-09-04,933941.5529258202,560.9804286290891,10,-200.88961791992188,0,0.0,229234.5822185213,1229234.5822185213,-295293.02929270105
2020-09-07,923553.0158271786,1019.269069212838,10,-10388.537098641624,2020-09-07 00:00:00,-2654.0935911030615,226580.48862741824,1226580.4886274182,-303027.4728002396
2020-09-08,928312.0606581155,189954.82834500665,8,4759.0448309369385,2020-09-08 00:00:00,1512.7621995728846,228093.25082699113,1228093.2508269912,-299781.1901688756
2020-09-09,928953.2997152888,184837.31708174504,8,641.239057173254,2020-09-09 00:00:00,-4214.011503092717,223879.23932389842,1223879.2393238985,-294925.93960860965
2020-09-10,924911.7489850495,6047.518190640243,10,-4041.5507302392507,2020-09-10 00:00:00,7588.921880454087,231468.1612043525,1231468.1612043525,-306556.41221930296
2020-09-11,926758.2698954418,6786.842414623883,10,1846.5209103922825,2020-09-11 00:00:00,690.891005306501,232159.052209659,1232159.052209659,-305400.7823142172
2020-09-14,935600.2451373016,341.9417533909582,10,8841.975241859793,2020-09-14 00:00:00,-8357.40838813713,223801.6438215219,1223801.643821522,-288201.3986842203
2020-09-15,925787.0244314898,2586.3377145615086,10,-9813.220705811866,2020-09-15 00:00:00,5076.252422353038,228877.89624387494,1228877.896243875,-303090.87181238516
2020-09-16,933149.71734836,2586.3377145615086,10,7362.692916870234,0,0.0,228877.89624387494,1228877.896243875,-295728.1788955149
2020-09-17,936437.1409082804,232.57118327532956,10,3287.4235599203967,2020-09-17 00:00:00,-2892.2068321922216,225985.68941168272,1225985.6894116828,-289548.5485034024
2020-09-18,931388.1857121856,8083.890675886025,10,-5048.955196094816,2020-09-18 00:00:00,7861.7733600832435,233847.46277176595,1233847.462771766,-302459.2770595803
2020-09-21,951508.394010642,2143.758215065216,10,20120.20829845639,2020-09-21 00:00:00,-3085.662466101874,230761.80030566407,1230761.800305664,-279253.4062950221
2020-09-22,944757.2965015172,3444.038086946428,10,-6751.097509124782,2020-09-22 00:00:00,11130.095295925388,241891.89560158947,1241891.8956015895,-297134.5991000723
2020-09-23,945965.940126562,382.4653946138278,10,1208.643625044846,2020-09-23 00:00:00,-3630.086103989711,238261.80949759975,1238261.8094975997,-292295.8693710377
2020-09-24,959635.8686238766,382.4653946138278,10,13669.92849731457,0,0.0,238261.80949759975,1238261.8094975997,-278625.9408737231
2020-09-25,938652.982918463,1725.5182485236437,10,-20982.885705413646,2020-09-25 00:00:00,8290.21392876563,246552.02342636537,1246552.0234263653,-307899.0405079024
2020-09-28,916225.9726835716,1785.7158027764235,10,-22427.01023489132,2020-09-28 00:00:00,-7429.081842104467,239122.9415842609,1239122.941584261,-322896.9689006893
2020-09-29,927145.4514848428,34.46494250539399,10,10919.47880127118,2020-09-29 00:00:00,-9147.394156390086,229975.54742787083,1229975.5474278708,-302830.095943028
2020-09-30,915021.0227626724,3199.568940832658,10,-12124.428722170414,2020-09-30 00:00:00,656.1516865796175,230631.69911445046,1230631.6991144505,-315610.6763517781
2020-10-01,905938.9222256488,1887.2000968630164,10,-9082.100537023623,2020-10-01 00:00:00,-8350.837665265904,222280.86144918457,1222280.8614491846,-316341.9392235358
2020-10-05,907318.071619748,449786.7298391109,5,1379.1493940992514,2020-10-05 00:00:00,-12884.383107346817,209396.47834183776,1209396.4783418379,-302078.40672208986
2020-10-06,901905.1608230954,1538.9206790464668,10,-5412.910796652664,2020-10-06 00:00:00,-2256.3266971891,207140.15164464866,1207140.1516446488,-305234.9908215534
2020-10-07,904381.4141244162,6854.5867789677,10,2476.2533013208304,2020-10-07 00:00:00,3202.0695251499856,210342.22116979863,1210342.2211697986,-305960.80704538245
2020-10-08,907162.8345093364,4588.379989522073,10,2781.420384920202,2020-10-08 00:00:00,-2028.3698753557435,208313.8512944429,1208313.851294443,-301151.0167851066
2020-10-09,895413.7708929316,3126.490372958054,10,-11749.063616404776,2020-10-09 00:00:00,3554.130076817476,211867.98137126036,1211867.9813712602,-316454.21047832863
2020-10-12,907441.5544080508,91.0061955112178,10,12027.783515119227,2020-10-12 00:00:00,-3536.5372871956315,208331.44408406474,1208331.4440840648,-300889.88967601396
2020-10-13,905779.8992377672,147.75304374807456,10,-1661.6551702836296,2020-10-13 00:00:00,1866.8650936234617,210198.3091776882,1210198.3091776883,-304418.4099399211
2020-10-14,908843.8037055671,73.11222346211434,10,3063.9044677999336,2020-10-14 00:00:00,749.0267203301914,210947.33589801838,1210947.3358980184,-302103.5321924513
2020-10-15,914743.0091126898,3897.811440968668,10,5899.205407122616,2020-10-15 00:00:00,8348.944088126002,219296.2799861444,1219296.2799861445,-304553.27087345475
2020-10-16,930844.5319660624,185990.26602219636,8,16101.522853372619,2020-10-16 00:00:00,14983.009606113977,234279.28959225837,1234279.2895922584,-303434.757626196
2020-10-19,919436.869383196,2131.1819265039376,10,-11407.662582866382,2020-10-19 00:00:00,553.3322749556733,234832.62186721404,1234832.621867214,-315395.7524840181
2020-10-20,924635.9236016856,366.0238716575841,10,5199.05421848956,2020-10-20 00:00:00,-2890.4280062872945,231942.19386092675,1231942.1938609267,-307306.2702592411
2020-10-21,927775.3886609416,1784.880868169319,10,3139.4650592560647,2020-10-21 00:00:00,2431.949780243732,234374.1436411705,1234374.1436411706,-306598.75498022896
2020-10-22,927272.756118368,2476.645790348077,10,-502.63254257361405,2020-10-22 00:00:00,3435.073092007794,237809.2167331783,1237809.2167331784,-310536.46061481035
2020-10-23,919201.2064234946,5273.378314407717,10,-8071.549694873393,2020-10-23 00:00:00,2459.585326374947,240268.80205955324,1240268.8020595533,-321067.5956360587
2020-10-26,924024.1463877084,33.12083019025158,10,4822.939964213758,2020-10-26 00:00:00,-10421.560457149235,229847.241602404,1229847.241602404,-305823.09521469567
2020-10-27,931330.1193563276,6164.518450057338,10,7305.9729686192,2020-10-27 00:00:00,8974.075727247453,238821.31732965147,1238821.3173296514,-307491.19797332387
2020-10-28,918950.4654303044,754.665215536821,10,-12379.653926023166,2020-10-28 00:00:00,-5353.582159770905,233467.73516988056,1233467.7351698806,-314517.26973957615
2020-10-29,923143.3251412916,114.19705138684368,10,4192.859710987192,2020-10-29 00:00:00,-8280.849548320672,225186.8856215599,1225186.8856215598,-302043.5604802682
2020-10-30,918508.0399979388,6104.401884377279,10,-4635.285143352812,2020-10-30 00:00:00,6178.909403648768,231365.79502520867,1231365.7950252087,-312857.75502726994
2020-11-02,888107.9991076734,616.6307509057951,10,-30400.040890265373,2020-11-02 00:00:00,-4403.909349593447,226961.88567561522,1226961.8856756152,-338853.88656794175
2020-11-03,891051.9930566142,90.98313267920456,10,2943.9939489407698,2020-11-03 00:00:00,-15416.25227644553,211545.6333991697,1211545.6333991697,-320493.6403425555
2020-11-04,897945.1820514011,69.26754448887368,10,6893.188994786935,2020-11-04 00:00:00,-4488.089541994512,207057.5438571752,1207057.5438571752,-309112.36180577404
2020-11-05,898271.2759134418,28.67441308312118,10,326.09386204066686,2020-11-05 00:00:00,6570.993548655382,213628.53740583058,1213628.5374058306,-315357.2614923888
2020-11-06,898444.156772025,2492.0023363903165,10,172.8808585832594,2020-11-06 00:00:00,-1727.3468667209809,211901.1905391096,1211901.1905391095,-313457.0337670845
2020-11-09,886468.0918309388,2838.496070152585,10,-11976.064941086224,2020-11-09 00:00:00,6913.439181662494,218814.6297207721,1218814.6297207722,-332346.53788983333
2020-11-10,886161.8172449332,3754.792447657659,10,-306.27458600560203,2020-11-10 00:00:00,-6912.14768199427,211902.48203877782,1211902.4820387778,-325740.66479384457
2020-11-11,880600.8444277216,3067.059170382141,10,-5560.972817211645,2020-11-11 00:00:00,-1152.5339976302732,210749.94804114755,1210749.9480411476,-330149.103613426
2020-11-12,886479.0169928113,2763.787525896172,10,5878.1725650897715,2020-11-12 00:00:00,4498.547750954671,215248.4957921022,1215248.4957921023,-328769.47879929096
2020-11-13,882248.4309933726,14.67448656844499,10,-4230.585999438772,2020-11-13 00:00:00,-6612.766268557803,208635.7295235444,1208635.7295235444,-326387.29853017186
2020-11-14,881677.5997533589,83.33773654859397,10,-570.8312400137074,2020-11-14 00:00:00,-1598.3008173191652,207037.42870622524,1207037.4287062252,-325359.8289528664
2020-11-15,849668.0274876124,3893.108154355941,10,-32009.57226574642,2020-11-15 00:00:00,-3698.8084476251233,203338.62025860013,1203338.6202586002,-353670.5927709878
2020-11-17,847578.9391540329,24.177447919078983,10,-2089.088333579595,2020-11-17 00:00:00,-23641.845263956035,179696.7749946441,1179696.774994644,-332117.83584061125
2020-11-18,848047.6754253889,14.991563656411016,10,468.73627135599963,2020-11-18 00:00:00,750.6607074867654,180447.43570213087,1180447.435702131,-332399.76027674205
2020-11-19,840597.9197780932,6586.01358340634,10,-7449.75564729562,2020-11-19 00:00:00,-1562.1193337733337,178885.31636835754,1178885.3163683575,-338287.3965902643
2020-11-20,840325.7825542565,177.48388253405574,10,-272.137223836733,2020-11-20 00:00:00,2456.9623427648435,181342.27871112237,1181342.2787111225,-341016.49615686596
2020-11-23,844974.2880237093,104.18694567587228,10,4648.505469452823,2020-11-23 00:00:00,3146.833792468198,184489.1125035906,1184489.1125035905,-339514.8244798812
2020-11-24,852555.0266599624,39.90040111231792,10,7580.738636253052,2020-11-24 00:00:00,-502.536596961078,183986.5759066295,1183986.5759066294,-331431.54924666707
2020-11-25,856510.5731836226,1757.416910734406,10,3955.5465236601885,2020-11-25 00:00:00,2344.366863315816,186330.9427699453,1186330.9427699454,-329820.3695863228
2020-11-26,862208.8543816374,8014.048370437304,10,5698.281198014854,2020-11-26 00:00:00,11567.700695518884,197898.64346546418,1197898.6434654642,-335689.7890838268
2020-11-27,856214.5180192898,7194.3531523654965,10,-5994.336362347589,2020-11-27 00:00:00,-188.5224026705706,197710.1210627936,1197710.1210627935,-341495.6030435037
2020-12-01,864700.9884311125,213.89718403073493,10,8486.470411822665,2020-12-01 00:00:00,-3243.40206394409,194466.7189988495,1194466.7189988494,-329765.7305677369
2020-12-02,858788.9840244285,7023.703583144379,10,-5912.004406683962,2020-12-02 00:00:00,5440.074190289941,199906.79318913945,1199906.7931891396,-341117.80916471104
2020-12-03,861945.2204900011,6032.136684440047,10,3156.2364655726124,2020-12-03 00:00:00,-769.5622512385416,199137.23093790092,1199137.230937901,-337192.0104478998
2020-12-04,875389.3092784078,288.8534716756694,10,13444.08878840669,2020-12-04 00:00:00,688.3254512746723,199825.5563891756,1199825.5563891756,-324436.24711076776
2020-12-07,883540.3575170588,4006.443205649877,10,8151.048238651012,2020-12-07 00:00:00,10537.345672840644,210362.90206201622,1210362.9020620163,-326822.54454495746
2020-12-08,894234.3204778428,7913.710740446579,10,10693.962960783974,2020-12-08 00:00:00,11233.017466768468,221595.9195287847,1221595.9195287847,-327361.5990509419
2020-12-09,892448.4297912228,5429.558615456801,10,-1785.8906866200268,2020-12-09 00:00:00,12711.583890798798,234307.5034195835,1234307.5034195834,-341859.07362836064
2020-12-10,900044.6486537479,3622.471390487961,10,7596.218862525071,2020-12-10 00:00:00,3557.9784356430637,237865.48185522656,1237865.4818552267,-337820.8332014788
2020-12-11,913636.6450199313,3132.1654638474283,10,13591.99636618339,2020-12-11 00:00:00,3769.147768173278,241634.62962339984,1241634.6296233998,-327997.98460346856
2020-12-14,917971.1535982698,5229.2348513214965,10,4334.508578338544,2020-12-14 00:00:00,9456.415932135855,251091.0455555357,1251091.0455555357,-333119.8919572659
2020-12-15,921848.9370345856,3300.2577342773,10,3877.7834363158327,2020-12-15 00:00:00,994.7973550066802,252085.8429105424,1252085.8429105424,-330236.90587595676
2020-12-16,922503.69118293,8858.126022178665,10,654.7541483443929,2020-12-16 00:00:00,13729.45429611798,265815.2972066604,1265815.2972066603,-343311.60602373024
2020-12-17,934639.5868392698,7172.5385528318,10,12135.895656339824,2020-12-17 00:00:00,7177.417517375364,272992.71472403576,1272992.7147240357,-338353.12788476585
2020-12-18,938186.8868748466,5779.502218894224,10,3547.3000355768017,2020-12-18 00:00:00,-324.03687360775507,272668.677850428,1272668.677850428,-334481.7909755814
2020-12-21,930159.299137744,13531.484305056758,10,-8027.587737102644,2020-12-21 00:00:00,6718.776610762058,279387.45446119003,1279387.45446119,-349228.1553234459
2020-12-22,992152.9909016982,85.8672215835395,10,61993.69176395424,2020-12-22 00:00:00,33437.98700449594,312825.44146568596,1312825.441465686,-320672.45056398783
2020-12-23,993913.221307871,178.8413563939539,10,1760.2304061728064,2020-12-23 00:00:00,4850.7564556125,317676.19792129844,1317676.1979212984,-323762.9766134274
2020-12-24,993185.7255588291,10.867663931741845,10,-727.4957490419038,2020-12-24 00:00:00,-2557.6479321476804,315118.5499891508,1315118.5499891508,-321932.8244303217
2020-12-28,1002003.294156094,3146.689299602905,10,8817.56859726482,2020-12-28 00:00:00,23225.84521438658,338344.39520353737,1338344.3952035373,-336341.10104744334
2020-12-29,994801.9156070838,1.919962514482904,10,-7201.378549010144,2020-12-29 00:00:00,-1952.4629690493573,336391.932234488,1336391.932234488,-341590.01662740414
2020-12-30,997533.632355056,546.2364991523355,10,2731.716747972183,2020-12-30 00:00:00,578.996127417176,336970.9283619052,1336970.9283619053,-339437.29600684927
2020-12-31,996735.3496831196,219.26097042724723,10,-798.2826719364384,2020-12-31 00:00:00,-4664.284608865339,332306.6437530399,1332306.6437530399,-335571.2940699203
2021-01-01,1005877.066526494,1210.1456414078712,10,9141.716843374423,2021-01-01 00:00:00,5218.783233498058,337525.42698653793,1337525.4269865379,-331648.3604600439
2021-01-04,1008779.98571931,3680.034757243309,10,2902.9191928160144,2021-01-04 00:00:00,2971.514165073283,340496.9411516112,1340496.9411516113,-331716.95543230127
2021-01-05,1005188.3319439616,4499.331821891421,10,-3591.6537753484445,2021-01-05 00:00:00,769.451619302682,341266.3927709139,1341266.392770914,-336078.06082695234
2021-01-06,1011208.2552390532,864.1858573393401,10,6019.923295091605,2021-01-06 00:00:00,-3326.877422257293,337939.5153486566,1337939.5153486566,-326731.2601096034
2021-01-07,1009988.4398126764,2173.5577325982304,10,-1219.8154263767647,2021-01-07 00:00:00,10155.518326349396,348095.033675006,1348095.0336750061,-338106.5938623297
2021-01-08,1011445.4686784106,4449.187544758941,10,1457.0288657342317,2021-01-08 00:00:00,2675.549471233958,350770.58314624,1350770.58314624,-339325.11446782947
2021-01-11,1013202.7163858714,13152.553742438817,10,1757.247707460774,2021-01-11 00:00:00,9865.393292008172,360635.9764382482,1360635.976438248,-347433.26005237666
2021-01-12,1022817.2913271908,11823.329602909507,10,9614.574941319413,2021-01-12 00:00:00,1155.2555931866546,361791.23203143483,1361791.2320314348,-338973.94070424396
2021-01-13,1009977.7481039284,8263.142944168794,10,-12839.543223262415,2021-01-13 00:00:00,-3165.5154815652268,358625.7165498696,1358625.7165498696,-348647.9684459412
2021-01-14,1019701.9891742446,3586.9433749892487,10,9724.241070316173,2021-01-14 00:00:00,4437.692858201575,363063.4094080712,1363063.409408071,-343361.4202338265
2021-01-15,1025748.371821694,4493.056151680692,10,6046.3826474493835,2021-01-15 00:00:00,2461.8480449871918,365525.2574530584,1365525.2574530584,-339776.8856313644
2021-01-18,1015007.7593074732,10601.321326821388,10,-10740.61251422076,2021-01-18 00:00:00,4707.228155928546,370232.4856089869,1370232.485608987,-355224.72630151385
2021-01-19,1051577.3465085472,76.65037636406487,10,36569.587201074,2021-01-19 00:00:00,-4007.907900811428,366224.5777081755,1366224.5777081754,-314647.2311996282
2021-01-20,1060257.5871700514,96.49202768705436,10,8680.240661504213,2021-01-20 00:00:00,13717.292529763385,379941.8702379389,1379941.8702379388,-319684.2830678874
2021-01-21,1043365.7664731116,3349.4630568593275,10,-16891.82069693983,2021-01-21 00:00:00,8166.089483259184,388107.9597211981,1388107.959721198,-344742.1932480865
2021-01-22,1045397.0376933432,8905.839305243397,10,2031.2712202316616,2021-01-22 00:00:00,9320.84561586498,397428.80533706304,1397428.805337063,-352031.7676437198
2021-01-25,1065722.609162151,10448.053437053546,10,20325.571468807873,2021-01-25 00:00:00,19389.277948030463,416818.0832850935,1416818.0832850935,-351095.4741229424
2021-01-27,1065709.6149731425,16470.283994748694,10,-12.994189008604735,2021-01-27 00:00:00,4693.238626163725,421511.3219112572,1421511.3219112572,-355801.7069381147
2021-01-28,1099359.484895592,9106.76604259506,10,33649.86992244958,2021-01-28 00:00:00,293.75586751149876,421805.0777787687,1421805.0777787687,-322445.59288317664
2021-01-29,1079681.5075108744,10243.03526661171,10,-19677.97738471767,2021-01-29 00:00:00,10781.603034903566,432586.6808136723,1432586.6808136723,-352905.17330279783
2021-02-01,1110038.3063758265,12.510853136715014,10,30356.798864952056,2021-02-01 00:00:00,-1499.915114810834,431086.7656988615,1431086.7656988616,-321048.4593230351
2021-02-02,1108584.5631262108,571.9113985344302,10,-1453.7432496156543,2021-02-02 00:00:00,6311.004034318266,437397.76973317977,1437397.7697331798,-328813.206606969
2021-02-03,1113122.092653694,4409.036714973496,10,4537.529527483275,2021-02-03 00:00:00,8741.064818367006,446138.8345515468,1446138.8345515467,-333016.7418978526
2021-02-04,1146679.3499428844,538.2293512438482,10,33557.25728919031,2021-02-04 00:00:00,-1103.579873760325,445035.25467778643,1445035.2546777865,-298355.9047349021
2021-02-05,1130750.2526335912,13836.552473564703,10,-15929.097309293225,2021-02-05 00:00:00,22260.707631051384,467295.9623088378,1467295.9623088378,-336545.7096752466
2021-02-08,1152521.0639929948,15198.207705038512,10,21770.811359403655,2021-02-08 00:00:00,11489.297306144097,478785.2596149819,1478785.259614982,-326264.1956219871
2021-02-09,1152800.7166759546,17535.850222783803,10,279.6526829598006,2021-02-09 00:00:00,11111.456228904188,489896.7158438861,1489896.7158438861,-337095.9991679315
2021-02-10,1163114.6804607764,23217.400081480984,10,10313.963784821797,2021-02-10 00:00:00,8903.28444925331,498800.00029313937,1498800.0002931394,-335685.31983236293
2021-02-11,1155568.982801438,16215.203769207626,10,-7545.697659338359,2021-02-11 00:00:00,-3104.7422851765623,495695.2580079628,1495695.2580079627,-340126.27520652465
2021-02-12,1154759.3942768076,18.08635968947783,10,-809.5885246305261,2021-02-12 00:00:00,-3032.5648107142983,492662.6931972485,1492662.6931972485,-337903.29892044095
2021-02-15,1153827.3085693037,58.610599866937264,10,-932.0857075038366,2021-02-15 00:00:00,-3727.1750652681935,488935.5181319803,1488935.5181319802,-335108.2095626765
2021-02-16,1151503.2133025902,105.52654836351576,10,-2324.095266713528,2021-02-16 00:00:00,2022.8749282366775,490958.39306021703,1490958.3930602171,-339455.17975762696
2021-02-17,1143138.2552322154,12967.993114829602,10,-8364.958070374792,2021-02-17 00:00:00,6090.180150651015,497048.57321086805,1497048.573210868,-353910.31797865266
2021-02-18,1141163.920102583,7628.68305872535,10,-1974.3351296323817,2021-02-18 00:00:00,-5495.611231121216,491552.9619797468,1491552.9619797468,-350389.0418771638
2021-02-19,1132510.6854609144,6234.948252071146,10,-8653.23464166862,2021-02-19 00:00:00,-410.01809877573896,491142.94388097106,1491142.943880971,-358632.25842005666
2021-02-22,1135603.5249768775,1677.3432599586813,10,3092.8395159631036,2021-02-22 00:00:00,-738.6262328764951,490404.31764809455,1490404.3176480946,-354800.7926712171
2021-02-23,1153284.230332199,13041.936301055888,10,17680.705355321523,2021-02-23 00:00:00,16744.107084286596,507148.4247323811,1507148.424732381,-353864.194400182
2021-02-24,1183627.290003864,5316.769980518249,10,30343.059671665076,2021-02-24 00:00:00,-1171.5042783624315,505976.9204540187,1505976.9204540187,-322349.63045015465
2021-02-25,1187300.1390338088,42.231822505171294,10,3672.849029944744,2021-02-25 00:00:00,8804.576636450482,514781.4970904692,1514781.497090469,-327481.3580566603
2021-02-26,1177419.41052204,6362.46789270264,10,-9880.728511768859,2021-02-26 00:00:00,15384.06463844983,530165.561728919,1530165.561728919,-352746.15120687895
2021-03-01,1187185.91273182,6963.2358662424085,10,9766.50220978004,2021-03-01 00:00:00,6553.1133901654475,536718.6751190845,1536718.6751190845,-349532.7623872645
2021-03-02,1203904.457314445,1708.3839864267356,10,16718.54458262492,2021-03-02 00:00:00,4052.446095582894,540771.1212146675,1540771.1212146673,-336866.6639002224
2021-03-03,1219572.9324789231,49.736373919819016,10,15668.475164478179,2021-03-03 00:00:00,16169.371434221413,556940.4926488888,1556940.4926488888,-337367.5601699657
2021-03-04,1235058.018455473,1356.528846708257,10,15485.08597654989,2021-03-04 00:00:00,11835.413008679423,568775.9056575682,1568775.9056575682,-333717.88720209524
2021-03-05,1230246.1254887923,8058.651661430427,10,-4811.892966680694,2021-03-05 00:00:00,8896.269022450619,577672.1746800189,1577672.1746800188,-347426.0491912265
2021-03-08,1258126.8848683876,8422.794650797237,10,27880.759379595285,2021-03-08 00:00:00,17662.842551543563,595335.0172315625,1595335.0172315626,-337208.13236317504
2021-03-09,1262703.9014746882,23557.35846016176,10,4577.016606300604,2021-03-09 00:00:00,21616.734196559617,616951.7514281222,1616951.7514281222,-354247.84995343396
2021-03-10,1257576.593341582,5773.248607390167,10,-5127.308133106213,2021-03-10 00:00:00,-8756.36506188958,608195.3863662325,1608195.3863662325,-350618.79302465054
2021-03-12,1262903.2852845604,5694.736915152709,10,5326.6919429784175,2021-03-12 00:00:00,-247.3631349813021,607948.0232312513,1607948.0232312512,-345044.73794669076
2021-03-15,1274081.9464856326,5619.658964270231,10,11178.661201072158,2021-03-15 00:00:00,6871.515479776639,614819.5387110279,1614819.538711028,-340737.5922253954
2021-03-16,1266835.851059786,1658.308459154272,10,-7246.095425846521,2021-03-16 00:00:00,267.2947296670427,615086.833440695,1615086.833440695,-348250.9823809089
2021-03-17,1262715.7617604495,7559.3576895954175,10,-4120.089299336541,2021-03-17 00:00:00,8905.772510029934,623992.6059507249,1623992.6059507248,-361276.8441902753
2021-03-18,1261153.734217089,11833.94102708649,10,-1562.0275433606002,2021-03-18 00:00:00,2460.0660656759123,626452.6720164008,1626452.6720164008,-365298.93779931194
2021-03-19,1338368.4567168287,3481.751800828395,10,77214.72249973984,2021-03-19 00:00:00,18417.838271203706,644870.5102876045,1644870.5102876045,-306502.0535707758
2021-03-22,1308168.6396651575,10518.16640237061,10,-30199.817051671213,2021-03-22 00:00:00,23130.6364665231,668001.1467541276,1668001.1467541275,-359832.5070889699
2021-03-23,1311375.126298945,197.17460064176703,10,3206.4866337873973,2021-03-23 00:00:00,-6602.190924605361,661398.9558295222,1661398.955829522,-350023.8295305772
2021-03-24,1273607.2741131566,6412.825664975549,10,-37767.85218578833,2021-03-24 00:00:00,-1763.895068736107,659635.0607607861,1659635.060760786,-386027.78664762946
2021-03-25,1270522.7407441323,13857.02570201797,10,-3084.533369024284,2021-03-25 00:00:00,-11791.960812480585,647843.0999483055,1647843.0999483056,-377320.3592041733
2021-03-26,1291632.5929045216,13083.36728425196,10,21109.852160389302,2021-03-26 00:00:00,3075.66250553188,650918.7624538374,1650918.7624538373,-359286.1695493157
2021-03-30,1309455.970326348,17251.56148616859,10,17823.377421826357,2021-03-30 00:00:00,10260.698252465134,661179.4607063025,1661179.4607063024,-351723.49037995446
2021-03-31,1307258.3837915482,25265.07639942775,10,-2197.586534799775,2021-03-31 00:00:00,10385.110519636908,671564.5712259394,1671564.5712259393,-364306.1874343911
2021-04-01,1347956.4724840051,13382.19183291265,10,40698.08869245695,2021-04-01 00:00:00,3408.1523204645814,674972.723546404,1674972.723546404,-327016.2510623988
2021-04-05,1319865.1035281045,24704.63953884653,10,-28091.36895590066,2021-04-05 00:00:00,13915.880834712088,688888.6043811161,1688888.604381116,-369023.5008530116
2021-04-06,1320711.414199579,31726.33404515998,10,846.3106714745518,2021-04-06 00:00:00,6839.747428696273,695728.3518098124,1695728.3518098122,-375016.9376102332
2021-04-07,1325323.008144376,23688.08576583574,10,4611.5939447970595,2021-04-07 00:00:00,-9951.996879778573,685776.3549300338,1685776.354930034,-360453.3467856578
2021-04-08,1333223.2663532202,36476.09407386239,10,7900.258208844112,2021-04-08 00:00:00,17767.049991245323,703543.404921279,1703543.404921279,-370320.13856805884
2021-04-09,1332126.449202635,35498.889853575034,10,-1096.8171505851205,2021-04-09 00:00:00,1794.2746482287328,705337.6795695078,1705337.679569508,-373211.23036687286
2021-04-12,1288966.1966801705,31447.437540155806,10,-43160.25252246461,2021-04-12 00:00:00,-8792.389205383617,696545.2903641242,1696545.2903641243,-407579.09368395386
2021-04-13,1303300.74762066,6.17985256294196,10,14334.55094048963,2021-04-13 00:00:00,-17520.046266559744,679025.2440975645,1679025.2440975644,-375724.49647690426
2021-04-15,1316860.8730476412,35.89292030673823,10,13560.125426981132,2021-04-15 00:00:00,-9966.887725941031,669058.3563716235,1669058.3563716235,-352197.4833239822
2021-04-16,1324812.106879488,10.623141542295343,10,7951.233831846854,2021-04-16 00:00:00,13459.643228828594,682517.999600452,1682517.999600452,-357705.8927209638
2021-04-19,1335754.5386329507,254.80690344328468,10,10942.431753462646,2021-04-19 00:00:00,2273.741613971134,684791.7412144232,1684791.7412144232,-349037.20258147246
2021-04-20,1319609.303184849,323.11297069193097,10,-16145.235448101768,2021-04-20 00:00:00,-346.01764394047495,684445.7235704827,1684445.7235704828,-364836.4203856338
2021-04-22,1348093.983293772,6.529864549927879,10,28484.680108923,2021-04-22 00:00:00,6434.690379202192,690880.4139496849,1690880.413949685,-342786.43065591296
2021-04-23,1356014.5714065763,272.8219616150309,10,7920.58811280434,2021-04-23 00:00:00,-1706.9561914262044,689173.4577582587,1689173.4577582586,-333158.88635168225
2021-04-26,1340962.9505879309,14563.837129297346,10,-15051.62081864546,2021-04-26 00:00:00,29726.745143320128,718900.2029015789,1718900.202901579,-377937.2523136481
2021-04-27,1344007.9384255318,11277.1804337411,10,3044.9878376009874,2021-04-27 00:00:00,-2252.881842074577,716647.3210595043,1716647.3210595043,-372639.38263397245
2021-04-28,1359273.7390083696,4.5882248308626,10,15265.800582837779,2021-04-28 00:00:00,321.61517299835214,716968.9362325027,1716968.9362325026,-357695.19722413295
2021-04-29,1342561.2598847242,38.082034000894055,10,-16712.479123645462,2021-04-29 00:00:00,-1697.1513023915222,715271.7849301111,1715271.7849301111,-372710.525045387
2021-04-30,1330282.5284667287,7937.196359184745,10,-12278.731417995412,2021-04-30 00:00:00,2747.008978957715,718018.7939090688,1718018.7939090687,-387736.26544233994
2021-05-03,1353928.38214436,1883.3598894161987,10,23645.853677631356,2021-05-03 00:00:00,-3216.230897219398,714802.5630118494,1714802.5630118493,-360874.1808674892
2021-05-04,1345205.724135385,166.09118555561872,10,-8722.65800897521,2021-05-04 00:00:00,-1212.285553173033,713590.2774586764,1713590.2774586764,-368384.5533232915
2021-05-05,1369312.3264933666,3934.285668476514,10,24106.602357981727,2021-05-05 00:00:00,10955.077578049571,724545.355036726,1724545.355036726,-355233.02854335937
2021-05-06,1379144.9598017903,57.56264698220184,10,9832.633308423683,2021-05-06 00:00:00,4466.009173122777,729011.3642098488,1729011.364209849,-349866.4044080586
2021-05-07,1376054.7656316075,19.98187535154284,10,-3090.1941701828036,2021-05-07 00:00:00,10207.997554583459,739219.3617644323,1739219.3617644324,-363164.5961328249
2021-05-10,1382536.8268660689,55.417568125689286,10,6482.061234461376,2021-05-10 00:00:00,-4392.999506216556,734826.3622582157,1734826.3622582157,-352289.5353921468
2021-05-11,1401200.8613520637,3838.695328809176,10,18664.034485994838,2021-05-11 00:00:00,12398.879374528875,747225.2416327446,1747225.2416327447,-346024.38028068095
2021-05-12,1365676.2930437915,21667.08574551274,10,-35524.568308272166,2021-05-12 00:00:00,18980.370999624272,766205.6126323688,1766205.6126323687,-400529.31958857714
2021-05-14,1390835.1983086702,29536.60831996164,10,25158.905264878646,2021-05-14 00:00:00,8727.291866560714,774932.9044989295,1774932.9044989296,-384097.7061902594
2021-05-17,1424483.0007248889,8627.029529667954,10,33647.80241621868,2021-05-17 00:00:00,2038.175145492898,776971.0796444224,1776971.0796444225,-352488.07891953364
2021-05-18,1438380.4428813234,23.63266632700106,10,13897.442156434525,2021-05-18 00:00:00,2775.6407994841475,779746.7204439065,1779746.7204439065,-341366.2775625831
2021-05-19,1428544.97312164,17.84676360778394,10,-9835.469759683358,2021-05-19 00:00:00,12535.543902814745,792282.2643467212,1792282.2643467211,-363737.2912250811
2021-05-20,1428818.4504611029,16323.84370298509,10,273.4773394628428,2021-05-20 00:00:00,17434.154118561106,809716.4184652823,1809716.4184652823,-380897.9680041794
2021-05-21,1452168.6230589766,3939.188484849408,10,23350.172597873723,2021-05-21 00:00:00,-4893.5984250418915,804822.8200402404,1804822.8200402404,-352654.1969812638
2021-05-24,1448171.794966807,7460.47204505399,10,-3996.828092169715,2021-05-24 00:00:00,6793.728168160367,811616.5482084008,1811616.5482084008,-363444.75324159395
2021-05-25,1437726.265782427,787.156832765817,10,-10445.529184379848,2021-05-25 00:00:00,2097.5738199340117,813714.1220283349,1813714.122028335,-375987.85624590795
2021-05-26,1431707.9838404714,2274.228197580407,10,-6018.281941955676,2021-05-26 00:00:00,-2077.9446248466234,811636.1774034883,1811636.1774034882,-379928.19356301683
2021-05-27,1419712.5441551905,637.7197590569558,10,-11995.4396852809,2021-05-27 00:00:00,788.828979912972,812425.0063834013,1812425.0063834013,-392712.4622282109
2021-05-28,1434387.609796128,34.673160156962695,10,14675.065640937537,2021-05-28 00:00:00,-3388.333898418228,809036.6724849831,1809036.6724849832,-374649.0626888552
2021-05-31,1427831.018238558,75.95875216892455,10,-6556.591557570035,2021-05-31 00:00:00,1892.1551154411818,810928.8276004243,1810928.8276004242,-383097.8093618662
2021-06-01,1414205.137446259,20.460091446148,10,-13625.880792299053,2021-06-01 00:00:00,-2015.247911321272,808913.5796891031,1808913.5796891032,-394708.44224284426
2021-06-02,1448481.4845344536,106.55524463581968,10,34276.347088194685,2021-06-02 00:00:00,-1804.3510070898865,807109.2286820132,1807109.2286820132,-358627.7441475596
2021-06-03,1429265.914778452,41.02494309394388,10,-19215.5697560017,2021-06-03 00:00:00,2830.1489824119344,809939.3776644252,1809939.3776644252,-380673.4628859733
2021-06-04,1432238.2199073448,3.2857537880772725,10,2972.3051288928837,2021-06-04 00:00:00,-622.0215284833895,809317.3561359418,1809317.3561359418,-377079.136228597
2021-06-07,1445301.928021108,36.97606531265774,10,13063.708113763249,2021-06-07 00:00:00,-524.7847220050862,808792.5714139367,1808792.5714139366,-363490.6433928285
2021-06-08,1453119.8698041325,3182.4147565251333,10,7817.941783024464,2021-06-08 00:00:00,19116.06892610358,827908.6403400402,1827908.6403400402,-374788.7705359077
2021-06-09,1452408.1683970732,7755.555685166648,10,-711.7014070593286,2021-06-09 00:00:00,4127.569979375195,832036.2103194154,1832036.2103194154,-379628.04192234227
2021-06-10,1462196.7831449204,1619.3734311752196,10,9788.614747847198,2021-06-10 00:00:00,-4314.689744190914,827721.5205752245,1827721.5205752244,-365524.73743030406
2021-06-11,1468320.0530320844,5734.580933733931,10,6123.269887164002,2021-06-11 00:00:00,10788.211327869043,838509.7319030936,1838509.7319030936,-370189.67887100927
2021-06-14,1489222.1631231,11750.765593497928,10,20902.110091015697,2021-06-14 00:00:00,14682.890378241946,853192.6222813355,1853192.6222813355,-363970.45915823546
2021-06-15,1504364.9942358444,8557.25550922833,10,15142.831112744287,2021-06-15 00:00:00,6896.759806030546,860089.3820873661,1860089.3820873662,-355724.38785152184
2021-06-16,1480506.1651530145,17397.438453185285,10,-23858.829082829878,2021-06-16 00:00:00,9660.590477546182,869749.9725649123,1869749.9725649124,-389243.8074118979
2021-06-17,1463935.6142517724,15914.691215197005,10,-16570.550901242066,2021-06-17 00:00:00,-6032.937500484802,863717.0350644275,1863717.0350644276,-399781.42081265524
2021-06-18,1478397.9520763946,18167.33578725587,10,14462.33782462217,2021-06-18 00:00:00,-2128.3119999325286,861588.723064495,1861588.723064495,-383190.77098810044
2021-06-21,1542503.745551715,11947.63041985978,10,64105.79347532033,2021-06-21 00:00:00,10936.276744802008,872524.999809297,1872524.999809297,-330021.2542575821
2021-06-22,1524107.9513250473,9445.82965527798,10,-18395.79422666761,2021-06-22 00:00:00,7324.7182464416,879849.7180557386,1879849.7180557386,-355741.7667306913
2021-06-23,1495026.3303036438,25037.56005856872,10,-29081.621021403465,2021-06-23 00:00:00,20371.946968158903,900221.6650238975,1900221.6650238975,-405195.3347202537
2021-06-24,1521792.332325758,33504.15997773557,10,26766.002022114117,2021-06-24 00:00:00,19577.83934796161,919799.5043718591,1919799.5043718591,-398007.1720461012
2021-06-25,1548415.131679178,29207.49352896292,10,26622.799353420036,2021-06-25 00:00:00,-982.5681480130661,918816.936223846,1918816.936223846,-370401.80454466795
2021-06-28,1540283.680827401,5748.410491250077,10,-8131.45085177687,2021-06-28 00:00:00,-7807.059904862911,911009.8763189832,1911009.8763189833,-370726.19549158216
2021-06-29,1515247.9816444218,11072.11741331214,10,-25035.699182979297,2021-06-29 00:00:00,4117.009138113006,915126.8854570962,1915126.8854570962,-399878.90381267434
2021-06-30,1528976.4829751845,11857.052166163572,10,13728.501330762636,2021-06-30 00:00:00,921.8554058153372,916048.7408629115,1916048.7408629116,-387072.2578877271
2021-07-01,1517261.0970694688,11295.720173564156,10,-11715.385905715637,2021-07-01 00:00:00,-1573.4032285721485,914475.3376343393,1914475.3376343395,-397214.24056487065
2021-07-02,1521921.8975267005,3219.4954881263257,10,4660.8004572317,2021-07-02 00:00:00,-10230.823692619708,904244.5139417197,1904244.5139417197,-382322.61641501915
2021-07-05,1541259.8001641822,3219.4954881263257,10,19337.90263748169,0,0.0,904244.5139417197,1904244.5139417197,-362984.71377753746
2021-07-06,1535045.1330953145,6248.011051704787,10,-6214.667068867711,2021-07-06 00:00:00,8019.414395379151,912263.9283370988,1912263.9283370988,-377218.7952417843
2021-07-07,1560398.95215941,77.05405378871365,10,25353.819064095616,2021-07-07 00:00:00,2048.837884897803,914312.7662219966,1914312.7662219966,-353913.8140625865
2021-07-08,1540999.9901098758,8820.27811570454,10,-19398.96204953431,2021-07-08 00:00:00,17285.09056697646,931597.8567889731,1931597.856788973,-390597.8666790973
2021-07-09,1552429.0406450771,4493.252917721227,10,11429.050535201328,2021-07-09 00:00:00,-5078.610117697033,926519.246671276,1926519.2466712762,-374090.20602619904
2021-07-12,1541973.5573666985,9583.290917723643,10,-10455.483278378611,2021-07-12 00:00:00,5381.348488582842,931900.5951598589,1931900.595159859,-389927.0377931604
2021-07-13,1553413.6013821063,4960.372406810493,10,11440.044015407795,2021-07-13 00:00:00,1206.5304220196085,933107.1255818786,1933107.1255818787,-379693.5241997724
2021-07-14,1567495.848937233,16137.162451942422,10,14082.247555126669,2021-07-14 00:00:00,13523.059893461266,946630.1854753399,1946630.1854753399,-379134.3365381069
2021-07-15,1565023.073632439,16137.162451942422,10,-2472.7753047940787,0,0.0,946630.1854753399,1946630.1854753399,-381607.111842901
2021-07-16,1574797.0659922888,12081.573083811005,10,9773.992359849857,2021-07-16 00:00:00,2746.3381083903614,949376.5235837302,1949376.5235837302,-374579.45759144146
2021-07-19,1560405.6113640754,14957.497850128886,10,-14391.454628213309,2021-07-19 00:00:00,1980.8266025245157,951357.3501862547,1951357.3501862548,-390951.7388221794
2021-07-20,1527095.9231497757,22302.482819270343,10,-33309.688214299735,2021-07-20 00:00:00,4164.001239022649,955521.3514252774,1955521.3514252775,-428425.4282755018
2021-07-22,1546202.3727571715,14.447960113408044,10,19106.4496073958,2021-07-22 00:00:00,-26187.317381769717,929334.0340435077,1929334.0340435077,-383131.66128633614
2021-07-23,1540778.8353570877,10.25397433625767,10,-5423.537400083849,2021-07-23 00:00:00,-2196.41668542946,927137.6173580782,1927137.6173580782,-386358.7820009906
2021-07-26,1533886.204062623,51.15471379176597,10,-6892.6312944646925,2021-07-26 00:00:00,-1438.8345655717558,925698.7827925065,1925698.7827925065,-391812.57872988353
2021-07-27,1521498.635623019,1.0716877390805166,10,-12387.568439604016,2021-07-27 00:00:00,-2675.364323703211,923023.4184688033,1923023.4184688032,-401524.7828457842
2021-07-28,1518460.0395166716,3662.726903184346,10,-3038.596106347395,2021-07-28 00:00:00,609.4594117248316,923632.8778805281,1923632.877880528,-405172.83836385654
2021-07-29,1554966.619210875,58.51131025532959,10,36506.579694203334,2021-07-29 00:00:00,-7926.293944950798,915706.5839355773,1915706.5839355774,-360739.9647247025
2021-07-30,1542859.910215464,9043.82828911816,10,-12106.70899541094,2021-07-30 00:00:00,13786.818419642263,929493.4023552196,1929493.4023552197,-386633.49213975575
2021-08-02,1558902.1161074436,10638.890033224889,10,16042.205891979625,2021-08-02 00:00:00,4057.637977106491,933551.0403323261,1933551.0403323262,-374648.9242248826
2021-08-03,1583946.9317219327,7340.384135491797,10,25044.81561448914,2021-08-03 00:00:00,3050.915215716523,936601.9555480427,1936601.9555480427,-352655.02382610994
2021-08-04,1567723.8108101448,14612.848013933572,10,-16223.120911787963,2021-08-04 00:00:00,12365.438713885414,948967.394261928,1948967.394261928,-381243.5834517833
2021-08-05,1619950.2519821476,15113.95984118685,10,52226.441172002815,2021-08-05 00:00:00,30176.368493402086,979143.7627553302,1979143.7627553302,-359193.5107731826
2021-08-06,1613456.9067153812,10790.597395408113,10,-6493.3452667663805,2021-08-06 00:00:00,16846.1814879148,995989.944243245,1995989.9442432448,-382533.03752786363
2021-08-09,1608288.150723081,22825.62550602489,10,-5168.75599230011,2021-08-09 00:00:00,13169.778040717825,1009159.7222839628,2009159.7222839626,-400871.57156088157
2021-08-10,1584204.052180561,30642.88970926657,10,-24084.098542520078,2021-08-10 00:00:00,-1456.3754801433624,1007703.3468038194,2007703.3468038193,-423499.2946232583
2021-08-11,1613137.632428934,26054.678340723098,10,28933.580248373095,2021-08-11 00:00:00,-384.54089449840194,1007318.8059093211,2007318.8059093212,-394181.1734803871
2021-08-12,1639943.3514375363,1534.6250648175485,10,26805.719008602202,2021-08-12 00:00:00,-9982.661348623775,997336.1445606973,1997336.1445606973,-357392.79312316095
2021-08-13,1629508.1451759243,9227.946844091435,10,-10435.20626161201,2021-08-13 00:00:00,19515.658427650902,1016851.8029883482,2016851.802988348,-387343.6578124238
2021-08-16,1629566.8168233335,22.07057794931461,10,58.67164740920998,2021-08-16 00:00:00,-822.1547555458883,1016029.6482328023,2016029.6482328023,-386462.8314094688
2021-08-17,1638212.317364639,9.806788390589643,10,8645.500541305402,2021-08-17 00:00:00,8561.856805509036,1024591.5050383114,2024591.5050383112,-386379.18767367234
2021-08-18,1636961.0269811417,2012.163419511373,10,-1251.290383497253,2021-08-18 00:00:00,6113.270483268445,1030704.7755215798,2030704.7755215797,-393743.748540438
2021-08-20,1586478.231469249,20417.313954447745,10,-50482.795511892764,2021-08-20 00:00:00,12041.88124752743,1042746.6567691072,2042746.656769107,-456268.4252998582
2021-08-23,1615150.0595192066,5242.803482448187,10,28671.828049957752,2021-08-23 00:00:00,-8043.048140838636,1034703.6086282686,2034703.6086282686,-419553.54910906195
2021-08-24,1662728.2367696727,2822.1023921931337,10,47578.17725046608,2021-08-24 00:00:00,6006.1673284355265,1040709.7759567042,2040709.7759567043,-377981.53918703157
2021-08-25,1647933.9068347365,303.4584361460584,10,-14794.32993493625,2021-08-25 00:00:00,5987.847932442342,1046697.6238891465,2046697.6238891464,-398763.7170544099
2021-08-26,1628527.030125752,303.4584361460584,10,-19406.876708984375,0,0.0,1046697.6238891465,2046697.6238891464,-418170.5937633943
2021-08-27,1632786.4637827275,50.11138862339431,10,4259.433656975394,2021-08-27 00:00:00,-6882.3133648904095,1039815.3105242561,2039815.310524256,-407028.8467415285
2021-08-30,1649900.3397076984,298.4550908464007,10,17113.875924970955,2021-08-30 00:00:00,-5963.133142441424,1033852.1773818147,2033852.1773818147,-383951.83767411625
2021-08-31,1650814.3251929216,43.95580815582071,10,913.9854852231219,2021-08-31 00:00:00,11406.829051171791,1045259.0064329865,2045259.0064329864,-394444.6812400648
2021-09-01,1645156.5980328307,26.409270165808262,10,-5657.727160090813,2021-09-01 00:00:00,-3540.809450435623,1041718.1969825509,2041718.196982551,-396561.59894972015
2021-09-02,1658504.370996219,86.06580899385153,10,13347.772963388357,2021-09-02 00:00:00,7206.827126437781,1048925.0241089887,2048925.0241089887,-390420.6531127696
2021-09-03,1680597.4279649083,86.06580899385153,10,22093.056968689198,0,0.0,1048925.0241089887,2048925.0241089887,-368327.5961440804
2021-09-06,1669183.3537804282,8786.020246187254,10,-11414.074184480123,2021-09-06 00:00:00,23750.88557335243,1072675.9096823412,2072675.9096823412,-403492.555901913
2021-09-07,1667004.6718068195,18493.330561168,10,-2178.6819736086763,2021-09-07 00:00:00,9718.315050251647,1082394.2247325927,2082394.2247325927,-415389.5529257732
2021-09-08,1689631.605906017,18493.330561168,10,22626.934099197388,0,0.0,1082394.2247325927,2082394.2247325927,-392762.6188265758
2021-09-09,1673248.875336168,8496.33086824161,10,-16382.73056984879,2021-09-09 00:00:00,-9081.868738369547,1073312.3559942232,2073312.3559942232,-400063.48065805505
2021-09-13,1662294.473920178,9757.518208812951,10,-10954.4014159902,2021-09-13 00:00:00,689.4050105671158,1074001.7610047902,2074001.7610047902,-411707.2870846123
2021-09-14,1678959.5540719775,12513.248159959738,10,16665.0801517996,2021-09-14 00:00:00,4417.198430204315,1078418.9594349945,2078418.9594349945,-399459.405363017
2021-09-15,1686026.149438218,12819.024218872655,10,7066.595366240479,2021-09-15 00:00:00,5933.918423023261,1084352.8778580178,2084352.8778580178,-398326.7284197998
2021-09-16,1683479.6942969454,7511.566114534013,10,-2546.4551412726287,2021-09-16 00:00:00,-3822.5039613425815,1080530.3738966752,2080530.3738966752,-397050.67959972983
2021-09-17,1658659.9159633894,20624.58703825643,10,-24819.778333555907,2021-09-17 00:00:00,7869.874142632153,1088400.2480393073,2088400.2480393073,-429740.33207591786
2021-09-20,1605761.2571515348,13630.342142989946,10,-52898.658811854664,2021-09-20 00:00:00,-20527.78353744251,1067872.4645018647,2067872.4645018647,-462111.20735032996
2021-09-21,1655110.3392187231,8437.90262280617,10,49349.08206718834,2021-09-21 00:00:00,2821.135035665363,1070693.5995375302,2070693.5995375302,-415583.2603188071
2021-09-22,1654813.2104492702,84.38422971134423,10,-297.12876945291646,2021-09-22 00:00:00,-1509.9237469078748,1069183.6757906224,2069183.6757906224,-414370.46534135216
2021-09-23,1666398.037587494,30.017361968930345,10,11584.827138223685,2021-09-23 00:00:00,-583.9820782302122,1068599.6937123921,2068599.6937123921,-402201.65612489823
2021-09-24,1656930.7379971675,3993.14949619089,10,-9467.29959032638,2021-09-24 00:00:00,6833.81016908273,1075433.503881475,2075433.503881475,-418502.76588430745
2021-09-27,1668393.3090652165,352.4530776675383,10,11462.571068048943,2021-09-27 00:00:00,5843.176712346289,1081276.6805938212,2081276.6805938212,-412883.37152860477
2021-09-28,1675701.5113050635,2476.2805349524715,10,7308.2022398470435,2021-09-28 00:00:00,1433.5954667644432,1082710.2760605856,2082710.2760605856,-407008.76475552213
2021-09-29,1714181.0834903405,28.93586155603407,10,38479.57218527701,2021-09-29 00:00:00,16059.312892002505,1098769.5889525882,2098769.588952588,-384588.5054622474
2021-09-30,1706926.6300761667,137.5292842356139,10,-7254.453414173797,2021-09-30 00:00:00,19265.03984495189,1118034.62879754,2118034.62879754,-411107.99872137327
2021-10-01,1721358.6039778353,7160.07886568323,10,14431.973901668563,2021-10-01 00:00:00,3855.095840754268,1121889.7246382942,2121889.7246382944,-400531.12066045916
2021-10-04,1710555.3198512956,12629.069599525536,10,-10803.284126539715,2021-10-04 00:00:00,9697.647231961599,1131587.3718702558,2131587.371870256,-421032.0520189605
2021-10-05,1718120.4755575545,9163.380365598918,10,7565.155706258956,2021-10-05 00:00:00,-2813.6854851109865,1128773.6863851447,2128773.6863851445,-410653.21082758997
2021-10-06,1695838.399150727,25835.358129380533,10,-22282.07640682743,2021-10-06 00:00:00,17474.74463138036,1146248.431016525,2146248.4310165253,-450410.03186579817
2021-10-07,1701183.3905663325,797.5065512491565,10,5344.991415605415,2021-10-07 00:00:00,-13972.708309097034,1132275.722707428,2132275.722707428,-431092.33214109554
2021-10-08,1724984.7165844266,1083.0045902554411,10,23801.326018094085,2021-10-08 00:00:00,-983.8668501513748,1131291.8558572766,2131291.8558572764,-406307.1392728498
2021-10-11,1765912.6253081893,61.32757869712077,10,40927.908723762725,2021-10-11 00:00:00,3659.7567942375017,1134951.6126515141,2134951.612651514,-369038.9873433246
2021-10-12,1805314.4542659528,12085.520172477554,10,39401.8289577635,2021-10-12 00:00:00,30176.46452903695,1165128.0771805511,2165128.0771805514,-359813.62291459856
2021-10-13,1794219.1903357564,255.4436297474313,10,-11095.263930196408,2021-10-13 00:00:00,20439.161263725513,1185567.2384442766,2185567.2384442766,-391348.0481085202
2021-10-14,1791038.0413851354,5.223053893772885,10,-3181.14895062102,2021-10-14 00:00:00,19380.159096363477,1204947.39754064,2204947.39754064,-413909.3561555047
2021-10-18,1818117.6032009476,7289.488822971965,10,27079.561815812252,2021-10-18 00:00:00,13763.234621505266,1218710.6321621453,2218710.6321621453,-400593.0289611977
2021-10-19,1770974.2171820002,19351.265257199357,10,-47143.386018947465,2021-10-19 00:00:00,26231.454674648172,1244942.0868367935,2244942.0868367935,-473967.8696547933
2021-10-20,1805225.20828694,6487.201526342687,10,34250.99110493972,2021-10-20 00:00:00,-462.1325275393847,1244479.9543092542,2244479.954309254,-439254.74602231407
2021-10-21,1847551.0738419427,4578.85656584645,10,42325.86555500282,2021-10-21 00:00:00,9619.116678409742,1254099.070987664,2254099.070987664,-406547.99714572146
2021-10-22,1846494.3975698124,23631.699937976373,10,-1056.6762721303385,2021-10-22 00:00:00,34444.82157753291,1288543.8925651968,2288543.892565197,-442049.4949953845
2021-10-25,1850595.0580710056,19768.08659540463,10,4100.660501193255,2021-10-25 00:00:00,1036.023143768014,1289579.915708965,2289579.9157089647,-438984.85763795907
2021-10-26,1911782.409882836,2926.5712388081597,10,61187.35181183042,2021-10-26 00:00:00,5180.72016540149,1294760.6358743664,2294760.6358743664,-382978.22599153034
2021-10-27,1889691.8081088704,24565.454810683208,10,-22090.601773965638,2021-10-27 00:00:00,34523.28927373243,1329283.9251480987,2329283.9251480987,-439592.1170392283
2021-10-28,1818953.30505199,17939.046404071443,10,-70738.50305688032,2021-10-28 00:00:00,-12067.730757904188,1317216.1943901945,2317216.1943901945,-498262.8893382044
2021-10-29,1935397.8731955693,1313.3115538763814,10,116444.56814357918,2021-10-29 00:00:00,1923.6751701994526,1319139.869560394,2319139.869560394,-383741.9963648247
2021-11-01,1933196.0803355584,3685.536420763208,10,-2201.7928600108717,2021-11-01 00:00:00,37225.20711022055,1356365.0766706145,2356365.0766706145,-423168.99633505614
2021-11-02,1911046.8725027416,1805.23936217773,10,-22149.207832816755,2021-11-02 00:00:00,3513.1497434426956,1359878.2264140572,2359878.2264140574,-448831.3539113158
2021-11-03,1875552.3493522948,10400.567919189256,10,-35494.523150446825,2021-11-03 00:00:00,3409.9543098295544,1363288.1807238867,2363288.180723887,-487735.8313715921
2021-11-04,1895216.9090563727,1828.652540870244,10,19664.559704077896,2021-11-04 00:00:00,-6228.152748681438,1357060.0279752053,2357060.0279752053,-461843.1189188326
2021-11-05,1910763.586429737,31.33299650961999,10,15546.677373364335,2021-11-05 00:00:00,-19638.112321620127,1337421.9156535852,2337421.9156535855,-426658.3292238484
2021-11-08,1919090.3471560057,220.07741876199725,10,8326.760726268636,2021-11-08 00:00:00,20323.814204829403,1357745.7298584147,2357745.7298584147,-438655.38270240906
2021-11-09,1903850.779774692,9.1200838352961,10,-15239.56738131377,2021-11-09 00:00:00,-9212.668085850331,1348533.0617725644,2348533.0617725644,-444682.2819978725
2021-11-10,1889948.1908734129,18582.86966827375,10,-13902.588901279029,2021-11-10 00:00:00,16340.661673128927,1364873.7234456933,2364873.723445693,-474925.53257228015
2021-11-11,1894912.328523921,5493.907785700809,10,4964.137650508201,2021-11-11 00:00:00,-9527.437157913071,1355346.2862877802,2355346.28628778,-460433.95776385884
2021-11-12,1892976.6683119652,10880.931903731718,10,-1935.6602119558956,2021-11-12 00:00:00,3462.5288042509937,1358808.8150920311,2358808.815092031,-465832.1467800657
2021-11-15,1888390.8437705224,3140.738164442999,10,-4585.824541442795,2021-11-15 00:00:00,-9133.893170522228,1349674.9219215089,2349674.921921509,-461284.07815098646
2021-11-16,1872974.7298421825,0.5070333446201403,10,-15416.11392833991,2021-11-16 00:00:00,1161.6896819739259,1350836.6116034829,2350836.6116034826,-477861.88176130014
2021-11-17,1864750.8230921852,6673.626452170778,10,-8223.906749997288,2021-11-17 00:00:00,2991.2236142532665,1353827.8352177362,2353827.835217736,-489077.012125551
2021-11-18,1833731.8956614216,5084.987984724779,10,-31018.927430763608,2021-11-18 00:00:00,-12703.237812021409,1341124.5974057147,2341124.597405715,-507392.7017442933
2021-11-22,1803199.824692065,8550.674660021527,10,-30532.07096935669,2021-11-22 00:00:00,-3879.1677499377793,1337245.4296557768,2337245.429655777,-534045.6049637119
2021-11-23,1880770.01310544,17454.72207646366,10,77570.18841337506,2021-11-23 00:00:00,4089.63096494044,1341335.0606207172,2341335.0606207172,-460565.0475152773
2021-11-24,1852875.8509068857,4966.849728144065,10,-27894.16219855426,2021-11-24 00:00:00,20735.136203636906,1362070.1968243541,2362070.196824354,-509194.3459174684
2021-11-25,1857637.547955104,59.126740046660416,10,4761.697048218222,2021-11-25 00:00:00,-14925.58106942295,1347144.6157549312,2347144.6157549312,-489507.0677998273
2021-11-26,1794884.946437127,19749.51608968427,10,-62752.60151797696,2021-11-26 00:00:00,7371.687392081629,1354516.3031470128,2354516.303147013,-559631.3567098859
2021-11-29,1816976.7157003616,17508.717249128793,10,22091.769263234688,2021-11-29 00:00:00,-9991.17765171902,1344525.1254952939,2344525.125495294,-527548.4097949325
2021-11-30,1843452.2658475067,4.841007533308584,10,26475.550147145055,2021-11-30 00:00:00,4283.153421559262,1348808.2789168532,2348808.2789168535,-505356.0130693468
2021-12-01,1855297.7733209864,10873.427739931823,10,11845.507473479724,2021-12-01 00:00:00,21808.406173027535,1370616.6850898808,2370616.6850898806,-515318.9117688942
2021-12-02,1881985.9830358976,6752.659217691049,10,26688.20971491118,2021-12-02 00:00:00,15885.560151584734,1386502.2452414655,2386502.2452414655,-504516.2622055679
2021-12-03,1865853.747597448,5250.152413121774,10,-16132.235438449541,2021-12-03 00:00:00,3587.0005394520476,1390089.2457809176,2390089.245780918,-524235.49818346975
2021-12-06,1871803.1296037708,12290.065913585306,10,5949.382006322732,2021-12-06 00:00:00,16709.830906603715,1406799.0766875213,2406799.0766875213,-534995.9470837505
2021-12-07,1889903.05149114,42.76547276851488,10,18099.921887369128,2021-12-07 00:00:00,1446.9688403003684,1408246.0455278216,2408246.0455278214,-518342.9940366815
2021-12-08,1900049.2758668696,77.83996141320677,10,10146.224375729682,2021-12-08 00:00:00,-6200.370395031523,1402045.67513279,2402045.67513279,-501996.3992659205
2021-12-09,1914669.7715980036,23868.301872394422,10,14620.495731133968,2021-12-09 00:00:00,25979.793807849645,1428025.4689406399,2428025.46894064,-513355.6973426363
2021-12-10,1901133.120745204,30787.143396876578,10,-13536.650852799648,2021-12-10 00:00:00,6638.588795174164,1434664.057735814,2434664.057735814,-533530.9369906099
2021-12-13,1913354.828924173,24609.24061393124,10,12221.7081789691,2021-12-13 00:00:00,-6380.883042781205,1428283.1746930329,2428283.174693033,-514928.3457688601
2021-12-14,1947004.432689482,22703.02823238974,10,33649.60376530909,2021-12-14 00:00:00,24563.99192196478,1452847.1666149977,2452847.1666149977,-505842.73392551555
2021-12-15,1929953.5949231389,36272.77592289471,10,-17050.837766343262,2021-12-15 00:00:00,14556.264269822157,1467403.4308848197,2467403.4308848195,-537449.8359616806
2021-12-16,1949529.9383443568,11240.705327389003,10,19576.343421217985,2021-12-16 00:00:00,-2277.630952018283,1465125.7999328014,2465125.799932801,-515595.8615884443
2021-12-17,1944862.2254077145,42692.838754291006,10,-4667.712936642347,2021-12-17 00:00:00,35975.819786745895,1501101.6197195472,2501101.619719547,-556239.3943118327
2021-12-20,1902498.6576048904,40872.3090636305,10,-42363.56780282408,2021-12-20 00:00:00,-14058.64699691741,1487042.9727226298,2487042.97272263,-584544.3151177396
2021-12-21,1941860.1730419332,680.7219234642398,10,39361.515437042806,2021-12-21 00:00:00,-32405.783513227085,1454637.1892094028,2454637.1892094025,-512777.0161674693
2021-12-22,1949498.558106128,1799.06299480499,10,7638.385064194677,2021-12-22 00:00:00,9903.715573781861,1464540.9047831846,2464540.9047831846,-515042.34667705675
2021-12-23,1959064.9778873343,2595.3381646526395,10,9566.419781206409,2021-12-23 00:00:00,5085.815568258544,1469626.7203514432,2469626.720351443,-510561.74246410886
2021-12-24,1986580.002888007,11620.325297779493,10,27515.025000672787,2021-12-24 00:00:00,18896.701751129807,1488523.4221025729,2488523.422102573,-501943.4192145658
2021-12-27,1983285.9873900304,8385.044019210967,10,-3294.015497976681,2021-12-27 00:00:00,6627.757074042678,1495151.1791766156,2495151.1791766156,-511865.19178658514
2021-12-28,1989007.5619283067,2954.427765403874,10,5721.574538276298,2021-12-28 00:00:00,-657.3247888317676,1494493.8543877837,2494493.8543877834,-505486.29245947674
2021-12-29,1984191.6694549045,9414.314451547456,10,-4815.8924734022,2021-12-29 00:00:00,12895.71565670691,1507389.5700444905,2507389.5700444905,-523197.900589586
2021-12-30,1987421.447966536,7667.7736386857,10,3229.7785116315354,2021-12-30 00:00:00,-1852.169623785155,1505537.4004207053,2505537.4004207053,-518115.9524541693
2021-12-31,1975775.0416288704,3530.4338941903843,10,-11646.406337665627,2021-12-31 00:00:00,-2304.3559034679283,1503233.0445172375,2503233.0445172377,-527458.0028883673
2022-01-03,1926928.3359051032,4059.103567151644,10,-48846.70572376717,2022-01-03 00:00:00,185.47254996400807,1503418.5170672014,2503418.5170672014,-576490.1811620982
2022-01-04,1916152.8012270145,13783.853021066405,10,-10775.534678088734,2022-01-04 00:00:00,-7983.746424982808,1495434.7706422186,2495434.7706422186,-579281.9694152041
2022-01-05,1919066.6374553377,4398.356067665009,10,2913.836228323169,2022-01-05 00:00:00,-12150.37710453071,1483284.3935376878,2483284.393537688,-564217.7560823504
2022-01-06,1944659.651401512,37.209466926025925,10,25593.01394617441,2022-01-06 00:00:00,-7473.166646477164,1475811.2268912108,2475811.226891211,-531151.5754896987
2022-01-07,1950217.7210855023,30.92400260118302,10,5558.069683990208,2022-01-07 00:00:00,-2444.340222403004,1473366.8866688078,2473366.886668808,-523149.1655833055
2022-01-10,1964937.4812103896,4169.67753569191,10,14719.76012488734,2022-01-10 00:00:00,20593.459708233397,1493960.3463770412,2493960.346377041,-529022.8651666516
2022-01-11,1960651.2973720809,8928.257165171613,10,-4286.183838308789,2022-01-11 00:00:00,25445.71813662281,1519406.064513664,2519406.0645136638,-558754.7671415829
2022-01-12,1964184.455665077,10071.749907935911,10,3533.1582929962315,2022-01-12 00:00:00,-551.5392399997168,1518854.5252736644,2518854.5252736644,-554670.0696085873
2022-01-13,1950400.3215177355,10423.129890232813,10,-13784.134147341596,2022-01-13 00:00:00,-1266.2221609567541,1517588.3031127076,2517588.3031127076,-567187.9815949721
2022-01-14,1979170.882675351,194.1608812227205,10,28770.561157615623,2022-01-14 00:00:00,1307.91578222906,1518896.2188949366,2518896.2188949366,-539725.3362195855
2022-01-17,1978590.561033516,17.42375019044266,10,-580.3216418351512,2022-01-17 00:00:00,6780.902634705993,1525677.1215296425,2525677.1215296425,-547086.5604961265
2022-01-18,1959060.270553608,16130.311564464297,10,-19530.290479908,2022-01-18 00:00:00,22905.41875327273,1548582.540282915,2548582.5402829153,-589522.2697293074
2022-01-19,2024038.9118308777,325.6872615569446,10,64978.64127726969,2022-01-19 00:00:00,659.5431081187016,1549242.0833910338,2549242.083391034,-525203.1715601564
2022-01-20,2006107.74478787,78.38165539319743,10,-17931.167043007677,2022-01-20 00:00:00,1983.2006647263916,1551225.2840557601,2551225.28405576,-545117.5392678902
2022-01-21,1968568.71125645,11070.033773845178,10,-37539.03353141993,2022-01-21 00:00:00,149.97717935105447,1551375.2612351112,2551375.2612351114,-582806.5499786614
2022-01-24,1956441.5690694617,1890.8921399878452,10,-12127.142186988378,2022-01-24 00:00:00,-16178.370221590785,1535196.8910135203,2535196.8910135203,-578755.3219440586
2022-01-25,2050721.478240779,26.26596050534863,10,94279.90917131724,2022-01-25 00:00:00,25031.472240580304,1560228.3632541005,2560228.3632541005,-509506.88501332165
2022-01-27,2039102.087541704,262.3253804492415,10,-11619.390699074836,2022-01-27 00:00:00,18751.524445804105,1578979.8876999046,2578979.887699905,-539877.8001582008
2022-01-28,2014002.530810576,5519.078898645064,10,-25099.556731128134,2022-01-28 00:00:00,10265.237046298225,1589245.124746203,2589245.124746203,-575242.593935627
2022-01-31,2001365.698372684,6443.348847227695,10,-12636.832437891979,2022-01-31 00:00:00,-4490.098156219588,1584755.0265899834,2584755.026589983,-583389.3282172992
2022-02-01,1942952.8551540344,5481.799674979789,10,-58412.843218649505,2022-02-01 00:00:00,-4300.777190900935,1580454.2493990825,2580454.2493990827,-637501.3942450483
2022-02-02,1973991.1373100309,29.12612152376096,10,31038.28215599642,2022-02-02 00:00:00,-19056.424144180244,1561397.8252549022,2561397.8252549022,-587406.6879448714
2022-02-03,1991645.626518421,6081.116898708511,10,17654.489208390238,2022-02-03 00:00:00,8620.12330312585,1570017.948558028,2570017.948558028,-578372.3220396067
2022-02-04,1973126.3423910656,21045.831423810858,10,-18519.284127355553,2022-02-04 00:00:00,16972.63951532193,1586990.58807335,2586990.58807335,-613864.2456822845
2022-02-07,1972017.859964088,16541.5703503642,10,-1108.4824269774836,2022-02-07 00:00:00,-3849.845396514834,1583140.7426768353,2583140.7426768355,-611122.8827127474
2022-02-08,1993677.975465585,7335.568364907551,10,21660.11550149694,2022-02-08 00:00:00,-4070.3566599309884,1579070.3860169044,2579070.3860169044,-585392.4105513194
2022-02-09,1999782.496144384,94.39937505070702,10,6104.520678798901,2022-02-09 00:00:00,3511.542157773836,1582581.9281746782,2582581.9281746782,-582799.4320302943
2022-02-10,2013818.8260998796,403.4527230329695,10,14036.329955495661,2022-02-10 00:00:00,7852.283193480151,1590434.2113681585,2590434.2113681585,-576615.3852682789
2022-02-11,2009172.002098608,11110.559176015491,10,-4646.8240012715105,2022-02-11 00:00:00,14050.732291471635,1604484.9436596301,2604484.94365963,-595312.9415610221
2022-02-14,1938962.8938775533,11110.559176015491,10,-70209.10822105478,0,0.0,1604484.9436596301,2604484.94365963,-665522.0497820769
2022-02-15,1991892.051323569,419.4823924994271,10,52929.157446015626,2022-02-15 00:00:00,-43363.741218683135,1561121.202440947,2561121.2024409473,-569229.1511173784
2022-02-16,1970691.5522029533,3986.65267826477,10,-21200.499120615656,2022-02-16 00:00:00,23218.863090392213,1584340.0655313393,2584340.0655313395,-613648.5133283862
2022-02-17,1952056.056729563,964.2918560583494,10,-18635.495473390212,2022-02-17 00:00:00,-9710.126454287463,1574629.9390770518,2574629.939077052,-622573.8823474888
2022-02-18,1959928.8069667693,28.58589838721673,10,7872.75023720623,2022-02-18 00:00:00,4753.257655493818,1579383.1967325457,2579383.1967325457,-619454.3897657765
2022-02-21,2000144.4198985824,46.963813377253246,10,40215.61293181311,2022-02-21 00:00:00,2850.284087086531,1582233.4808196323,2582233.4808196323,-582089.0609210499
2022-02-22,1990232.7951498176,11964.217503562191,10,-9911.624748764792,2022-02-22 00:00:00,17716.70713279695,1599950.1879524293,2599950.187952429,-609717.3928026115
2022-02-23,2006905.0492595555,19705.239448916956,10,16672.25410973793,2022-02-23 00:00:00,12858.201300954022,1612808.3892533833,2612808.3892533835,-605903.339993828
2022-02-24,2068662.5516666293,19705.239448916956,10,61757.50240707374,0,0.0,1612808.3892533833,2612808.3892533835,-544145.8375867542
2022-02-25,2006571.2089996368,179.8077929263236,10,-62091.34266699245,2022-02-25 00:00:00,6185.254302590855,1618993.6435559741,2618993.643555974,-612422.4345563373
2022-02-28,2061807.1892934148,2069.7240071599954,10,55235.980293778004,2022-02-28 00:00:00,22515.94847180482,1641509.592027779,2641509.5920277787,-579702.4027343639
2022-03-02,2057295.5519488372,9183.191655158182,10,-4511.637344577583,2022-03-02 00:00:00,14575.00653599554,1656084.5985637745,2656084.5985637745,-598789.0466149373
2022-03-03,2068613.2214611587,51.95406995396479,10,11317.669512321474,2022-03-03 00:00:00,-3285.830561357532,1652798.768002417,2652798.768002417,-584185.5465412582
2022-03-04,2011886.499999726,8719.211826050741,10,-56726.72146143275,2022-03-04 00:00:00,-695.5291457188941,1652103.2388566982,2652103.2388566984,-640216.7388569724
2022-03-07,1991042.7237913916,20610.51094654281,10,-20843.77620833437,2022-03-07 00:00:00,-2638.241566593606,1649464.9972901046,2649464.9972901046,-658422.273498713
2022-03-08,1989186.184535693,7274.620776842989,10,-1856.5392556986772,2022-03-08 00:00:00,-21822.119211311932,1627642.8780787927,2627642.8780787927,-638456.6935430998
2022-03-09,1979035.629651811,16008.585218217224,10,-10150.554883881938,2022-03-09 00:00:00,-1555.9143120976896,1626086.963766695,2626086.963766695,-647051.334114884
2022-03-10,2029809.8837779968,322.3488698313013,10,50774.254126185784,2022-03-10 00:00:00,-11901.247166979325,1614185.7165997156,2614185.716599716,-584375.8328217191
2022-03-11,2007804.8316915487,128.74401279594167,10,-22005.052086448064,2022-03-11 00:00:00,21711.762340100366,1635897.478939816,2635897.478939816,-628092.6472482672
2022-03-14,1981045.5573553485,2830.2531171847368,10,-26759.274336200207,2022-03-14 00:00:00,855.8606892757616,1636753.3396290916,2636753.3396290913,-655707.7822737428
2022-03-15,1975411.7741071533,10.856253338977696,10,-5633.783248195192,2022-03-15 00:00:00,-10553.377281967429,1626199.9623471242,2626199.9623471242,-650788.188239971
2022-03-16,1962329.905265821,43.78718805799144,10,-13081.868841332383,2022-03-16 00:00:00,-17389.87164129845,1608810.0907058257,2608810.090705826,-646480.185440005
2022-03-17,1960540.6543390208,435.3017273752776,10,-1789.2509268000722,2022-03-17 00:00:00,-9657.266172161902,1599152.824533664,2599152.8245336637,-638612.1701946429
2022-03-21,1926840.8924260184,3242.79283705182,10,-33699.76191300247,2022-03-21 00:00:00,-13129.289051520635,1586023.5354821433,2586023.535482143,-659182.6430561247
2022-03-22,1952794.2336612956,12720.809166932915,10,25953.341235277243,2022-03-22 00:00:00,5342.164092493296,1591365.6995746365,2591365.6995746363,-638571.4659133407
2022-03-23,1954255.226724838,5344.1297947152925,10,1460.9930635422934,2022-03-23 00:00:00,-7854.857394584123,1583510.8421800523,2583510.8421800523,-629255.6154552144
2022-03-24,1966570.0824803133,412.6622189304908,10,12314.85575547535,2022-03-24 00:00:00,-46.67998882873144,1583464.1621912236,2583464.1621912234,-616894.0797109101
2022-03-25,1981172.2248028608,4865.186335454055,10,14602.142322547501,2022-03-25 00:00:00,15481.722753457921,1598945.8849446815,2598945.8849446815,-617773.6601418208
2022-03-28,1999951.000526336,13163.77364721612,10,18778.775723475264,2022-03-28 00:00:00,11850.851651165714,1610796.7365958472,2610796.736595847,-610845.7360695112
2022-03-29,2005952.290329872,14231.408791480671,10,6001.28980353591,2022-03-29 00:00:00,16451.559485656093,1627248.2960815034,2627248.2960815034,-621296.0057516315
2022-03-30,1982053.9777338328,19211.980373603237,10,-23898.312596039148,2022-03-30 00:00:00,14079.545511632045,1641327.8415931354,2641327.841593135,-659273.8638593024
2022-03-31,1975461.2639127583,7232.057652077114,10,-6592.71382107446,2022-03-31 00:00:00,-13816.488608501943,1627511.3529846335,2627511.3529846333,-652050.089071875
2022-04-01,2006139.292163964,117.69423305548844,10,30678.02825120557,2022-04-01 00:00:00,-9110.674941520789,1618400.6780431126,2618400.6780431126,-612261.3858791487
2022-04-04,1996393.9689559056,6317.66355887198,10,-9745.323208058253,2022-04-04 00:00:00,20705.447506976117,1639106.1255500887,2639106.1255500885,-642712.1565941828
2022-04-05,2017858.5454142345,59.17667415246251,10,21464.57645832887,2022-04-05 00:00:00,-508.2741286410692,1638597.8514214477,2638597.8514214475,-620739.306007213
2022-04-06,2010073.969238536,7971.388970630069,10,-7784.576175698545,2022-04-06 00:00:00,14576.236638776543,1653174.0880602242,2653174.0880602244,-643100.1188216885
2022-04-07,2034909.315184533,1209.3372687688095,10,24835.34594599693,2022-04-07 00:00:00,5077.332592476655,1658251.4206527008,2658251.4206527006,-623342.1054681677
2022-04-08,2055257.2562403032,16.951426918269135,10,20347.941055770265,2022-04-08 00:00:00,31808.708431616484,1690060.1290843172,2690060.129084317,-634802.8728440139
2022-04-11,2025521.5005148984,2578.9923323728726,10,-29735.755725404713,2022-04-11 00:00:00,1290.291558197404,1691350.4206425147,2691350.4206425147,-665828.9201276163
2022-04-12,2009165.3820391924,1354.937512519944,10,-16356.118475706084,2022-04-12 00:00:00,-5949.903589225212,1685400.5170532896,2685400.5170532893,-676235.135014097
2022-04-13,1995628.53266167,698.1617205076909,10,-13536.849377522478,2022-04-13 00:00:00,698.7740876813414,1686099.291140971,2686099.291140971,-690470.7584793009
2022-04-18,1950620.7612146223,1940.4592508162025,10,-45007.77144704759,2022-04-18 00:00:00,-17917.61543067709,1668181.675710294,2668181.675710294,-717560.9144956716
2022-04-19,1944970.7058550224,46.666998515866,10,-5650.055359599879,2022-04-19 00:00:00,-27030.783307528327,1641150.8924027656,2641150.8924027653,-696180.1865477429
2022-04-20,1964784.728473008,13388.553127586987,10,19814.022617985494,2022-04-20 00:00:00,9189.672575808743,1650340.5649785744,2650340.5649785744,-685555.8365055665
2022-04-21,1981018.2914478437,30645.45715066319,10,16233.562974835746,2022-04-21 00:00:00,17769.33836124707,1668109.9033398214,2668109.9033398214,-687091.6118919777
2022-04-22,1952800.5017116608,27836.93505364083,10,-28217.789736182895,2022-04-22 00:00:00,-3804.083291063276,1664305.820048758,2664305.820048758,-711505.3183370971
2022-04-25,1933894.3893107688,3312.0770396506414,10,-18906.112400891958,2022-04-25 00:00:00,-4114.7193203302195,1660191.1007284278,2660191.100728428,-726296.7114176592
2022-04-26,1928725.3291485808,11.319691946089732,10,-5169.06016218802,2022-04-26 00:00:00,-23130.492880981732,1637060.607847446,2637060.607847446,-708335.2786988653
2022-04-27,1917412.519386812,37.477982087788405,10,-11312.809761768673,2022-04-27 00:00:00,-3739.213697545113,1633321.394149901,2633321.3941499013,-715908.8747630892
2022-04-28,1926274.716090532,50.91676649605506,10,8862.196703719907,2022-04-28 00:00:00,-12857.518282224886,1620463.8758676762,2620463.875867676,-694189.159777144
2022-04-29,1939639.4483269448,475.634873270581,10,13364.73223641282,2022-04-29 00:00:00,15239.652066277878,1635703.527933954,2635703.5279339543,-696064.0796070094
2022-05-02,1964245.488680259,1497.620130912168,10,24606.040353314253,2022-05-02 00:00:00,10353.832393549012,1646057.360327503,2646057.3603275027,-681811.8716472436
2022-05-04,1943518.2437031025,1564.2107898943068,10,-20727.24497715663,2022-05-04 00:00:00,1688.2387830767398,1647745.5991105796,2647745.5991105796,-704227.3554074771
2022-05-05,2004958.2155389583,113.71403978249872,10,61439.97183585586,2022-05-05 00:00:00,6121.909045724025,1653867.5081563035,2653867.5081563033,-648909.292617345
2022-05-06,1997924.51860901,2291.1801652541617,10,-7033.696929948404,2022-05-06 00:00:00,26279.760958646842,1680147.2691149504,2680147.2691149507,-682222.7505059408
2022-05-09,1984946.304757452,31.9027312755934,10,-12978.213851557812,2022-05-09 00:00:00,6961.4284948094955,1687108.6976097599,2687108.69760976,-702162.3928523078
2022-05-10,1950426.6575145908,4688.314479846827,10,-34519.647242861334,2022-05-10 00:00:00,-6949.545860136869,1680159.151749623,2680159.151749623,-729732.4942350322
2022-05-11,1986232.2997369797,66.10135746296146,10,35805.64222238888,2022-05-11 00:00:00,11730.411664668427,1691889.5634142915,2691889.5634142915,-705657.2636773118
2022-05-12,1989884.4399515549,9765.214651719609,10,3652.1402145752218,2022-05-12 00:00:00,28821.273956469107,1720710.8373707605,2720710.8373707607,-730826.3974192059
2022-05-13,1999866.410748297,9722.616551214916,10,9981.970796742244,2022-05-13 00:00:00,1336.4851118526012,1722047.3224826131,2722047.322482613,-722180.9117343158
2022-05-16,2024105.8265043884,382.08446089786594,10,24239.415756091243,2022-05-16 00:00:00,14990.937125558557,1737038.2596081716,2737038.259608172,-712932.4331037835
2022-05-17,1972674.3607469173,16866.252703246573,10,-51431.46575747104,2022-05-17 00:00:00,558.6471171038938,1737596.9067252756,2737596.9067252753,-764922.545978358
2022-05-18,2027950.1743959489,27138.56202259651,10,55275.81364903157,2022-05-18 00:00:00,17709.014946791835,1755305.9216720674,2755305.9216720676,-727355.7472761187
2022-05-19,2036018.4228480775,15403.39944490994,10,8068.24845212861,2022-05-19 00:00:00,-4072.552911591065,1751233.3687604764,2751233.3687604764,-715214.9459123989
2022-05-20,2054381.8012743995,2493.3222518146504,10,18363.378426322015,2022-05-20 00:00:00,16091.40599129602,1767324.7747517724,2767324.774751772,-712942.9734773727
2022-05-23,2068001.7309123497,5953.521119653771,10,13619.929637950147,2022-05-23 00:00:00,10741.026587470235,1778065.8013392426,2778065.8013392426,-710064.070426893
2022-05-24,2058428.031123523,5476.474686425412,10,-9573.69978882675,2022-05-24 00:00:00,11824.909388367392,1789890.71072761,2789890.7107276097,-731462.6796040868
2022-05-25,2097569.128623609,23655.000293773075,10,39141.09750008606,2022-05-25 00:00:00,33184.12008865631,1823074.8308162661,2823074.830816266,-725505.7021926572
2022-05-26,2072560.2848445785,32258.49512253044,10,-25008.84377903049,2022-05-26 00:00:00,7197.524062125591,1830272.3548783916,2830272.3548783916,-757712.0700338131
2022-05-27,2059036.5164598096,18746.04639968325,10,-13523.76838476886,2022-05-27 00:00:00,-22591.878754264475,1807680.4761241272,2807680.4761241274,-748643.9596643178
2022-05-30,2060635.0572279312,49.3910368300858,10,1598.540768121602,2022-05-30 00:00:00,-22881.451994638686,1784799.0241294885,2784799.0241294885,-724163.9669015573
2022-05-31,2058954.1687485403,12860.879263562354,10,-1680.88847939088,2022-05-31 00:00:00,12582.872238136559,1797381.896367625,2797381.8963676253,-738427.727619085
2022-06-01,2084646.842033929,6783.52687889972,10,25692.67328538862,2022-06-01 00:00:00,-4387.217592786365,1792994.6787748388,2792994.678774839,-708347.8367409098
2022-06-02,2072708.3205899128,361.0901287921879,10,-11938.521444016136,2022-06-02 00:00:00,-8249.451968847596,1784745.2268059913,2784745.2268059915,-712036.9062160787
2022-06-03,2059451.2653415315,45.02352405685815,10,-13257.055248381337,2022-06-03 00:00:00,-4087.3341598275947,1780657.8926461637,2780657.8926461637,-721206.6273046322
2022-06-06,2062440.8240858177,962.2474828818232,10,2989.558744286187,2022-06-06 00:00:00,4743.017352288872,1785400.9099984525,2785400.9099984523,-722960.0859126346
2022-06-07,2092023.6230012896,124.26725168240957,10,29582.79891547188,2022-06-07 00:00:00,-6910.5990208365565,1778490.3109776159,2778490.310977616,-686466.6879763263
2022-06-08,2074263.462424939,12047.175559704774,10,-17760.16057635052,2022-06-08 00:00:00,12375.345594252622,1790865.6565718686,2790865.656571869,-716602.1941469298
2022-06-09,2088741.8880066243,1997.900824007433,10,14478.425581685267,2022-06-09 00:00:00,11187.326146421081,1802052.9827182896,2802052.98271829,-713311.0947116655
2022-06-10,2101895.7057403894,1997.900824007433,10,13153.817733765114,0,0.0,1802052.9827182896,2802052.98271829,-700157.2769779004
2022-06-13,2076226.350690571,19214.029855457196,10,-25669.35504981852,2022-06-13 00:00:00,16578.743018468413,1818631.725736758,2818631.7257367577,-742405.3750461868
2022-06-14,2085266.384164832,9804.285635016133,10,9040.033474261174,2022-06-14 00:00:00,-2624.3835683650486,1816007.3421683928,2816007.3421683926,-730740.9580035605
2022-06-15,2096615.772089688,29344.16113921817,10,11349.38792485604,2022-06-15 00:00:00,22149.47923360979,1838156.8214020026,2838156.8214020026,-741541.0493123145
2022-06-16,2113568.540377512,26657.51915253588,10,16952.768287824,2022-06-16 00:00:00,-871.175220598143,1837285.6461814044,2837285.6461814046,-723717.1058038925
2022-06-17,2111786.8948334367,82.85462652769638,10,-1781.645544075407,2022-06-17 00:00:00,-2476.590091402808,1834809.0560900015,2834809.0560900015,-723022.1612565648
2022-06-20,2135320.235550852,55.47973725319025,10,23533.340717415325,2022-06-20 00:00:00,-10521.237464887183,1824287.8186251144,2824287.8186251144,-688967.5830742624
2022-06-21,2176545.564817711,5104.989965244342,10,41225.32926685875,2022-06-21 00:00:00,45801.67758577511,1870089.4962108894,2870089.4962108894,-693543.9313931786
2022-06-22,2165420.3782788166,2803.443052852963,10,-11125.186538894195,2022-06-22 00:00:00,14158.22924000008,1884247.7254508894,2884247.725450889,-718827.3471720726
2022-06-23,2157498.625993526,9858.761852538735,10,-7921.7522852905095,2022-06-23 00:00:00,6468.8364399065385,1890716.561890796,2890716.561890796,-733217.9358972698
2022-06-24,2163931.679074701,9449.378634389606,10,6433.053081174847,2022-06-24 00:00:00,1975.2579238840258,1892691.8198146801,2892691.81981468,-728760.1407399792
2022-06-27,2178463.5106300632,1246.227558068378,10,14531.831555362325,2022-06-27 00:00:00,-6269.238380834158,1886422.581433846,2886422.5814338457,-707959.0708037824
2022-06-28,2146780.015568718,3049.93946550737,10,-31683.4950613454,2022-06-28 00:00:00,-1563.2344427530415,1884859.346991093,2884859.346991093,-738079.331422375
2022-06-29,2170747.568922113,390.636770318728,10,23967.553353395313,2022-06-29 00:00:00,-1739.6883788670548,1883119.658612226,2883119.658612226,-712372.089690113
2022-06-30,2182370.921852468,3373.8126987204887,10,11623.352930354886,2022-06-30 00:00:00,5722.536772238546,1888842.1953844645,2888842.195384464,-706471.2735319962
2022-07-01,2162505.0837427457,10532.27192939096,10,-19865.83810972236,2022-07-01 00:00:00,12121.003563546914,1900963.1989480113,2900963.1989480113,-738458.1152052656
2022-07-04,2186560.513497625,49.74967316255788,10,24055.429754879326,2022-07-04 00:00:00,-1543.4393037283971,1899419.759644283,2899419.759644283,-712859.246146658
2022-07-05,2204368.5605033524,7570.300751079019,10,17808.04700572742,2022-07-05 00:00:00,15348.413969567517,1914768.1736138505,2914768.1736138505,-710399.6131104981
2022-07-06,2203710.472022875,4020.6024607261934,10,-658.0884804772213,2022-07-06 00:00:00,4738.236887756266,1919506.4105016068,2919506.4105016068,-715795.9384787316
2022-07-07,2194047.9370564325,25432.77149857109,10,-9662.534966442734,2022-07-07 00:00:00,20570.151018748784,1940076.5615203555,2940076.5615203558,-746028.6244639233
2022-07-08,2234507.645566311,451.0592553516326,10,40459.70850987872,2022-07-08 00:00:00,-10698.293856930693,1929378.2676634248,2929378.267663425,-694870.6220971136
2022-07-11,2224618.337341132,4243.875101293932,10,-9889.308225179091,2022-07-11 00:00:00,5845.626569452439,1935223.8942328773,2935223.8942328775,-710605.5568917454
2022-07-12,2227451.116051096,3410.8784807143675,10,2832.7787099638954,2022-07-12 00:00:00,18898.15788647694,1954122.0521193543,2954122.0521193543,-726670.9360682582
2022-07-13,2253862.1045201924,14.550347103737296,10,26410.988469096366,2022-07-13 00:00:00,1004.1658382699748,1955126.2179576242,2955126.2179576242,-701264.1134374319
2022-07-14,2288566.860088595,4069.1035906393954,10,34704.75556840282,2022-07-14 00:00:00,13888.958326009617,1969015.1762836338,2969015.176283634,-680448.3161950386
2022-07-15,2289841.462811908,12273.91352258582,10,1274.6027233130299,2022-07-15 00:00:00,24460.532187438566,1993475.7084710724,2993475.7084710724,-703634.2456591642
2022-07-18,2289856.5623205155,17370.168705173855,10,15.09950860729441,2022-07-18 00:00:00,11985.872781435446,2005461.5812525079,3005461.581252508,-715605.0189319924
2022-07-19,2302382.559626733,24978.35879093234,10,12525.99730621744,2022-07-19 00:00:00,16742.98609838745,2022204.5673508954,3022204.567350895,-719822.0077241622
2022-07-20,2303079.8535493584,12969.17338730942,10,697.2939226254821,2022-07-20 00:00:00,-7013.338840956785,2015191.2285099386,3015191.2285099383,-712111.3749605799
2022-07-21,2294644.2029726706,159.82081057634787,10,-8435.650576687884,2022-07-21 00:00:00,-5858.655818542778,2009332.5726913959,3009332.572691396,-714688.3697187253
2022-07-22,2304538.5065013263,5715.728242049139,10,9894.303528655786,2022-07-22 00:00:00,14421.604289790692,2023754.1769811865,3023754.1769811865,-719215.6704798602
2022-07-25,2358719.2760650013,5715.728242049139,10,54180.76956367493,0,0.0,2023754.1769811865,3023754.1769811865,-665034.9009161852
2022-07-26,2311658.260613375,20265.028520517637,10,-47061.01545162639,2022-07-26 00:00:00,17705.25037146249,2041459.427352649,3041459.427352649,-729801.1667392743
2022-07-27,2305836.819954805,20265.028520517637,10,-5821.440658569802,0,0.0,2041459.427352649,3041459.427352649,-735622.6073978441
2022-07-28,2259561.97904912,9148.611429605631,10,-46274.84090568498,2022-07-28 00:00:00,-6585.326104414265,2034874.1012482347,3034874.1012482345,-775312.1221991144
2022-07-29,2249937.766587,22.853684167843312,10,-9624.212462120224,2022-07-29 00:00:00,-6733.219475402488,2028140.8817728322,3028140.881772832,-778203.1151858321
2022-08-01,2273432.7272227155,55.219829832116375,10,23494.96063571563,2022-08-01 00:00:00,-11949.58226353323,2016191.299509299,3016191.299509299,-742758.5722865835
2022-08-02,2309327.2255063327,57.44742253125878,10,35894.4982836172,2022-08-02 00:00:00,-12137.688856876477,2004053.6106524225,3004053.6106524225,-694726.3851460898
2022-08-03,2302380.315895162,4639.24108322672,10,-6946.909611170646,2022-08-03 00:00:00,37071.11391943061,2041124.7245718532,3041124.724571853,-738744.4086766909
2022-08-04,2301505.8887334857,10657.950461009692,10,-874.4271616763435,2022-08-04 00:00:00,6116.433230328363,2047241.1578021816,3047241.1578021813,-745735.2690686956
2022-08-05,2292640.0773485056,22.492828165501123,10,-8865.811384980101,2022-08-05 00:00:00,-15584.94668860374,2031656.2111135777,3031656.2111135777,-739016.1337650721
2022-08-08,2299217.403836773,37.1583724480588,10,6577.326488267165,2022-08-08 00:00:00,1525.2080596414362,2033181.4191732192,3033181.4191732192,-733964.0153364465
2022-08-10,2289085.2559584584,60.08957662258763,10,-10132.147878314368,2022-08-10 00:00:00,2772.4366164478597,2035953.855789667,3035953.855789667,-746868.5998312086
2022-08-11,2288379.040414786,6284.005762075976,10,-706.2155436724424,2022-08-11 00:00:00,6110.652951016136,2042064.508740683,3042064.508740683,-753685.4683258971
2022-08-12,2272440.3141307263,13391.693777027744,10,-15938.726284059696,2022-08-12 00:00:00,1704.0591175833242,2043768.5678582664,3043768.5678582666,-771328.2537275404
2022-08-16,2277280.8629500167,8561.83981387777,10,4840.548819290474,2022-08-16 00:00:00,2638.5243811473747,2046407.0922394139,3046407.092239414,-769126.2292893971
2022-08-17,2251782.829620055,5717.125281981105,10,-25498.03332996182,2022-08-17 00:00:00,-8674.604120061766,2037732.4881193521,3037732.488119352,-785949.6584992972
2022-08-18,2266509.977155214,25.04411173431436,10,14727.147535159253,2022-08-18 00:00:00,-22191.602403858582,2015540.8857154935,3015540.8857154935,-749030.9085602793
2022-08-19,2265127.7244113544,11764.306503639673,10,-1382.2527438597754,2022-08-19 00:00:00,10978.456128109658,2026519.3418436032,3026519.341843603,-761391.6174322488
2022-08-22,2253742.1726029133,83.25552108034026,10,-11385.551808441058,2022-08-22 00:00:00,-3316.328042234927,2023203.0138013682,3023203.013801368,-769460.8411984546
2022-08-23,2287213.5717103947,4595.86669330491,10,33471.39910748135,2022-08-23 00:00:00,4594.476710046344,2027797.4905114146,3027797.4905114146,-740583.9188010199
2022-08-24,2340118.141753332,53.03624643484363,10,52904.57004293753,2022-08-24 00:00:00,19378.953408594625,2047176.4439200093,3047176.4439200093,-707058.3021666771
2022-08-25,2337025.0762238065,20759.78627248222,10,-3093.0655295257457,2022-08-25 00:00:00,27487.655739453287,2074664.0996594627,3074664.0996594625,-737639.023435656
2022-08-26,2321063.0923164133,26481.538079047576,10,-15961.98390739318,2022-08-26 00:00:00,23714.377635935547,2098378.4772953982,3098378.4772953982,-777315.384978985
2022-08-29,2338184.604368139,30274.685868192377,10,17121.51205172576,2022-08-29 00:00:00,3693.5366567611327,2102072.0139521593,3102072.0139521593,-763887.4095840203
2022-08-30,2336053.320926208,14.805352706403935,10,-2131.2834419310093,2022-08-30 00:00:00,-18162.88132829939,2083909.13262386,3083909.1326238597,-747855.8116976516
2022-09-01,2331222.501427697,81.43955330800964,10,-4830.819498511031,2022-09-01 00:00:00,-1855.5960276174392,2082053.5365962426,3082053.5365962423,-750831.0351685453
2022-09-02,2326660.0630210945,7467.700781257095,10,-4562.4384066024795,2022-09-02 00:00:00,10299.769870690248,2092353.3064669329,3092353.306466933,-765693.2434458383
2022-09-05,2347920.952961956,3768.859192882897,10,21260.889940861613,2022-09-05 00:00:00,4846.054308440728,2097199.3607753734,3097199.3607753734,-749278.4078134173
2022-09-06,2401458.3014763817,9509.515316866484,10,53537.34851442557,2022-09-06 00:00:00,16339.920938012558,2113539.281713386,3113539.281713386,-712080.9802370043
2022-09-07,2396163.5588908074,29954.738240706647,10,-5294.742585574277,2022-09-07 00:00:00,38115.665682538965,2151654.947395925,3151654.947395925,-755491.3885051175
2022-09-08,2399869.873742436,29190.160634372645,10,3706.3148516286165,2022-09-08 00:00:00,4937.61904789092,2156592.566443816,3156592.566443816,-756722.6927013798
2022-09-09,2385053.148976241,13.678360854333732,10,-14816.724766195286,2022-09-09 00:00:00,-22835.771533724677,2133756.794910091,3133756.794910091,-748703.6459338502
2022-09-12,2379726.762171874,3770.0589858388994,10,-5326.38680436695,2022-09-12 00:00:00,22761.585525099457,2156518.3804351906,3156518.3804351906,-776791.6182633168
2022-09-13,2383650.724393702,1.3752649788511917,10,3923.9622218282893,2022-09-13 00:00:00,-6729.869364973838,2149788.511070217,3149788.511070217,-766137.7866765149
2022-09-14,2375910.218793732,7.925656181323575,10,-7740.505599969998,2022-09-14 00:00:00,-8006.856246024845,2141781.654824192,3141781.654824192,-765871.43603046
2022-09-15,2383826.380568281,39.673252835928,10,7916.161774548702,2022-09-15 00:00:00,-5703.757968523785,2136077.896855668,3136077.896855668,-752251.5162873873
2022-09-16,2371607.9683939405,22496.360976833646,10,-12218.412174340338,2022-09-16 00:00:00,18140.44293827161,2154218.3397939396,3154218.3397939396,-782610.3713999991
2022-09-19,2399468.177923364,5397.690388841234,10,27860.20952942362,2022-09-19 00:00:00,-5613.134338069809,2148605.20545587,3148605.20545587,-749137.0275325058
2022-09-20,2390269.7217587274,242.34080017037925,10,-9198.45616463665,2022-09-20 00:00:00,-3993.6352980766087,2144611.5701577934,3144611.5701577934,-754341.8483990659
2022-09-21,2389462.5729776453,10.04029713399359,10,-807.1487810821272,2022-09-21 00:00:00,-1771.5170009736873,2142840.0531568197,3142840.0531568197,-753377.4801791743
2022-09-22,2397603.647339253,11854.679527668775,10,8141.074361607898,2022-09-22 00:00:00,12468.563437336648,2155308.6165941563,3155308.6165941563,-757704.969254903
2022-09-23,2356621.518201452,24124.75105438812,10,-40982.12913780101,2022-09-23 00:00:00,12097.615604345243,2167406.2321985015,3167406.2321985015,-810784.7139970493
2022-09-26,2405493.247885776,192.4754172090616,10,48871.729684324004,2022-09-26 00:00:00,-3.2503058566981053,2167402.981892645,3167402.981892645,-761909.7340068687
2022-09-27,2424584.091882224,14474.529702658794,10,19090.843996447977,2022-09-27 00:00:00,20689.818586702975,2188092.800479348,3188092.800479348,-763508.7085971236
2022-09-28,2379793.6428395286,13160.639101125416,10,-44790.449042695574,2022-09-28 00:00:00,-5020.8550049538235,2183071.945474394,3183071.945474394,-803278.3026348655
2022-09-29,2379487.8768322403,16.268212073482573,10,-305.7660072883591,2022-09-29 00:00:00,-17842.704938400802,2165229.240535993,3165229.240535993,-785741.3637037529
2022-09-30,2425201.3621457447,73.99316915185773,10,45713.48531350447,2022-09-30 00:00:00,-16283.394542674592,2148945.8459933186,3148945.8459933186,-723744.4838475739
2022-10-03,2371651.7976515684,6641.290928164555,10,-53549.5644941763,2022-10-03 00:00:00,36037.949170313615,2184983.7951636324,3184983.7951636324,-813331.997512064
2022-10-04,2407056.5051904377,679.2647999328619,10,35404.70753886923,2022-10-04 00:00:00,-10889.597444975987,2174094.197718656,3174094.197718656,-767037.6925282185
2022-10-06,2392830.42541908,16158.22763307672,10,-14226.079771357588,2022-10-06 00:00:00,12982.293763522714,2187076.4914821787,3187076.4914821787,-794246.0660630986
2022-10-07,2390568.731908257,7917.591019894229,10,-2261.693510822952,2022-10-07 00:00:00,-10599.670883454302,2176476.8205987243,3176476.8205987243,-785908.0886904672
2022-10-10,2393405.0959215835,23.033416189049603,10,2836.3640133263543,2022-10-10 00:00:00,-11305.715427897803,2165171.1051708264,3165171.1051708264,-771766.009249243
2022-10-11,2413322.4385397183,1477.6658979105414,10,19917.342618134804,2022-10-11 00:00:00,4824.086440703282,2169995.19161153,3169995.19161153,-756672.7530718115
2022-10-12,2438398.1420762674,41.3552647116594,10,25075.703536549117,2022-10-12 00:00:00,323.5433872840822,2170318.734998814,3170318.734998814,-731920.5929225464
2022-10-13,2447479.0916372645,9940.15474025946,10,9080.949560997076,2022-10-13 00:00:00,24701.56908372885,2195020.3040825427,3195020.3040825427,-747541.2124452782
2022-10-14,2456570.751397293,17910.40262742454,10,9091.65976002859,2022-10-14 00:00:00,13165.887573113134,2208186.191655656,3208186.191655656,-751615.4402583628
2022-10-17,2448249.1216855044,5683.8344314439455,10,-8321.629711788613,2022-10-17 00:00:00,-8010.652723690248,2200175.538931966,3200175.538931966,-751926.4172464614
2022-10-18,2432394.1989109,21429.338033182023,10,-15854.922774604522,2022-10-18 00:00:00,15834.70458018958,2216010.2435121555,3216010.2435121555,-783616.0446012556
2022-10-19,2418661.6322750663,15328.3920409641,10,-13732.566635833587,2022-10-19 00:00:00,-1144.0288645534492,2214866.214647602,3214866.214647602,-796204.5823725355
2022-10-20,2416472.844261741,4869.359417532862,10,-2188.7880133255385,2022-10-20 00:00:00,-14752.344714652192,2200113.8699329495,3200113.8699329495,-783641.0256712087
2022-10-21,2409052.345918536,34.20276820618892,10,-7420.498343204614,2022-10-21 00:00:00,-5619.04874733377,2194494.821185616,3194494.821185616,-785442.4752670797
2022-10-24,2406288.569383501,34.20276820618892,10,-2763.776535035111,0,0.0,2194494.821185616,3194494.821185616,-788206.2518021148
2022-10-25,2425452.9855187484,17390.198890025204,10,19164.41613524733,2022-10-25 00:00:00,21275.270756025522,2215770.091941641,3215770.091941641,-790317.1064228928
2022-10-27,2445674.364737804,17390.198890025204,10,20221.37921905564,0,0.0,2215770.091941641,3215770.091941641,-770095.7272038371
2022-10-28,2414402.577732702,24900.81763138334,10,-31271.787005102262,2022-10-28 00:00:00,6436.212020230411,2222206.3039618717,3222206.3039618717,-807803.7262291699
2022-10-31,2396967.6621896094,778.4846688575635,10,-17434.915543092415,2022-10-31 00:00:00,-28251.77460647854,2193954.5293553933,3193954.5293553933,-796986.8671657839
2022-11-01,2420698.5152406446,67.24015519555542,10,23730.8530510352,2022-11-01 00:00:00,-1781.472572312603,2192173.0567830806,3192173.0567830806,-771474.541542436
2022-11-02,2440595.5569546125,11710.37117885577,10,19897.04171396792,2022-11-02 00:00:00,20649.136496972398,2212822.193280053,3212822.193280053,-772226.6363254404
2022-11-03,2443375.650114532,19803.96179818627,10,2780.0931599196047,2022-11-03 00:00:00,9532.840206703771,2222355.0334867565,3222355.0334867565,-778979.3833722244
2022-11-04,2459147.995944424,6463.198052806867,10,15772.345829891972,2022-11-04 00:00:00,-8039.619394842884,2214315.4140919135,3214315.4140919135,-755167.4181474894
2022-11-07,2465432.005378205,24736.322692352696,10,6284.009433780797,2022-11-07 00:00:00,29514.59334690899,2243830.0074388226,3243830.0074388226,-778398.0020606178
2022-11-09,2453570.4723211904,29959.059654869547,10,-11861.533057014458,2022-11-09 00:00:00,13624.835129271665,2257454.8425680944,3257454.8425680944,-803884.370246904
2022-11-10,2478610.3744517528,11862.14308273443,10,25039.902130562346,2022-11-10 00:00:00,6285.870861692218,2263740.7134297867,3263740.7134297867,-785130.338978034
2022-11-11,2462809.521373912,10799.709497615431,10,-15800.853077840526,2022-11-11 00:00:00,-3375.649426901342,2260365.0640028855,3260365.0640028855,-797555.5426289733
2022-11-14,2468201.8240061826,16244.558712108004,10,5392.302632270381,2022-11-14 00:00:00,6628.0233755981335,2266993.0873784837,3266993.0873784837,-798791.2633723011
2022-11-15,2465549.5520795514,14758.49995552792,10,-2652.2719266312197,2022-11-15 00:00:00,-1713.9896061859736,2265279.097772298,3265279.097772298,-799729.5456927465
2022-11-16,2465174.23629507,6505.4948705094575,10,-375.31578448135406,2022-11-16 00:00:00,-8232.85380818643,2257046.2439641114,3257046.2439641114,-791872.0076690414
2022-11-17,2460138.4558091126,137.36350869742455,10,-5035.780485957395,2022-11-17 00:00:00,-6175.573868961603,2250870.67009515,3250870.67009515,-790732.2142860373
2022-11-18,2456626.4562495085,9017.078647884802,10,-3511.999559604097,2022-11-18 00:00:00,9939.482116399855,2260810.1522115497,3260810.1522115497,-804183.6959620412
2022-11-21,2462568.519829774,1949.190240641561,10,5942.063580265269,2022-11-21 00:00:00,-12584.167753501823,2248225.984458048,3248225.984458048,-785657.4646282741
2022-11-22,2483035.4912771825,6048.313444336352,10,20466.971447408665,2022-11-22 00:00:00,7050.66314675719,2255276.647604805,3255276.647604805,-772241.1563276225
2022-11-23,2494919.437624264,10710.1325788931,10,11883.946347081568,2022-11-23 00:00:00,6570.25057573374,2261846.898180539,3261846.898180539,-766927.4605562747
2022-11-24,2494245.372305576,19922.13996070641,10,-674.065318687819,2022-11-24 00:00:00,29416.744458116336,2291263.642638655,3291263.642638655,-797018.2703330787
2022-11-25,2491977.4687165287,17231.23016896093,10,-2267.9035890474916,2022-11-25 00:00:00,-5721.3930568702335,2285542.2495817845,3285542.2495817845,-793564.7808652557
2022-11-28,2522171.4519408843,1623.7799521551642,10,30193.983224355616,2022-11-28 00:00:00,483.2727687622819,2286025.522350547,3286025.522350547,-763854.0704096626
2022-11-29,2519272.6320703374,5778.503488094662,10,-2898.819870546926,2022-11-29 00:00:00,1801.8428908864926,2287827.3652414335,3287827.3652414335,-768554.7331710961
2022-11-30,2514147.671792023,8099.117006052256,10,-5124.960278314538,2022-11-30 00:00:00,5351.229264801851,2293178.5945062353,3293178.5945062353,-779030.9227142124
2022-12-01,2515863.0371310823,23625.66252852176,10,1715.3653390593827,2022-12-01 00:00:00,16399.267675313455,2309577.862181549,3309577.862181549,-793714.8250504667
2022-12-02,2518640.3512998894,20551.07939279385,10,2777.314168807119,2022-12-02 00:00:00,-1642.2486206088515,2307935.61356094,3307935.61356094,-789295.2622610508
2022-12-05,2535234.531895288,20551.07939279385,10,16594.180595398415,0,0.0,2307935.61356094,3307935.61356094,-772701.0816656523
2022-12-06,2530303.9265242047,16794.585002698936,10,-4930.605371083133,2022-12-06 00:00:00,-1740.02676803554,2306195.5867929044,3306195.5867929044,-775891.6602686998
2022-12-07,2535798.0430338862,22369.17898659309,10,5494.116509681568,2022-12-07 00:00:00,6720.521953149336,2312916.1087460537,3312916.1087460537,-777118.0657121674
2022-12-08,2530432.535420403,29094.01140378008,10,-5365.507613483351,2022-12-08 00:00:00,6714.226290132938,2319630.3350361865,3319630.3350361865,-789197.7996157836
2022-12-09,2566542.301933107,18684.001877360715,10,36109.76651270408,2022-12-09 00:00:00,-1615.298475368214,2318015.036560818,3318015.036560818,-751472.7346277111
2022-12-12,2563501.506345419,23380.06443252545,10,-3040.795587687753,2022-12-12 00:00:00,6724.030954753787,2324739.067515572,3324739.067515572,-761237.5611701529
2022-12-13,2592840.6879291805,19889.151811626565,10,29339.181583761238,2022-12-13 00:00:00,16739.913163200144,2341478.980678772,3341478.980678772,-748638.2927495916
2022-12-14,2601699.381345332,24815.898599207343,10,8858.693416151684,2022-12-14 00:00:00,13578.757763085767,2355057.738441858,3355057.738441858,-753358.3570965258
2022-12-15,2598329.9453784414,24873.07169069708,10,-3369.435966890771,2022-12-15 00:00:00,14369.948468987193,2369427.6869108453,3369427.6869108453,-771097.741532404
2022-12-16,2571047.4530595127,25581.32329114128,10,-27282.492318928707,2022-12-16 00:00:00,10701.551898380481,2380129.2388092256,3380129.2388092256,-809081.785749713
2022-12-19,2562889.578030165,20063.991589124635,10,-8157.875029347837,2022-12-19 00:00:00,-8126.2042482277175,2372003.034560998,3372003.034560998,-809113.4565308332
2022-12-20,2575815.4222332784,12930.92425506792,10,12925.844203113578,2022-12-20 00:00:00,-9615.153145889612,2362387.881415108,3362387.881415108,-786572.4591818298
2022-12-21,2536735.91864436,12295.929844310916,10,-39079.5035889186,2022-12-21 00:00:00,-1632.5526129860373,2360755.3288021223,3360755.3288021223,-824019.4101577625
2022-12-22,2501872.101711946,4624.740948396327,10,-34863.81693241373,2022-12-22 00:00:00,-17143.60955932447,2343611.7192427977,3343611.7192427977,-841739.6175308516
2022-12-23,2496715.4522859743,6212.4744569945615,10,-5156.649425971787,2022-12-23 00:00:00,-2456.800285721345,2341154.9189570765,3341154.9189570765,-844439.4666711022
2022-12-26,2440508.0415542256,18530.857510341244,10,-56207.41073174868,2022-12-26 00:00:00,3022.3477175353983,2344177.2666746117,3344177.2666746117,-903669.2251203861
2022-12-27,2628805.665580299,70.10358383905259,10,188297.6240260736,2022-12-27 00:00:00,17668.016451646832,2361845.2831262588,3361845.2831262588,-733039.6175459595
2022-12-28,2547169.7330116085,5.027937298378674,10,-81635.93256869074,2022-12-28 00:00:00,28763.04714730328,2390608.330273562,3390608.330273562,-843438.5972619536
2022-12-29,2541635.1837770296,3100.334917242755,10,-5534.549234578852,2022-12-29 00:00:00,17853.78647742792,2408462.11675099,3408462.11675099,-866826.9329739604
2022-12-30,2537107.393656777,17.955439614190254,10,-4527.790120252408,2022-12-30 00:00:00,-16976.74406786026,2391485.3726831297,3391485.3726831297,-854377.9790263525
2023-01-02,2524583.6731312103,27.97127268984332,10,-12523.720525566954,2023-01-02 00:00:00,-10592.777037163596,2380892.595645966,3380892.595645966,-856308.9225147557
2023-01-03,2497051.532673788,37.21502394587151,10,-27532.140457422473,2023-01-03 00:00:00,1018.4788680573356,2381911.0745140235,3381911.0745140235,-884859.5418402357
2023-01-04,2514557.069822052,22.64121411155793,10,17505.537148264237,2023-01-04 00:00:00,-8993.431920482617,2372917.6425935407,3372917.6425935407,-858360.5727714887
2023-01-05,2529033.387949653,4042.699701972422,10,14476.318127600942,2023-01-05 00:00:00,6662.888247866315,2379580.530841407,3379580.530841407,-850547.1428917539
2023-01-06,2520051.972899362,54.116286203003256,10,-8981.41505029099,2023-01-06 00:00:00,-8320.618087861796,2371259.912753545,3371259.912753545,-851207.9398541832
2023-01-09,2525609.045524319,91.82136507832912,10,5557.072624957189,2023-01-09 00:00:00,1377.3692569881891,2372637.2820105334,3372637.2820105334,-847028.2364862142
2023-01-10,2524438.5144244693,415.1653720398899,10,-1170.5310998498462,2023-01-10 00:00:00,451.9378938503396,2373089.2199043836,3373089.2199043836,-848650.7054799143
2023-01-11,2509006.4775786656,8231.294133688847,10,-15432.036845803726,2023-01-11 00:00:00,4993.114778518149,2378082.334682902,3378082.334682902,-869075.8571042363
2023-01-12,2520470.6337513463,8289.906868411606,10,11464.156172680669,2023-01-12 00:00:00,-1788.6197128809436,2376293.714970021,3376293.714970021,-855823.0812186748
2023-01-13,2515968.869351961,25.14707718105637,10,-4501.76439938508,2023-01-13 00:00:00,-8305.559796698071,2367988.155173323,3367988.155173323,-852019.2858213619
2023-01-16,2498349.0270205704,6.267422791890567,10,-17619.842331390828,2023-01-16 00:00:00,-8390.858744697258,2359597.296428626,3359597.296428626,-861248.2694080556
2023-01-17,2514737.4128157087,126.91106476276764,10,16388.38579513831,2023-01-17 00:00:00,-24944.603815990886,2334652.692612635,3334652.692612635,-819915.2797969263
2023-01-18,2485554.96869069,13815.145475205323,10,-29182.44412501855,2023-01-18 00:00:00,7150.416516983119,2341803.109129618,3341803.109129618,-856248.1404389278
2023-01-19,2516705.882562584,22724.635080283857,10,31150.91387189366,2023-01-19 00:00:00,12460.804914115732,2354263.914043734,3354263.914043734,-837558.0314811501
2023-01-20,2514478.8643670115,30199.53769922597,10,-2227.018195572309,2023-01-20 00:00:00,12206.81609856062,2366470.7301422944,3366470.7301422944,-851991.865775283
2023-01-23,2515002.411112169,58.69661174170324,10,523.546745157335,2023-01-23 00:00:00,1860.051005524796,2368330.781147819,3368330.781147819,-853328.3700356502
2023-01-24,2526959.91451218,23.99015762671479,10,11957.503400010988,2023-01-24 00:00:00,-8422.019114496006,2359908.762033323,3359908.762033323,-832948.847521143
2023-01-25,2513824.325998636,14677.706312509225,10,-13135.58851354383,2023-01-25 00:00:00,13674.600029638059,2373583.362062961,3373583.362062961,-859759.0360643249
2023-01-27,2501263.7483226745,261.29596061381744,10,-12560.577675961424,2023-01-27 00:00:00,-16717.931576485535,2356865.430486475,3356865.430486475,-855601.6821638006
2023-01-30,2514914.470293081,22085.056745564827,10,13650.721970406361,2023-01-30 00:00:00,12410.401174120749,2369275.8316605957,3369275.8316605957,-854361.3613675148
2023-01-31,2568465.2951469813,113.88301090334426,10,53550.824853900354,2023-01-31 00:00:00,37621.19974703391,2406897.0314076296,3406897.0314076296,-838431.7362606484
2023-02-01,2671567.1830577054,38.01383201248245,10,103101.88791072415,2023-02-01 00:00:00,30990.395848616034,2437887.4272562456,3437887.4272562456,-766320.2441985402
2023-02-02,2620703.092542208,45.45752099773381,10,-50864.090515497606,2023-02-02 00:00:00,60213.620208604654,2498101.0474648504,3498101.0474648504,-877397.9549226426
2023-02-03,2689909.9158383724,7645.328361642081,10,69206.82329616463,2023-02-03 00:00:00,27929.992448122786,2526031.039912973,3526031.039912973,-836121.1240746006
2023-02-06,2697691.836542391,7968.949468874489,10,7781.92070401879,2023-02-06 00:00:00,570.3600559707829,2526601.399968944,3526601.399968944,-828909.5634265528
2023-02-07,2697589.298948437,9583.142791896593,10,-102.53759395424277,2023-02-07 00:00:00,26295.728875371984,2552897.128844316,3552897.128844316,-855307.8298958791
2023-02-08,2701043.093197865,5367.723040622834,10,3453.7942494279705,2023-02-08 00:00:00,-4101.274315702791,2548795.8545286134,3548795.8545286134,-847752.7613307484
2023-02-09,2740138.371919088,309.9000938095851,10,39095.27872122312,2023-02-09 00:00:00,-5761.193798919881,2543034.6607296937,3543034.6607296937,-802896.2888106056
2023-02-10,2718679.51647552,7731.115602335194,10,-21458.85544356797,2023-02-10 00:00:00,11075.35518690526,2554110.015916599,3554110.015916599,-835430.4994410789
2023-02-13,2703509.085318754,10137.32852096291,10,-15170.431156766135,2023-02-13 00:00:00,5804.165533075301,2559914.181449674,3559914.181449674,-856405.0961309201
2023-02-14,2715361.4445680794,11162.93772832735,10,11852.35924932547,2023-02-14 00:00:00,-5037.976150816921,2554876.2052988573,3554876.2052988573,-839514.7607307779
2023-02-15,2698797.9013477974,23380.331432026,10,-16563.543220282067,2023-02-15 00:00:00,10692.989916311291,2565569.1952151684,3565569.1952151684,-866771.293867371
2023-02-16,2705864.445551146,1487.9323128841934,10,7066.544203348458,2023-02-16 00:00:00,-24001.776842618438,2541567.41837255,3541567.41837255,-835702.9728214042
2023-02-17,2699310.3384311134,86.8348173329723,10,-6554.107120032422,2023-02-17 00:00:00,-10828.199468456076,2530739.218904094,3530739.218904094,-831428.8804729804
2023-02-20,2679518.734755747,21081.786531371123,10,-19791.60367536638,2023-02-20 00:00:00,18040.49063074459,2548779.7095348383,3548779.7095348383,-869260.9747790913
2023-02-21,2632879.39542253,34297.910844397265,10,-46639.339333217125,2023-02-21 00:00:00,9355.97858070036,2558135.6881155386,3558135.6881155386,-925256.2926930087
2023-02-22,2608321.822658976,13.035332163068231,10,-24557.57276355382,2023-02-22 00:00:00,-33828.28355946736,2524307.4045560714,3524307.4045560714,-915985.5818970953
2023-02-23,2685770.7057080604,1731.633827719721,10,77448.88304908434,2023-02-23 00:00:00,-2549.486585066629,2521757.9179710047,3521757.9179710047,-835987.2122629443
2023-02-24,2621485.209211197,10.596450653189097,10,-64285.4964968632,2023-02-24 00:00:00,-15556.27966039379,2506201.638310611,3506201.638310611,-884716.4290994136
2023-02-27,2623741.409778113,247.900020117464,10,2256.200566915795,2023-02-27 00:00:00,-997.1103197900302,2505204.527990821,3505204.527990821,-881463.1182127078
2023-02-28,2606785.237231048,2709.2193515610707,10,-16956.172547065187,2023-02-28 00:00:00,6259.967154914168,2511464.495145735,3511464.495145735,-904679.257914687
2023-03-01,2608966.6606259253,13885.248147000588,10,2181.4233948774636,2023-03-01 00:00:00,-10136.319106584353,2501328.1760391505,3501328.1760391505,-892361.5154132252
2023-03-02,2666782.0111952447,29371.64275986096,10,57815.350569319446,2023-03-02 00:00:00,53917.030972952,2555245.2070121025,3555245.2070121025,-888463.1958168577
2023-03-03,2651880.8963839044,6352.415768764447,10,-14901.114811340347,2023-03-03 00:00:00,-6911.917739064746,2548333.2892730376,3548333.2892730376,-896452.3928891332
2023-03-06,2665703.839423223,6.350935979397036,10,13822.943039318547,2023-03-06 00:00:00,-3420.5632482553897,2544912.7260247823,3544912.7260247823,-879208.8866015594
2023-03-08,2697758.967281165,9758.446151556796,10,32055.127857942134,2023-03-08 00:00:00,15834.304055767214,2560747.0300805494,3560747.0300805494,-862988.0627993844
2023-03-09,2692643.8743457417,9389.242521248118,10,-5115.092935423367,2023-03-09 00:00:00,11579.841615528152,2572326.8716960778,3572326.8716960778,-879682.997350336
2023-03-10,2705421.883232334,20648.80218146142,10,12778.008886592463,2023-03-10 00:00:00,31668.191863083724,2603995.0635591615,3603995.0635591615,-898573.1803268273
2023-03-13,2692556.484729993,19498.64946388011,10,-12865.398502341006,2023-03-13 00:00:00,-2819.288079123512,2601175.775480038,3601175.775480038,-908619.2907500449
2023-03-14,2726626.6332031805,8505.458680780488,10,34070.14847318735,2023-03-14 00:00:00,-12370.40169384836,2588805.3737861896,3588805.3737861896,-862178.7405830091
2023-03-15,2734753.9566911296,8003.629479288938,10,8127.323487949092,2023-03-15 00:00:00,6847.726534891585,2595653.100321081,3595653.100321081,-860899.1436299514
2023-03-16,2732283.861109539,15186.176107704989,10,-2470.0955815906636,2023-03-16 00:00:00,21496.728033824947,2617149.828354906,3617149.828354906,-884865.9672453669
2023-03-17,2756607.329431637,13555.46158495458,10,24323.468322098255,2023-03-17 00:00:00,1632.1799139577379,2618782.0082688634,3618782.0082688634,-862174.6788372262
2023-03-20,2740416.642978207,4888.957165063301,10,-16190.686453429982,2023-03-20 00:00:00,15090.264555048103,2633872.2728239116,3633872.2728239116,-893455.6298457044
2023-03-21,2743460.5874591344,2437.373518320208,10,3043.9444809271954,2023-03-21 00:00:00,-842.0392735102769,2633030.2335504014,3633030.2335504014,-889569.646091267
2023-03-22,2718686.425371598,111.5272858098906,10,-24774.162087536417,2023-03-22 00:00:00,-10578.304614363811,2622451.9289360377,3622451.9289360377,-903765.5035644397
2023-03-23,2744423.1741541475,1643.5130487974966,10,25736.74878254952,2023-03-23 00:00:00,2438.698392959728,2624890.6273289975,3624890.6273289975,-880467.45317485
2023-03-24,2742367.0965819373,37.44772939488757,10,-2056.077572210226,2023-03-24 00:00:00,-11141.563932581532,2613749.063396416,3613749.063396416,-871381.9668144789
2023-03-27,2726853.4372968795,8952.383944523637,10,-15513.659285057802,2023-03-27 00:00:00,7563.785689048635,2621312.8490854646,3621312.8490854646,-894459.4117885851
2023-03-28,2738229.3953717616,19953.57698949828,10,11375.95807488216,2023-03-28 00:00:00,21598.018811732072,2642910.8678971967,3642910.8678971967,-904681.472525435
2023-03-29,2732944.539855518,11905.20728231367,10,-5284.855516243726,2023-03-29 00:00:00,-9153.370567095011,2633757.4973301017,3633757.4973301017,-900812.9574745838
2023-03-31,2663679.9051570166,99.73779546562582,10,-69264.63469850132,2023-03-31 00:00:00,658.1180526395929,2634415.615382741,3634415.615382741,-970735.7102257246
2023-04-03,2725211.020346553,76.79322901455453,10,61531.115189536475,2023-04-03 00:00:00,-23418.66074950795,2610996.954633233,3610996.954633233,-885785.9342866801
2023-04-05,2710118.8217370524,11849.458215476596,10,-15092.198609500658,2023-04-05 00:00:00,-2370.749445133153,2608626.2051880998,3608626.2051880998,-898507.3834510474
2023-04-06,2672720.8818176333,18032.295956427173,10,-37397.93991941912,2023-04-06 00:00:00,-12495.421462563185,2596130.7837255364,3596130.7837255364,-923409.9019079031
2023-04-10,2669231.2144970694,562.2090496818128,10,-3489.6673205639236,2023-04-10 00:00:00,-8413.681408551145,2587717.1023169854,3587717.1023169854,-918485.887819916
2023-04-11,2651667.252949218,562.2090496818128,10,-17563.961547851562,0,0.0,2587717.1023169854,3587717.1023169854,-936049.8493677676
2023-04-12,2641338.878091864,16.95746045501437,10,-10328.374857353978,2023-04-12 00:00:00,-25405.671770351146,2562311.4305466344,3562311.4305466344,-920972.5524547705
2023-04-13,2639604.697492029,40.95358028644114,10,-1734.18059983477,2023-04-13 00:00:00,-8971.366774466826,2553340.0637721675,3553340.0637721675,-913735.3662801385
2023-04-17,2625102.6463666838,6138.452962307958,10,-14502.051125345286,2023-04-17 00:00:00,-3855.8530084442327,2549484.210763723,3549484.210763723,-924381.5643970394
2023-04-18,2643788.517475104,6472.991322315356,10,18685.871108420193,2023-04-18 00:00:00,-9162.235340243638,2540321.9754234795,3540321.9754234795,-896533.4579483755
2023-04-19,2655449.4009562577,12139.666962727264,10,11660.883481153753,2023-04-19 00:00:00,7817.3816163800575,2548139.3570398595,3548139.3570398595,-892689.9560836018
2023-04-20,2639094.4216403062,23176.234369188256,10,-16354.979315951467,2023-04-20 00:00:00,7112.586137360991,2555251.9431772204,3555251.9431772204,-916157.5215369142
2023-04-21,2628221.968050734,758.8589198749396,10,-10872.453589572106,2023-04-21 00:00:00,-15586.398878444377,2539665.544298776,3539665.544298776,-911443.5762480418
2023-04-24,2641668.624931693,7024.305107474909,10,13446.656880958937,2023-04-24 00:00:00,7858.168334623066,2547523.712633399,3547523.712633399,-905855.0877017058
2023-04-25,2645035.909035087,7024.305107474909,10,3367.2841033940203,0,0.0,2547523.712633399,3547523.712633399,-902487.8035983117
2023-04-26,2676288.0328614977,19983.18117692723,10,31252.12382641062,2023-04-26 00:00:00,5155.0853657068365,2552678.797999106,3552678.797999106,-876390.7651376082
2023-04-27,2689231.368254544,40444.8401707426,10,12943.335393046495,2023-04-27 00:00:00,33970.00935989426,2586648.807359,3586648.807359,-897417.439104456
2023-04-28,2680005.2631312385,35880.253049947205,10,-9226.105123305693,2023-04-28 00:00:00,-8549.25843546621,2578099.548923534,3578099.548923534,-898094.2857922954
2023-05-02,2674594.9558573617,34225.357672817074,10,-5410.307273876853,2023-05-02 00:00:00,-2870.2911688022014,2575229.2577547315,3575229.2577547315,-900634.3018973698
2023-05-03,2672274.82306134,14340.438290987047,10,-2320.132796021644,2023-05-03 00:00:00,-12016.286813116782,2563212.970941615,3563212.970941615,-890938.1478802748
2023-05-04,2682282.6053490657,77.03323893048218,10,10007.782287725713,2023-05-04 00:00:00,6333.092418645167,2569546.06336026,3569546.06336026,-887263.4580111941
2023-05-05,2670864.871975304,2220.1420377916074,10,-11417.733373761643,2023-05-05 00:00:00,9894.653594409518,2579440.7169546694,3579440.7169546694,-908575.8449793654
2023-05-08,2675410.728749257,35.6600790253724,10,4545.8567739529535,2023-05-08 00:00:00,-8958.029519851407,2570482.687434818,3570482.687434818,-895071.9586855611
2023-05-09,2664719.6693769954,20.06150598093518,10,-10691.059372261632,2023-05-09 00:00:00,-12876.950202354918,2557605.7372324634,3557605.7372324634,-892886.067855468
2023-05-10,2645677.1906430274,26.312035318580456,10,-19042.47873396799,2023-05-10 00:00:00,10902.380161954075,2568508.1173944175,3568508.1173944175,-922830.9267513901
2023-05-11,2663251.6293686675,45.744406626559794,10,17574.438725640066,2023-05-11 00:00:00,-10228.744989315755,2558279.3724051015,3558279.3724051015,-895027.743036434
2023-05-12,2672176.971847421,22.476491814712062,10,8925.342478753533,2023-05-12 00:00:00,-1288.2942859954346,2556991.078119106,3556991.078119106,-884814.1062716851
2023-05-15,2665470.043381742,5337.996517232852,10,-6706.928465678822,2023-05-15 00:00:00,7066.692605721811,2564057.770724828,3564057.770724828,-898587.7273430857
2023-05-16,2668211.856718658,2982.2959371789475,10,2741.813336915802,2023-05-16 00:00:00,4817.576413660511,2568875.347138488,3568875.347138488,-900663.4904198302
2023-05-17,2662045.154807521,8502.657468271966,10,-6166.701911136974,2023-05-17 00:00:00,-277.3022522635333,2568598.0448862244,3568598.0448862244,-906552.8900787034
2023-05-18,2656557.2968917564,12696.330733843206,10,-5487.8579157646745,2023-05-18 00:00:00,2071.6984015235976,2570669.743287748,3570669.743287748,-914112.4463959918
2023-05-19,2658395.35298787,17626.68535385985,10,1838.0560961137526,2023-05-19 00:00:00,5087.508337856127,2575757.2516256045,3575757.2516256045,-917361.8986377344
2023-05-22,2664487.461823,26703.400650514173,10,6092.108835129999,2023-05-22 00:00:00,7152.073147006484,2582909.324772611,3582909.324772611,-918421.8629496107
2023-05-23,2675116.9622685816,16566.564431896317,10,10629.500445581507,2023-05-23 00:00:00,-8886.871170939956,2574022.453601671,3574022.453601671,-898905.4913330893
2023-05-24,2680892.1746159275,12187.22146803944,10,5775.212347345892,2023-05-24 00:00:00,14431.892302986354,2588454.345904657,3588454.345904657,-907562.1712887296
2023-05-25,2706765.881940383,14177.409719008603,10,25873.707324455492,2023-05-25 00:00:00,5017.884660276977,2593472.230564934,3593472.230564934,-886706.3486245512
2023-05-26,2689621.191420813,5493.1393349366845,10,-17144.690519569907,2023-05-26 00:00:00,-7992.752670672374,2585479.477894262,3585479.477894262,-895858.2864734489
2023-05-29,2728994.3855430046,26.381629125156906,10,39373.19412219152,2023-05-29 00:00:00,6381.150371020325,2591860.628265282,3591860.628265282,-862866.2427222775
2023-05-30,2735125.506277924,8193.575312500412,10,6131.120734919328,2023-05-30 00:00:00,26710.28116569826,2618570.90943098,3618570.90943098,-883445.4031530563
2023-05-31,2760600.346797548,28089.65272101079,10,25474.84051962383,2023-05-31 00:00:00,29960.1149132132,2648531.0243441933,3648531.0243441933,-887930.6775466455
2023-06-01,2769541.3154390543,26383.50156576361,10,8940.968641506508,2023-06-01 00:00:00,5503.4043063102545,2654034.4286505035,3654034.4286505035,-884493.1132114492
2023-06-02,2758901.156989905,23275.10108742502,10,-10640.158449149225,2023-06-02 00:00:00,6817.30925952638,2660851.73791003,3660851.73791003,-901950.5809201249
2023-06-05,2747547.9933247305,16953.08501860936,10,-11353.163665174507,2023-06-05 00:00:00,3281.7213291524668,2664133.4592391825,3664133.4592391825,-916585.465914452
2023-06-06,2748399.853584965,13.651512822136285,10,851.86026023468,2023-06-06 00:00:00,-10414.256740864657,2653719.2024983177,3653719.2024983177,-905319.3489133525
2023-06-07,2769875.5343598886,11.171421961684246,10,21475.680774923414,2023-06-07 00:00:00,-1957.071742177732,2651762.1307561398,3651762.1307561398,-881886.5963962511
2023-06-08,2761786.5521681407,5714.1767790421145,10,-8088.982191747986,2023-06-08 00:00:00,9663.393416686744,2661425.5241728267,3661425.5241728267,-899638.972004686
2023-06-09,2751963.662935291,6204.377489124658,10,-9822.889232849702,2023-06-09 00:00:00,1366.6404210722449,2662792.1645938987,3662792.1645938987,-910828.5016586077
2023-06-12,2741069.3795138886,270.6265307958238,10,-10894.283421402331,2023-06-12 00:00:00,-9969.099492584368,2652823.0651013143,3652823.0651013143,-911753.6855874257
2023-06-13,2758533.7384616425,270.6265307958238,10,17464.358947753906,0,0.0,2652823.0651013143,3652823.0651013143,-894289.3266396718
2023-06-14,2759933.309018283,270.6265307958238,10,1399.570556640625,0,0.0,2652823.0651013143,3652823.0651013143,-892889.7560830312
2023-06-15,2711895.771736695,7444.63102014293,10,-48037.537281588186,2023-06-15 00:00:00,7233.766803245323,2660056.83190456,3660056.83190456,-948161.0601678649
2023-06-16,2713002.752085275,1900.3433862399545,10,1106.9803485800512,2023-06-16 00:00:00,-9188.975073632002,2650867.856830928,3650867.856830928,-937865.104745653
2023-06-19,2713155.8309113453,1319.569223113067,10,153.0788260702975,2023-06-19 00:00:00,-4883.094701038692,2645984.7621298893,3645984.7621298893,-932828.931218544
2023-06-20,2714492.2635548213,40.948485622764565,10,1336.4326434759423,2023-06-20 00:00:00,-3198.5504925626424,2642786.2116373265,3642786.2116373265,-928293.9480825053
2023-06-21,2724597.1088212063,10428.638924889674,10,10104.845266385004,2023-06-21 00:00:00,7304.948725680016,2650091.1603630064,3650091.1603630064,-925494.0515418001
2023-06-22,2728200.3542531063,10428.638924889674,10,3603.2454319000244,0,0.0,2650091.1603630064,3650091.1603630064,-921890.8061099001
2023-06-23,2721446.405109904,30507.310323260084,10,-6753.94914320251,2023-06-23 00:00:00,12623.388750581029,2662714.5491135875,3662714.5491135875,-941268.1440036837
2023-06-26,2682988.295044127,26273.809834661777,10,-38458.110065776855,2023-06-26 00:00:00,-7791.476424158833,2654923.0726894285,3654923.0726894285,-971934.7776453015
2023-06-27,2733100.946123078,13467.727197601753,10,50112.65107895108,2023-06-27 00:00:00,-8959.4390731077,2645963.633616321,3645963.633616321,-912862.6874932428
2023-06-28,2719517.699104522,17673.957494126982,10,-13583.24701855611,2023-06-28 00:00:00,-3566.685865499854,2642396.947750821,3642396.947750821,-922879.2486462989
2023-06-30,2751668.4760470847,31562.030463741045,10,32150.776942562778,2023-06-30 00:00:00,25627.395238682653,2668024.3429895034,3668024.3429895034,-916355.8669424187
2023-07-03,2764227.8928321167,33709.9986441895,10,12559.416785032023,2023-07-03 00:00:00,6037.215024813311,2674061.5580143165,3674061.5580143165,-909833.6651821998
2023-07-04,2785378.853273706,33709.9986441895,10,21150.960441589355,0,0.0,2674061.5580143165,3674061.5580143165,-888682.7047406104
2023-07-05,2763398.822439454,34013.07699038804,10,-21980.030834252015,2023-07-05 00:00:00,29671.056790914256,2703732.614805231,3703732.614805231,-940333.7923657768
2023-07-06,2765102.7845957787,20255.57727461157,10,1703.9621563246474,2023-07-06 00:00:00,5111.4660966225765,2708844.0809018533,3708844.0809018533,-943741.2963060746
2023-07-07,2765656.388004592,20255.57727461157,10,553.6034088134766,0,0.0,2708844.0809018533,3708844.0809018533,-943187.6928972611
2023-07-10,2744108.000795139,28804.16524673812,10,-21548.387209453154,2023-07-10 00:00:00,7331.574171918214,2716175.6550737717,3716175.6550737717,-972067.6542786327
2023-07-11,2741396.116847194,14028.902129328751,10,-2711.8839479452,2023-07-11 00:00:00,-18598.630903377998,2697577.0241703936,3697577.0241703936,-956180.9073231998
2023-07-12,2757430.4712468763,20757.1777631421,10,16034.354399682488,2023-07-12 00:00:00,8706.037417493711,2706283.0615878874,3706283.0615878874,-948852.5903410111
2023-07-13,2753429.837249108,16198.056506462395,10,-4000.6339977681637,2023-07-13 00:00:00,-6086.889125695236,2700196.172462192,3700196.172462192,-946766.3352130838
2023-07-14,2736124.5103908437,15306.167041386652,10,-17305.326858264394,2023-07-14 00:00:00,-1735.9135394386894,2698460.2589227534,3698460.2589227534,-962335.7485319097
2023-07-17,2785320.185101304,20109.15994719026,10,49195.67471046047,2023-07-17 00:00:00,21832.151082825098,2720292.4100055783,3720292.4100055783,-934972.2249042741
2023-07-18,2823330.521640197,749.2011369618704,10,38010.336538892705,2023-07-18 00:00:00,-5127.321226274874,2715165.0887793032,3715165.0887793032,-891834.5671391063
2023-07-19,2818222.086400296,3011.7685749781667,10,-5108.435239900835,2023-07-19 00:00:00,12078.575627878208,2727243.6644071816,3727243.6644071816,-909021.5780068855
2023-07-20,2867218.2742814817,14718.183267573186,10,48996.18788118567,2023-07-20 00:00:00,30905.464878545878,2758149.1292857276,3758149.1292857276,-890930.8550042459
2023-07-21,2871018.5199431228,12689.238082771306,10,3800.2456616410054,2023-07-21 00:00:00,20774.430635311892,2778923.5599210397,3778923.5599210397,-907905.039977917
2023-07-24,2852438.633647835,21099.10499945836,10,-18579.88629528787,2023-07-24 00:00:00,22419.64616409943,2801343.206085139,3801343.206085139,-948904.5724373041
2023-07-25,2847345.093050834,2559.8838223181665,10,-5093.540597001091,2023-07-25 00:00:00,-21010.73909298697,2780332.466992152,3780332.466992152,-932987.3739413181
2023-07-26,2861563.957721976,2171.031460074417,10,14218.864671142306,2023-07-26 00:00:00,-1171.24433854375,2779161.2226536083,3779161.2226536083,-917597.2649316322
2023-07-27,2864067.161696356,15053.888964574377,10,2503.203974379692,2023-07-27 00:00:00,14868.3900231,2794029.6126767085,3794029.6126767085,-929962.4509803527
2023-07-28,2851666.205511968,15053.888964574377,10,-12400.956184387673,0,0.0,2794029.6126767085,3794029.6126767085,-942363.4071647404
2023-07-31,2866845.7086476493,15053.888964574377,10,15179.503135681152,0,0.0,2794029.6126767085,3794029.6126767085,-927183.9040290592
2023-08-01,2883877.858222041,3095.749857935589,10,17032.149574391544,2023-08-01 00:00:00,11212.520436690998,2805242.1331133996,3805242.1331133996,-921364.2748913588
2023-08-02,2860381.382447462,16275.917092542688,10,-23496.47577457875,2023-08-02 00:00:00,9563.371812962847,2814805.5049263625,3814805.5049263625,-954424.1224789005
2023-08-03,2820900.272874574,22333.41470501834,10,-39481.109572887886,2023-08-03 00:00:00,-3704.306735120923,2811101.198191242,3811101.198191242,-990200.9253166676
2023-08-04,2816575.591623137,1326.0746820659842,10,-4324.681251437403,2023-08-04 00:00:00,-32730.228092357127,2778370.970098885,3778370.970098885,-961795.378475748
2023-08-07,2837380.462040399,28.53531310410472,10,20804.870417262428,2023-08-07 00:00:00,-4968.006910022065,2773402.963188863,3773402.963188863,-936022.5011484637
2023-08-08,2838928.8683579043,3298.6174423770863,10,1548.4063175050542,2023-08-08 00:00:00,10460.645119032437,2783863.6083078953,3783863.6083078953,-944934.739949991
2023-08-09,2869271.3716655346,22.33995777083328,10,30342.503307630308,2023-08-09 00:00:00,-2852.0590994150184,2781011.5492084804,3781011.5492084804,-911740.1775429458
2023-08-10,2866581.079197907,222.8635549779283,10,-2690.2924676276743,2023-08-10 00:00:00,8272.700251045866,2789284.249459526,3789284.249459526,-922703.1702616191
2023-08-11,2855939.324412999,5394.328086552792,10,-10641.75478490768,2023-08-11 00:00:00,11385.145236875447,2800669.3946964014,3800669.3946964014,-944730.0702834022
2023-08-14,2843089.5264219297,17234.341946984525,10,-12849.7979910695,2023-08-14 00:00:00,8186.756920634061,2808856.1516170353,3808856.1516170353,-965766.6251951056
2023-08-16,2828173.579530273,17290.7076545101,10,-14915.946891656611,2023-08-16 00:00:00,-2144.7288888945286,2806711.422728141,3806711.422728141,-978537.8431978677
2023-08-17,2824487.8200514675,2.4207079769694246,10,-3685.7594788055867,2023-08-17 00:00:00,-28595.169860493603,2778116.2528676474,3778116.2528676474,-953628.4328161799
2023-08-18,2811614.560838352,4051.2204986911374,10,-12873.259213115554,2023-08-18 00:00:00,5308.578764144368,2783424.831631792,3783424.831631792,-971810.2707934398
2023-08-21,2805460.579866755,3088.9152835485875,10,-6153.980971597135,2023-08-21 00:00:00,-2588.179075542508,2780836.6525562494,3780836.6525562494,-975376.0726894946
2023-08-22,2819442.731785166,3088.9152835485875,10,13982.151918411255,0,0.0,2780836.6525562494,3780836.6525562494,-961393.9207710833
2023-08-23,2858749.886791575,3088.9152835485875,10,39307.15500640869,0,0.0,2780836.6525562494,3780836.6525562494,-922086.7657646746
2023-08-24,2839934.882808462,2408.261913075985,10,-18815.003983112983,2023-08-24 00:00:00,12660.733894506136,2793497.3864507554,3793497.3864507554,-953562.5036422936
2023-08-25,2832499.700214673,24445.952133465733,10,-7435.182593788952,2023-08-25 00:00:00,25191.094287624834,2818688.4807383805,3818688.4807383805,-986188.7805237076
2023-08-28,2831992.5932875574,16361.843381017272,10,-507.10692711547017,2023-08-28 00:00:00,-10776.266750363817,2807912.213988017,3807912.213988017,-975919.6207004595
2023-08-29,2840740.9930125177,16361.843381017272,10,8748.399724960327,0,0.0,2807912.213988017,3807912.213988017,-967171.2209754991
2023-08-30,2855884.501170248,16361.843381017272,10,15143.508157730103,0,0.0,2807912.213988017,3807912.213988017,-952027.712817769
2023-08-31,2859150.720070445,21538.90878733364,10,3266.2189001971856,2023-08-31 00:00:00,7519.256942436015,2815431.470930453,3815431.470930453,-956280.750860008
2023-09-01,2846213.399582858,27822.3758821442,10,-12937.320487586781,2023-09-01 00:00:00,7523.890398619016,2822955.361329072,3822955.361329072,-976741.961746214
2023-09-04,2900917.2598215262,47.29128705675248,10,54703.86023866804,2023-09-04 00:00:00,-11072.332147592895,2811883.0291814795,3811883.0291814795,-910965.7693599532
2023-09-05,2905691.7178842044,8639.1731473424,10,4774.45806267811,2023-09-05 00:00:00,22801.26001722018,2834684.2891987,3834684.2891987,-928992.5713144955
2023-09-06,2909688.917191346,16583.858158905758,10,3997.1993071418256,2023-09-06 00:00:00,22673.52278510439,2857357.811983804,3857357.811983804,-947668.894792458
2023-09-07,2910838.642710692,17810.6179742869,10,1149.7255193456076,2023-09-07 00:00:00,19807.97072057561,2877165.78270438,3877165.78270438,-966327.1399936881
2023-09-08,2934484.3816315075,3079.6019684217754,10,23645.738920815755,2023-09-08 00:00:00,-16962.416140957783,2860203.366563422,3860203.366563422,-925718.9849319146
2023-09-11,2999160.3757357504,59.80163144128164,10,64675.99410424288,2023-09-11 00:00:00,20413.885759879926,2880617.252323302,3880617.252323302,-881456.8765875516
2023-09-12,3087172.2318870216,28.55976788076805,10,88011.85615127115,2023-09-12 00:00:00,27320.374426894195,2907937.6267501963,3907937.6267501963,-820765.3948631748
2023-09-13,2947397.447801024,43426.45339718467,10,-139774.78408599738,2023-09-13 00:00:00,40570.77666129283,2948508.403411489,3948508.403411489,-1001110.9556104648
2023-09-14,3162405.579700161,36926.69806830963,10,215008.13189913658,2023-09-14 00:00:00,100499.07494110003,3049007.478352589,4049007.478352589,-886601.8986524283
2023-09-15,3119448.43527373,32207.1303268309,10,-42957.144426430576,2023-09-15 00:00:00,6320.5328044052085,3055328.0111569944,4055328.0111569944,-935879.5758832642
2023-09-18,3076809.703557305,24944.2792332698,10,-42638.73171642516,2023-09-18 00:00:00,2962.385084000698,3058290.3962409953,4058290.3962409953,-981480.6926836902
2023-09-20,3065338.540947971,20260.70484643895,10,-11471.162609334104,2023-09-20 00:00:00,-14914.127920405906,3043376.2683205893,4043376.2683205893,-978037.7273726184
2023-09-21,3077659.6958375936,19396.454293823568,10,12321.154889622703,2023-09-21 00:00:00,8886.947054042888,3052263.2153746323,4052263.2153746323,-974603.5195370386
2023-09-22,3061128.2739559705,24973.247909217785,10,-16531.4218816231,2023-09-22 00:00:00,-161.67244048314205,3052101.542934149,4052101.542934149,-990973.2689781785
2023-09-25,3099684.4922877336,17626.645394423278,10,38556.218331763055,2023-09-25 00:00:00,-7073.794708629761,3045027.7482255194,4045027.7482255194,-945343.2559377858
2023-09-26,3098939.522159449,21948.371204248742,10,-744.9701282847673,2023-09-26 00:00:00,8515.64101581167,3053543.3892413313,4053543.3892413313,-954603.8670818824
2023-09-27,3110622.540816893,21883.76021539164,10,11683.018657444045,2023-09-27 00:00:00,1881.1255077572796,3055424.5147490883,4055424.5147490883,-944801.9739321955
2023-09-28,3150901.6927323146,14327.572504500684,10,40279.15191542171,2023-09-28 00:00:00,11901.37612400383,3067325.890873092,4067325.890873092,-916424.1981407776
2023-09-29,3133639.293281564,17651.21308709029,10,-17262.399450750556,2023-09-29 00:00:00,32357.05664227339,3099682.9475153657,4099682.9475153657,-966043.6542338016
2023-10-03,3138381.830783737,6580.464422118908,10,4742.537502172869,2023-10-03 00:00:00,-5378.062219007081,3094304.8852963587,4094304.8852963587,-955923.0545126218
2023-10-04,3135703.357295967,3446.30652616109,10,-2678.473487769719,2023-10-04 00:00:00,-2799.972272150452,3091504.913024208,4091504.913024208,-955801.5557282409
2023-10-05,3107812.006365709,20884.393694810336,10,-27891.350930258166,2023-10-05 00:00:00,15452.903993216238,3106957.8170174244,4106957.8170174244,-999145.8106517154
2023-10-06,3113444.0825154763,4170.155338047305,10,5632.076149767265,2023-10-06 00:00:00,-24470.016873597815,3082487.8001438268,4082487.8001438268,-969043.7176283505
2023-10-09,3110213.024709497,68.81286409922177,10,-3231.0578059791587,2023-10-09 00:00:00,-1052.8260421185278,3081434.9741017083,4081434.9741017083,-971221.9493922112
2023-10-10,3096943.522634269,4306.6702783121145,10,-13269.502075227909,2023-10-10 00:00:00,4284.138876370974,3085719.1129780794,4085719.1129780794,-988775.5903438102
2023-10-11,3124763.559602347,336.20919951511314,10,27820.036968078,2023-10-11 00:00:00,-20699.809270443548,3065019.303707636,4065019.303707636,-940255.7441052888
2023-10-12,3122656.832727042,336.20919951511314,10,-2106.726875305176,0,0.0,3065019.303707636,4065019.303707636,-942362.4709805939
2023-10-13,3097192.260400895,16543.987661484687,10,-25464.572326146998,2023-10-13 00:00:00,18027.32589784119,3083046.629605477,4083046.629605477,-985854.3692045822
2023-10-16,3130313.9938321128,28972.06916093972,10,33121.733431217726,2023-10-16 00:00:00,15202.569796228998,3098249.199401706,4098249.199401706,-967935.2055695932
2023-10-17,3144551.4584849826,39535.20173106127,10,14237.46465286985,2023-10-17 00:00:00,12537.923459055164,3110787.1228607614,4110787.1228607614,-966235.6643757788
2023-10-18,3156183.046782291,40357.15716246364,10,11631.588297308423,2023-10-18 00:00:00,8929.061105630468,3119716.1839663917,4119716.1839663917,-963533.1371841007
2023-10-19,3153388.917808949,52510.37792438123,10,-2794.1289733420126,2023-10-19 00:00:00,15852.7093717,3135568.8933380917,4135568.8933380917,-982179.9755291427
2023-10-20,3132797.053430769,52442.0906545851,10,-20591.86437817989,2023-10-20 00:00:00,-2260.2038255663883,3133308.689512525,4133308.689512525,-1000511.6360817561
2023-10-23,3098184.955116793,42685.42427878018,10,-34612.09831397608,2023-10-23 00:00:00,-10379.9746518276,3122928.7148606977,4122928.7148606977,-1024743.7597439047
2023-10-25,3005735.0273900665,23130.363899771124,10,-92449.92772672651,2023-10-25 00:00:00,-23410.584355001316,3099518.1305056964,4099518.1305056964,-1093783.1031156299
2023-10-26,3027235.842700705,36655.10197804851,10,21500.815310638398,2023-10-26 00:00:00,-41932.641085804215,3057585.489419892,4057585.489419892,-1030349.646719187
2023-10-27,3085455.14242447,35182.80834091263,10,58219.29972376488,2023-10-27 00:00:00,11378.065071047868,3068963.5544909397,4068963.5544909397,-983508.4120664699
2023-10-30,3119701.8172117425,7.067677135346457,10,34246.6747872727,2023-10-30 00:00:00,25961.843588099975,3094925.3980790395,4094925.3980790395,-975223.580867297
2023-10-31,3113893.232167848,28.585492738115136,10,-5808.585043894593,2023-10-31 00:00:00,6992.970513110356,3101918.36859215,4101918.36859215,-988025.1364243021
2023-11-01,3093825.1915496443,10336.428236350825,10,-20068.04061820358,2023-11-01 00:00:00,16625.21734373341,3118543.585935883,4118543.585935883,-1024718.3943862389
2023-11-02,3089611.3546016645,17.66803245054325,10,-4213.836947979871,2023-11-02 00:00:00,-13129.544307288015,3105414.0416285954,4105414.0416285954,-1015802.687026931
2023-11-03,3142111.254889104,4378.031927678385,10,52499.90028743958,2023-11-03 00:00:00,8209.302466366342,3113623.344094962,4113623.344094962,-971512.0892058578
2023-11-06,3145018.531031345,67.29912826832151,10,2907.2761422409676,2023-11-06 00:00:00,-3508.4553313387387,3110114.8887636233,4110114.8887636233,-965096.3577322783
2023-11-07,3145549.897088159,21289.573998559325,10,531.3660568138584,2023-11-07 00:00:00,33178.70351972552,3143293.592283349,4143293.592283349,-997743.6951951901
2023-11-08,3162367.23797096,28775.39862312033,10,16817.340882800985,2023-11-08 00:00:00,16799.698698255823,3160093.2909816047,4160093.2909816047,-997726.0530106449
2023-11-09,3171822.038080174,15871.910242039305,10,9454.80010921415,2023-11-09 00:00:00,-10504.918357372471,3149588.3726242324,4149588.3726242324,-977766.3345440584
2023-11-10,3161769.21617116,14847.07162465126,10,-10052.821909014136,2023-11-10 00:00:00,24775.86544235587,3174364.2380665885,4174364.2380665885,-1012595.0218954287
2023-11-13,3150604.6269608145,25333.084930479992,10,-11164.58921034541,2023-11-13 00:00:00,8418.33226930109,3182782.5703358897,4182782.5703358897,-1032177.9433750752
2023-11-15,3177504.774304392,62.94671344937524,10,26900.14734357735,2023-11-15 00:00:00,-28809.34383088249,3153973.226505007,4153973.226505007,-976468.4522006153
2023-11-16,3159269.4893932464,98.65030671400018,10,-18235.284911145456,2023-11-16 00:00:00,12026.802173206272,3166000.0286782132,4166000.0286782132,-1006730.5392849669
2023-11-17,3136162.6398937744,6392.674027685483,10,-23106.84949947195,2023-11-17 00:00:00,7106.372268335135,3173106.400946548,4173106.400946548,-1036943.7610527738
2023-11-20,3076875.044157709,2906.923861230898,10,-59287.595736065414,2023-11-20 00:00:00,-6861.777567197882,3166244.62337935,4166244.62337935,-1089369.5792216412
2023-11-21,3070000.785651981,15.6403043854516,10,-6874.258505728096,2023-11-21 00:00:00,-29657.26569294923,3136587.357686401,4136587.357686401,-1066586.57203442
2023-11-22,3070703.4376181867,14655.77082436328,10,702.6519662057981,2023-11-22 00:00:00,6366.450118488361,3142953.807804889,4142953.807804889,-1072250.3701867023
2023-11-23,3050332.71745399,25.46101096633356,10,-20370.720164196566,2023-11-23 00:00:00,-29816.319832547015,3113137.487972342,4113137.487972342,-1062804.7705183518
2023-11-24,3064624.223175969,23.083748784440104,10,14291.505721978843,2023-11-24 00:00:00,-4966.706745815536,3108170.7812265265,4108170.7812265265,-1043546.5580505575
2023-11-28,3065818.8638744177,104.40524099470348,10,1194.6406984487548,2023-11-28 00:00:00,7209.073706970337,3115379.854933497,4115379.854933497,-1049560.9910590793
2023-11-29,3101481.887447011,4390.534923207422,10,35663.02357259346,2023-11-29 00:00:00,8119.889155797752,3123499.7440892947,4123499.7440892947,-1022017.8566422835
2023-11-30,3103110.980755835,27.96572974231094,10,1629.0933088236488,2023-11-30 00:00:00,32016.08940299793,3155515.8334922926,4155515.8334922926,-1052404.8527364577
2023-12-01,3101972.146652996,4556.698918162845,10,-1138.8341028387658,2023-12-01 00:00:00,1741.5308234666272,3157257.3643157594,4157257.3643157594,-1055285.2176627633
2023-12-04,3101268.0281579443,1660.3484901064076,10,-704.118495051749,2023-12-04 00:00:00,6125.591094415318,3163382.9554101746,4163382.9554101746,-1062114.9272522302
2023-12-05,3155496.902226927,57.85256338363979,10,54228.8740689829,2023-12-05 00:00:00,-3987.5285896239275,3159395.4268205506,4159395.4268205506,-1003898.5245936234
2023-12-06,3183978.223843326,6515.169161547732,10,28481.321616398636,2023-12-06 00:00:00,37762.89435669087,3197158.3211772414,4197158.321177241,-1013180.0973339155
2023-12-07,3197503.2653376795,17847.218737337564,10,13525.041494353674,2023-12-07 00:00:00,33262.98671414345,3230421.3078913847,4230421.307891385,-1032918.0425537052
2023-12-08,3236665.3347100653,21533.84801000712,10,39162.06937238574,2023-12-08 00:00:00,8459.211957494274,3238880.519848879,4238880.519848879,-1002215.1851388142
2023-12-11,3287622.0426325984,14673.39363815263,10,50956.707922533154,2023-12-11 00:00:00,24762.753242285566,3263643.2730911644,4263643.273091164,-976021.230458566
2023-12-12,3267395.025829808,49780.90800143854,10,-20227.016802790575,2023-12-12 00:00:00,61173.69481744227,3324816.967908607,4324816.967908607,-1057421.942078799
2023-12-13,3241911.0859342543,37989.223354908405,10,-25483.939895553514,2023-12-13 00:00:00,-9671.54912642826,3315145.418782179,4315145.418782178,-1073234.332847924
2023-12-14,3273919.60244,14039.660301327764,10,32008.516505745705,2023-12-14 00:00:00,-22179.911181284006,3292965.5076008947,4292965.507600894,-1019045.9051608942
2023-12-15,3291018.145706296,14039.660301327764,10,17098.54326629592,0,0.0,3292965.5076008947,4292965.507600894,-1001947.3618945982
2023-12-18,3305420.975706269,24531.262975861784,10,14402.829999973066,2023-12-18 00:00:00,17372.891716769773,3310338.3993176646,4310338.399317665,-1004917.423611396
2023-12-19,3327330.983767472,18456.103953324146,10,21910.008061203174,2023-12-19 00:00:00,25644.202526241294,3335982.6018439056,4335982.601843906,-1008651.6180764334
2023-12-20,3311485.573378217,14913.101263653836,10,-15845.410389255267,2023-12-20 00:00:00,16069.626564046672,3352052.2284079525,4352052.228407953,-1040566.655029736
2023-12-21,3264113.76300978,24175.366395704856,10,-47371.810368436854,2023-12-21 00:00:00,6292.573652923139,3358344.8020608756,4358344.802060876,-1094231.039051096
2023-12-22,3439048.077752758,14173.971595454845,10,174934.31474297773,2023-12-22 00:00:00,21837.981228411107,3380182.783289287,4380182.783289287,-941134.7055365294
2023-12-26,3391664.482019868,10927.516058411971,10,-47383.595732889604,2023-12-26 00:00:00,49389.28819220435,3429572.071481491,4429572.0714814905,-1037907.5894616223
2023-12-27,3403113.326777142,24283.87924830307,10,11448.844757273793,2023-12-27 00:00:00,39660.31536065064,3469232.3868421414,4469232.386842141,-1066119.060064999
2023-12-28,3397249.061570936,18398.69316654763,10,-5864.265206206124,2023-12-28 00:00:00,-6238.961635174728,3462993.4252069667,4462993.425206967,-1065744.3636360308
2023-12-29,3429832.220759368,4259.884472823294,10,32583.159188432153,2023-12-29 00:00:00,13691.526735271376,3476684.951942238,4476684.951942238,-1046852.73118287
2024-01-01,3423849.9974917765,6835.410314500041,10,-5982.223267591558,2024-01-01 00:00:00,-519.0045303913721,3476165.947411847,4476165.947411846,-1052315.94992007
2024-01-02,3448204.7365445984,29.27720736397896,10,24354.739052821882,2024-01-02 00:00:00,-9195.500646988,3466970.446764859,4466970.446764858,-1018765.7102202601
2024-01-03,3411456.340270024,12016.43151758227,10,-36748.39627457457,2024-01-03 00:00:00,28401.770028772342,3495372.216793631,4495372.216793631,-1083915.8765236074
2024-01-04,3409731.2118617506,304.4252101393067,10,-1725.1284082732163,2024-01-04 00:00:00,-21834.958678477808,3473537.2581151533,4473537.258115154,-1063806.0462534032
2024-01-05,3493415.7065350423,276.0115734943538,10,83684.49467329169,2024-01-05 00:00:00,18825.887956839102,3492363.1460719923,4492363.146071993,-998947.4395369506
2024-01-08,3483458.485552722,34.14786809083307,10,-9957.220982320141,2024-01-08 00:00:00,27699.81201280596,3520062.9580847984,4520062.958084798,-1036604.4725320763
2024-01-09,3452997.730127491,23855.4076329844,10,-30460.755425231066,2024-01-09 00:00:00,24304.828458587464,3544367.786543386,4544367.786543386,-1091370.056415895
2024-01-10,3454407.461066188,19602.887701929663,10,1409.7309386967681,2024-01-10 00:00:00,-2522.4892230131027,3541845.297320373,4541845.297320373,-1087437.8362541855
2024-01-11,3429524.2074210346,10746.009293287876,10,-24883.25364515325,2024-01-11 00:00:00,-13905.780181734388,3527939.5171386385,4527939.5171386385,-1098415.309717604
2024-01-12,3435568.835598961,64.73244573216652,10,6044.62817792641,2024-01-12 00:00:00,-34475.6492877431,3493463.8678508955,4493463.867850896,-1057895.032251935
2024-01-15,3445744.978262026,71.38578613463324,10,10176.142663064878,2024-01-15 00:00:00,13174.961996105976,3506638.8298470015,4506638.8298470015,-1060893.8515849756
2024-01-16,3468995.910284305,15545.415220523544,10,23250.93202227913,2024-01-16 00:00:00,18281.539432691847,3524920.3692796933,4524920.369279694,-1055924.4589953888
2024-01-17,3464784.9279780933,145.99748187768273,10,-4210.982306211721,2024-01-17 00:00:00,-11410.09657552894,3513510.2727041645,4513510.2727041645,-1048725.3447260712
2024-01-18,3466436.5547781894,23745.723349661625,10,1651.6268000961281,2024-01-18 00:00:00,33198.39180425396,3546708.6645084186,4546708.664508419,-1080272.1097302297
2024-01-19,3514184.028754723,19433.121337425604,10,47747.473976533394,2024-01-19 00:00:00,15453.683046018105,3562162.347554437,4562162.347554437,-1047978.3187997141
2024-01-23,3500569.987578466,20936.471274450072,10,-13614.041176256724,2024-01-23 00:00:00,18732.197115343137,3580894.54466978,4580894.54466978,-1080324.5570913139
2024-01-24,3465429.622764663,21421.436428145276,10,-35140.36481380323,2024-01-24 00:00:00,6990.042512930855,3587884.587182711,4587884.587182711,-1122454.964418048
2024-01-25,3736622.657048675,5039.819432708377,10,271193.0342840124,2024-01-25 00:00:00,126047.11920817473,3713931.7063908856,4713931.706390886,-977309.0493422104
2024-01-29,3659575.5330761,4470.752272419399,10,-77047.12397257518,2024-01-29 00:00:00,4438.746974834134,3718370.45336572,4718370.45336572,-1058794.9202896198
2024-01-30,3673311.780405782,91.39402653998695,10,13736.247329682112,2024-01-30 00:00:00,12238.27767281133,3730608.7310385313,4730608.731038531,-1057296.9506327491
2024-01-31,3691734.640174481,17922.140027615183,10,18422.859768698923,2024-01-31 00:00:00,33419.94579481019,3764028.6768333414,4764028.676833341,-1072294.0366588598
2024-02-01,3722249.350267546,21170.58113302453,10,30514.7100930647,2024-02-01 00:00:00,21378.702792807893,3785407.3796261493,4785407.379626149,-1063158.0293586035
2024-02-02,3758036.278925689,25303.616053375008,10,35786.92865814315,2024-02-02 00:00:00,29205.4286419688,3814612.808268118,4814612.808268119,-1056576.5293424297
2024-02-05,3757698.396378265,1309.254685150343,10,-337.8825474237092,2024-02-05 00:00:00,981.6312443804472,3815594.4395124987,4815594.439512499,-1057896.0431342334
2024-02-06,3712786.194515844,21680.73530258774,10,-44912.20186242135,2024-02-06 00:00:00,18285.77673709452,3833880.216249593,4833880.216249593,-1121094.0217337487
2024-02-07,3775490.533620512,18386.766362822324,10,62704.33910466824,2024-02-07 00:00:00,5231.302102783564,3839111.5183523768,4839111.518352376,-1063620.9847318642
2024-02-08,3769206.178382902,25886.613395719964,10,-6284.3552376101725,2024-02-08 00:00:00,29454.83115348187,3868566.3495058585,4868566.3495058585,-1099360.1711229566
2024-02-09,3801239.538926112,34.12041567557026,10,32033.36054321006,2024-02-09 00:00:00,-5337.135579728556,3863229.21392613,4863229.21392613,-1061989.675000018
2024-02-12,3814657.599637617,12986.980226148677,10,13418.060711504892,2024-02-12 00:00:00,15277.803864220736,3878507.0177903506,4878507.017790351,-1063849.4181527342
2024-02-13,3775069.659418872,16993.31606560049,10,-39587.9402187448,2024-02-13 00:00:00,59003.89152041657,3937510.909310767,4937510.909310767,-1162441.2498918953
2024-02-14,4019530.622781652,7311.70235242293,10,244460.96336277993,2024-02-14 00:00:00,92037.84377636356,4029548.7530871304,5029548.75308713,-1010018.1303054783
2024-02-15,4197703.2856680425,22.7677923712763,10,178172.66288639046,2024-02-15 00:00:00,38707.26149343903,4068256.014580569,5068256.014580569,-870552.7289125267
2024-02-16,4143801.5373276807,22470.897938642946,10,-53901.74834036175,2024-02-16 00:00:00,63876.216941581464,4132132.231522151,5132132.23152215,-988330.6941944696
2024-02-19,4078355.236945456,35671.27505809703,10,-65446.30038222484,2024-02-19 00:00:00,52861.407128821294,4184993.638650972,5184993.638650972,-1106638.4017055165
2024-02-20,4050525.4602609705,22858.55213413987,10,-27829.776684485376,2024-02-20 00:00:00,-31764.499891021922,4153229.13875995,5153229.13875995,-1102703.6784989797
2024-02-21,4077867.157882394,2764.6768223661347,10,27341.697621423285,2024-02-21 00:00:00,-23075.828235871042,4130153.310524079,5130153.310524079,-1052286.1526416852
2024-02-22,4028000.514224737,2003.1725651910529,10,-49866.64365765685,2024-02-22 00:00:00,-5182.067287878116,4124971.243236201,5124971.243236201,-1096970.729011464
2024-02-23,4150111.6622203337,15661.496830319637,10,122111.14799559675,2024-02-23 00:00:00,19802.68932280235,4144773.932559003,5144773.932559003,-994662.2703386694
2024-02-26,4086525.596143342,6383.413846589276,10,-63586.066076991614,2024-02-26 00:00:00,42671.894467987855,4187445.827026991,5187445.827026991,-1100920.230883649
2024-02-27,4105882.723054583,16631.1742874934,10,19357.126911241096,2024-02-27 00:00:00,11141.006552822972,4198586.833579814,5198586.833579814,-1092704.1105252309
2024-02-28,4138993.498991751,12107.354374670833,10,33110.77593716793,2024-02-28 00:00:00,16186.665238380441,4214773.4988181945,5214773.4988181945,-1075779.9998264434
2024-02-29,4154608.18742534,7735.652215684822,10,15614.688433588948,2024-02-29 00:00:00,21872.75292120072,4236646.251739395,5236646.251739395,-1082038.0643140548
2024-03-01,4250601.338364039,26543.57481433428,10,95993.15093869856,2024-03-01 00:00:00,62376.9225603537,4299023.174299749,5299023.174299749,-1048421.83593571
2024-03-04,4233859.098958913,4799.313127561996,10,-16742.23940512538,2024-03-04 00:00:00,-13606.637958518755,4285416.536341229,5285416.536341229,-1051557.4373823162
2024-03-05,4231483.60974407,1028.2256879785564,10,-2375.489214843139,2024-03-05 00:00:00,20725.53118246734,4306142.067523696,5306142.067523696,-1074658.4577796264
2024-03-06,4226474.897851961,2463.5532169510843,10,-5008.711892109364,2024-03-06 00:00:00,66.50729840813801,4306208.574822105,5306208.574822105,-1079733.6769701438
2024-03-07,4192547.6769128656,35873.55823763349,10,-33927.22093909513,2024-03-07 00:00:00,25182.85994008702,4331391.434762192,5331391.434762192,-1138843.7578493264
2024-03-11,4194577.804861365,68.07476454757852,10,2030.1279484992847,2024-03-11 00:00:00,-59471.18553049313,4271920.249231699,5271920.249231699,-1077342.444370334
2024-03-12,4105103.146597811,6353.715744920948,10,-89474.65826355387,2024-03-12 00:00:00,-7264.642403807418,4264655.606827891,5264655.606827891,-1159552.4602300804
2024-03-13,4121861.147597239,154.6006592962658,10,16758.000999427866,2024-03-13 00:00:00,-14595.074316197637,4250060.532511693,5250060.532511693,-1128199.3849144545
2024-03-14,4104671.4329538415,15722.864335067105,10,-17189.71464339737,2024-03-14 00:00:00,2361.925502182663,4252422.458013876,5252422.458013876,-1147751.0250600348
2024-03-15,4469729.301458768,10498.576307705544,10,365057.8685049261,2024-03-15 00:00:00,102943.65318990007,4355366.111203777,5355366.111203777,-885636.809745009
2024-03-18,4304672.479804844,12459.049415439367,10,-165056.82165392395,2024-03-18 00:00:00,31373.066976218783,4386739.178179995,5386739.178179995,-1082066.6983751515
2024-03-19,4316029.27785946,51403.23490215361,10,11356.798054615967,2024-03-19 00:00:00,116314.60854035892,4503053.786720354,5503053.786720354,-1187024.5088608945
2024-03-20,4255249.955940698,11677.743264025718,10,-60779.32191876136,2024-03-20 00:00:00,-55472.899125548836,4447580.887594805,5447580.887594805,-1192330.9316541068
2024-03-21,4288742.118459228,16161.101857664878,10,33492.16251853015,2024-03-21 00:00:00,-15513.536706556302,4432067.3508882485,5432067.3508882485,-1143325.23242902
2024-03-22,4325708.422526602,194.2011978661758,10,36966.304067373276,2024-03-22 00:00:00,-18407.206410742427,4413660.144477506,5413660.144477506,-1087951.7219509045
2024-03-26,4311509.598198609,7595.05375357141,10,-14198.824327992275,2024-03-26 00:00:00,18101.67469309324,4431761.8191706,5431761.8191706,-1120252.2209719904
2024-03-27,4305240.655088843,12818.146437109272,10,-6268.94310976658,2024-03-27 00:00:00,1241.521117736118,4433003.340288335,5433003.340288335,-1127762.6851994926
2024-03-28,4286306.773752045,153.67766745004337,10,-18933.88133679796,2024-03-28 00:00:00,-13447.514064159452,4419555.826224176,5419555.826224176,-1133249.0524721313
2024-04-01,4298760.20715344,65.70332348404918,10,12453.433401395567,2024-04-01 00:00:00,-5535.523283927025,4414020.302940249,5414020.302940249,-1115260.095786809
2024-04-02,4389382.877378441,170.13780019438127,10,90622.67022500094,2024-04-02 00:00:00,-13435.511455333391,4400584.791484916,5400584.791484916,-1011201.9141064743
2024-04-03,4329011.703903294,1590.3791199685656,10,-60371.173475147225,2024-04-03 00:00:00,44952.43637183643,4445537.227856752,5445537.227856752,-1116525.5239534583
2024-04-04,4416153.304666975,47.20629356126301,10,87141.60076368041,2024-04-04 00:00:00,1635.6967974295058,4447172.924654182,5447172.924654182,-1031019.6199872075
2024-04-05,4370637.880037187,11982.982296029511,10,-45515.424629787914,2024-04-05 00:00:00,57185.58560654467,4504358.510260726,5504358.510260726,-1133720.6302235397
2024-04-08,4398461.8994446425,23618.762327417207,10,27824.01940745581,2024-04-08 00:00:00,13521.84184708031,4517880.352107807,5517880.352107807,-1119418.4526631646
2024-04-09,4395441.249457691,30515.84982825839,10,-3020.649986951612,2024-04-09 00:00:00,9841.104484697962,4527721.456592505,5527721.456592505,-1132280.207134814
2024-04-10,4404960.728879509,37633.2934834747,10,9519.479421817698,2024-04-10 00:00:00,9942.260567800284,4537663.717160305,5537663.717160305,-1132702.9882807964
2024-04-12,4434983.922315015,44618.90340381384,10,30023.193435506895,2024-04-12 00:00:00,18134.82573513172,4555798.542895436,5555798.542895436,-1120814.6205804208
2024-04-15,4399278.753598342,75616.69709329901,10,-35705.16871667374,2024-04-15 00:00:00,29251.831386780737,4585050.374282217,5585050.374282217,-1185771.620683875
2024-04-16,4382821.40194301,61520.56314274023,10,-16457.35165533144,2024-04-16 00:00:00,-20036.824734784743,4565013.549547432,5565013.549547432,-1182192.1476044217
2024-04-18,4405194.292743355,5872.459376961284,10,22372.890800344758,2024-04-18 00:00:00,-33526.672635803014,4531486.876911629,5531486.876911629,-1126292.584168274
2024-04-19,4377969.956513032,21853.754868135205,10,-27224.33623032272,2024-04-19 00:00:00,12898.7304692218,4544385.607380851,5544385.607380851,-1166415.6508678189
2024-04-22,4462265.338724493,7071.841837286425,10,84295.38221146073,2024-04-22 00:00:00,7487.068811491114,4551872.676192342,5551872.676192342,-1089607.3374678493
2024-04-23,4425222.632244306,44.84224339039065,10,-37042.706480187364,2024-04-23 00:00:00,-8927.132479458867,4542945.543712883,5542945.543712883,-1117722.9114685776
2024-04-24,4463215.555814058,8260.501683503564,10,37992.9235697519,2024-04-24 00:00:00,51454.04812710409,4594399.591839988,5594399.591839988,-1131184.0360259302
2024-04-25,4544534.509380271,118.5922049775254,10,81318.95356621314,2024-04-25 00:00:00,-73.77904915109139,4594325.812790837,5594325.812790837,-1049791.3034105664
2024-04-26,4517148.406261622,8821.380785190966,10,-27386.103118648753,2024-04-26 00:00:00,23660.13765316252,4617985.950444,5617985.950444,-1100837.5441823779
2024-04-29,4541522.742760959,2671.946347014513,10,24374.336499337107,2024-04-29 00:00:00,9893.922683294164,4627879.873127294,5627879.873127294,-1086357.1303663347
2024-04-30,4538001.121560426,16749.19270782062,10,-3521.6212005326524,2024-04-30 00:00:00,23837.519372150586,4651717.392499444,5651717.392499444,-1113716.2709390176
2024-05-02,4582891.000630075,13726.472750385234,10,44889.87906964868,2024-05-02 00:00:00,30427.03435452686,4682144.426853971,5682144.426853971,-1099253.4262238955
2024-05-03,4606989.211528122,38030.4382489571,10,24098.210898047313,2024-05-03 00:00:00,61420.4627107655,4743564.889564736,5743564.889564736,-1136575.6780366134
2024-05-06,4580582.197235486,32917.0475042988,10,-26407.014292636886,2024-05-06 00:00:00,-1282.1829330995915,4742282.706631636,5742282.706631636,-1161700.5093961507
2024-05-07,4576011.7887653485,48342.942012676736,10,-4570.408470137045,2024-05-07 00:00:00,18682.578661631764,4760965.285293268,5760965.285293268,-1184953.4965279195
2024-05-08,4580614.782942905,14427.516169176612,10,4602.994177556597,2024-05-08 00:00:00,-34158.22089101091,4726807.064402257,5726807.064402257,-1146192.281459352
2024-05-09,4650863.224021899,24975.35268731776,10,70248.44107899349,2024-05-09 00:00:00,34188.34138472837,4760995.4057869855,5760995.4057869855,-1110132.181765087
2024-05-10,4549815.429104487,35125.76154009462,10,-101047.79491741117,2024-05-10 00:00:00,1244.2861362445647,4762239.69192323,5762239.69192323,-1212424.2628187425
2024-05-13,4641798.9176495485,43461.08999757125,10,91983.48854506109,2024-05-13 00:00:00,37726.40139517025,4799966.0933184,5799966.0933184,-1158167.1756688515
2024-05-14,4651571.417552496,67248.78870728123,10,9772.499902947806,2024-05-14 00:00:00,28800.358631260744,4828766.451949661,5828766.451949661,-1177195.0343971644
2024-05-15,4773831.450285459,7277.900595212064,10,122260.03273296263,2024-05-15 00:00:00,-14313.62978934107,4814452.822160319,5814452.822160319,-1040621.3718748605
2024-05-16,4755681.799171659,11263.380661222443,10,-18149.651113799773,2024-05-16 00:00:00,44438.050463885316,4858890.8726242045,5858890.8726242045,-1103209.0734525453
2024-05-17,4778169.794623714,57.644553523743525,10,22487.995452054776,2024-05-17 00:00:00,29132.89209943551,4888023.76472364,5888023.76472364,-1109853.970099926
2024-05-21,4859207.699244031,12684.782145031844,10,81037.90462031681,2024-05-21 00:00:00,48550.31081383971,4936574.0755374795,5936574.0755374795,-1077366.3762934487
2024-05-22,4980798.990456159,124.07254081469728,10,121591.29121212848,2024-05-22 00:00:00,24046.44715280616,4960620.522690286,5960620.522690286,-979821.5322341267
2024-05-23,4899200.613526951,21413.70037997805,10,-81598.37692920864,2024-05-23 00:00:00,65749.84662041457,5026370.3693107,6026370.3693107,-1127169.7557837497
2024-05-24,4946163.360458443,12072.12101752538,10,46962.74693149235,2024-05-24 00:00:00,-4388.285589506775,5021982.0837211935,6021982.0837211935,-1075818.7232627505
2024-05-27,4918339.7139649615,61321.5100808366,10,-27823.646493481472,2024-05-27 00:00:00,59543.23911984877,5081525.322841043,6081525.322841043,-1163185.6088760812
2024-05-28,4946712.315966809,49656.750254833896,10,28372.6020018477,2024-05-28 00:00:00,-3426.039316972383,5078099.28352407,6078099.28352407,-1131386.9675572608
2024-05-29,4907720.150239498,48457.853471309645,10,-38992.165727310814,2024-05-29 00:00:00,-505.51057512805164,5077593.772948942,6077593.772948942,-1169873.6227094438
2024-05-30,4941387.775168016,63265.74461991957,10,33667.62492851727,2024-05-30 00:00:00,18100.724728984715,5095694.497677927,6095694.497677927,-1154306.7225099113
2024-05-31,4869029.823482209,82701.26255386422,10,-72357.95168580674,2024-05-31 00:00:00,13089.097835729212,5108783.595513656,6108783.595513656,-1239753.772031447
2024-06-03,4962589.202663077,51686.41419566987,10,93559.37918086816,2024-06-03 00:00:00,-5223.437550457085,5103560.157963199,6103560.157963199,-1140970.9553001216
2024-06-04,5001273.629304721,31263.54685003945,10,38684.42664164398,2024-06-04 00:00:00,7228.09014796936,5110788.248111168,6110788.248111168,-1109514.618806447
2024-06-05,5198926.520478622,65687.39681948803,10,197652.89117390104,2024-06-05 00:00:00,95916.70460881428,5206704.952719982,6206704.952719982,-1007778.4322413597
2024-06-06,6187281.635172892,29.332858134410344,10,988355.1146942703,2024-06-06 00:00:00,783875.9088528844,5990580.861572866,6990580.861572866,-803299.226399974
2024-06-07,6055935.012714779,383.31006280123256,10,-131346.62245811336,2024-06-07 00:00:00,138417.64225438636,6128998.503827252,7128998.503827252,-1073063.4911124734
2024-06-10,6121288.649875354,22013.584048937773,10,65353.63716057502,2024-06-10 00:00:00,97207.38508862717,6226205.88891588,7226205.88891588,-1104917.2390405256
2024-06-11,6076536.087252609,36269.321368209785,10,-44752.56262274459,2024-06-11 00:00:00,22616.759887379834,6248822.648803259,7248822.648803259,-1172286.5615506498
2024-06-12,6144334.810701789,2307.709948004922,10,67798.7234491799,2024-06-12 00:00:00,-18499.49590992811,6230323.152893331,7230323.152893331,-1085988.3421915416
2024-06-13,6112775.188563657,93.97381145949475,10,-31559.62213813234,2024-06-13 00:00:00,-15266.223175836343,6215056.929717494,7215056.929717494,-1102281.7411538372
2024-06-14,6104841.383321668,90.06059827958234,10,-7933.805241988972,2024-06-14 00:00:00,9188.149526494324,6224245.079243989,7224245.079243989,-1119403.6959223207
2024-06-18,6114128.535804628,19215.587882875,10,9287.152482960373,2024-06-18 00:00:00,19069.74412129107,6243314.8233652795,7243314.8233652795,-1129186.287560651
2024-06-19,6096116.365371584,19215.587882875,10,-18012.170433044434,0,0.0,6243314.8233652795,7243314.8233652795,-1147198.4579936955
2024-06-20,6047725.219343161,22711.74693105149,10,-48391.14602842275,2024-06-20 00:00:00,3305.960349973044,6246620.783715253,7246620.783715253,-1198895.5643720916
2024-06-21,6088914.998742945,63.56139553233516,10,41189.77939978335,2024-06-21 00:00:00,12184.002921908163,6258804.786637161,7258804.786637161,-1169889.7878942164
2024-06-24,6148154.088901133,174.3524433086859,10,59239.090158188716,2024-06-24 00:00:00,-37351.431197549646,6221453.355439612,7221453.355439612,-1073299.2665384784
2024-06-25,6168142.861958405,53795.29002084443,10,19988.773057271726,2024-06-25 00:00:00,82835.48906247327,6304288.844502085,7304288.844502085,-1136145.98254368
2024-06-26,6158946.474609443,53149.10958106187,10,-9196.387348962016,2024-06-26 00:00:00,7538.981724671288,6311827.826226756,7311827.826226756,-1152881.351617313
2024-06-27,6173868.203239378,78600.09829705546,10,14921.728629934601,2024-06-27 00:00:00,32553.504714676485,6344381.330941432,7344381.330941432,-1170513.1277020546
2024-06-28,6165469.376400109,76371.08050167188,10,-8398.826839268208,2024-06-28 00:00:00,-3304.362191601196,6341076.9687498305,7341076.9687498305,-1175607.5923497211
2024-07-01,6181044.358032095,16307.08839403349,10,15574.981631985866,2024-07-01 00:00:00,-5660.152307895614,6335416.816441935,7335416.816441935,-1154372.4584098393
2024-07-02,6198111.436411652,6830.7239177550655,10,17067.078379556537,2024-07-02 00:00:00,-4172.747061573371,6331244.069380362,7331244.069380362,-1133132.6329687098
2024-07-03,6155603.900723109,46901.729855189216,10,-42507.53568854276,2024-07-03 00:00:00,56961.79215086329,6388205.861531225,7388205.861531225,-1232601.960808116
2024-07-04,6235544.199100421,597.7057723263279,10,79940.29837731179,2024-07-04 00:00:00,-41038.20088343184,6347167.660647793,7347167.660647793,-1111623.461547372
2024-07-05,6225540.541500424,12216.71653399372,10,-10003.657599996775,2024-07-05 00:00:00,17375.7527486174,6364543.41339641,7364543.41339641,-1139002.8718959857
2024-07-08,6260633.638344973,14.269131869077682,10,35093.09684454929,2024-07-08 00:00:00,-3250.261824742167,6361293.151571668,7361293.151571668,-1100659.5132266944
2024-07-09,6165278.706812186,32704.52132253116,10,-95354.93153278716,2024-07-09 00:00:00,31439.594648702296,6392732.74622037,7392732.74622037,-1227454.0394081837
2024-07-10,6210006.910476054,19698.16842588305,10,44728.2036638679,2024-07-10 00:00:00,-962.9107733126712,6391769.835447057,7391769.835447057,-1181762.924971003
2024-07-11,6209045.186592764,46725.35528630705,10,-961.7238832898438,2024-07-11 00:00:00,29565.555343471708,6421335.390790529,7421335.390790529,-1212290.2041977644
2024-07-12,6276508.671090838,118.81667112966534,10,67463.48449807335,2024-07-12 00:00:00,-43287.22202791739,6378048.168762611,7378048.168762611,-1101539.4976717737
2024-07-15,6271901.513910386,52348.46106538444,10,-4607.157180451788,2024-07-15 00:00:00,75076.05195081518,6453124.220713426,7453124.220713426,-1181222.7068030406
2024-07-16,6340927.513225903,15794.570358623634,10,69025.99931551702,2024-07-16 00:00:00,26557.878003587117,6479682.098717013,7479682.098717013,-1138754.5854911106
2024-07-18,6354549.486695737,25597.27766558563,10,13621.973469833843,2024-07-18 00:00:00,28870.888842767345,6508552.9875597805,7508552.9875597805,-1154003.5008640438
2024-07-19,6312790.167613149,24.306910633225925,10,-41759.31908258796,2024-07-19 00:00:00,-3638.6218043349545,6504914.365755445,7504914.365755445,-1192124.1981422966
2024-07-22,6161679.662131007,48879.636038476485,10,-151110.50548214186,2024-07-22 00:00:00,16806.95632667775,6521721.322082123,7521721.322082123,-1360041.659951116
2024-07-23,6352041.315029665,39515.18217138841,10,190361.65289865807,2024-07-23 00:00:00,-20586.33689471499,6501134.985187408,7501134.985187408,-1149093.6701577427
2024-07-24,6404554.668931719,2691.908197160345,10,52513.35390205402,2024-07-24 00:00:00,47451.76266383905,6548586.747851247,7548586.747851247,-1144032.078919528
2024-07-25,6497599.645484499,14180.139247468673,10,93044.97655277979,2024-07-25 00:00:00,88378.28737381908,6636965.035225066,7636965.035225066,-1139365.3897405677
2024-07-26,6476024.287581842,35228.32102910755,10,-21575.35790265631,2024-07-26 00:00:00,56537.75995402521,6693502.795179091,7693502.795179091,-1217478.507597249
2024-07-29,6509390.332237921,16506.82132788631,10,33366.04465607833,2024-07-29 00:00:00,16384.326766851256,6709887.121945943,7709887.121945943,-1200496.789708022
2024-07-30,6595932.912350443,93153.0711791782,10,86542.58011252247,2024-07-30 00:00:00,138577.67188104117,6848464.793826984,7848464.793826984,-1252531.881476541
2024-07-31,6681298.4406161625,44534.96539643558,10,85365.5282657193,2024-07-31 00:00:00,53556.20938618718,6902021.003213172,7902021.003213172,-1220722.5625970094
2024-08-01,6697910.315608541,54576.88618806959,10,16611.874992378056,2024-08-01 00:00:00,34936.1841808746,6936957.187394046,7936957.187394046,-1239046.8717855057
2024-08-02,6704658.686109002,59101.31093352672,10,6748.370500461198,2024-08-02 00:00:00,2234.394220859722,6939191.581614906,7939191.581614906,-1234532.8955059042
2024-08-05,6633660.684559451,64403.21609936806,10,-70998.00154955033,2024-08-05 00:00:00,-6941.348889418034,6932250.232725488,7932250.232725488,-1298589.5481660366
2024-08-06,6377318.303157915,26611.8953438896,10,-256342.38140153605,2024-08-06 00:00:00,-67068.11506634727,6865182.11765914,7865182.11765914,-1487863.814501225
2024-08-07,6397958.541316876,255.88354862644337,10,20640.238158960827,2024-08-07 00:00:00,-98647.95639069066,6766534.161268449,7766534.161268449,-1368575.6199515732
2024-08-08,6515566.45918664,16019.22159203468,10,117607.91786976345,2024-08-08 00:00:00,37561.19259647996,6804095.35386493,7804095.35386493,-1288528.89467829
2024-08-09,6439190.917521548,393.3787070036633,10,-76375.54166509118,2024-08-09 00:00:00,-36798.8362711309,6767296.517593799,7767296.517593799,-1328105.6000722507
2024-08-12,6419138.82921584,253.6269834784325,10,-20052.08830570802,2024-08-12 00:00:00,-8194.194157306116,6759102.323436493,7759102.323436493,-1339963.4942206526
2024-08-13,6352199.295169666,253.6269834784325,10,-66939.53404617403,0,0.0,6759102.323436493,7759102.323436493,-1406903.0282668266
2024-08-14,6319840.480174775,146.21903204463888,10,-32358.814994891174,2024-08-14 00:00:00,-57679.65262643624,6701422.670810057,7701422.670810057,-1381582.1906352816
2024-08-16,6377962.703461532,264.99626243487,10,58122.223286756314,2024-08-16 00:00:00,-58697.82861842047,6642724.842191637,7642724.842191637,-1264762.138730105
2024-08-19,6440178.282189188,8081.324639139115,10,62215.578727656044,2024-08-19 00:00:00,16870.54637404336,6659595.38856568,7659595.38856568,-1219417.1063764924
2024-08-20,6528861.144834472,94845.7261943356,10,88682.86264528427,2024-08-20 00:00:00,110020.8669544928,6769616.255520172,7769616.255520172,-1240755.1106857006
2024-08-21,6490882.743335957,102182.07395576908,10,-37978.40149851516,2024-08-21 00:00:00,23646.410751889438,6793262.666272062,7793262.666272062,-1302379.9229361052
2024-08-22,6541997.275736439,108686.0557275893,10,51114.532400482334,2024-08-22 00:00:00,36174.65527377243,6829437.321545835,7829437.321545835,-1287440.0458093956
2024-08-23,6486039.42875874,27299.54132282664,10,-55957.84697769862,2024-08-23 00:00:00,44029.47942946151,6873466.800975296,7873466.800975296,-1387427.3722165553
2024-08-26,6516156.377589619,209.46567860839423,10,30116.948830878362,2024-08-26 00:00:00,-27647.394032533102,6845819.406942762,7845819.406942762,-1329663.0293531436
2024-08-27,6501307.807422399,30710.74827170244,10,-14848.570167220198,2024-08-27 00:00:00,34490.56700322275,6880309.973945986,7880309.973945986,-1379002.166523587
2024-08-28,6551087.115404964,42804.7718838458,10,49779.307982565835,2024-08-28 00:00:00,25537.049124412028,6905847.023070398,7905847.023070398,-1354759.9076654334
2024-08-29,6562201.215569323,16327.71746141254,10,11114.100164358504,2024-08-29 00:00:00,-21750.12550183038,6884096.897568568,7884096.897568568,-1321895.6819992447
2024-08-30,6576293.8221144,36461.87715285167,10,14092.606545076706,2024-08-30 00:00:00,23901.211295493023,6907998.108864061,7907998.108864061,-1331704.286749661
2024-09-02,6553622.699924781,14345.14721329417,10,-22671.122189618647,2024-09-02 00:00:00,-17749.45417808361,6890248.654685977,7890248.654685977,-1336625.954761196
2024-09-03,6634229.026139709,75951.8576464383,10,80606.32621492818,2024-09-03 00:00:00,76191.57499473509,6966440.229680712,7966440.229680712,-1332211.2035410032
2024-09-04,6668580.793947043,91818.32713109418,10,34351.76780733373,2024-09-04 00:00:00,44290.99903983705,7010731.2287205495,8010731.2287205495,-1342150.4347735066
2024-09-05,6608219.740297141,91818.32713109418,10,-60361.053649902344,0,0.0,7010731.2287205495,8010731.2287205495,-1402511.488423409
2024-09-06,6553228.120728336,37038.64747890108,10,-54991.61956880428,2024-09-06 00:00:00,-55969.570165292695,6954761.658555257,7954761.658555257,-1401533.5378269209
2024-09-09,6581219.456610356,47482.29783693387,10,27991.335882020183,2024-09-09 00:00:00,19469.16730623408,6974230.825861491,7974230.825861491,-1393011.3692511348
2024-09-10,6636791.155195726,53376.17364932422,10,55571.698585369624,2024-09-10 00:00:00,14935.380910927113,6989166.206772419,7989166.206772419,-1352375.0515766926
2024-09-11,6613848.046970369,7550.625820161775,10,-22943.108225356787,2024-09-11 00:00:00,-48277.70447189183,6940888.502300527,7940888.502300527,-1327040.4553301577
2024-09-12,6588829.352671731,3147.000201332965,10,-25018.69429863803,2024-09-12 00:00:00,16786.23270021706,6957674.735000744,7957674.735000744,-1368845.3823290132
2024-09-13,6660153.030895816,28887.30617200048,10,71323.6782240849,2024-09-13 00:00:00,35083.35516281932,6992758.090163563,7992758.090163563,-1332605.0592677472
2024-09-16,6629707.939337453,19454.13007613062,10,-30445.09155836329,2024-09-16 00:00:00,-10898.09657388669,6981859.993589677,7981859.993589677,-1352152.054252224
2024-09-17,6598918.022876711,19409.946817368967,10,-30789.916460742243,2024-09-17 00:00:00,865.1331445290925,6982725.126734206,7982725.126734206,-1383807.1038574958
2024-09-18,6582494.220806797,247.6902434428921,10,-16423.802069913596,2024-09-18 00:00:00,-34031.331491644945,6948693.795242562,7948693.795242562,-1366199.574435765
2024-09-19,6531188.466898882,36.24738594214432,10,-51305.753907915205,2024-09-19 00:00:00,-44280.67279424028,6904413.122448321,7904413.122448321,-1373224.6555494396
2024-09-20,6415822.22866749,16408.966605416965,10,-115366.23823139165,2024-09-20 00:00:00,-26654.07305598279,6877759.049392339,7877759.049392339,-1461936.8207248487
2024-09-23,6563041.832923384,407.7038950637216,10,147219.6042558942,2024-09-23 00:00:00,-21836.041668921065,6855923.007723418,7855923.007723418,-1292881.1748000337
2024-09-24,6581180.838491848,355.7011017105542,10,18139.005568463355,2024-09-24 00:00:00,20570.742138078855,6876493.7498614965,7876493.7498614965,-1295312.9113696488
2024-09-25,6604321.405523708,355.7011017105542,10,23140.56703186035,0,0.0,6876493.7498614965,7876493.7498614965,-1272172.3443377884
2024-09-26,6616304.717505763,18041.096839259728,10,11983.311982055195,2024-09-26 00:00:00,24223.82006424075,6900717.569925738,7900717.569925738,-1284412.8524199743
2024-09-27,6606568.58122295,123.29591411200818,10,-9736.136282813735,2024-09-27 00:00:00,-979.1628725616902,6899738.407053176,7899738.407053176,-1293169.8258302268
2024-09-30,6636438.490057444,90.98966071545146,10,29869.90883449465,2024-09-30 00:00:00,16369.06400264505,6916107.4710558215,7916107.4710558215,-1279668.9809983773
2024-10-01,6585980.571726393,19536.823755811434,10,-50457.918331051245,2024-10-01 00:00:00,28817.94530220062,6944925.416358022,7944925.416358022,-1358944.844631629
2024-10-03,6503923.392997528,61994.51608255005,10,-82057.17872886453,2024-10-03 00:00:00,34777.173910474026,6979702.590268496,7979702.590268496,-1475779.197270968
2024-10-04,6303963.676520705,53291.21189057885,10,-199959.7164768232,2024-10-04 00:00:00,-43802.394585060814,6935900.195683436,7935900.195683436,-1631936.5191627303
2024-10-07,6364595.376050227,191.02444195130371,10,60631.6995295221,2024-10-07 00:00:00,-63253.47552476749,6872646.720158668,7872646.720158668,-1508051.344108441
2024-10-08,6402219.223260712,29591.31231100508,10,37623.84721048456,2024-10-08 00:00:00,55765.571958421,6928412.292117089,7928412.292117089,-1526193.0688563772
2024-10-09,6740286.30857812,93739.5238796334,10,338067.08531740773,2024-10-09 00:00:00,136493.31419382797,7064905.606310917,8064905.606310917,-1324619.2977327975
2024-10-10,6679598.987788483,59090.69302682474,10,-60687.320789637044,2024-10-10 00:00:00,10105.022687980581,7075010.628998898,8075010.628998898,-1395411.6412104154
2024-10-11,6634518.698598216,70110.10064060485,10,-45080.28919026628,2024-10-11 00:00:00,61128.61798403372,7136139.246982932,8136139.246982932,-1501620.5483847158
2024-10-14,6706666.971023833,67540.6794455403,10,72148.27242561709,2024-10-14 00:00:00,2153.727929504479,7138292.974912437,8138292.974912437,-1431626.0038886033
2024-10-15,6713031.093250823,16765.592203688924,10,6364.122226989828,2024-10-15 00:00:00,16040.047591023573,7154333.02250346,8154333.02250346,-1441301.9292526366
2024-10-16,6730744.211233933,28632.097283204203,10,17713.11798311025,2024-10-16 00:00:00,52658.62228626432,7206991.644789724,8206991.644789724,-1476247.4335557902
2024-10-17,6708944.345048801,42007.36566342518,10,-21799.866185132414,2024-10-17 00:00:00,14293.012375994695,7221284.657165718,8221284.657165718,-1512340.3121169172
2024-10-18,6643552.5590529,19895.229525999515,10,-65391.78599590063,2024-10-18 00:00:00,-22237.389467363428,7199047.267698355,8199047.267698355,-1555494.7086454546
2024-10-21,6516619.466937008,50583.22042936366,10,-126933.0921158921,2024-10-21 00:00:00,17787.136682743912,7216834.404381099,8216834.404381099,-1700214.9374440908
2024-10-22,6465479.006882534,113.53676305816045,10,-51140.46005447395,2024-10-22 00:00:00,-118313.81156423948,7098520.5928168595,8098520.5928168595,-1633041.5859343251
2024-10-23,6190350.916847626,12445.002052704103,10,-275128.0900349086,2024-10-23 00:00:00,-3791.034956582348,7094729.557860278,8094729.557860278,-1904378.6410126518
2024-10-24,6248875.53893663,54.53680802905001,10,58524.622089004144,2024-10-24 00:00:00,-85467.96775077631,7009261.590109501,8009261.590109501,-1760386.0511728711
2024-10-25,6212319.069378709,51421.47950444219,10,-36556.46955792047,2024-10-25 00:00:00,-14174.400470715682,6995087.189638785,7995087.189638785,-1782768.1202600757
2024-10-28,6205878.927164725,43427.214411429246,10,-6440.142213984393,2024-10-28 00:00:00,-20710.364764805934,6974376.824873979,7974376.824873979,-1768497.8977092542
2024-10-29,6362851.409147859,387.4993578196736,10,156972.4819831336,2024-10-29 00:00:00,74549.81472999728,7048926.639603976,8048926.639603976,-1686075.2304561175
2024-10-30,6321867.26468415,87.65962738718372,10,-40984.144463708624,2024-10-30 00:00:00,27641.265829486005,7076567.905433462,8076567.905433462,-1754700.640749312
2024-10-31,6278467.677109497,16.176522033056244,10,-43399.58757465333,2024-10-31 00:00:00,-20887.734425597402,7055680.171007864,8055680.171007864,-1777212.4938983675
2024-11-01,6332979.296028659,660.1711125819711,10,54511.61891916208,2024-11-01 00:00:00,-19996.67780070904,7035683.493207155,8035683.493207155,-1702704.197178496
2024-11-04,6233751.982057855,61.57652501796838,10,-99227.31397080328,2024-11-04 00:00:00,-25259.296408368526,7010424.1967987865,8010424.1967987865,-1776672.214740931
2024-11-05,6207513.3046792,13939.120453111827,10,-26238.67737865541,2024-11-05 00:00:00,-63829.687305810105,6946594.509492977,7946594.509492977,-1739081.2048137765
2024-11-06,6248327.989532711,12.233825923409311,10,40814.68485351093,2024-11-06 00:00:00,-10211.152969749102,6936383.356523228,7936383.356523228,-1688055.366990517
2024-11-07,6214298.245720466,8395.485024054302,10,-34029.74381224532,2024-11-07 00:00:00,12415.90162355467,6948799.258146782,7948799.258146782,-1734501.0124263167
2024-11-08,6230765.994831664,33.759045225335285,10,16467.74911119789,2024-11-08 00:00:00,-6642.1626661629125,6942157.09548062,7942157.09548062,-1711391.1006489564
2024-11-11,6259255.073946102,70.10558520024642,10,28489.079114438035,2024-11-11 00:00:00,5598.584661084128,6947755.680141704,7947755.680141704,-1688500.6061956026
2024-11-12,6288385.589500199,36600.97957855754,10,29130.51555409748,2024-11-12 00:00:00,45334.0939801567,6993089.774121861,7993089.774121861,-1704704.184621662
2024-11-13,6286313.066203316,43944.36099053628,10,-2072.5232968833297,2024-11-13 00:00:00,19397.20516325358,7012486.979285114,8012486.979285114,-1726173.9130817987
2024-11-14,6332430.6922548255,9391.05458240118,10,46117.62605150975,2024-11-14 00:00:00,43851.20062408122,7056338.179909196,8056338.179909196,-1723907.4876543703
2024-11-18,6308678.359017707,62.176339484984055,10,-23752.333237118088,2024-11-18 00:00:00,-18066.571128282856,7038271.608780913,8038271.608780913,-1729593.2497632056
2024-11-19,6334679.610734206,23688.181260328623,10,26001.251716498286,2024-11-19 00:00:00,27359.82419778405,7065631.432978697,8065631.432978697,-1730951.8222444914
2024-11-21,6380966.006753102,93.68404306448063,10,46286.39601889625,2024-11-21 00:00:00,780.7184230938219,7066412.151401791,8066412.151401791,-1685446.1446486888
2024-11-22,6416646.823059264,11506.559072675882,10,35680.816306161694,2024-11-22 00:00:00,45053.87044490741,7111466.021846699,8111466.021846699,-1694819.198787435
2024-11-25,6366817.162046885,114.05834052502178,10,-49829.66101237852,2024-11-25 00:00:00,2259.3378940451257,7113725.359740743,8113725.359740743,-1746908.1976938583
2024-11-26,6267691.440364962,1603.4374772368465,10,-99125.72168192267,2024-11-26 00:00:00,-2141.492233887935,7111583.867506855,8111583.867506855,-1843892.4271418927
2024-11-27,6167640.096949525,2572.515368408989,10,-100051.34341543727,2024-11-27 00:00:00,-93195.74823446077,7018388.119272394,8018388.119272394,-1850748.022322869
2024-11-28,6109341.827861713,107.15446846361738,10,-58298.26908781193,2024-11-28 00:00:00,-54371.69699251502,6964016.422279879,7964016.422279879,-1854674.5944181662
2024-11-29,6199586.322862685,44.540605604299344,10,90244.49500097148,2024-11-29 00:00:00,20775.255720820875,6984791.678000701,7984791.678000701,-1785205.355138016
2024-12-02,6205463.5609099325,14548.117771809457,10,5877.238047247753,2024-12-02 00:00:00,25102.474568567697,7009894.152569268,8009894.152569268,-1804430.5916593354
2024-12-03,6222449.624181085,15438.39653521101,10,16986.063271152787,2024-12-03 00:00:00,1662.9541157013045,7011557.106684969,8011557.106684969,-1789107.4825038835
2024-12-04,6254761.694135177,30690.172101485427,10,32312.069954091683,2024-12-04 00:00:00,16474.947596786602,7028032.054281755,8028032.054281755,-1773270.3601465784
2024-12-05,6256169.480396961,53756.29210541118,10,1407.7862617839128,2024-12-05 00:00:00,27977.215594474965,7056009.2698762305,8056009.2698762305,-1799839.7894792696
2024-12-06,6243059.880813273,6222.389890595223,10,-13109.599583688192,2024-12-06 00:00:00,46596.04705599522,7102605.316932226,8102605.316932226,-1859545.436118953
2024-12-09,6257160.528297218,27.81820873764809,10,14100.647483944893,2024-12-09 00:00:00,-21435.449388452816,7081169.867543773,8081169.867543773,-1824009.3392465552
2024-12-10,6237073.5881417645,201.48320541461,10,-20086.94015545305,2024-12-10 00:00:00,-21817.841722300618,7059352.0258214725,8059352.0258214725,-1822278.437679708
2024-12-11,6198336.589012356,19042.861158760847,10,-38736.99912940897,2024-12-11 00:00:00,13137.908029887945,7072489.93385136,8072489.93385136,-1874153.3448390048
2024-12-12,6211533.126598988,22180.838802967686,10,13196.537586632185,2024-12-12 00:00:00,-2062.331177898148,7070427.602673463,8070427.602673463,-1858894.4760744749
2024-12-13,6143014.003617794,11883.927590877633,10,-68519.12298119348,2024-12-13 00:00:00,-16240.994179875,7054186.608493588,8054186.608493588,-1911172.6048757937
2024-12-16,6171557.769079708,36.2315583457239,10,28543.76546191331,2024-12-16 00:00:00,-8973.935637464607,7045212.672856123,8045212.672856123,-1873654.9037764156
2024-12-17,6141570.049116618,32.289896494476125,10,-29987.719963089563,2024-12-17 00:00:00,-20583.015826453167,7024629.65702967,8024629.65702967,-1883059.6079130517
2024-12-18,6130577.097660406,8730.765587193891,10,-10992.951456212439,2024-12-18 00:00:00,7146.647863669965,7031776.30489334,8031776.30489334,-1901199.2072329344
2024-12-19,6034915.322797982,25125.793403831543,10,-95661.77486242354,2024-12-19 00:00:00,-5233.714189987488,7026542.590703352,8026542.590703352,-1991627.2679053703
2024-12-20,6060904.484659031,20892.585813358197,10,25989.16186104901,2024-12-20 00:00:00,-58832.02782167212,6967710.56288168,7967710.56288168,-1906806.0782226492
2024-12-23,5928586.292694448,43819.51907384198,10,-132318.19196458347,2024-12-23 00:00:00,-18414.1427833435,6949296.420098336,7949296.420098336,-2020710.1274038889
2024-12-24,5990868.153810827,6076.614656774211,10,62281.8611163795,2024-12-24 00:00:00,-18503.540897834384,6930792.879200502,7930792.879200502,-1939924.7253896752
2024-12-26,5966424.172802404,160.79050870216452,10,-24443.981008423492,2024-12-26 00:00:00,-32438.714455340058,6898354.164745162,7898354.164745162,-1931929.9919427587
2024-12-27,5996252.98056455,160.79050870216452,10,29828.807762145996,0,0.0,6898354.164745162,7898354.164745162,-1902101.1841806127
2024-12-30,5976892.663761571,160.79050870216452,10,-19360.316802978516,0,0.0,6898354.164745162,7898354.164745162,-1921461.5009835912
2024-12-31,5943411.6748954505,90.56529156991746,10,-33480.98886612058,2024-12-31 00:00:00,-20010.513758731333,6878343.650986431,7878343.650986431,-1934931.9760909807
2025-01-01,5939814.635440434,21550.48635626759,10,-3597.0394550161436,2025-01-01 00:00:00,25411.25289142334,6903754.903877854,7903754.903877854,-1963940.26843742
2025-01-02,5953840.888420949,286.1971596579533,10,14026.25298051443,2025-01-02 00:00:00,-33473.56461863285,6870281.339259221,7870281.339259221,-1916440.4508382725
2025-01-03,5959285.411255727,286.1971596579533,10,5444.522834777832,0,0.0,6870281.339259221,7870281.339259221,-1910995.9280034946
2025-01-06,5961234.0929540815,106.4450277510332,10,1948.6816983548924,2025-01-06 00:00:00,-18956.993293740277,6851324.345965481,7851324.345965481,-1890090.2530113999
2025-01-07,6067615.307940687,190.9166519297287,10,106381.21498660557,2025-01-07 00:00:00,25414.44717163578,6876738.793137117,7876738.793137117,-1809123.4851964302
2025-01-08,5985796.744351887,45735.05561401753,10,-81818.56358879991,2025-01-08 00:00:00,120333.91498309515,6997072.708120213,7997072.708120213,-2011275.9637683257
2025-01-09,6057615.050138836,23891.179411296616,10,71818.30578694865,2025-01-09 00:00:00,-34497.603736973986,6962575.104383239,7962575.104383239,-1904960.0542444028
2025-01-10,5992426.976396995,980.5344872043934,10,-65188.07374184113,2025-01-10 00:00:00,-19892.6212848508,6942682.483098388,7942682.483098388,-1950255.506701393
2025-01-13,5988352.223173274,69.67983831267338,10,-4074.753223720938,2025-01-13 00:00:00,-24517.76452922725,6918164.71856916,7918164.71856916,-1929812.4953958867
2025-01-14,5936823.773958671,60511.16532753676,10,-51528.44921460282,2025-01-14 00:00:00,3492.15034518673,6921656.868914347,7921656.868914347,-1984833.0949556762
2025-01-15,5948084.858219829,73.22962638468016,10,11261.084261158481,2025-01-15 00:00:00,-6258.739981069926,6915398.128933277,7915398.128933277,-1967313.2707134476
2025-01-16,6133684.983367067,9.636893373448402,10,185600.12514723744,2025-01-16 00:00:00,126670.9893537453,7042069.118287022,8042069.118287022,-1908384.1349199554
2025-01-17,6152723.4352019485,26870.201563184848,10,19038.45183488168,2025-01-17 00:00:00,32662.74322568841,7074731.86151271,8074731.86151271,-1922008.4263107618
2025-01-20,5988395.8924410455,30695.239444982028,10,-164327.54276090302,2025-01-20 00:00:00,-12123.183371086361,7062608.678141624,8062608.678141624,-2074212.7857005782
2025-01-21,6000758.953865468,274.39992820553016,10,12363.061424422078,2025-01-21 00:00:00,-67314.88812957516,6995293.790012049,7995293.790012049,-1994534.836146581
2025-01-22,6030374.677579281,101.11565317166968,10,29615.72371381335,2025-01-22 00:00:00,-34864.1470364132,6960429.642975636,7960429.642975636,-1930054.965396355
2025-01-23,6028527.911821002,76.64219225535635,10,-1846.7657582787797,2025-01-23 00:00:00,1911.5240810035002,6962341.16705664,7962341.16705664,-1933813.2552356375
2025-01-24,6073704.734744723,12680.820338028716,10,45176.822923720814,2025-01-24 00:00:00,20439.244792722653,6982780.411849363,7982780.411849363,-1909075.6771046398
2025-01-27,6155737.844841136,16670.177535271738,10,82033.11009641271,2025-01-27 00:00:00,23898.610204398214,7006679.022053761,8006679.022053761,-1850941.1772126257
2025-01-28,6210677.201345383,57.51127427746542,10,54939.356504247524,2025-01-28 00:00:00,80349.49769011002,7087028.519743872,8087028.519743872,-1876351.3183984887
2025-01-29,6277886.326499819,18880.410226701875,10,67209.12515443563,2025-01-29 00:00:00,101263.65103585506,7188292.170779727,8188292.170779727,-1910405.8442799086
2025-01-30,6311043.125523371,83010.07449035032,10,33156.79902355187,2025-01-30 00:00:00,144135.72793506403,7332427.898714791,8332427.898714791,-2021384.7731914204
2025-01-31,6328517.70663433,128473.186080741,10,17474.58111095894,2025-01-31 00:00:00,25578.50341906625,7358006.402133857,8358006.402133857,-2029488.6954995273
2025-02-01,6199593.939595988,84325.62353687582,10,-128923.76703834161,2025-02-01 00:00:00,-63623.42779389126,7294382.974339966,8294382.974339966,-2094789.0347439777
2025-02-03,6405033.713087157,317.5199185170932,10,205439.77349116933,2025-02-03 00:00:00,-89733.9271219499,7204649.047218015,8204649.047218015,-1799615.334130858
2025-02-04,6443176.148780311,105.23230692266952,10,38142.43569315411,2025-02-04 00:00:00,72823.7161401661,7277472.763358181,8277472.763358181,-1834296.61457787
2025-02-05,6374229.502658527,19077.22396437428,10,-68946.64612178411,2025-02-05 00:00:00,86232.98223972364,7363705.745597905,8363705.745597905,-1989476.2429393772
2025-02-06,6314662.718581516,38586.46160824981,10,-59566.78407701105,2025-02-06 00:00:00,-276.6165038079148,7363429.129094097,8363429.129094097,-2048766.4105125805
2025-02-07,6327241.428131929,30.18420111166779,10,12578.709550412372,2025-02-07 00:00:00,-71846.95813123992,7291582.170962857,8291582.170962857,-1964340.7428309284
2025-02-10,6302351.293053555,280.8455132715171,10,-24890.135078373365,2025-02-10 00:00:00,-21406.54945464144,7270175.621508216,8270175.621508216,-1967824.3284546603
2025-02-11,6353088.266732571,2277.632855769014,10,50736.97367901541,2025-02-11 00:00:00,3323.6806595449234,7273499.30216776,8273499.30216776,-1920411.0354351895
2025-02-12,6390421.099059071,2264.808688128949,10,37332.83232650068,2025-02-12 00:00:00,57004.3239465549,7330503.626114315,8330503.626114315,-1940082.527055244
2025-02-13,6371618.666501506,8008.12300632766,10,-18802.43255756516,2025-02-13 00:00:00,26235.55755687535,7356739.18367119,8356739.18367119,-1985120.5171696842
2025-02-14,6474568.362432667,29.15391940739937,10,102949.69593116082,2025-02-14 00:00:00,54487.52071320175,7411226.704384392,8411226.704384392,-1936658.341951725
2025-02-17,6600772.18780727,29.15391940739937,10,126203.82537460327,0,0.0,7411226.704384392,8411226.704384392,-1810454.5165771218
2025-02-18,6592898.424392665,26871.62979503896,10,-7873.763414605521,2025-02-18 00:00:00,108906.20830704724,7520132.9126914395,8520132.91269144,-1927234.4882987756
2025-02-19,6611018.590857682,45650.48626631207,10,18120.166465017013,2025-02-19 00:00:00,53640.91522229581,7573773.827913735,8573773.827913735,-1962755.2370560532
2025-02-20,6501029.234446702,45650.48626631207,10,-109989.35641098022,0,0.0,7573773.827913735,8573773.827913735,-2072744.5934670335
2025-02-21,6299535.848289341,51340.62026962638,10,-201493.38615736086,2025-02-21 00:00:00,-12173.432559279428,7561600.395354455,8561600.395354455,-2262064.5470651146
2025-02-24,6342302.334913839,59207.85552846256,10,42766.48662449792,2025-02-24 00:00:00,-132877.52444027536,7428722.87091418,8428722.87091418,-2086420.5360003412
2025-02-25,6342363.450776965,68037.98881712672,10,61.11586312670261,2025-02-25 00:00:00,-24960.09946160685,7403762.771452573,8403762.771452572,-2061399.3206756068
2025-02-27,6358503.222306055,48472.37503127451,10,16139.77152908966,2025-02-27 00:00:00,-14759.948575402748,7389002.8228771705,8389002.82287717,-2030499.6005711155
2025-02-28,6341405.262928676,91620.92107076594,10,-17097.959377379157,2025-02-28 00:00:00,38836.16985226826,7427838.9927294385,8427838.992729438,-2086433.7298007626
2025-03-03,6402072.314459348,99634.59310009552,10,60667.05153067224,2025-03-03 00:00:00,12705.386742802199,7440544.379472241,8440544.37947224,-2038472.0650128927
2025-03-04,6379857.350602329,123259.95267218351,10,-22214.96385701932,2025-03-04 00:00:00,49538.949993597176,7490083.329465838,8490083.329465838,-2110225.9788635094
2025-03-05,6439396.956692277,135724.14373069874,10,59539.60608994868,2025-03-05 00:00:00,24749.645970389636,7514832.975436227,8514832.975436227,-2075436.01874395
2025-03-06,6392330.9594735615,202202.52849669347,10,-47065.99721871596,2025-03-06 00:00:00,61548.364894441554,7576381.340330669,8576381.340330668,-2184050.3808571063
2025-03-07,6459132.277045281,157439.61587241385,10,66801.31757171918,2025-03-07 00:00:00,-17042.68795599106,7559338.652374677,8559338.652374677,-2100206.3753293967
2025-03-10,6463621.703821971,174249.95317537943,10,4489.426776690409,2025-03-10 00:00:00,17195.10156772728,7576533.753942405,8576533.753942404,-2112912.050120433
2025-03-11,6527631.327458414,145130.85765937285,10,64009.62363644317,2025-03-11 00:00:00,-21603.32672664852,7554930.427215756,8554930.427215755,-2027299.0997573407
2025-03-12,6565606.397802634,160971.99126271752,10,37975.070344219916,2025-03-12 00:00:00,57147.54950920823,7612077.976724965,8612077.976724964,-2046471.5789223295
2025-03-13,6590917.286844928,149974.15270624915,10,25310.889042293653,2025-03-13 00:00:00,7395.337574926591,7619473.314299891,8619473.31429989,-2028556.027454963
2025-03-17,6611192.107985174,114755.4375687259,10,20274.821140246466,2025-03-17 00:00:00,31804.27834471216,7651277.592644603,8651277.592644602,-2040085.4846594278
2025-03-18,6607316.849028402,167.14501591492444,10,-3875.2589567722753,2025-03-18 00:00:00,15279.323267516113,7666556.915912119,8666556.915912118,-2059240.0668837158
2025-03-19,6652912.501344195,36087.51367844781,10,45595.65231579263,2025-03-19 00:00:00,44229.86927066964,7710786.785182788,8710786.785182789,-2057874.2838385943
2025-03-20,6427233.455312153,61259.33349113364,10,-225679.0460320413,2025-03-20 00:00:00,29405.683362488227,7740192.468545277,8740192.468545277,-2312959.0132331233
2025-03-21,6476103.462642878,12.22561800153926,10,48870.00733072497,2025-03-21 00:00:00,-114811.72442273947,7625380.744122537,8625380.744122537,-2149277.2814796586
2025-03-24,6478325.752449035,165.04115810547955,10,2222.289806156419,2025-03-24 00:00:00,-17979.68376944116,7607401.060353096,8607401.060353097,-2129075.307904062
2025-03-25,6460460.021452916,25.500752356485464,10,-17865.73099611886,2025-03-25 00:00:00,30622.508320793764,7638023.568673889,8638023.56867389,-2177563.547220974
2025-03-26,6507237.260641275,195.4488487970084,10,46777.23918835912,2025-03-26 00:00:00,-13522.212781122318,7624501.355892767,8624501.355892766,-2117264.0952514913
2025-03-27,6548079.664404603,60451.115055666654,10,40842.40376332775,2025-03-27 00:00:00,76436.81044331225,7700938.166336079,8700938.166336078,-2152858.5019314755
2025-03-28,6498737.263529019,56106.18363961647,10,-49342.40087558329,2025-03-28 00:00:00,-4945.306229158637,7695992.860106921,8695992.86010692,-2197255.5965779014
2025-04-01,6492189.08233812,47624.05044523848,10,-6548.181190899573,2025-04-01 00:00:00,-8923.663301539764,7687069.196805381,8687069.19680538,-2194880.1144672604
2025-04-02,6471798.834748875,40778.12919524917,10,-20390.247589244507,2025-04-02 00:00:00,-3687.2636854923876,7683381.933119888,8683381.93311989,-2211583.098371014
2025-04-03,6494697.898721444,186.2542640089523,10,22899.06397256907,2025-04-03 00:00:00,-5539.444958981886,7677842.488160906,8677842.488160906,-2183144.589439462
2025-04-04,6479291.552841713,48.83427233970724,10,-15406.3458797317,2025-04-04 00:00:00,-10909.393191621804,7666933.094969285,8666933.094969284,-2187641.542127571
2025-04-07,6441303.160751473,16690.430768526276,10,-37988.39209023956,2025-04-07 00:00:00,14051.327828787606,7680984.422798072,8680984.422798071,-2239681.262046598
2025-04-08,6442858.89220599,3246051.231627106,5,1555.731454516761,2025-04-08 00:00:00,-44724.94131945671,7636259.481478616,8636259.481478617,-2193400.5892726267
2025-04-09,6427671.962881588,11135.56736614625,10,-15186.929324401543,2025-04-09 00:00:00,-30456.690635246894,7605802.7908433685,8605802.790843368,-2178130.827961779
2025-04-11,6512519.84099068,24663.77841438609,10,84847.8781090919,2025-04-11 00:00:00,30519.73549540905,7636322.5263387775,8636322.526338778,-2123802.685348098
2025-04-15,6506754.277292661,23204.403152875835,10,-5765.563698018901,2025-04-15 00:00:00,27387.940544801186,7663710.466883578,8663710.466883577,-2156956.189590916
2025-04-16,6411384.23629271,22020.1455372466,10,-95370.04099995177,2025-04-16 00:00:00,40221.515374109775,7703931.982257688,8703931.982257688,-2292547.745964979
2025-04-17,6244120.372266955,28662.727649874287,10,-167263.86402575485,2025-04-17 00:00:00,-4578.855037872228,7699353.127219816,8699353.127219815,-2455232.75495286
2025-04-21,6242671.578968301,130.05813433195,10,-1448.793298653327,2025-04-21 00:00:00,-107346.5581946744,7592006.569025141,8592006.56902514,-2349334.990056839
2025-04-22,6152406.05511844,68296.32000529603,10,-90265.5238498617,2025-04-22 00:00:00,-22597.072910058418,7569409.496115083,8569409.496115083,-2417003.440996643
2025-04-23,6164150.089074079,26210.85673994175,10,11744.033955639228,2025-04-23 00:00:00,-62747.268438440224,7506662.227676643,8506662.227676643,-2342512.138602564
2025-04-24,6110637.100396262,47698.40451918647,10,-53512.9886778174,2025-04-24 00:00:00,-7095.324943515434,7499566.902733128,8499566.902733129,-2388929.802336867
2025-04-25,6132240.273755856,37241.26536352176,10,21603.173359594308,2025-04-25 00:00:00,-42715.7711533292,7456851.131579799,8456851.131579798,-2324610.857823942
2025-04-28,6155822.610517826,19071.058164920192,10,23582.336761970073,2025-04-28 00:00:00,-13449.846934958625,7443401.28464484,8443401.28464484,-2287578.6741270144
2025-04-29,6128016.17440026,3222.821494986303,10,-27806.43611756619,2025-04-29 00:00:00,29702.247872717162,7473103.532517557,8473103.532517556,-2345087.3581172964
2025-04-30,6141060.789981772,3222.821494986303,10,13044.615581512451,0,0.0,7473103.532517557,8473103.532517556,-2332042.742535784
2025-05-02,6096084.818181438,3736.576970500406,10,-44975.97180033382,2025-05-02 00:00:00,28.01755651743042,7473131.550074074,8473131.550074074,-2377046.731892636
2025-05-05,6028731.474262061,23813.592258276414,10,-67353.34391937777,2025-05-05 00:00:00,4090.116763553984,7477221.666837628,8477221.666837629,-2448490.1925755683
2025-05-06,5990839.560645408,49.17529231996741,10,-37891.9136166526,2025-05-06 00:00:00,-53206.789748268464,7424014.87708936,8424014.877089359,-2433175.316443951
2025-05-07,5928187.857187491,7.153009634814225,10,-62651.70345791709,2025-05-07 00:00:00,197.611763982326,7424212.488853342,8424212.488853343,-2496024.631665852
2025-05-08,5929713.787885712,76.64428524905816,10,1525.9306982215494,2025-05-08 00:00:00,-64627.07959664894,7359585.409256693,8359585.409256693,-2429871.6213709805
2025-05-09,5914376.604595609,37493.23492092674,10,-15337.18329010345,2025-05-09 00:00:00,43734.77041418879,7403320.1796708815,8403320.179670881,-2488943.5750752725
2025-05-12,5959755.380682503,21051.54273084272,10,45378.776086893864,2025-05-12 00:00:00,-56902.40426361261,7346417.775407269,8346417.775407269,-2386662.394724766
2025-05-13,5806751.679009123,39995.89189974789,10,-153003.7016733801,2025-05-13 00:00:00,23269.792705496173,7369687.5681127645,8369687.5681127645,-2562935.8891036417
2025-05-14,5808629.617069095,138.05968793225475,10,1877.9380599725991,2025-05-14 00:00:00,-79919.2827424554,7289768.285370309,8289768.285370309,-2481138.6683012135
2025-05-15,5884985.730289059,215.6812277501449,10,76356.11321996339,2025-05-15 00:00:00,-10088.87887618806,7279679.406494121,8279679.406494121,-2394693.6762050623
2025-05-16,5885953.235956136,61.18477815750521,10,967.5056670773774,2025-05-16 00:00:00,20034.764661755005,7299714.1711558765,8299714.1711558765,-2413760.9351997403
2025-05-19,5884571.132494854,22785.04256908805,10,-1382.1034612823278,2025-05-19 00:00:00,27617.277811981843,7327331.448967858,8327331.448967858,-2442760.3164730044
2025-05-20,5856827.620208597,40961.96557793545,10,-27743.512286257,2025-05-20 00:00:00,14433.03782197124,7341764.486789829,8341764.486789829,-2484936.8665812323
2025-05-21,5850245.049162231,40288.033598266775,10,-6582.571046365425,2025-05-21 00:00:00,-4073.2856676293104,7337691.2011222,8337691.2011222,-2487446.1519599687
2025-05-22,5898669.75016579,108.45046791480854,10,48424.701003558934,2025-05-22 00:00:00,-42027.06955199447,7295664.131570206,8295664.131570206,-2396994.3814044157
2025-05-23,5875773.625011121,115.86873594357166,10,-22896.125154669397,2025-05-23 00:00:00,9090.24662629085,7304754.3781964965,8304754.3781964965,-2428980.7531853756
2025-05-26,5847638.371508332,19679.956927033607,10,-28135.253502788953,2025-05-26 00:00:00,24550.106392786074,7329304.484589282,8329304.484589282,-2481666.1130809505
2025-05-27,5844695.036317926,24.59971819422208,10,-2943.335190406069,2025-05-27 00:00:00,-30432.55474870948,7298871.929840573,8298871.929840573,-2454176.893522647
2025-05-28,5858553.405986103,16951.096370014013,10,13858.369668177329,2025-05-28 00:00:00,15590.415688154952,7314462.345528728,8314462.345528728,-2455908.939542625
2025-05-29,5854602.518673269,10569.061062185328,10,-3950.887312834151,2025-05-29 00:00:00,-3989.0339378117387,7310473.3115909165,8310473.3115909165,-2455870.7929176474
2025-05-30,5850584.267541987,147.171259028255,10,-4018.251131282188,2025-05-30 00:00:00,-21934.269161348453,7288539.042429568,8288539.042429568,-2437954.7748875814
2025-06-02,5826053.657960993,147.171259028255,10,-24530.609580993652,0,0.0,7288539.042429568,8288539.042429568,-2462485.384468575
2025-06-03,5822279.776440913,18173.452739053988,10,-3773.88152008038,2025-06-03 00:00:00,15542.1972462298,7304081.239675798,8304081.239675798,-2481801.4632348856
2025-06-04,5844581.83913722,3426.3893386356067,10,22302.062696306966,2025-06-04 00:00:00,-19539.036909947958,7284542.20276585,8284542.20276585,-2439960.3636286305
2025-06-05,5861578.93438963,34.06165919476189,10,16997.09525241051,2025-06-05 00:00:00,23373.4982866785,7307915.701052529,8307915.701052529,-2446336.7666628985
2025-06-06,5839253.132390734,68.26069789589383,10,-22325.801998896524,2025-06-06 00:00:00,-29089.121678911444,7278826.579373618,8278826.579373618,-2439573.446982884
2025-06-09,5825397.099406319,31780.82166947448,10,-13856.03298441507,2025-06-09 00:00:00,22741.71164494951,7301568.291018567,8301568.291018567,-2476171.1916122483
2025-06-10,5832218.467498783,18858.049243749814,10,6821.368092464283,2025-06-10 00:00:00,8060.723830833769,7309629.014849401,8309629.014849401,-2477410.547350618
2025-06-11,5737437.631373152,11461.488318009537,10,-94780.83612563089,2025-06-11 00:00:00,-13199.462627122542,7296429.552222279,8296429.552222279,-2558991.9208491268
2025-06-12,5749344.739458784,11461.488318009537,10,11907.108085632324,0,0.0,7296429.552222279,8296429.552222279,-2547084.8127634944
2025-06-13,5681709.206262094,98.35983018152184,10,-67635.53319669049,2025-06-13 00:00:00,-56815.18201068323,7239614.370211596,8239614.370211596,-2557905.1639495017
2025-06-16,5727367.407916929,17.077178680105135,10,45658.20165483467,2025-06-16 00:00:00,-6205.428225607353,7233408.941985988,8233408.941985988,-2506041.5340690594
2025-06-17,5727022.163733159,183.50807425624225,10,-345.2441837694496,2025-06-17 00:00:00,-40451.12899442931,7192957.812991559,8192957.812991559,-2465935.6492583994
2025-06-18,5710787.270818736,20525.922509991917,10,-16234.892914422788,2025-06-18 00:00:00,23476.091548323042,7216433.904539881,8216433.904539881,-2505646.633721145
2025-06-19,5706213.547004459,16216.859271582563,10,-4573.723814276978,2025-06-19 00:00:00,-6192.192009909949,7210241.712529971,8210241.712529971,-2504028.165525512
2025-06-20,5714942.408797282,25042.47077448748,10,8728.861792822368,2025-06-20 00:00:00,12838.57711354922,7223080.2896435205,8223080.2896435205,-2508137.8808462387
2025-06-23,5743057.976785148,215.6955464114435,10,28115.56798786577,2025-06-23 00:00:00,-930.035289260335,7222150.25435426,8222150.25435426,-2479092.2775691124
2025-06-24,5764986.961265434,35.303920434904285,10,21928.984480286017,2025-06-24 00:00:00,3860.6376332502514,7226010.89198751,8226010.89198751,-2461023.9307220764
2025-06-25,5778532.954316019,141.4221846429864,10,13545.9930505855,2025-06-25 00:00:00,3518.053260257302,7229528.9452477675,8229528.9452477675,-2450995.9909317484
2025-06-26,5785793.333334683,7733.777552184765,10,7260.37901866436,2025-06-26 00:00:00,60036.424108573454,7289565.369356341,8289565.369356341,-2503772.0360216573
2025-06-27,5813935.148749112,7733.777552184765,10,28141.81541442871,0,0.0,7289565.369356341,8289565.369356341,-2475630.2206072286
2025-06-30,5829989.39908149,17574.604666789062,10,16054.250332377851,2025-06-30 00:00:00,16732.440723697204,7306297.810080038,8306297.810080038,-2476308.4109985484
2025-07-01,5853636.68650035,44.980983353802,10,23647.28741886001,2025-07-01 00:00:00,18012.424006277943,7324310.234086316,8324310.234086316,-2470673.547585966
2025-07-02,5865581.879561635,20592.57470229233,10,11945.19306128472,2025-07-02 00:00:00,30850.74087575732,7355160.974962073,8355160.974962073,-2489579.0954004386
2025-07-03,5862551.199516687,29470.77175542782,10,-3030.6800449481234,2025-07-03 00:00:00,9507.61755550906,7364668.592517583,8364668.592517583,-2502117.393000896
2025-07-04,5848414.174955063,25005.672860613093,10,-14137.024561624043,2025-07-04 00:00:00,-3996.595368408156,7360671.997149174,8360671.997149174,-2512257.8221941115
2025-07-07,5861550.369590454,14610.809749117238,10,13136.194635391235,2025-07-07 00:00:00,-9070.885422451453,7351601.111726723,8351601.111726723,-2490050.742136269
2025-07-08,5835989.971467619,30233.17991394084,10,-25560.398122834973,2025-07-08 00:00:00,15478.319267492365,7367079.430994215,8367079.430994215,-2531089.4595265966
2025-07-09,5851915.568109159,30233.17991394084,10,15925.596641540527,0,0.0,7367079.430994215,8367079.430994215,-2515163.862885056
2025-07-10,5868617.976263129,37564.97735013696,10,16702.408153969795,2025-07-10 00:00:00,15364.645129957074,7382444.076124173,8382444.076124173,-2513826.0998610435
2025-07-11,5856597.500387275,37564.97735013696,10,-12020.475875854492,0,0.0,7382444.076124173,8382444.076124173,-2525846.575736898
2025-07-14,5823434.022994146,38966.7312268446,10,-33163.47739312891,2025-07-14 00:00:00,-6262.568335389375,7376181.507788783,8376181.507788783,-2552747.484794637
2025-07-15,5847929.620452032,38966.7312268446,10,24495.597457886674,0,0.0,7376181.507788783,8376181.507788783,-2528251.8873367505
2025-07-16,5833391.201130732,20811.892037075944,10,-14538.419321300462,2025-07-16 00:00:00,-19192.628756814946,7356988.879031968,8356988.879031968,-2523597.6779012363
2025-07-17,5833527.076518506,3259.7615425866097,10,135.87538777384907,2025-07-17 00:00:00,-19526.378654532527,7337462.500377436,8337462.500377436,-2503935.4238589304
2025-07-18,5798836.116153575,21937.081954633235,10,-34690.96036493126,2025-07-18 00:00:00,15497.998193520962,7352960.498570957,8352960.498570957,-2554124.3824173827
2025-07-21,5777546.350869893,8997.033666191157,10,-21289.765283681452,2025-07-21 00:00:00,-19549.83500266989,7333410.663568287,8333410.663568287,-2555864.312698394
2025-07-22,5783749.092213235,101.00341834593564,10,6202.741343341768,2025-07-22 00:00:00,-19460.62381377472,7313950.039754513,8313950.039754513,-2530200.947541278
2025-07-23,5753316.523958482,7.428556537255645,10,-30432.568254753016,2025-07-23 00:00:00,-18836.544383202807,7295113.49537131,8295113.49537131,-2541796.971412828
2025-07-24,5749331.862552118,2616.4903557390207,10,-3984.661406364292,2025-07-24 00:00:00,-3575.7978439573944,7291537.697527353,8291537.697527353,-2542205.834975235
2025-07-25,5744303.303413019,141.25606100040022,10,-5028.559139098972,2025-07-25 00:00:00,-18355.363734794464,7273182.333792558,8273182.333792558,-2528879.0303795394
2025-07-28,5727327.320779979,100.00392722926335,10,-16975.982633039355,2025-07-28 00:00:00,-24919.867069294858,7248262.466723263,8248262.466723263,-2520935.145943284
2025-07-29,5759461.1543828845,100.00392722926335,10,32133.833602905273,0,0.0,7248262.466723263,8248262.466723263,-2488801.3123403788
2025-07-30,5761620.305545963,7582.461212134105,10,2159.1511630788445,2025-07-30 00:00:00,15134.878600865504,7263397.345324129,8263397.345324129,-2501777.0397781655
2025-07-31,5713622.928082585,7077.772599158925,10,-47997.37746337801,2025-07-31 00:00:00,-4622.816002535521,7258774.529321593,8258774.529321593,-2545151.601239008
2025-08-01,5692999.848706365,7077.772599158925,10,-20623.079376220703,0,0.0,7258774.529321593,8258774.529321593,-2565774.6806152286
2025-08-04,5676528.22995975,190.1905957078561,10,-16471.618746615015,2025-08-04 00:00:00,-60764.14277863567,7198010.386542957,8198010.386542957,-2521482.1565832077
2025-08-05,5748823.603316755,24072.24732521118,10,72295.37335700542,2025-08-05 00:00:00,15533.835298888376,7213544.221841846,8213544.221841846,-2464720.6185250906
2025-08-06,5727794.616746699,41687.36487782514,10,-21028.986570055597,2025-08-06 00:00:00,41824.717082522504,7255368.9389243685,8255368.9389243685,-2527574.322177669
2025-08-07,5743041.741372859,41687.36487782514,10,15247.124626159668,0,0.0,7255368.9389243685,8255368.9389243685,-2512327.1975515094
2025-08-08,5744105.527742183,41687.36487782514,10,1063.7863693237305,0,0.0,7255368.9389243685,8255368.9389243685,-2511263.4111821856
2025-08-11,5749540.77686625,55247.80515637237,10,5435.249124066904,2025-08-11 00:00:00,15248.432369848111,7270617.371294216,8270617.371294216,-2521076.5944279665
2025-08-12,5766842.024436731,33262.71865855495,10,17301.24757048115,2025-08-12 00:00:00,-19155.477979293493,7251461.893314923,8251461.893314923,-2484619.8688781923
2025-08-13,5769463.739410202,50761.7451707226,10,2621.7149734711275,2025-08-13 00:00:00,30218.945921941253,7281680.839236865,8281680.839236865,-2512217.099826663
2025-08-14,5810360.715698044,50761.7451707226,10,40896.9762878418,0,0.0,7281680.839236865,8281680.839236865,-2471320.123538821
2025-08-18,5797026.228637497,50761.7451707226,10,-13334.487060546875,0,0.0,7281680.839236865,8281680.839236865,-2484654.610599368
2025-08-19,5729891.7545926245,740.0197754474357,10,-67134.47404487245,2025-08-19 00:00:00,2930.2593395756776,7284611.0985764405,8284611.0985764405,-2554719.343983816
2025-08-20,5761233.683957183,19.42608397547156,10,31341.92936455831,2025-08-20 00:00:00,-4434.956974149997,7280176.141602291,8280176.141602291,-2518942.457645108
2025-08-21,5753077.966330757,12222.000777801266,10,-8155.717626425438,2025-08-21 00:00:00,15189.14780587109,7295365.289408162,8295365.289408162,-2542287.323077405
2025-08-22,5749076.3097485,11047.069838881958,10,-4001.6565822577104,2025-08-22 00:00:00,4813.16105552242,7300178.450463684,8300178.450463684,-2551102.1407151846
2025-08-25,5761640.869402736,11047.069838881958,10,12564.559654236771,0,0.0,7300178.450463684,8300178.450463684,-2538537.581060948
2025-08-26,5767042.176615565,11047.069838881958,10,5401.3072128286585,0,0.0,7300178.450463684,8300178.450463684,-2533136.273848119
2025-08-28,5697822.094320647,2684.136164568248,10,-69220.08229491767,2025-08-28 00:00:00,-11264.762025421063,7288913.688438263,8288913.688438263,-2591091.5941176154
2025-08-29,5647859.513167387,15402.220885282382,10,-49962.581153260544,2025-08-29 00:00:00,-29140.29046005515,7259773.397978208,8259773.397978208,-2611913.884810821
2025-09-01,5595023.078168361,36000.048459498794,10,-52836.43499902543,2025-09-01 00:00:00,5108.72193557496,7264882.119913783,8264882.119913783,-2669859.0417454215
2025-09-02,5635063.971117979,70.71066748374142,10,40040.89294961747,2025-09-02 00:00:00,-41245.60033300902,7223636.519580774,8223636.519580774,-2588572.548462795
2025-09-03,5660913.744525268,33610.33414954087,10,25849.773407288827,2025-09-03 00:00:00,30054.734790859933,7253691.254371634,8253691.254371634,-2592777.509846366
2025-09-04,5676578.493766961,69.7586312800413,10,15664.749241692945,2025-09-04 00:00:00,-16946.763265498626,7236744.491106135,8236744.491106135,-2560165.997339174
2025-09-05,5665913.473831899,18.77473570441361,10,-10665.019935061224,2025-09-05 00:00:00,-9127.80690167503,7227616.68420446,8227616.68420446,-2561703.2103725607
2025-09-08,5681658.02719832,19.046886457130316,10,15744.55336642079,2025-09-08 00:00:00,1391.1340421277564,7229007.818246588,8229007.818246588,-2547349.791048268
2025-09-09,5691213.183839941,23272.053000124404,10,9555.156641621143,2025-09-09 00:00:00,45260.734924136326,7274268.553170725,8274268.553170725,-2583055.3693307834
2025-09-10,5698521.529074193,26702.90101910464,10,7308.345234251581,2025-09-10 00:00:00,14822.90436382897,7289091.4575345535,8289091.4575345535,-2590569.9284603605
2025-09-11,5689294.097292424,26702.90101910464,10,-9227.431781768799,0,0.0,7289091.4575345535,8289091.4575345535,-2599797.3602421293
2025-09-12,5710386.940093561,35323.40162282367,10,21092.842801136896,2025-09-12 00:00:00,14927.272778212631,7304018.7303127665,8304018.7303127665,-2593631.7902192054
2025-09-15,5719243.3592092665,40253.2364146458,10,8856.419115705416,2025-09-15 00:00:00,14954.77841548276,7318973.508728249,8318973.508728249,-2599730.1495189825
2025-09-16,5697322.065347877,40253.2364146458,10,-21921.29386138916,0,0.0,7318973.508728249,8318973.508728249,-2621651.4433803717
2025-09-17,5712535.369025821,17626.649638765957,10,15213.303677943535,2025-09-17 00:00:00,-18722.385883521605,7300251.122844728,8300251.122844728,-2587715.753818907
2025-09-18,5728204.052624745,258.24369530158583,10,15668.683598924428,2025-09-18 00:00:00,-16777.543988113426,7283473.578856614,8283473.578856614,-2555269.526231869
2025-09-19,5729435.154645009,258.24369530158583,10,1231.1020202636719,0,0.0,7283473.578856614,8283473.578856614,-2554038.4242116055
2025-09-22,5719286.4422267135,27268.463955229265,10,-10148.712418295443,2025-09-22 00:00:00,30292.70365413484,7313766.282510749,8313766.282510749,-2594479.8402840355
2025-09-23,5714919.573765434,48259.78912798362,10,-4366.8684612791985,2025-09-23 00:00:00,23674.29037874205,7337440.572889491,8337440.572889491,-2622520.9991240567
2025-09-24,5702163.232861378,47761.015133717214,10,-12756.340904056095,2025-09-24 00:00:00,-3871.476403786066,7333569.096485705,8333569.096485705,-2631405.863624327
2025-09-25,5671187.085629323,47761.015133717214,10,-30976.147232055664,0,0.0,7333569.096485705,8333569.096485705,-2662382.0108563825
2025-09-26,5636251.876457585,53507.37545050518,10,-34935.209171737544,2025-09-26 00:00:00,-3776.1858092840266,7329792.910676421,8329792.910676421,-2693541.0342188356
2025-09-29,5578965.6482677935,38787.69334225659,10,-57286.22818979155,2025-09-29 00:00:00,-35978.49394514357,7293814.4167312775,8293814.4167312775,-2714848.768463484
2025-09-30,5581947.142100796,30968.03739498509,10,2981.4938330026343,2025-09-30 00:00:00,-19033.073064489272,7274781.343666788,8274781.343666788,-2692834.201565992
2025-10-01,5683653.805717448,15467.93782041443,10,101706.66361665167,2025-10-01 00:00:00,-12499.854330314794,7262281.489336473,8262281.489336473,-2578627.683619025
2025-10-03,5681102.324647055,23478.03693495796,10,-2551.481070392765,2025-10-03 00:00:00,14894.459982427254,7277175.9493189,8277175.9493189,-2596073.6246718448
2025-10-06,5723579.822124438,25217.172512011835,10,42477.49747738335,2025-10-06 00:00:00,29622.926009635863,7306798.875328535,8306798.875328535,-2583219.053204097
2025-10-07,5774662.164292404,43281.71370036353,10,51082.34216796607,2025-10-07 00:00:00,30258.511393551104,7337057.386722086,8337057.386722086,-2562395.2224296816
2025-10-08,5763712.770973078,51976.256008021766,10,-10949.393319326453,2025-10-08 00:00:00,15199.44726651612,7352256.833988602,8352256.833988602,-2588544.0630155243
2025-10-09,5740996.22312828,41462.46427055274,10,-22716.547844798304,2025-10-09 00:00:00,23309.180485723333,7375566.014474326,8375566.014474326,-2634569.791346046
2025-10-10,5769794.059452971,41462.46427055274,10,28797.836324691772,0,0.0,7375566.014474326,8375566.014474326,-2605771.9550213544
2025-10-13,5797232.312259328,29523.23952830909,10,27438.252806356177,2025-10-13 00:00:00,-9645.015576126616,7365920.998898199,8365920.998898199,-2568688.686638871
2025-10-14,5778441.697082043,6179.222487926832,10,-18790.615177284926,2025-10-14 00:00:00,7397.09765195468,7373318.096550154,8373318.096550154,-2594876.399468111
2025-10-15,5709540.086750552,27165.493580385577,10,-68901.61033149064,2025-10-15 00:00:00,18444.565354101866,7391762.661904256,8391762.661904257,-2682222.5751537047
2025-10-16,5822396.85824486,25661.188681565924,10,112856.77149430756,2025-10-16 00:00:00,11090.335482583605,7402852.997386839,8402852.99738684,-2580456.1391419796
2025-10-17,5790576.211063158,25942.57141471992,10,-31820.647181701846,2025-10-17 00:00:00,45686.69805107924,7448539.695437918,8448539.69543792,-2657963.4843747616
2025-10-20,5786340.324562999,32514.187821361586,10,-4235.886500158347,2025-10-20 00:00:00,10956.692589752165,7459496.388027671,8459496.388027672,-2673156.0634646723
2025-10-21,5881853.423253879,35596.24335275637,10,95513.09869087953,2025-10-21 00:00:00,16097.681980760472,7475594.070008432,8475594.07000843,-2593740.6467545517
2025-10-23,5843686.266500347,46038.49665056996,10,-38167.15675353166,2025-10-23 00:00:00,26867.579798036844,7502461.649806469,8502461.64980647,-2658775.3833061224
2025-10-24,5819008.955157159,7107.633772728732,10,-24677.311343188398,2025-10-24 00:00:00,-38974.57949088422,7463487.070315585,8463487.070315585,-2644478.1151584256
2025-10-27,5846559.901088083,34310.951987588545,10,27550.945930924267,2025-10-27 00:00:00,31284.838326072273,7494771.908641657,8494771.908641657,-2648212.0075535737
2025-10-28,5859474.281810295,36672.06696082244,10,12914.380722211674,2025-10-28 00:00:00,15210.392549570468,7509982.3011912275,8509982.301191228,-2650508.0193809327
2025-10-29,5861292.0837599365,14517.533814105322,10,1817.8019496416673,2025-10-29 00:00:00,-19551.71367049016,7490430.587520737,8490430.587520737,-2629138.5037608007
2025-10-30,5883436.910926662,6581.798078380409,10,22144.82716672588,2025-10-30 00:00:00,10043.446127228488,7500474.033647966,8500474.033647966,-2617037.1227213033
2025-10-31,5838166.869489671,29677.631021499168,10,-45270.041436991654,2025-10-31 00:00:00,17626.085810351764,7518100.119458318,8518100.119458318,-2679933.249968647
2025-11-03,5890170.369230377,52655.03335200343,10,52003.499740705825,2025-11-03 00:00:00,28066.8643974386,7546166.983855756,8546166.983855756,-2655996.6146253794
2025-11-04,5957998.470574267,57987.917178041534,10,67828.10134389065,2025-11-04 00:00:00,15535.102960016296,7561702.086815773,8561702.086815773,-2603703.6162415054
2025-11-06,5920953.930385817,87235.04568504053,10,-37044.540188450366,2025-11-06 00:00:00,62261.093081484,7623963.179897256,8623963.179897256,-2703009.2495114394
2025-11-07,5888473.753313838,76482.18476372655,10,-32480.17707197927,2025-11-07 00:00:00,-8905.472035731811,7615057.707861524,8615057.707861524,-2726583.9545476865
2025-11-10,6000471.891536283,29360.83871035441,10,111998.13822244573,2025-11-10 00:00:00,-18071.71502025133,7596985.992841273,8596985.992841274,-2596514.1013049902
2025-11-11,5971023.016189929,107.29854619014075,10,-29448.87534635421,2025-11-11 00:00:00,-26324.61336693035,7570661.379474342,8570661.379474342,-2599638.363284413
2025-11-12,5961380.98185042,24961.75944212475,10,-9642.034339508973,2025-11-12 00:00:00,46996.94213721424,7617658.321611556,8617658.321611557,-2656277.339761137
2025-11-13,5936465.754647817,18916.447328175185,10,-24915.227202602662,2025-11-13 00:00:00,-6736.411182850575,7610921.910428706,8610921.910428707,-2674456.155780889
2025-11-14,5956927.369907497,26396.58168423013,10,20461.615259679966,2025-11-14 00:00:00,2845.4224799913172,7613767.3329086965,8613767.332908697,-2656839.9630012
2025-11-17,6002712.397134271,83.87704607390333,10,45785.02722677402,2025-11-17 00:00:00,-24406.682966994966,7589360.649941701,8589360.649941701,-2586648.25280743
2025-11-18,6021462.19963654,5565.394300540793,10,18749.802502268925,2025-11-18 00:00:00,15130.816607121433,7604491.466548823,8604491.466548823,-2583029.2669122824
2025-11-19,5996252.188037097,25686.164355455665,10,-25210.01159944292,2025-11-19 00:00:00,47094.33780107221,7651585.804349895,8651585.804349896,-2655333.616312798
2025-11-20,6032504.377734079,3880.4482830895577,10,36252.18969698157,2025-11-20 00:00:00,-20063.63424938034,7631522.170100514,8631522.170100514,-2599017.792366435
2025-11-21,6003855.106424858,8557.775576164015,10,-28649.271309221163,2025-11-21 00:00:00,15631.620104665926,7647153.79020518,8647153.79020518,-2643298.683780323
2025-11-24,5980353.002119085,9388.793851873372,10,-23502.104305773042,2025-11-24 00:00:00,-4098.308194040675,7643055.482011139,8643055.48201114,-2662702.4798920546
2025-11-25,5857317.922822656,33274.300691308104,10,-123035.07929642871,2025-11-25 00:00:00,17638.354731044154,7660693.836742183,8660693.836742183,-2803375.913919527
2025-11-26,5918898.140325379,16.27512152073905,10,61580.21750272252,2025-11-26 00:00:00,-75181.5952315655,7585512.241510618,8585512.241510618,-2666614.10118524
2025-11-27,5920719.704071028,24370.466716292896,10,1821.5637456495315,2025-11-27 00:00:00,16724.90149133579,7602237.143001953,8602237.143001953,-2681517.438930925
2025-11-28,5924112.173536975,38409.95229361428,10,3392.4694659467787,2025-11-28 00:00:00,15674.00985531626,7617911.152857269,8617911.15285727,-2693798.979320295
2025-12-01,5953490.050436694,38409.95229361428,10,29377.87689971924,0,0.0,7617911.152857269,8617911.15285727,-2664421.102420576
2025-12-02,5938884.343347273,6521.704953415669,10,-14605.70708942134,2025-12-02 00:00:00,13857.58722747496,7631768.740084744,8631768.740084745,-2692884.396737472
2025-12-03,5975453.41703578,6521.704953415669,10,36569.07368850708,0,0.0,7631768.740084744,8631768.740084745,-2656315.323048965
2025-12-04,5976527.828349703,129.77840723097324,10,1074.4113139230758,2025-12-04 00:00:00,-18339.277001146187,7613429.463083598,8613429.463083599,-2636901.634733896
2025-12-05,5960853.893288632,26318.427927535377,10,-15673.935061071068,2025-12-05 00:00:00,34521.85759158617,7647951.320675184,8647951.320675183,-2687097.427386551
2025-12-08,5970450.141361817,25252.30421650922,10,9596.248073184863,2025-12-08 00:00:00,-2423.285561045856,7645528.035114138,8645528.03511414,-2675077.8937523225
2025-12-09,5981558.358688095,13871.1134369371,10,11108.217326277867,2025-12-09 00:00:00,-4111.370654275686,7641416.664459863,8641416.664459862,-2659858.305771767
2025-12-10,6057517.750968929,55439.05866195564,10,75959.39228083473,2025-12-10 00:00:00,78963.55917654077,7720380.223636404,8720380.223636404,-2662862.4726674743
2025-12-11,6045532.7909263605,40423.88490478683,10,-11984.960042568855,2025-12-11 00:00:00,-4019.1326445327704,7716361.0909918705,8716361.09099187,-2670828.300065509
2025-12-12,6015133.188565693,26128.946686728275,10,-30399.60236066766,2025-12-12 00:00:00,-18467.797996067457,7697893.292995803,8697893.292995803,-2682760.10443011
2025-12-15,6025929.019743283,24871.733621459105,10,10795.831177590415,2025-12-15 00:00:00,-1252.3230045809069,7696640.969991222,8696640.969991222,-2670711.9502479387
2025-12-16,6021623.900564358,46281.34717339906,10,-4305.119178925641,2025-12-16 00:00:00,20476.99356147879,7717117.9635527,8717117.9635527,-2695494.0629883427
2025-12-17,5978789.609314284,32577.614230973995,10,-42834.29125007335,2025-12-17 00:00:00,-17655.237777517417,7699462.725775183,8699462.725775182,-2720673.116460898
2025-12-18,5997140.97151216,32577.614230973995,10,18351.362197875977,0,0.0,7699462.725775183,8699462.725775182,-2702321.754263022
2025-12-19,5972364.853729472,56556.68594337185,10,-24776.1177826887,2025-12-19 00:00:00,18832.64588808853,7718295.371663271,8718295.371663272,-2745930.517933801
2025-12-22,5982569.658207768,17728.372471227893,10,10204.804478296079,2025-12-22 00:00:00,-19371.3374489708,7698924.034214301,8698924.034214301,-2716354.3760065334
2025-12-23,5982065.708508366,17728.372471227893,10,-503.94969940185547,0,0.0,7698924.034214301,8698924.034214301,-2716858.3257059352
2025-12-24,5984190.152422182,8295.241540684481,10,2124.4439138164744,2025-12-24 00:00:00,-14749.228734602864,7684174.805479698,8684174.805479698,-2699984.6530575156
2025-12-26,5977159.845682375,8295.241540684481,10,-7030.306739807129,0,0.0,7684174.805479698,8684174.805479698,-2707014.9597973228
2025-12-29,5956600.0781467175,255.82530431228224,10,-20559.767535657622,2025-12-29 00:00:00,-20021.463664024952,7664153.341815673,8664153.341815673,-2707553.2636689553
2025-12-30,5990037.531264088,255.82530431228224,10,33437.453117370605,0,0.0,7664153.341815673,8664153.341815673,-2674115.8105515847
2025-12-31,6094500.288309834,255.82530431228224,10,104462.75704574585,0,0.0,7664153.341815673,8664153.341815673,-2569653.053505839
2026-01-01,6120573.470405688,3178.608127248008,10,26073.182095853612,2026-01-01 00:00:00,47521.7064264965,7711675.048242169,8711675.04824217,-2591101.577836483
2026-01-02,6088068.113620314,25741.731650860747,10,-32505.356785373762,2026-01-02 00:00:00,77666.64810242534,7789341.6963445945,8789341.696344595,-2701273.5827242816
2026-01-05,6058710.035252361,57097.98486783833,10,-29358.07836795319,2026-01-05 00:00:00,25075.026567563968,7814416.722912159,8814416.722912159,-2755706.687659798
2026-01-06,6065947.689992227,112.06323365040588,10,7237.654739866033,2026-01-06 00:00:00,-57413.3627919335,7757003.360120226,8757003.360120226,-2691055.670127999
2026-01-07,6073345.315529074,975.6442567957564,10,7397.625536846928,2026-01-07 00:00:00,9055.896006400635,7766059.256126626,8766059.256126627,-2692713.9405975537
2026-01-08,6115766.155433859,975.6442567957564,10,42420.839904785156,0,0.0,7766059.256126626,8766059.256126627,-2650293.1006927686
2026-01-09,6120705.178003756,26925.812899081386,10,4939.022569897585,2026-01-09 00:00:00,32286.497808266562,7798345.753934893,8798345.753934894,-2677640.5759311374
2026-01-12,6212915.571463024,68515.29825440573,10,92210.39345926791,2026-01-12 00:00:00,99215.97386396013,7897561.727798853,8897561.727798853,-2684646.156335829
2026-01-13,6268241.417299375,181.5140820589149,10,55325.845836350694,2026-01-13 00:00:00,-28947.790697427037,7868613.937101426,8868613.937101426,-2600372.5198020507
2026-01-14,6221466.941019841,13189.149962253983,10,-46774.4762795344,2026-01-14 00:00:00,23731.17497244158,7892345.112073868,8892345.112073869,-2670878.171054028
2026-01-15,6238985.877634069,15397.280847570277,10,17518.936614228413,2026-01-15 00:00:00,8874.437753220234,7901219.549827088,8901219.549827088,-2662233.6721930187
2026-01-16,6235300.034869836,7967.464236900909,10,-3685.842764233239,2026-01-16 00:00:00,12377.111122957554,7913596.660950045,8913596.660950046,-2678296.6260802103
2026-01-19,6274107.727607415,7967.464236900909,10,38807.692737579346,0,0.0,7913596.660950045,8913596.660950046,-2639488.933342631
2026-01-20,6274732.749952587,23037.77759067109,10,625.0223451722413,2026-01-20 00:00:00,29257.9770917969,7942854.638041842,8942854.638041843,-2668121.8880892554
2026-01-21,6215149.189116432,33051.63920553611,10,-59583.56083615497,2026-01-21 00:00:00,4708.751612202419,7947563.389654044,8947563.389654044,-2732414.2005376117
2026-01-22,6305983.42914334,38094.74226955313,10,90834.240026908,2026-01-22 00:00:00,53409.9479604094,8000973.337614453,9000973.337614454,-2694989.908471114
2026-01-23,6347008.175881703,275.5677243482787,10,41024.74673836306,2026-01-23 00:00:00,-43251.496726050864,7957721.840888402,8957721.840888403,-2610713.6650067
2026-01-27,6351941.86557799,15919.406643962257,10,4933.689696286805,2026-01-27 00:00:00,22802.766264366084,7980524.607152768,8980524.607152767,-2628582.7415747773
2026-01-28,6381570.526422357,4557.826502459589,10,29628.660844366997,2026-01-28 00:00:00,73826.80699120428,8054351.414143973,9054351.414143972,-2672780.887721615
2026-01-29,6368267.843273716,841.7351058617933,10,-13302.68314864114,2026-01-29 00:00:00,15428.029308187188,8069779.44345216,9069779.44345216,-2701511.6001784448
2026-01-30,6415517.895021617,9018.153942080216,10,47250.051747901365,2026-01-30 00:00:00,19145.020913917844,8088924.464366077,9088924.464366078,-2673406.569344461
2026-02-02,6427372.423000998,51846.68796394137,10,11854.527979380451,2026-02-02 00:00:00,48784.637183054656,8137709.101549132,9137709.101549132,-2710336.678548134
2026-02-03,6569332.041508132,111806.67987940158,10,141959.6185071338,2026-02-03 00:00:00,119556.8029386733,8257265.904487805,9257265.904487805,-2687933.862979674
2026-02-04,6665834.90784299,53.30681454762816,10,96502.86633485835,2026-02-04 00:00:00,-49777.66736136664,8207488.237126439,9207488.23712644,-2541653.32928345
2026-02-05,6535383.598755862,71.53555395721924,10,-130451.30908712838,2026-02-05 00:00:00,108636.38220607869,8316124.6193325175,9316124.619332518,-2780741.020576657
2026-02-06,6671540.575344706,42.702627802151255,10,136156.97658884432,2026-02-06 00:00:00,-27968.108348176123,8288156.510984342,9288156.510984343,-2616615.9356396366
2026-02-09,6663717.230262705,8400.881690927665,10,-7823.345082000829,2026-02-09 00:00:00,13122.67485796606,8301279.185842307,9301279.185842307,-2637561.955579602
2026-02-10,6655494.153196352,7766.597108858172,10,-8223.077066353522,2026-02-10 00:00:00,29872.614396618555,8331151.800238926,9331151.800238926,-2675657.6470425744
2026-02-11,6643879.180677498,59.95765122177545,10,-11614.972518853843,2026-02-11 00:00:00,12682.9306949602,8343834.730933886,9343834.730933886,-2699955.5502563883
2026-02-12,6775955.252374563,1996.2765597435648,10,132076.0716970656,2026-02-12 00:00:00,41797.42804900135,8385632.158982887,9385632.158982888,-2609676.9066083245
2026-02-13,6788221.596734187,13141.25535502052,10,12266.344359623268,2026-02-13 00:00:00,17856.322370411424,8403488.481353298,9403488.481353298,-2615266.884619111
2026-02-16,6729824.010071795,56791.44884604041,10,-58397.5866623912,2026-02-16 00:00:00,57736.59584668004,8461225.077199979,9461225.077199979,-2731401.0671281833
2026-02-17,6834835.211897621,1364.3754155657953,10,105011.2018258255,2026-02-17 00:00:00,-20127.332920871246,8441097.744279107,9441097.744279107,-2606262.532381486
2026-02-18,6799431.118392542,87.76921677938662,10,-35404.09350507893,2026-02-18 00:00:00,16798.921714874323,8457896.665993981,9457896.665993981,-2658465.547601439
2026-02-19,6827530.153554474,6334.858349152841,10,28099.035161932,2026-02-19 00:00:00,13165.656654370017,8471062.32264835,9471062.32264835,-2643532.169093876
2026-02-20,6779690.637292343,23823.85731338628,10,-47839.51626213081,2026-02-20 00:00:00,17933.84366880636,8488996.166317156,9488996.166317156,-2709305.5290248124
2026-02-23,6871471.767249066,53209.39570147148,10,91781.12995672319,2026-02-23 00:00:00,38503.773988200104,8527499.940305356,9527499.940305356,-2656028.1730562896
2026-02-24,6880203.272539377,81436.71160340298,10,8731.50529031083,2026-02-24 00:00:00,38258.01110257799,8565757.951407934,9565757.951407934,-2685554.6788685564
2026-02-25,6922505.168558359,81436.71160340298,10,42301.89601898193,0,0.0,8565757.951407934,9565757.951407934,-2643252.7828495745
2026-02-26,6935907.032380873,26854.84855824127,10,13401.863822514191,2026-02-26 00:00:00,-5360.849330517656,8560397.102077415,9560397.102077415,-2624490.069696542
2026-02-27,6877101.291680066,78018.78780814842,10,-58805.74070080742,2026-02-27 00:00:00,55752.74508298973,8616149.847160405,9616149.847160405,-2739048.5554803386
2026-03-02,6868142.044546325,73149.33172055008,10,-8959.247133741155,2026-03-02 00:00:00,-16412.61227009553,8599737.234890308,9599737.234890308,-2731595.1903439835
2026-03-04,6872288.856271941,73149.33172055008,10,4146.811725616455,0,0.0,8599737.234890308,9599737.234890308,-2727448.378618367
2026-03-05,6715986.073547956,71.73649656411726,10,-156302.7827239856,2026-03-05 00:00:00,-55883.42642913635,8543853.808461173,9543853.808461173,-2827867.734913217
2026-03-06,6867741.772343763,33.74521255888976,10,151755.69879580755,2026-03-06 00:00:00,13366.021701493984,8557219.830162667,9557219.830162667,-2689478.0578189036
2026-03-09,6862608.965063991,47485.89153050259,10,-5132.807279772125,2026-03-09 00:00:00,44561.95327722788,8601781.783439895,9601781.783439895,-2739172.818375904
2026-03-10,6881913.751495922,19077.68202646961,10,19304.78643193096,2026-03-10 00:00:00,-5224.025072093076,8596557.758367803,9596557.758367803,-2714644.006871881
2026-03-11,6934425.133584995,39936.13023569016,10,52511.38208907284,2026-03-11 00:00:00,60062.72638976609,8656620.484757569,9656620.484757569,-2722195.351172574
2026-03-12,6966707.469367055,37128.745566395926,10,32282.3357820604,2026-03-12 00:00:00,13924.636487958956,8670545.121245528,9670545.121245528,-2703837.6518784724
2026-03-13,6954000.616694307,55634.995951509336,10,-12706.852672748268,2026-03-13 00:00:00,20810.63605572513,8691355.757301252,9691355.757301252,-2737355.1406069454
2026-03-16,6956607.135895178,52.78328363643959,10,2606.5192008707672,2026-03-16 00:00:00,10006.633889219367,8701362.391190471,9701362.391190471,-2744755.2552952934
2026-03-17,7054660.863756843,377.52325315005146,10,98053.72786166519,2026-03-17 00:00:00,-74645.15444593797,8626717.236744532,9626717.236744532,-2572056.3729876895
2026-03-18,6991360.406651723,126.32113765436225,10,-63300.45710511971,2026-03-18 00:00:00,45271.29143553196,8671988.528180065,9671988.528180065,-2680628.1215283414
2026-03-19,7083495.384801137,126.32113765436225,10,92134.97814941406,0,0.0,8671988.528180065,9671988.528180065,-2588493.1433789274
2026-03-20,7174237.352815874,43676.96626878495,10,90741.96801473666,2026-03-20 00:00:00,125023.56815064256,8797012.096330708,9797012.096330708,-2622774.743514834
2026-03-23,7319482.225119712,101432.8204356446,10,145244.8723038379,2026-03-23 00:00:00,93300.28537595911,8890312.381706666,9890312.381706666,-2570830.1565869544
2026-03-24,7291155.360854467,96802.04656990104,10,-28326.864265244454,2026-03-24 00:00:00,93613.84668186637,8983926.228388533,9983926.228388533,-2692770.8675340656
2026-03-25,7284263.29115222,6896.227117515751,10,-6892.069702247158,2026-03-25 00:00:00,29416.450234601212,9013342.678623134,10013342.678623134,-2729079.387470914
2026-03-27,7410074.407884191,2708.986015624716,10,125811.11673197057,2026-03-27 00:00:00,68702.72894712441,9082045.407570258,10082045.407570258,-2671970.999686067
2026-03-30,7486715.925956572,157.28608568687923,10,76641.51807238162,2026-03-30 00:00:00,16802.0622548428,9098847.4698251,10098847.4698251,-2612131.5438685277
2026-04-01,7514314.942404253,223.261525371694,10,27599.016447681002,2026-04-01 00:00:00,29314.21657594876,9128161.686401049,10128161.686401049,-2613846.7439967953
2026-04-02,7577870.293453507,60.718455362832174,10,63555.35104925372,2026-04-02 00:00:00,85423.49162922794,9213585.178030277,10213585.178030277,-2635714.8845767695
2026-04-06,7599369.063625401,3263.926934957388,10,21498.77017189376,2026-04-06 00:00:00,117544.61687865437,9331129.794908931,10331129.794908931,-2731760.7312835306
2026-04-07,7725194.337020113,21094.740734942025,10,125825.27339471225,2026-04-07 00:00:00,71143.20036326593,9402272.995272197,10402272.995272197,-2677078.6582520837
2026-04-08,7597273.562871049,66096.33780666708,10,-127920.77414906397,2026-04-08 00:00:00,26573.20174889878,9428846.197021095,10428846.197021095,-2831572.634150046
2026-04-09,7520403.696855215,8110.50687040796,10,-76869.8660158338,2026-04-09 00:00:00,-98333.31022125669,9330512.886799838,10330512.886799838,-2810109.189944623
2026-04-10,7549025.583537352,756.3871014072793,10,28621.886682136916,2026-04-10 00:00:00,-66907.42537373913,9263605.4614261,10263605.4614261,-2714579.8778887475
2026-04-13,7541668.218692419,47093.440133937984,10,-7357.364844933152,2026-04-13 00:00:00,26683.719473084268,9290289.180899184,10290289.180899184,-2748620.962206765
2026-04-15,7480507.325064826,146.33101622096729,10,-61160.893627593294,2026-04-15 00:00:00,-2815.971349119256,9287473.209550064,10287473.209550064,-2806965.884485238
2026-04-16,7552626.921292211,21823.942777825054,10,72119.5962273851,2026-04-16 00:00:00,37345.46186785681,9324818.671417922,10324818.671417922,-2772191.750125711
2026-04-17,7481608.160409794,12791.812829170492,10,-71018.76088241674,2026-04-17 00:00:00,-15398.972692082663,9309419.698725838,10309419.698725838,-2827811.538316044
2026-04-20,7491107.25292138,427.2318135239184,10,9499.092511585914,2026-04-20 00:00:00,-54432.2102037655,9254987.488522073,10254987.488522073,-2763880.235600693
2026-04-21,7498277.370491939,66.81835533492267,10,7170.117570558563,2026-04-21 00:00:00,14110.949710539648,9269098.438232614,10269098.438232614,-2770821.067740675
2026-04-22,7499342.224119814,6158.984132259036,10,1064.8536278754473,2026-04-22 00:00:00,12292.804603891023,9281391.242836505,10281391.242836505,-2782049.018716691
2026-04-23,7548789.349362665,20.94934092904441,10,49447.12524285074,2026-04-23 00:00:00,-15301.647654412838,9266089.595182093,10266089.595182093,-2717300.245819428
2026-04-24,7590610.389642604,19415.56405324081,10,41821.04027993884,2026-04-24 00:00:00,23381.11055092878,9289470.705733022,10289470.705733022,-2698860.316090418
2026-04-27,7588804.482529083,22032.710917687626,10,-1805.9071135204285,2026-04-27 00:00:00,75801.73930863879,9365272.44504166,10365272.44504166,-2776467.962512577
2026-04-28,7562286.723657226,21067.041920097545,10,-26517.758871857077,2026-04-28 00:00:00,19702.81978889318,9384975.264830554,10384975.264830554,-2822688.5411733277
2026-04-29,7590212.111528178,30258.275476236828,10,27925.387870951556,2026-04-29 00:00:00,16336.00297978953,9401311.267810343,10401311.267810343,-2811099.156282165
2026-04-30,7623603.358860396,19259.297657393152,10,33391.2473322181,2026-04-30 00:00:00,-5134.7458812048535,9396176.521929137,10396176.521929137,-2772573.1630687416
2026-05-01,7636451.03123173,12373.4719589639,10,12847.672371334396,2026-05-01 00:00:00,-233.75068537640618,9395942.77124376,10395942.77124376,-2759491.74001203
2026-05-04,7603184.1903478755,603.1804601801559,10,-33266.84088385478,2026-05-04 00:00:00,-30301.442964579124,9365641.32827918,10365641.32827918,-2762457.137931305
2026-05-05,7658276.326835666,85.9176712371409,10,55092.13648779038,2026-05-05 00:00:00,-25421.075942419942,9340220.252336761,10340220.252336761,-2681943.925501095
2026-05-06,7637845.153271128,16017.302952219616,10,-20431.17356453743,2026-05-06 00:00:00,20566.579692510637,9360786.832029272,10360786.832029272,-2722941.6787581434
2026-05-07,7613023.401688821,63143.911607033806,10,-24821.75158230774,2026-05-07 00:00:00,44853.23096997909,9405640.06299925,10405640.06299925,-2792616.6613104297
2026-05-08,7703400.756006228,75104.88994024834,10,90377.35431740712,2026-05-08 00:00:00,20202.01791441171,9425842.080913663,10425842.080913663,-2722441.324907435
2026-05-11,7685714.545342338,51162.03658379323,10,-17686.210663889535,2026-05-11 00:00:00,-3213.681531819653,9422628.399381842,10422628.399381842,-2736913.854039504
2026-05-12,7752232.661912647,33722.762101855944,10,66518.1165703088,2026-05-12 00:00:00,29122.124259472424,9451750.523641314,10451750.523641314,-2699517.8617286673
2026-05-13,7619345.811993794,38414.973368029925,10,-132886.8499188535,2026-05-13 00:00:00,76555.64739462626,9528306.17103594,10528306.17103594,-2908960.3590421462
2026-05-14,7764809.293825086,135.02156742464285,10,145463.48183129262,2026-05-14 00:00:00,-44453.92884955149,9483852.242186388,10483852.242186388,-2719042.948361302
2026-05-15,7732465.019022474,24378.205291424296,10,-32344.27480261214,2026-05-15 00:00:00,47338.81082582963,9531191.053012218,10531191.053012218,-2798726.0339897443
2026-05-18,7672717.746113643,21.550350915291347,10,-59747.272908831015,2026-05-18 00:00:00,-32902.21900662842,9498288.83400559,10498288.83400559,-2825571.0878919475
2026-05-19,7743205.2680796515,6929.121740142233,10,70487.52196600847,2026-05-19 00:00:00,4028.849622870457,9502317.68362846,10502317.68362846,-2759112.415548809
2026-05-20,7744653.441194934,164.97918159607798,10,1448.1731152823195,2026-05-20 00:00:00,-25593.79222742135,9476723.89140104,10476723.89140104,-2732070.4502061056
2026-05-21,7748938.587824432,40334.23762750079,10,4285.14662949834,2026-05-21 00:00:00,48518.306419890905,9525242.19782093,10525242.19782093,-2776303.6099964976
2026-05-22,7725481.547911484,20696.985914930818,10,-23457.039912948385,2026-05-22 00:00:00,-22538.518894811,9502703.67892612,10502703.67892612,-2777222.131014636
2026-05-25,7625887.311388151,41720.68804172904,10,-99594.236523333,2026-05-25 00:00:00,-9546.39998124546,9493157.278944874,10493157.278944874,-2867269.9675567234
2026-05-26,7678846.241326048,139.35611782525666,10,52958.92993789725,2026-05-26 00:00:00,-49573.12453198159,9443584.154412892,10443584.154412892,-2764737.9130868437
2026-05-27,7715791.697369913,41724.16361547087,10,36945.4560438646,2026-05-27 00:00:00,47899.49441671394,9491483.648829605,10491483.648829605,-2775691.951459693
2026-05-28,7753925.718993448,50820.62713544408,10,38134.02162353508,2026-05-28 00:00:00,47661.48771856647,9539145.136548173,10539145.136548173,-2785219.417554725
2026-05-29,7748849.252682506,68963.91134330165,10,-5076.466310941614,2026-05-29 00:00:00,20499.864439255176,9559645.000987427,10559645.000987427,-2810795.748304921
2026-06-01,7794146.754132091,68963.91134330165,10,45297.50144958496,0,0.0,9559645.000987427,10559645.000987427,-2765498.2468553362
2026-06-02,7779272.84744981,87971.82041877264,10,-14873.906682280824,2026-06-02 00:00:00,29379.871828886608,9589024.872816313,10589024.872816313,-2809752.025366503
2026-06-03,7840051.077498948,27784.148397524143,10,60778.23004913796,2026-06-03 00:00:00,4422.51501248651,9593447.387828799,10593447.387828799,-2753396.3103298508
2026-06-04,7841649.495953138,41542.89694891207,10,1598.4184541897848,2026-06-04 00:00:00,87439.41031728142,9680886.79814608,10680886.79814608,-2839237.3021929422
2026-06-05,7880167.129808899,34123.0469942448,10,38517.63385576103,2026-06-05 00:00:00,-5928.57014953786,9674958.227996543,10674958.227996543,-2794791.098187644
2026-06-08,7950144.856725792,148.85216593078803,10,69977.72691689339,2026-06-08 00:00:00,-31726.38970176486,9643231.838294778,10643231.838294778,-2693086.9815689856
2026-06-09,7933927.419544223,50010.99873985432,10,-16217.437181569636,2026-06-09 00:00:00,69145.7825889508,9712377.62088373,10712377.62088373,-2778450.2013395065
2026-06-10,7944604.875068911,11010.584742448526,10,10677.455524688587,2026-06-10 00:00:00,28362.14714071848,9740739.768024448,10740739.768024448,-2796134.892955537
2026-06-11,7885680.467818677,1663.7936115993652,10,-58924.407250233926,2026-06-11 00:00:00,-13920.933130707996,9726818.83489374,10726818.83489374,-2841138.3670750633
2026-06-12,7856152.066994759,66.6488649933599,10,-29528.40082391817,2026-06-12 00:00:00,-12495.681492451273,9714323.15340129,10714323.15340129,-2858171.08640653
2026-06-15,7785862.29404808,726.8473012536997,10,-70289.77294667903,2026-06-15 00:00:00,-6583.978924576004,9707739.174476713,10707739.174476713,-2921876.8804286327
2026-06-16,7740383.504214876,538.2037693196908,10,-45478.78983320389,2026-06-16 00:00:00,-93643.34003547291,9614095.83444124,10614095.83444124,-2873712.3302263645
2026-06-17,7816693.220987218,46468.31604947406,10,76309.7167723421,2026-06-17 00:00:00,22405.867059250246,9636501.70150049,10636501.70150049,-2819808.480513272
2026-06-18,7871063.134942567,25252.4387145394,10,54369.913955348544,2026-06-18 00:00:00,-9461.343074902856,9627040.358425587,10627040.358425587,-2755977.2234830204
2026-06-19,8023968.71671881,100554.44766058247,10,152905.5817762427,2026-06-19 00:00:00,98772.06624512693,9725812.424670715,10725812.424670715,-2701843.707951905
2026-06-22,7987628.834023132,139166.0444949615,10,-36339.88269567769,2026-06-22 00:00:00,85814.41443313676,9811626.839103851,10811626.839103851,-2823998.0050807195
2026-06-23,7955381.966995849,139166.0444949615,10,-32246.867027282715,0,0.0,9811626.839103851,10811626.839103851,-2856244.872108002
2026-06-24,8001168.000420958,85694.32215252472,10,45786.03342510853,2026-06-24 00:00:00,-25469.36210621401,9786157.476997638,10786157.476997638,-2784989.4765766803
2026-06-25,8082788.131511103,78843.4762147778,10,81620.13109014556,2026-06-25 00:00:00,28585.846731448495,9814743.323729087,10814743.323729087,-2731955.1922179833
2026-06-26,8015239.173103424,16205.895713897657,10,-67548.95840767957,2026-06-26 00:00:00,35249.793802294436,9849993.117531382,10849993.117531382,-2834753.9444279578
2026-06-29,8043384.935733059,1849.4382202415727,10,28145.762629635632,2026-06-29 00:00:00,-6592.5456599618665,9843400.57187142,10843400.57187142,-2800015.636138361
2026-06-30,8074283.864514976,23898.5899025494,10,30898.928781916387,2026-06-30 00:00:00,21498.72278865532,9864899.294660076,10864899.294660076,-2790615.4301451007
2026-07-01,8069008.383454644,22415.095048271814,10,-5275.481060331687,2026-07-01 00:00:00,1214.5774572909286,9866113.872117367,10866113.872117367,-2797105.4886627225
2026-07-02,8002533.832063043,22415.095048271814,10,-66474.55139160156,0,0.0,9866113.872117367,10866113.872117367,-2863580.040054324
2026-07-03,8015599.1542056,478.27532986702863,10,13065.322142557241,2026-07-03 00:00:00,-78353.21879564929,9787760.653321717,10787760.653321717,-2772161.499116117
2026-07-06,7967155.607683844,26293.480883306707,10,-48443.54652175587,2026-07-06 00:00:00,10106.726112961653,9797867.379434679,10797867.379434679,-2830711.771750835
2026-07-07,8017665.966150192,32636.326623824192,10,50510.35846634768,2026-07-07 00:00:00,-8574.620704100322,9789292.75873058,10789292.75873058,-2771626.7925803876
2026-07-08,8059485.770699412,121.73085871362127,10,41819.80454922002,2026-07-08 00:00:00,-9094.384574902891,9780198.374155676,10780198.374155676,-2720712.6034562644
2026-07-09,8059782.554824012,48986.141616004286,10,296.78412460070103,2026-07-09 00:00:00,82447.43738253792,9862645.811538214,10862645.811538214,-2802863.2567142015
2026-07-10,8103279.41570213,839878.8845360534,9,43496.86087811738,2026-07-10 00:00:00,-5307.411330261777,9857338.400207952,10857338.400207952,-2754058.984505822
2026-07-13,8145971.367002943,22400.15056464984,10,42691.951300812885,0,0.0,9857338.400207952,10857338.400207952,-2711367.033205009
2026-07-14,8139833.434521008,3291296.81214552,6,-6137.9324819343165,2026-07-14 00:00:00,32065.204834071083,9889403.605042024,10889403.605042024,-2749570.1705210153
2026-07-15,8153611.14175369,1697036.605361478,8,13777.707232682034,2026-07-15 00:00:00,37923.7752133875,9927327.38025541,10927327.38025541,-2773716.23850172
2026-07-16,8200423.813836373,2504614.8369992147,7,46812.67208268307,2026-07-16 00:00:00,-6980.974315263175,9920346.405940147,10920346.405940147,-2719922.5921037737
2026-07-17,8188291.570922857,3359234.674514777,6,-12132.242913516238,2026-07-17 00:00:00,44267.12573950016,9964613.531679647,10964613.531679647,-2776321.96075679
2026-07-20,8255623.925197255,3355106.3414646494,6,67332.35427439772,2026-07-20 00:00:00,21207.17274850794,9985820.704428155,10985820.704428155,-2730196.7792309
2026-07-21,8245318.108058162,4187674.488894649,5,-10305.817139092833,2026-07-21 00:00:00,35108.65371452344,10020929.358142678,11020929.358142678,-2775611.2500845157
2026-07-22,8282655.90818199,5016451.446870649,4,37337.80012382753,2026-07-22 00:00:00,21387.126283630925,10042316.484426308,11042316.484426308,-2759660.576244319
2026-07-23,8272589.623689406,4188089.094514601,5,-10066.284492583945,0,0.0,10042316.484426308,11042316.484426308,-2769726.860736903
2026-07-24,8254354.450059805,4208819.0382022,5,-18235.173629600555,2026-07-24 00:00:00,21878.290516785022,10064194.774943093,11064194.774943093,-2809840.324883288
2026-07-27,8245329.809467507,5010466.185238075,4,-9024.64059229847,2026-07-27 00:00:00,26988.30333435264,10091183.078277446,11091183.078277446,-2845853.2688099397
2026-07-28,8255295.395622861,6595901.999748837,2,9965.586155354045,2026-07-28 00:00:00,-60139.741815102454,10031043.336462343,11031043.336462343,-2775747.9408394825
2026-07-29,8213496.3499418115,6623702.497982583,2,-41799.045681049116,2026-07-29 00:00:00,22030.675517297743,10053074.011979641,11053074.011979641,-2839577.66203783
2026-07-30,8204081.457450337,7386062.310187764,1,-9414.892491474748,2026-07-30 00:00:00,-36391.45095126856,10016682.561028372,11016682.561028372,-2812601.1035780357
2026-07-31,8192477.085009934,6565456.384280564,2,-11604.372440402396,0,0.0,10016682.561028372,11016682.561028372,-2824205.476018438
2026-08-03,8205063.172831953,8205063.172831953,0,12586.087822018191,2026-08-03 00:00:00,-3093.8557423103593,10013588.705286061,11013588.705286061,-2808525.532454109
2026-08-04,8194673.546884698,7383280.046884698,1,-10389.62594725471,0,0.0,10013588.705286061,11013588.705286061,-2818915.1584013635
2026-08-05,8209631.877573174,7383280.046884698,1,14958.330688476562,0,0.0,10013588.705286061,11013588.705286061,-2803956.827712887
2026-08-06,8205092.248946106,6561477.4182576295,2,-4539.628627068363,0,0.0,10013588.705286061,11013588.705286061,-2808496.4563399553
2026-08-07,8206173.514372801,7379067.514372801,1,1081.2654266953468,2026-08-07 00:00:00,-4212.532511896835,10009376.172774164,11009376.172774164,-2803202.6584013626
2026-08-10,8212961.345061278,7379067.514372801,1,6787.8306884765625,0,0.0,10009376.172774164,11009376.172774164,-2796414.827712886
2026-08-11,8207630.67573828,5732651.940661375,3,-5330.669322998263,0,0.0,10009376.172774164,11009376.172774164,-2801745.4970358843
2026-08-12,8245787.524358768,7396426.79486658,1,38156.84862048831,2026-08-12 00:00:00,18697.91138199292,10028074.084156157,11028074.084156157,-2782286.5597973894
2026-08-13,8241439.851185293,8241439.851185293,0,-4347.673173475079,2026-08-13 00:00:00,21891.29948324337,10049965.3836394,11049965.3836394,-2808525.532454108
2026-08-14,8241439.851185293,8241439.851185293,0,0.0,0,0.0,10049965.3836394,11049965.3836394,-2808525.532454108
2026-08-17,8241439.851185293,8241439.851185293,0,0.0,0,0.0,10049965.3836394,11049965.3836394,-2808525.532454108
2026-08-18,8277879.394554591,7415868.394554591,1,36439.54336929787,0,0.0,10049965.3836394,11049965.3836394,-2772085.98908481
2026-08-19,8263308.5945185,8263308.5945185,0,-14570.800036090426,2026-08-19 00:00:00,21868.743333207345,10071834.126972608,11071834.126972608,-2808525.532454108
2026-08-20,8263308.5945185,8263308.5945185,0,0.0,0,0.0,10071834.126972608,11071834.126972608,-2808525.532454108
